ISO-10303-21;
HEADER;
FILE_DESCRIPTION(('FreeCAD Model'),'2;1');
FILE_NAME('Open CASCADE Shape Model','2026-10-04T21:29:08',('Author'),(
    ''),'Open CASCADE STEP processor 7.9','FreeCAD','Unknown');
FILE_SCHEMA(('AUTOMOTIVE_DESIGN { 1 0 10303 214 1 1 1 1 }'));
ENDSEC;
DATA;
#1 = APPLICATION_PROTOCOL_DEFINITION('international standard',
  'automotive_design',2000,#2);
#2 = APPLICATION_CONTEXT(
  'core data for automotive mechanical design processes');
#3 = SHAPE_DEFINITION_REPRESENTATION(#4,#10);
#4 = PRODUCT_DEFINITION_SHAPE('','',#5);
#5 = PRODUCT_DEFINITION('design','',#6,#9);
#6 = PRODUCT_DEFINITION_FORMATION('','',#7);
#7 = PRODUCT('right-buttons','right-buttons','',(#8));
#8 = PRODUCT_CONTEXT('',#2,'mechanical');
#9 = PRODUCT_DEFINITION_CONTEXT('part definition',#2,'design');
#10 = ADVANCED_BREP_SHAPE_REPRESENTATION('',(#11,#15),#6039);
#11 = AXIS2_PLACEMENT_3D('',#12,#13,#14);
#12 = CARTESIAN_POINT('',(0.,0.,0.));
#13 = DIRECTION('',(0.,0.,1.));
#14 = DIRECTION('',(1.,0.,-0.));
#15 = MANIFOLD_SOLID_BREP('',#16);
#16 = CLOSED_SHELL('',(#17,#59,#101,#143,#175,#217,#259,#301,#343,#375,
    #407,#439,#471,#513,#602,#644,#686,#728,#770,#832,#921,#945,#986,
    #1038,#1072,#1120,#1161,#1203,#1245,#1296,#1338,#1380,#1422,#1464,
    #1506,#1548,#1591,#1633,#1675,#1717,#1749,#1791,#1823,#1855,#1887,
    #1919,#1951,#1983,#2015,#2055,#2095,#2119,#2144,#2168,#2315,#2346,
    #2379,#2403,#2434,#2458,#2491,#2524,#2555,#2579,#2612,#2634,#2667,
    #2689,#2714,#2738,#2762,#2791,#2809,#2833,#2851,#2875,#2893,#2911,
    #2960,#3020,#3053,#3086,#3108,#3144,#3169,#3194,#3219,#3236,#3261,
    #3286,#3303,#3328,#3345,#3363,#3452,#3516,#3538,#3571,#3604,#3628,
    #3659,#3683,#3716,#3754,#3796,#3829,#3853,#3973,#4020,#4043,#4062,
    #4118,#4136,#4190,#4208,#4251,#4347,#4367,#4386,#4403,#4419,#4445,
    #4470,#4497,#4527,#4562,#4583,#4595,#4637,#4671,#4683,#4697,#4979,
    #5010,#5028,#5060,#5078,#5109,#5121,#5138,#5178,#5203,#5227,#5260,
    #5273,#5334,#5355,#5379,#5397,#5421,#5446,#5463,#5488,#5505,#5523,
    #5540,#5557,#5569,#5586,#5598,#5615,#5627,#5639,#5649,#5666,#5689,
    #5701,#5713,#5738,#5765,#5783,#5807,#5824,#5841,#5908,#5920,#5940,
    #5953,#5971,#5983,#6001,#6011,#6029));
#17 = ADVANCED_FACE('',(#18),#54,.F.);
#18 = FACE_BOUND('',#19,.F.);
#19 = EDGE_LOOP('',(#20,#30,#39,#47));
#20 = ORIENTED_EDGE('',*,*,#21,.T.);
#21 = EDGE_CURVE('',#22,#24,#26,.T.);
#22 = VERTEX_POINT('',#23);
#23 = CARTESIAN_POINT('',(19.120702247602,3.127373584055,10.149371867901
    ));
#24 = VERTEX_POINT('',#25);
#25 = CARTESIAN_POINT('',(19.120702247602,3.127373584055,10.549371867901
    ));
#26 = LINE('',#27,#28);
#27 = CARTESIAN_POINT('',(19.120702247602,3.127373584055,10.149371867901
    ));
#28 = VECTOR('',#29,1.);
#29 = DIRECTION('',(0.,0.,1.));
#30 = ORIENTED_EDGE('',*,*,#31,.F.);
#31 = EDGE_CURVE('',#32,#24,#34,.T.);
#32 = VERTEX_POINT('',#33);
#33 = CARTESIAN_POINT('',(17.120702247602,3.127373584055,10.549371867901
    ));
#34 = CIRCLE('',#35,1.);
#35 = AXIS2_PLACEMENT_3D('',#36,#37,#38);
#36 = CARTESIAN_POINT('',(18.120702247602,3.127373584055,10.549371867901
    ));
#37 = DIRECTION('',(0.,0.,1.));
#38 = DIRECTION('',(1.,0.,0.));
#39 = ORIENTED_EDGE('',*,*,#40,.F.);
#40 = EDGE_CURVE('',#41,#32,#43,.T.);
#41 = VERTEX_POINT('',#42);
#42 = CARTESIAN_POINT('',(17.120702247602,3.127373584055,10.149371867901
    ));
#43 = LINE('',#44,#45);
#44 = CARTESIAN_POINT('',(17.120702247602,3.127373584055,10.149371867901
    ));
#45 = VECTOR('',#46,1.);
#46 = DIRECTION('',(0.,0.,1.));
#47 = ORIENTED_EDGE('',*,*,#48,.T.);
#48 = EDGE_CURVE('',#41,#22,#49,.T.);
#49 = CIRCLE('',#50,1.);
#50 = AXIS2_PLACEMENT_3D('',#51,#52,#53);
#51 = CARTESIAN_POINT('',(18.120702247602,3.127373584055,10.149371867901
    ));
#52 = DIRECTION('',(0.,0.,1.));
#53 = DIRECTION('',(1.,0.,0.));
#54 = CYLINDRICAL_SURFACE('',#55,1.);
#55 = AXIS2_PLACEMENT_3D('',#56,#57,#58);
#56 = CARTESIAN_POINT('',(18.120702247602,3.127373584055,10.149371867901
    ));
#57 = DIRECTION('',(0.,0.,1.));
#58 = DIRECTION('',(1.,0.,0.));
#59 = ADVANCED_FACE('',(#60),#96,.F.);
#60 = FACE_BOUND('',#61,.F.);
#61 = EDGE_LOOP('',(#62,#72,#81,#89));
#62 = ORIENTED_EDGE('',*,*,#63,.T.);
#63 = EDGE_CURVE('',#64,#66,#68,.T.);
#64 = VERTEX_POINT('',#65);
#65 = CARTESIAN_POINT('',(22.720702247602,3.127373584055,10.149371867901
    ));
#66 = VERTEX_POINT('',#67);
#67 = CARTESIAN_POINT('',(22.720702247602,3.127373584055,10.549371867901
    ));
#68 = LINE('',#69,#70);
#69 = CARTESIAN_POINT('',(22.720702247602,3.127373584055,10.149371867901
    ));
#70 = VECTOR('',#71,1.);
#71 = DIRECTION('',(0.,0.,1.));
#72 = ORIENTED_EDGE('',*,*,#73,.F.);
#73 = EDGE_CURVE('',#74,#66,#76,.T.);
#74 = VERTEX_POINT('',#75);
#75 = CARTESIAN_POINT('',(20.720702247602,3.127373584055,10.549371867901
    ));
#76 = CIRCLE('',#77,1.);
#77 = AXIS2_PLACEMENT_3D('',#78,#79,#80);
#78 = CARTESIAN_POINT('',(21.720702247602,3.127373584055,10.549371867901
    ));
#79 = DIRECTION('',(0.,0.,1.));
#80 = DIRECTION('',(1.,0.,0.));
#81 = ORIENTED_EDGE('',*,*,#82,.F.);
#82 = EDGE_CURVE('',#83,#74,#85,.T.);
#83 = VERTEX_POINT('',#84);
#84 = CARTESIAN_POINT('',(20.720702247602,3.127373584055,10.149371867901
    ));
#85 = LINE('',#86,#87);
#86 = CARTESIAN_POINT('',(20.720702247602,3.127373584055,10.149371867901
    ));
#87 = VECTOR('',#88,1.);
#88 = DIRECTION('',(0.,0.,1.));
#89 = ORIENTED_EDGE('',*,*,#90,.T.);
#90 = EDGE_CURVE('',#83,#64,#91,.T.);
#91 = CIRCLE('',#92,1.);
#92 = AXIS2_PLACEMENT_3D('',#93,#94,#95);
#93 = CARTESIAN_POINT('',(21.720702247602,3.127373584055,10.149371867901
    ));
#94 = DIRECTION('',(0.,0.,1.));
#95 = DIRECTION('',(1.,0.,0.));
#96 = CYLINDRICAL_SURFACE('',#97,1.);
#97 = AXIS2_PLACEMENT_3D('',#98,#99,#100);
#98 = CARTESIAN_POINT('',(21.720702247602,3.127373584055,10.149371867901
    ));
#99 = DIRECTION('',(0.,0.,1.));
#100 = DIRECTION('',(1.,0.,0.));
#101 = ADVANCED_FACE('',(#102),#138,.F.);
#102 = FACE_BOUND('',#103,.F.);
#103 = EDGE_LOOP('',(#104,#114,#123,#131));
#104 = ORIENTED_EDGE('',*,*,#105,.T.);
#105 = EDGE_CURVE('',#106,#108,#110,.T.);
#106 = VERTEX_POINT('',#107);
#107 = CARTESIAN_POINT('',(19.937347181489,-3.687789030255,
    6.349371867901));
#108 = VERTEX_POINT('',#109);
#109 = CARTESIAN_POINT('',(21.437347181489,-3.687789030255,
    8.074924478732));
#110 = LINE('',#111,#112);
#111 = CARTESIAN_POINT('',(22.719064742501,-3.687789030255,
    9.549371867901));
#112 = VECTOR('',#113,1.);
#113 = DIRECTION('',(0.656059028991,0.,0.754709580223));
#114 = ORIENTED_EDGE('',*,*,#115,.T.);
#115 = EDGE_CURVE('',#108,#116,#118,.T.);
#116 = VERTEX_POINT('',#117);
#117 = CARTESIAN_POINT('',(16.037347181489,-3.687789030255,
    8.074924478732));
#118 = CIRCLE('',#119,2.7);
#119 = AXIS2_PLACEMENT_3D('',#120,#121,#122);
#120 = CARTESIAN_POINT('',(18.737347181489,-3.687789030255,
    8.074924478732));
#121 = DIRECTION('',(0.,0.,-1.));
#122 = DIRECTION('',(1.,0.,0.));
#123 = ORIENTED_EDGE('',*,*,#124,.F.);
#124 = EDGE_CURVE('',#125,#116,#127,.T.);
#125 = VERTEX_POINT('',#126);
#126 = CARTESIAN_POINT('',(17.537347181489,-3.687789030255,
    6.349371867901));
#127 = LINE('',#128,#129);
#128 = CARTESIAN_POINT('',(14.755629620477,-3.687789030255,
    9.549371867901));
#129 = VECTOR('',#130,1.);
#130 = DIRECTION('',(-0.656059028991,8.03440589905E-17,0.754709580223));
#131 = ORIENTED_EDGE('',*,*,#132,.T.);
#132 = EDGE_CURVE('',#125,#106,#133,.T.);
#133 = CIRCLE('',#134,1.2);
#134 = AXIS2_PLACEMENT_3D('',#135,#136,#137);
#135 = CARTESIAN_POINT('',(18.737347181489,-3.687789030255,
    6.349371867901));
#136 = DIRECTION('',(0.,0.,1.));
#137 = DIRECTION('',(1.,0.,0.));
#138 = CONICAL_SURFACE('',#139,3.981717561012,0.715584993318);
#139 = AXIS2_PLACEMENT_3D('',#140,#141,#142);
#140 = CARTESIAN_POINT('',(18.737347181489,-3.687789030255,
    9.549371867901));
#141 = DIRECTION('',(0.,0.,1.));
#142 = DIRECTION('',(1.,0.,0.));
#143 = ADVANCED_FACE('',(#144),#170,.F.);
#144 = FACE_BOUND('',#145,.F.);
#145 = EDGE_LOOP('',(#146,#154,#163,#169));
#146 = ORIENTED_EDGE('',*,*,#147,.T.);
#147 = EDGE_CURVE('',#108,#148,#150,.T.);
#148 = VERTEX_POINT('',#149);
#149 = CARTESIAN_POINT('',(21.437347181489,-3.687789030255,
    10.549371867901));
#150 = LINE('',#151,#152);
#151 = CARTESIAN_POINT('',(21.437347181489,-3.687789030255,
    9.549371867901));
#152 = VECTOR('',#153,1.);
#153 = DIRECTION('',(0.,0.,1.));
#154 = ORIENTED_EDGE('',*,*,#155,.F.);
#155 = EDGE_CURVE('',#156,#148,#158,.T.);
#156 = VERTEX_POINT('',#157);
#157 = CARTESIAN_POINT('',(16.037347181489,-3.687789030255,
    10.549371867901));
#158 = CIRCLE('',#159,2.7);
#159 = AXIS2_PLACEMENT_3D('',#160,#161,#162);
#160 = CARTESIAN_POINT('',(18.737347181489,-3.687789030255,
    10.549371867901));
#161 = DIRECTION('',(0.,0.,1.));
#162 = DIRECTION('',(1.,0.,0.));
#163 = ORIENTED_EDGE('',*,*,#164,.F.);
#164 = EDGE_CURVE('',#116,#156,#165,.T.);
#165 = LINE('',#166,#167);
#166 = CARTESIAN_POINT('',(16.037347181489,-3.687789030255,
    9.549371867901));
#167 = VECTOR('',#168,1.);
#168 = DIRECTION('',(0.,0.,1.));
#169 = ORIENTED_EDGE('',*,*,#115,.F.);
#170 = CYLINDRICAL_SURFACE('',#171,2.7);
#171 = AXIS2_PLACEMENT_3D('',#172,#173,#174);
#172 = CARTESIAN_POINT('',(18.737347181489,-3.687789030255,
    9.549371867901));
#173 = DIRECTION('',(0.,0.,1.));
#174 = DIRECTION('',(1.,0.,0.));
#175 = ADVANCED_FACE('',(#176),#212,.F.);
#176 = FACE_BOUND('',#177,.F.);
#177 = EDGE_LOOP('',(#178,#188,#197,#205));
#178 = ORIENTED_EDGE('',*,*,#179,.T.);
#179 = EDGE_CURVE('',#180,#182,#184,.T.);
#180 = VERTEX_POINT('',#181);
#181 = CARTESIAN_POINT('',(9.537347181489,-10.28778903025,6.149371867901
    ));
#182 = VERTEX_POINT('',#183);
#183 = CARTESIAN_POINT('',(9.537347181489,-10.08778903025,5.949371867901
    ));
#184 = LINE('',#185,#186);
#185 = CARTESIAN_POINT('',(9.537347181489,-10.28778903025,6.149371867901
    ));
#186 = VECTOR('',#187,1.);
#187 = DIRECTION('',(-3.925231146709E-15,0.707106781187,-0.707106781187)
  );
#188 = ORIENTED_EDGE('',*,*,#189,.F.);
#189 = EDGE_CURVE('',#190,#182,#192,.T.);
#190 = VERTEX_POINT('',#191);
#191 = CARTESIAN_POINT('',(8.688819044065,-10.43926089283,5.949371867901
    ));
#192 = CIRCLE('',#193,1.2);
#193 = AXIS2_PLACEMENT_3D('',#194,#195,#196);
#194 = CARTESIAN_POINT('',(9.537347181489,-11.28778903025,5.949371867901
    ));
#195 = DIRECTION('',(0.,0.,-1.));
#196 = DIRECTION('',(-0.707106781187,0.707106781187,0.));
#197 = ORIENTED_EDGE('',*,*,#198,.F.);
#198 = EDGE_CURVE('',#199,#190,#201,.T.);
#199 = VERTEX_POINT('',#200);
#200 = CARTESIAN_POINT('',(8.830240400302,-10.58068224906,6.149371867901
    ));
#201 = LINE('',#202,#203);
#202 = CARTESIAN_POINT('',(8.759529722184,-10.50997157095,6.049371867901
    ));
#203 = VECTOR('',#204,1.);
#204 = DIRECTION('',(-0.5,0.5,-0.707106781187));
#205 = ORIENTED_EDGE('',*,*,#206,.F.);
#206 = EDGE_CURVE('',#180,#199,#207,.T.);
#207 = CIRCLE('',#208,1.);
#208 = AXIS2_PLACEMENT_3D('',#209,#210,#211);
#209 = CARTESIAN_POINT('',(9.537347181489,-11.28778903025,6.149371867901
    ));
#210 = DIRECTION('',(0.,0.,1.));
#211 = DIRECTION('',(-0.707106781187,0.707106781187,0.));
#212 = CONICAL_SURFACE('',#213,1.1,0.785398163397);
#213 = AXIS2_PLACEMENT_3D('',#214,#215,#216);
#214 = CARTESIAN_POINT('',(9.537347181489,-11.28778903025,6.049371867901
    ));
#215 = DIRECTION('',(0.,0.,-1.));
#216 = DIRECTION('',(-0.707106781187,0.707106781187,0.));
#217 = ADVANCED_FACE('',(#218),#254,.F.);
#218 = FACE_BOUND('',#219,.F.);
#219 = EDGE_LOOP('',(#220,#230,#239,#247));
#220 = ORIENTED_EDGE('',*,*,#221,.T.);
#221 = EDGE_CURVE('',#222,#224,#226,.T.);
#222 = VERTEX_POINT('',#223);
#223 = CARTESIAN_POINT('',(8.537347181489,-14.78778903025,6.149371867901
    ));
#224 = VERTEX_POINT('',#225);
#225 = CARTESIAN_POINT('',(8.337347181489,-14.78778903025,5.949371867901
    ));
#226 = LINE('',#227,#228);
#227 = CARTESIAN_POINT('',(8.537347181489,-14.78778903025,6.149371867901
    ));
#228 = VECTOR('',#229,1.);
#229 = DIRECTION('',(-0.707106781187,0.,-0.707106781187));
#230 = ORIENTED_EDGE('',*,*,#231,.F.);
#231 = EDGE_CURVE('',#232,#224,#234,.T.);
#232 = VERTEX_POINT('',#233);
#233 = CARTESIAN_POINT('',(8.688819044065,-15.63631716767,5.949371867901
    ));
#234 = CIRCLE('',#235,1.2);
#235 = AXIS2_PLACEMENT_3D('',#236,#237,#238);
#236 = CARTESIAN_POINT('',(9.537347181489,-14.78778903025,5.949371867901
    ));
#237 = DIRECTION('',(0.,0.,-1.));
#238 = DIRECTION('',(-0.707106781187,-0.707106781187,-0.));
#239 = ORIENTED_EDGE('',*,*,#240,.F.);
#240 = EDGE_CURVE('',#241,#232,#243,.T.);
#241 = VERTEX_POINT('',#242);
#242 = CARTESIAN_POINT('',(8.830240400302,-15.49489581144,6.149371867901
    ));
#243 = LINE('',#244,#245);
#244 = CARTESIAN_POINT('',(8.759529722184,-15.56560648956,6.049371867901
    ));
#245 = VECTOR('',#246,1.);
#246 = DIRECTION('',(-0.5,-0.5,-0.707106781187));
#247 = ORIENTED_EDGE('',*,*,#248,.F.);
#248 = EDGE_CURVE('',#222,#241,#249,.T.);
#249 = CIRCLE('',#250,1.);
#250 = AXIS2_PLACEMENT_3D('',#251,#252,#253);
#251 = CARTESIAN_POINT('',(9.537347181489,-14.78778903025,6.149371867901
    ));
#252 = DIRECTION('',(0.,0.,1.));
#253 = DIRECTION('',(-0.707106781187,-0.707106781187,0.));
#254 = CONICAL_SURFACE('',#255,1.1,0.785398163397);
#255 = AXIS2_PLACEMENT_3D('',#256,#257,#258);
#256 = CARTESIAN_POINT('',(9.537347181489,-14.78778903025,6.049371867901
    ));
#257 = DIRECTION('',(0.,0.,-1.));
#258 = DIRECTION('',(-0.707106781187,-0.707106781187,-0.));
#259 = ADVANCED_FACE('',(#260),#296,.F.);
#260 = FACE_BOUND('',#261,.F.);
#261 = EDGE_LOOP('',(#262,#272,#281,#289));
#262 = ORIENTED_EDGE('',*,*,#263,.T.);
#263 = EDGE_CURVE('',#264,#266,#268,.T.);
#264 = VERTEX_POINT('',#265);
#265 = CARTESIAN_POINT('',(13.537347181489,-15.78778903025,
    6.149371867901));
#266 = VERTEX_POINT('',#267);
#267 = CARTESIAN_POINT('',(13.537347181489,-15.98778903025,
    5.949371867901));
#268 = LINE('',#269,#270);
#269 = CARTESIAN_POINT('',(13.537347181489,-15.78778903025,
    6.149371867901));
#270 = VECTOR('',#271,1.);
#271 = DIRECTION('',(0.,-0.707106781187,-0.707106781187));
#272 = ORIENTED_EDGE('',*,*,#273,.F.);
#273 = EDGE_CURVE('',#274,#266,#276,.T.);
#274 = VERTEX_POINT('',#275);
#275 = CARTESIAN_POINT('',(14.385875318913,-15.63631716767,
    5.949371867901));
#276 = CIRCLE('',#277,1.2);
#277 = AXIS2_PLACEMENT_3D('',#278,#279,#280);
#278 = CARTESIAN_POINT('',(13.537347181489,-14.78778903025,
    5.949371867901));
#279 = DIRECTION('',(0.,0.,-1.));
#280 = DIRECTION('',(0.707106781187,-0.707106781187,0.));
#281 = ORIENTED_EDGE('',*,*,#282,.F.);
#282 = EDGE_CURVE('',#283,#274,#285,.T.);
#283 = VERTEX_POINT('',#284);
#284 = CARTESIAN_POINT('',(14.244453962675,-15.49489581144,
    6.149371867901));
#285 = LINE('',#286,#287);
#286 = CARTESIAN_POINT('',(14.315164640794,-15.56560648956,
    6.049371867901));
#287 = VECTOR('',#288,1.);
#288 = DIRECTION('',(0.5,-0.5,-0.707106781187));
#289 = ORIENTED_EDGE('',*,*,#290,.F.);
#290 = EDGE_CURVE('',#264,#283,#291,.T.);
#291 = CIRCLE('',#292,1.);
#292 = AXIS2_PLACEMENT_3D('',#293,#294,#295);
#293 = CARTESIAN_POINT('',(13.537347181489,-14.78778903025,
    6.149371867901));
#294 = DIRECTION('',(-0.,0.,1.));
#295 = DIRECTION('',(0.707106781187,-0.707106781187,0.));
#296 = CONICAL_SURFACE('',#297,1.1,0.785398163397);
#297 = AXIS2_PLACEMENT_3D('',#298,#299,#300);
#298 = CARTESIAN_POINT('',(13.537347181489,-14.78778903025,
    6.049371867901));
#299 = DIRECTION('',(0.,0.,-1.));
#300 = DIRECTION('',(0.707106781187,-0.707106781187,0.));
#301 = ADVANCED_FACE('',(#302),#338,.F.);
#302 = FACE_BOUND('',#303,.F.);
#303 = EDGE_LOOP('',(#304,#314,#323,#331));
#304 = ORIENTED_EDGE('',*,*,#305,.T.);
#305 = EDGE_CURVE('',#306,#308,#310,.T.);
#306 = VERTEX_POINT('',#307);
#307 = CARTESIAN_POINT('',(14.537347181489,-11.28778903025,
    6.149371867901));
#308 = VERTEX_POINT('',#309);
#309 = CARTESIAN_POINT('',(14.737347181489,-11.28778903025,
    5.949371867901));
#310 = LINE('',#311,#312);
#311 = CARTESIAN_POINT('',(14.537347181489,-11.28778903025,
    6.149371867901));
#312 = VECTOR('',#313,1.);
#313 = DIRECTION('',(0.707106781187,0.,-0.707106781187));
#314 = ORIENTED_EDGE('',*,*,#315,.F.);
#315 = EDGE_CURVE('',#316,#308,#318,.T.);
#316 = VERTEX_POINT('',#317);
#317 = CARTESIAN_POINT('',(14.385875318913,-10.43926089283,
    5.949371867901));
#318 = CIRCLE('',#319,1.2);
#319 = AXIS2_PLACEMENT_3D('',#320,#321,#322);
#320 = CARTESIAN_POINT('',(13.537347181489,-11.28778903025,
    5.949371867901));
#321 = DIRECTION('',(0.,0.,-1.));
#322 = DIRECTION('',(0.707106781187,0.707106781187,0.));
#323 = ORIENTED_EDGE('',*,*,#324,.F.);
#324 = EDGE_CURVE('',#325,#316,#327,.T.);
#325 = VERTEX_POINT('',#326);
#326 = CARTESIAN_POINT('',(14.244453962675,-10.58068224906,
    6.149371867901));
#327 = LINE('',#328,#329);
#328 = CARTESIAN_POINT('',(14.315164640794,-10.50997157095,
    6.049371867901));
#329 = VECTOR('',#330,1.);
#330 = DIRECTION('',(0.5,0.5,-0.707106781187));
#331 = ORIENTED_EDGE('',*,*,#332,.F.);
#332 = EDGE_CURVE('',#306,#325,#333,.T.);
#333 = CIRCLE('',#334,1.);
#334 = AXIS2_PLACEMENT_3D('',#335,#336,#337);
#335 = CARTESIAN_POINT('',(13.537347181489,-11.28778903025,
    6.149371867901));
#336 = DIRECTION('',(0.,-0.,1.));
#337 = DIRECTION('',(0.707106781187,0.707106781187,0.));
#338 = CONICAL_SURFACE('',#339,1.1,0.785398163397);
#339 = AXIS2_PLACEMENT_3D('',#340,#341,#342);
#340 = CARTESIAN_POINT('',(13.537347181489,-11.28778903025,
    6.049371867901));
#341 = DIRECTION('',(0.,0.,-1.));
#342 = DIRECTION('',(0.707106781187,0.707106781187,0.));
#343 = ADVANCED_FACE('',(#344),#370,.F.);
#344 = FACE_BOUND('',#345,.F.);
#345 = EDGE_LOOP('',(#346,#354,#355,#363));
#346 = ORIENTED_EDGE('',*,*,#347,.F.);
#347 = EDGE_CURVE('',#222,#348,#350,.T.);
#348 = VERTEX_POINT('',#349);
#349 = CARTESIAN_POINT('',(8.537347181489,-14.78778903025,6.549371867901
    ));
#350 = LINE('',#351,#352);
#351 = CARTESIAN_POINT('',(8.537347181489,-14.78778903025,6.549371867901
    ));
#352 = VECTOR('',#353,1.);
#353 = DIRECTION('',(0.,0.,1.));
#354 = ORIENTED_EDGE('',*,*,#248,.T.);
#355 = ORIENTED_EDGE('',*,*,#356,.F.);
#356 = EDGE_CURVE('',#357,#241,#359,.T.);
#357 = VERTEX_POINT('',#358);
#358 = CARTESIAN_POINT('',(8.830240400302,-15.49489581144,6.549371867901
    ));
#359 = LINE('',#360,#361);
#360 = CARTESIAN_POINT('',(8.830240400302,-15.49489581144,6.549371867901
    ));
#361 = VECTOR('',#362,1.);
#362 = DIRECTION('',(0.,0.,-1.));
#363 = ORIENTED_EDGE('',*,*,#364,.F.);
#364 = EDGE_CURVE('',#348,#357,#365,.T.);
#365 = CIRCLE('',#366,1.);
#366 = AXIS2_PLACEMENT_3D('',#367,#368,#369);
#367 = CARTESIAN_POINT('',(9.537347181489,-14.78778903025,6.549371867901
    ));
#368 = DIRECTION('',(0.,0.,1.));
#369 = DIRECTION('',(-0.707106781187,-0.707106781187,0.));
#370 = CYLINDRICAL_SURFACE('',#371,1.);
#371 = AXIS2_PLACEMENT_3D('',#372,#373,#374);
#372 = CARTESIAN_POINT('',(9.537347181489,-14.78778903025,6.549371867901
    ));
#373 = DIRECTION('',(0.,0.,-1.));
#374 = DIRECTION('',(-0.707106781187,-0.707106781187,-0.));
#375 = ADVANCED_FACE('',(#376),#402,.F.);
#376 = FACE_BOUND('',#377,.F.);
#377 = EDGE_LOOP('',(#378,#386,#387,#395));
#378 = ORIENTED_EDGE('',*,*,#379,.F.);
#379 = EDGE_CURVE('',#180,#380,#382,.T.);
#380 = VERTEX_POINT('',#381);
#381 = CARTESIAN_POINT('',(9.537347181489,-10.28778903025,6.549371867901
    ));
#382 = LINE('',#383,#384);
#383 = CARTESIAN_POINT('',(9.537347181489,-10.28778903025,6.549371867901
    ));
#384 = VECTOR('',#385,1.);
#385 = DIRECTION('',(0.,0.,1.));
#386 = ORIENTED_EDGE('',*,*,#206,.T.);
#387 = ORIENTED_EDGE('',*,*,#388,.F.);
#388 = EDGE_CURVE('',#389,#199,#391,.T.);
#389 = VERTEX_POINT('',#390);
#390 = CARTESIAN_POINT('',(8.830240400302,-10.58068224906,6.549371867901
    ));
#391 = LINE('',#392,#393);
#392 = CARTESIAN_POINT('',(8.830240400302,-10.58068224906,6.549371867901
    ));
#393 = VECTOR('',#394,1.);
#394 = DIRECTION('',(0.,0.,-1.));
#395 = ORIENTED_EDGE('',*,*,#396,.F.);
#396 = EDGE_CURVE('',#380,#389,#397,.T.);
#397 = CIRCLE('',#398,1.);
#398 = AXIS2_PLACEMENT_3D('',#399,#400,#401);
#399 = CARTESIAN_POINT('',(9.537347181489,-11.28778903025,6.549371867901
    ));
#400 = DIRECTION('',(0.,0.,1.));
#401 = DIRECTION('',(-0.707106781187,0.707106781187,0.));
#402 = CYLINDRICAL_SURFACE('',#403,1.);
#403 = AXIS2_PLACEMENT_3D('',#404,#405,#406);
#404 = CARTESIAN_POINT('',(9.537347181489,-11.28778903025,6.549371867901
    ));
#405 = DIRECTION('',(0.,0.,-1.));
#406 = DIRECTION('',(-0.707106781187,0.707106781187,0.));
#407 = ADVANCED_FACE('',(#408),#434,.F.);
#408 = FACE_BOUND('',#409,.F.);
#409 = EDGE_LOOP('',(#410,#418,#419,#427));
#410 = ORIENTED_EDGE('',*,*,#411,.F.);
#411 = EDGE_CURVE('',#306,#412,#414,.T.);
#412 = VERTEX_POINT('',#413);
#413 = CARTESIAN_POINT('',(14.537347181489,-11.28778903025,
    6.549371867901));
#414 = LINE('',#415,#416);
#415 = CARTESIAN_POINT('',(14.537347181489,-11.28778903025,
    6.549371867901));
#416 = VECTOR('',#417,1.);
#417 = DIRECTION('',(0.,0.,1.));
#418 = ORIENTED_EDGE('',*,*,#332,.T.);
#419 = ORIENTED_EDGE('',*,*,#420,.F.);
#420 = EDGE_CURVE('',#421,#325,#423,.T.);
#421 = VERTEX_POINT('',#422);
#422 = CARTESIAN_POINT('',(14.244453962675,-10.58068224906,
    6.549371867901));
#423 = LINE('',#424,#425);
#424 = CARTESIAN_POINT('',(14.244453962675,-10.58068224906,
    6.549371867901));
#425 = VECTOR('',#426,1.);
#426 = DIRECTION('',(0.,0.,-1.));
#427 = ORIENTED_EDGE('',*,*,#428,.F.);
#428 = EDGE_CURVE('',#412,#421,#429,.T.);
#429 = CIRCLE('',#430,1.);
#430 = AXIS2_PLACEMENT_3D('',#431,#432,#433);
#431 = CARTESIAN_POINT('',(13.537347181489,-11.28778903025,
    6.549371867901));
#432 = DIRECTION('',(0.,-0.,1.));
#433 = DIRECTION('',(0.707106781187,0.707106781187,0.));
#434 = CYLINDRICAL_SURFACE('',#435,1.);
#435 = AXIS2_PLACEMENT_3D('',#436,#437,#438);
#436 = CARTESIAN_POINT('',(13.537347181489,-11.28778903025,
    6.549371867901));
#437 = DIRECTION('',(0.,0.,-1.));
#438 = DIRECTION('',(0.707106781187,0.707106781187,0.));
#439 = ADVANCED_FACE('',(#440),#466,.F.);
#440 = FACE_BOUND('',#441,.F.);
#441 = EDGE_LOOP('',(#442,#450,#451,#459));
#442 = ORIENTED_EDGE('',*,*,#443,.F.);
#443 = EDGE_CURVE('',#264,#444,#446,.T.);
#444 = VERTEX_POINT('',#445);
#445 = CARTESIAN_POINT('',(13.537347181489,-15.78778903025,
    6.549371867901));
#446 = LINE('',#447,#448);
#447 = CARTESIAN_POINT('',(13.537347181489,-15.78778903025,
    6.549371867901));
#448 = VECTOR('',#449,1.);
#449 = DIRECTION('',(0.,0.,1.));
#450 = ORIENTED_EDGE('',*,*,#290,.T.);
#451 = ORIENTED_EDGE('',*,*,#452,.F.);
#452 = EDGE_CURVE('',#453,#283,#455,.T.);
#453 = VERTEX_POINT('',#454);
#454 = CARTESIAN_POINT('',(14.244453962675,-15.49489581144,
    6.549371867901));
#455 = LINE('',#456,#457);
#456 = CARTESIAN_POINT('',(14.244453962675,-15.49489581144,
    6.549371867901));
#457 = VECTOR('',#458,1.);
#458 = DIRECTION('',(0.,0.,-1.));
#459 = ORIENTED_EDGE('',*,*,#460,.F.);
#460 = EDGE_CURVE('',#444,#453,#461,.T.);
#461 = CIRCLE('',#462,1.);
#462 = AXIS2_PLACEMENT_3D('',#463,#464,#465);
#463 = CARTESIAN_POINT('',(13.537347181489,-14.78778903025,
    6.549371867901));
#464 = DIRECTION('',(-0.,0.,1.));
#465 = DIRECTION('',(0.707106781187,-0.707106781187,0.));
#466 = CYLINDRICAL_SURFACE('',#467,1.);
#467 = AXIS2_PLACEMENT_3D('',#468,#469,#470);
#468 = CARTESIAN_POINT('',(13.537347181489,-14.78778903025,
    6.549371867901));
#469 = DIRECTION('',(0.,0.,-1.));
#470 = DIRECTION('',(0.707106781187,-0.707106781187,0.));
#471 = ADVANCED_FACE('',(#472),#508,.T.);
#472 = FACE_BOUND('',#473,.T.);
#473 = EDGE_LOOP('',(#474,#485,#493,#502));
#474 = ORIENTED_EDGE('',*,*,#475,.T.);
#475 = EDGE_CURVE('',#476,#478,#480,.T.);
#476 = VERTEX_POINT('',#477);
#477 = CARTESIAN_POINT('',(4.672909358498,-12.83284942745,
    20.064470689753));
#478 = VERTEX_POINT('',#479);
#479 = CARTESIAN_POINT('',(0.582858519955,-12.83284942745,
    20.347818571342));
#480 = ( BOUNDED_CURVE() B_SPLINE_CURVE(3,(#481,#482,#483,#484),
.UNSPECIFIED.,.F.,.F.) B_SPLINE_CURVE_WITH_KNOTS((4,4),(1.34797130993,
4.450387311857),.PIECEWISE_BEZIER_KNOTS.) CURVE() 
GEOMETRIC_REPRESENTATION_ITEM() RATIONAL_B_SPLINE_CURVE((1.,
0.346391382116,0.346391382116,1.)) REPRESENTATION_ITEM('') );
#481 = CARTESIAN_POINT('',(4.672909358498,-12.83284942745,
    20.064470689753));
#482 = CARTESIAN_POINT('',(4.595443790239,-16.7686698678,21.172279927799
    ));
#483 = CARTESIAN_POINT('',(0.659577166806,-16.7686698678,21.444946335623
    ));
#484 = CARTESIAN_POINT('',(0.582858519955,-12.83284942745,
    20.347818571342));
#485 = ORIENTED_EDGE('',*,*,#486,.T.);
#486 = EDGE_CURVE('',#478,#487,#489,.T.);
#487 = VERTEX_POINT('',#488);
#488 = CARTESIAN_POINT('',(-0.284449421606,-12.83284942745,
    7.944737157285));
#489 = LINE('',#490,#491);
#490 = CARTESIAN_POINT('',(-0.382022867789,-12.83284942745,
    6.549371867901));
#491 = VECTOR('',#492,1.);
#492 = DIRECTION('',(-6.975647374413E-02,-1.293345259685E-16,
    -0.99756405026));
#493 = ORIENTED_EDGE('',*,*,#494,.F.);
#494 = EDGE_CURVE('',#495,#487,#497,.T.);
#495 = VERTEX_POINT('',#496);
#496 = CARTESIAN_POINT('',(5.520403686028,-12.83284942745,7.944737157285
    ));
#497 = CIRCLE('',#498,2.902426553817);
#498 = AXIS2_PLACEMENT_3D('',#499,#500,#501);
#499 = CARTESIAN_POINT('',(2.617977132211,-12.83284942745,7.944737157285
    ));
#500 = DIRECTION('',(0.,0.,-1.));
#501 = DIRECTION('',(-1.,-1.531556035878E-15,-0.));
#502 = ORIENTED_EDGE('',*,*,#503,.F.);
#503 = EDGE_CURVE('',#476,#495,#504,.T.);
#504 = LINE('',#505,#506);
#505 = CARTESIAN_POINT('',(5.617977132211,-12.83284942745,6.549371867901
    ));
#506 = VECTOR('',#507,1.);
#507 = DIRECTION('',(6.975647374413E-02,1.207918217394E-16,
    -0.99756405026));
#508 = CONICAL_SURFACE('',#509,3.,6.981317007977E-02);
#509 = AXIS2_PLACEMENT_3D('',#510,#511,#512);
#510 = CARTESIAN_POINT('',(2.617977132211,-12.83284942745,6.549371867901
    ));
#511 = DIRECTION('',(0.,0.,-1.));
#512 = DIRECTION('',(1.,1.734723475977E-15,0.));
#513 = ADVANCED_FACE('',(#514),#597,.F.);
#514 = FACE_BOUND('',#515,.F.);
#515 = EDGE_LOOP('',(#516,#533,#542,#573,#580,#581,#590));
#516 = ORIENTED_EDGE('',*,*,#517,.T.);
#517 = EDGE_CURVE('',#518,#520,#522,.T.);
#518 = VERTEX_POINT('',#519);
#519 = CARTESIAN_POINT('',(4.062164634076,-16.98778903025,6.549371867901
    ));
#520 = VERTEX_POINT('',#521);
#521 = CARTESIAN_POINT('',(1.173789630347,-16.98778903025,6.549371867901
    ));
#522 = B_SPLINE_CURVE_WITH_KNOTS('',3,(#523,#524,#525,#526,#527,#528,
    #529,#530,#531,#532),.UNSPECIFIED.,.F.,.F.,(4,2,2,2,4),(0.,
    7.221626508927E-04,1.444325301785E-03,2.166487952678E-03,
    2.888650603571E-03),.UNSPECIFIED.);
#523 = CARTESIAN_POINT('',(4.062164634076,-16.98778903025,6.549371867901
    ));
#524 = CARTESIAN_POINT('',(3.8214207816,-16.98778903025,6.549371867901)
  );
#525 = CARTESIAN_POINT('',(3.580759852739,-16.98778903025,6.5553744786)
  );
#526 = CARTESIAN_POINT('',(3.099410978102,-16.98778903025,6.565424020294
    ));
#527 = CARTESIAN_POINT('',(2.858720984687,-16.98778903025,6.569322728435
    ));
#528 = CARTESIAN_POINT('',(2.377233279735,-16.98778903025,6.569322728435
    ));
#529 = CARTESIAN_POINT('',(2.13654328632,-16.98778903025,6.565424020294)
  );
#530 = CARTESIAN_POINT('',(1.655194411683,-16.98778903025,6.5553744786)
  );
#531 = CARTESIAN_POINT('',(1.414533482823,-16.98778903025,6.549371867901
    ));
#532 = CARTESIAN_POINT('',(1.173789630347,-16.98778903025,6.549371867901
    ));
#533 = ORIENTED_EDGE('',*,*,#534,.F.);
#534 = EDGE_CURVE('',#535,#520,#537,.T.);
#535 = VERTEX_POINT('',#536);
#536 = CARTESIAN_POINT('',(-1.018101541558,-15.30835594564,
    6.549371867901));
#537 = CIRCLE('',#538,4.398772629206);
#538 = AXIS2_PLACEMENT_3D('',#539,#540,#541);
#539 = CARTESIAN_POINT('',(2.617977132211,-12.83284942745,6.549371867901
    ));
#540 = DIRECTION('',(0.,0.,1.));
#541 = DIRECTION('',(-1.,-1.478870035637E-15,0.));
#542 = ORIENTED_EDGE('',*,*,#543,.T.);
#543 = EDGE_CURVE('',#535,#544,#546,.T.);
#544 = VERTEX_POINT('',#545);
#545 = CARTESIAN_POINT('',(-1.018101718289,-12.83284942745,
    6.757745582312));
#546 = B_SPLINE_CURVE_WITH_KNOTS('',3,(#547,#548,#549,#550,#551,#552,
    #553,#554,#555,#556,#557,#558,#559,#560,#561,#562,#563,#564,#565,
    #566,#567,#568,#569,#570,#571,#572),.UNSPECIFIED.,.F.,.F.,(4,1,1,1,1
    ,1,2,2,1,2,2,1,1,1,1,2,2,4),(0.,6.250200026351E-02,
    9.375300039526E-02,0.109378500461,0.117191250494,0.121097625511,
    0.123050813019,0.125004000527,0.187506000791,0.218757000922,
    0.250008001054,0.312510001318,0.343761001449,0.359386501515,
    0.367199251548,0.371105626565,0.375012001581,0.500016002108),
  .UNSPECIFIED.);
#547 = CARTESIAN_POINT('',(-1.018101541558,-15.30835594564,
    6.549371867901));
#548 = CARTESIAN_POINT('',(-1.018101541558,-15.21608210384,
    6.549371868213));
#549 = CARTESIAN_POINT('',(-1.018101541558,-15.06874808182,
    6.553673152534));
#550 = CARTESIAN_POINT('',(-1.018101541558,-14.88124264368,6.56621856432
    ));
#551 = CARTESIAN_POINT('',(-1.018101541558,-14.78358598817,6.5743730819)
  );
#552 = CARTESIAN_POINT('',(-1.018101541558,-14.7337816763,6.578920793611
    ));
#553 = CARTESIAN_POINT('',(-1.018101541558,-14.70863552434,
    6.581312262697));
#554 = CARTESIAN_POINT('',(-1.018101541558,-14.69780631721,
    6.582362380855));
#555 = CARTESIAN_POINT('',(-1.018101541558,-14.69057522692,
    6.583068060256));
#556 = CARTESIAN_POINT('',(-1.018101541558,-14.68537288644,
    6.583579936057));
#557 = CARTESIAN_POINT('',(-1.018101541558,-14.61817157666,
    6.590220809984));
#558 = CARTESIAN_POINT('',(-1.018101541558,-14.49380077762,6.60405228822
    ));
#559 = CARTESIAN_POINT('',(-1.018101541558,-14.32949481951,
    6.624141804331));
#560 = CARTESIAN_POINT('',(-1.018101541558,-14.21108303431,
    6.638925490155));
#561 = CARTESIAN_POINT('',(-1.018101541558,-14.14888746021,
    6.646826090241));
#562 = CARTESIAN_POINT('',(-1.018101541558,-13.94030032474,
    6.673733816413));
#563 = CARTESIAN_POINT('',(-1.018101541558,-13.75631236759,
    6.696371096971));
#564 = CARTESIAN_POINT('',(-1.018101541558,-13.58470831298,
    6.715307977795));
#565 = CARTESIAN_POINT('',(-1.018101541558,-13.50966842619,
    6.722908098251));
#566 = CARTESIAN_POINT('',(-1.018101541558,-13.47483901792,
    6.726241078489));
#567 = CARTESIAN_POINT('',(-1.018101541558,-13.4604886719,6.727569410023
    ));
#568 = CARTESIAN_POINT('',(-1.018101541558,-13.45104989528,
    6.728432722474));
#569 = CARTESIAN_POINT('',(-1.018101541558,-13.44843215755,
    6.728671564529));
#570 = CARTESIAN_POINT('',(-1.018101541558,-13.22905438572,
    6.748233889192));
#571 = CARTESIAN_POINT('',(-1.018101541558,-13.02556929624,
    6.757727693554));
#572 = CARTESIAN_POINT('',(-1.018101718289,-12.83284942745,
    6.757745582312));
#573 = ORIENTED_EDGE('',*,*,#574,.T.);
#574 = EDGE_CURVE('',#544,#487,#575,.T.);
#575 = CIRCLE('',#576,1.5);
#576 = AXIS2_PLACEMENT_3D('',#577,#578,#579);
#577 = CARTESIAN_POINT('',(-1.780795496995,-12.83284942745,
    8.049371867901));
#578 = DIRECTION('',(0.,-1.,0.));
#579 = DIRECTION('',(0.,0.,-1.));
#580 = ORIENTED_EDGE('',*,*,#494,.F.);
#581 = ORIENTED_EDGE('',*,*,#582,.F.);
#582 = EDGE_CURVE('',#583,#495,#585,.T.);
#583 = VERTEX_POINT('',#584);
#584 = CARTESIAN_POINT('',(7.016749761418,-12.83284942745,6.549371867901
    ));
#585 = CIRCLE('',#586,1.5);
#586 = AXIS2_PLACEMENT_3D('',#587,#588,#589);
#587 = CARTESIAN_POINT('',(7.016749761418,-12.83284942745,8.049371867901
    ));
#588 = DIRECTION('',(-1.224646799147E-16,1.,0.));
#589 = DIRECTION('',(-1.,-1.224646799147E-16,0.));
#590 = ORIENTED_EDGE('',*,*,#591,.F.);
#591 = EDGE_CURVE('',#518,#583,#592,.T.);
#592 = CIRCLE('',#593,4.398772629206);
#593 = AXIS2_PLACEMENT_3D('',#594,#595,#596);
#594 = CARTESIAN_POINT('',(2.617977132211,-12.83284942745,6.549371867901
    ));
#595 = DIRECTION('',(0.,0.,1.));
#596 = DIRECTION('',(-1.,-1.478870035637E-15,0.));
#597 = TOROIDAL_SURFACE('',#598,4.398772629206,1.5);
#598 = AXIS2_PLACEMENT_3D('',#599,#600,#601);
#599 = CARTESIAN_POINT('',(2.617977132211,-12.83284942745,8.049371867901
    ));
#600 = DIRECTION('',(0.,0.,-1.));
#601 = DIRECTION('',(-1.,0.,0.));
#602 = ADVANCED_FACE('',(#603),#639,.T.);
#603 = FACE_BOUND('',#604,.T.);
#604 = EDGE_LOOP('',(#605,#616,#624,#633));
#605 = ORIENTED_EDGE('',*,*,#606,.T.);
#606 = EDGE_CURVE('',#607,#609,#611,.T.);
#607 = VERTEX_POINT('',#608);
#608 = CARTESIAN_POINT('',(-1.018101541558,-15.98778903025,
    5.949371867901));
#609 = VERTEX_POINT('',#610);
#610 = CARTESIAN_POINT('',(-0.725208322745,-16.69489581144,
    5.949371867901));
#611 = CIRCLE('',#612,1.);
#612 = AXIS2_PLACEMENT_3D('',#613,#614,#615);
#613 = CARTESIAN_POINT('',(-1.81015415583E-02,-15.98778903025,
    5.949371867901));
#614 = DIRECTION('',(0.,0.,1.));
#615 = DIRECTION('',(1.,0.,0.));
#616 = ORIENTED_EDGE('',*,*,#617,.T.);
#617 = EDGE_CURVE('',#609,#618,#620,.T.);
#618 = VERTEX_POINT('',#619);
#619 = CARTESIAN_POINT('',(-0.725208322745,-16.69489581144,
    6.549371867901));
#620 = LINE('',#621,#622);
#621 = CARTESIAN_POINT('',(-0.725208322745,-16.69489581144,
    5.949371867901));
#622 = VECTOR('',#623,1.);
#623 = DIRECTION('',(0.,0.,1.));
#624 = ORIENTED_EDGE('',*,*,#625,.T.);
#625 = EDGE_CURVE('',#618,#626,#628,.T.);
#626 = VERTEX_POINT('',#627);
#627 = CARTESIAN_POINT('',(-1.018101541558,-15.98778903025,
    6.549371867901));
#628 = CIRCLE('',#629,1.);
#629 = AXIS2_PLACEMENT_3D('',#630,#631,#632);
#630 = CARTESIAN_POINT('',(-1.81015415583E-02,-15.98778903025,
    6.549371867901));
#631 = DIRECTION('',(0.,0.,-1.));
#632 = DIRECTION('',(-0.707106781187,-0.707106781187,-0.));
#633 = ORIENTED_EDGE('',*,*,#634,.T.);
#634 = EDGE_CURVE('',#626,#607,#635,.T.);
#635 = LINE('',#636,#637);
#636 = CARTESIAN_POINT('',(-1.018101541558,-15.98778903025,
    5.949371867901));
#637 = VECTOR('',#638,1.);
#638 = DIRECTION('',(0.,0.,-1.));
#639 = CYLINDRICAL_SURFACE('',#640,1.);
#640 = AXIS2_PLACEMENT_3D('',#641,#642,#643);
#641 = CARTESIAN_POINT('',(-1.81015415583E-02,-15.98778903025,
    5.949371867901));
#642 = DIRECTION('',(0.,0.,1.));
#643 = DIRECTION('',(-0.707106781187,-0.707106781187,0.));
#644 = ADVANCED_FACE('',(#645),#681,.F.);
#645 = FACE_BOUND('',#646,.F.);
#646 = EDGE_LOOP('',(#647,#657,#666,#674));
#647 = ORIENTED_EDGE('',*,*,#648,.F.);
#648 = EDGE_CURVE('',#649,#651,#653,.T.);
#649 = VERTEX_POINT('',#650);
#650 = CARTESIAN_POINT('',(9.289611037129,-7.255643815477,6.549371867901
    ));
#651 = VERTEX_POINT('',#652);
#652 = CARTESIAN_POINT('',(9.289611037129,-7.255643815477,5.949371867901
    ));
#653 = LINE('',#654,#655);
#654 = CARTESIAN_POINT('',(9.289611037129,-7.255643815477,5.949371867901
    ));
#655 = VECTOR('',#656,1.);
#656 = DIRECTION('',(0.,0.,-1.));
#657 = ORIENTED_EDGE('',*,*,#658,.F.);
#658 = EDGE_CURVE('',#659,#649,#661,.T.);
#659 = VERTEX_POINT('',#660);
#660 = CARTESIAN_POINT('',(8.18258650106,-8.517963367693,6.549371867901)
  );
#661 = CIRCLE('',#662,3.);
#662 = AXIS2_PLACEMENT_3D('',#663,#664,#665);
#663 = CARTESIAN_POINT('',(6.570687676019,-5.987789030255,6.549371867901
    ));
#664 = DIRECTION('',(-0.,0.,1.));
#665 = DIRECTION('',(0.537299608347,-0.843391445813,0.));
#666 = ORIENTED_EDGE('',*,*,#667,.F.);
#667 = EDGE_CURVE('',#668,#659,#670,.T.);
#668 = VERTEX_POINT('',#669);
#669 = CARTESIAN_POINT('',(8.18258650106,-8.517963367693,5.949371867901)
  );
#670 = LINE('',#671,#672);
#671 = CARTESIAN_POINT('',(8.18258650106,-8.517963367693,5.949371867901)
  );
#672 = VECTOR('',#673,1.);
#673 = DIRECTION('',(0.,0.,1.));
#674 = ORIENTED_EDGE('',*,*,#675,.T.);
#675 = EDGE_CURVE('',#668,#651,#676,.T.);
#676 = CIRCLE('',#677,3.);
#677 = AXIS2_PLACEMENT_3D('',#678,#679,#680);
#678 = CARTESIAN_POINT('',(6.570687676019,-5.987789030255,5.949371867901
    ));
#679 = DIRECTION('',(0.,0.,1.));
#680 = DIRECTION('',(1.,0.,0.));
#681 = CYLINDRICAL_SURFACE('',#682,3.);
#682 = AXIS2_PLACEMENT_3D('',#683,#684,#685);
#683 = CARTESIAN_POINT('',(6.570687676019,-5.987789030255,5.949371867901
    ));
#684 = DIRECTION('',(0.,0.,1.));
#685 = DIRECTION('',(0.537299608347,-0.843391445813,0.));
#686 = ADVANCED_FACE('',(#687),#723,.F.);
#687 = FACE_BOUND('',#688,.F.);
#688 = EDGE_LOOP('',(#689,#699,#708,#716));
#689 = ORIENTED_EDGE('',*,*,#690,.F.);
#690 = EDGE_CURVE('',#691,#693,#695,.T.);
#691 = VERTEX_POINT('',#692);
#692 = CARTESIAN_POINT('',(10.658036836661,-4.798081974964,
    5.949371867901));
#693 = VERTEX_POINT('',#694);
#694 = CARTESIAN_POINT('',(10.658036836661,-4.798081974964,
    9.421769821976));
#695 = LINE('',#696,#697);
#696 = CARTESIAN_POINT('',(10.658036836661,-4.798081974964,
    5.949371867901));
#697 = VECTOR('',#698,1.);
#698 = DIRECTION('',(0.,0.,1.));
#699 = ORIENTED_EDGE('',*,*,#700,.T.);
#700 = EDGE_CURVE('',#691,#701,#703,.T.);
#701 = VERTEX_POINT('',#702);
#702 = CARTESIAN_POINT('',(10.937538731986,-4.44951980043,5.949371867901
    ));
#703 = CIRCLE('',#704,1.);
#704 = AXIS2_PLACEMENT_3D('',#705,#706,#707);
#705 = CARTESIAN_POINT('',(10.037347181489,-4.014025630074,
    5.949371867901));
#706 = DIRECTION('',(0.,0.,1.));
#707 = DIRECTION('',(1.,0.,0.));
#708 = ORIENTED_EDGE('',*,*,#709,.F.);
#709 = EDGE_CURVE('',#710,#701,#712,.T.);
#710 = VERTEX_POINT('',#711);
#711 = CARTESIAN_POINT('',(10.937538731986,-4.44951980043,9.86681999226)
  );
#712 = LINE('',#713,#714);
#713 = CARTESIAN_POINT('',(10.937538731986,-4.44951980043,5.949371867901
    ));
#714 = VECTOR('',#715,1.);
#715 = DIRECTION('',(0.,0.,-1.));
#716 = ORIENTED_EDGE('',*,*,#717,.F.);
#717 = EDGE_CURVE('',#693,#710,#718,.T.);
#718 = ( BOUNDED_CURVE() B_SPLINE_CURVE(3,(#719,#720,#721,#722),
.UNSPECIFIED.,.F.,.F.) B_SPLINE_CURVE_WITH_KNOTS((4,4),(1.257348439252,
1.70793560451),.PIECEWISE_BEZIER_KNOTS.) CURVE() 
GEOMETRIC_REPRESENTATION_ITEM() RATIONAL_B_SPLINE_CURVE((1.,
0.983152376606,0.983152376606,1.)) REPRESENTATION_ITEM('') );
#719 = CARTESIAN_POINT('',(10.658036836661,-4.798081974964,
    9.421769821976));
#720 = CARTESIAN_POINT('',(10.776806038491,-4.704059631533,
    9.565869546779));
#721 = CARTESIAN_POINT('',(10.871569882487,-4.585881214559,
    9.716761779042));
#722 = CARTESIAN_POINT('',(10.937538731986,-4.44951980043,9.86681999226)
  );
#723 = CYLINDRICAL_SURFACE('',#724,1.);
#724 = AXIS2_PLACEMENT_3D('',#725,#726,#727);
#725 = CARTESIAN_POINT('',(10.037347181489,-4.014025630074,
    5.949371867901));
#726 = DIRECTION('',(0.,0.,-1.));
#727 = DIRECTION('',(0.900191550497,-0.435494170356,0.));
#728 = ADVANCED_FACE('',(#729),#765,.T.);
#729 = FACE_BOUND('',#730,.T.);
#730 = EDGE_LOOP('',(#731,#742,#750,#759));
#731 = ORIENTED_EDGE('',*,*,#732,.F.);
#732 = EDGE_CURVE('',#733,#735,#737,.T.);
#733 = VERTEX_POINT('',#734);
#734 = CARTESIAN_POINT('',(11.330240400302,-0.780682249083,
    10.549371867901));
#735 = VERTEX_POINT('',#736);
#736 = CARTESIAN_POINT('',(11.037347181489,-1.487789030269,
    10.549371867901));
#737 = CIRCLE('',#738,1.);
#738 = AXIS2_PLACEMENT_3D('',#739,#740,#741);
#739 = CARTESIAN_POINT('',(12.037347181489,-1.487789030269,
    10.549371867901));
#740 = DIRECTION('',(0.,0.,1.));
#741 = DIRECTION('',(1.,0.,0.));
#742 = ORIENTED_EDGE('',*,*,#743,.T.);
#743 = EDGE_CURVE('',#733,#744,#746,.T.);
#744 = VERTEX_POINT('',#745);
#745 = CARTESIAN_POINT('',(11.330240400302,-0.780682249083,
    5.949371867901));
#746 = LINE('',#747,#748);
#747 = CARTESIAN_POINT('',(11.330240400302,-0.780682249083,
    6.549371867901));
#748 = VECTOR('',#749,1.);
#749 = DIRECTION('',(0.,0.,-1.));
#750 = ORIENTED_EDGE('',*,*,#751,.T.);
#751 = EDGE_CURVE('',#744,#752,#754,.T.);
#752 = VERTEX_POINT('',#753);
#753 = CARTESIAN_POINT('',(11.037347181489,-1.487789030269,
    5.949371867901));
#754 = CIRCLE('',#755,1.);
#755 = AXIS2_PLACEMENT_3D('',#756,#757,#758);
#756 = CARTESIAN_POINT('',(12.037347181489,-1.487789030269,
    5.949371867901));
#757 = DIRECTION('',(0.,0.,1.));
#758 = DIRECTION('',(1.,0.,0.));
#759 = ORIENTED_EDGE('',*,*,#760,.T.);
#760 = EDGE_CURVE('',#752,#735,#761,.T.);
#761 = LINE('',#762,#763);
#762 = CARTESIAN_POINT('',(11.037347181489,-1.487789030269,
    6.549371867901));
#763 = VECTOR('',#764,1.);
#764 = DIRECTION('',(0.,0.,1.));
#765 = CYLINDRICAL_SURFACE('',#766,1.);
#766 = AXIS2_PLACEMENT_3D('',#767,#768,#769);
#767 = CARTESIAN_POINT('',(12.037347181489,-1.487789030269,
    6.549371867901));
#768 = DIRECTION('',(0.,0.,-1.));
#769 = DIRECTION('',(-0.707106781187,0.707106781187,0.));
#770 = ADVANCED_FACE('',(#771),#827,.T.);
#771 = FACE_BOUND('',#772,.T.);
#772 = EDGE_LOOP('',(#773,#786,#794,#803,#812,#820));
#773 = ORIENTED_EDGE('',*,*,#774,.T.);
#774 = EDGE_CURVE('',#775,#777,#779,.T.);
#775 = VERTEX_POINT('',#776);
#776 = CARTESIAN_POINT('',(30.762269177515,20.884638347869,
    7.884605748223));
#777 = VERTEX_POINT('',#778);
#778 = CARTESIAN_POINT('',(31.27406548784,21.60016075219,8.204865903246)
  );
#779 = B_SPLINE_CURVE_WITH_KNOTS('',3,(#780,#781,#782,#783,#784,#785),
  .UNSPECIFIED.,.F.,.F.,(4,2,4),(8.572963473709E-05,5.600462839558E-04,
    1.034362933175E-03),.UNSPECIFIED.);
#780 = CARTESIAN_POINT('',(30.762269177515,20.884638347869,
    7.884605748223));
#781 = CARTESIAN_POINT('',(30.878128297147,20.969164803406,
    7.953313139253));
#782 = CARTESIAN_POINT('',(30.981327154181,21.071169204327,8.01913380125
    ));
#783 = CARTESIAN_POINT('',(31.157225194354,21.312973245441,
    8.131595866974));
#784 = CARTESIAN_POINT('',(31.227384661839,21.44994962619,8.176659249188
    ));
#785 = CARTESIAN_POINT('',(31.27406548784,21.60016075219,8.204865903246)
  );
#786 = ORIENTED_EDGE('',*,*,#787,.T.);
#787 = EDGE_CURVE('',#777,#788,#790,.T.);
#788 = VERTEX_POINT('',#789);
#789 = CARTESIAN_POINT('',(25.958064806687,22.43138058192,8.34032516388)
  );
#790 = LINE('',#791,#792);
#791 = CARTESIAN_POINT('',(27.592929335635,22.175750100101,
    8.298666489695));
#792 = VECTOR('',#793,1.);
#793 = DIRECTION('',(-0.987682218619,0.154435842808,2.516754814306E-02)
  );
#794 = ORIENTED_EDGE('',*,*,#795,.T.);
#795 = EDGE_CURVE('',#788,#796,#798,.T.);
#796 = VERTEX_POINT('',#797);
#797 = CARTESIAN_POINT('',(26.073773085719,21.860065993305,
    8.149372160636));
#798 = B_SPLINE_CURVE_WITH_KNOTS('',3,(#799,#800,#801,#802),
  .UNSPECIFIED.,.F.,.F.,(4,4),(2.796579986005E-04,8.946876223991E-04),
  .PIECEWISE_BEZIER_KNOTS.);
#799 = CARTESIAN_POINT('',(25.958064806687,22.43138058192,8.34032516388)
  );
#800 = CARTESIAN_POINT('',(25.956533197578,22.229269747964,
    8.302599533179));
#801 = CARTESIAN_POINT('',(25.998802586544,22.03241134558,8.233043491131
    ));
#802 = CARTESIAN_POINT('',(26.073773085719,21.860065993305,
    8.149372160636));
#803 = ORIENTED_EDGE('',*,*,#804,.F.);
#804 = EDGE_CURVE('',#805,#796,#807,.T.);
#805 = VERTEX_POINT('',#806);
#806 = CARTESIAN_POINT('',(26.257275369796,21.53485508543,7.960225160181
    ));
#807 = B_SPLINE_CURVE_WITH_KNOTS('',3,(#808,#809,#810,#811),
  .UNSPECIFIED.,.F.,.F.,(4,4),(0.,4.185581368918E-04),
  .PIECEWISE_BEZIER_KNOTS.);
#808 = CARTESIAN_POINT('',(26.257275369796,21.53485508543,7.960225160181
    ));
#809 = CARTESIAN_POINT('',(26.187365943271,21.635095070101,
    8.028827155201));
#810 = CARTESIAN_POINT('',(26.125262899846,21.742654221995,8.0924038518)
  );
#811 = CARTESIAN_POINT('',(26.073773085719,21.860065993305,
    8.149372160636));
#812 = ORIENTED_EDGE('',*,*,#813,.T.);
#813 = EDGE_CURVE('',#805,#814,#816,.T.);
#814 = VERTEX_POINT('',#815);
#815 = CARTESIAN_POINT('',(30.69806892175,20.840484282752,7.847067422394
    ));
#816 = LINE('',#817,#818);
#817 = CARTESIAN_POINT('',(27.454056602771,21.347724128846,7.92972947166
    ));
#818 = VECTOR('',#819,1.);
#819 = DIRECTION('',(0.987682218619,-0.154435842808,-2.516754814306E-02)
  );
#820 = ORIENTED_EDGE('',*,*,#821,.T.);
#821 = EDGE_CURVE('',#814,#775,#822,.T.);
#822 = B_SPLINE_CURVE_WITH_KNOTS('',3,(#823,#824,#825,#826),
  .UNSPECIFIED.,.F.,.F.,(4,4),(1.430489624538E-17,8.572963473709E-05),
  .PIECEWISE_BEZIER_KNOTS.);
#823 = CARTESIAN_POINT('',(30.69806892175,20.840484282752,7.847067422394
    ));
#824 = CARTESIAN_POINT('',(30.719935447521,20.85464327376,7.859662103422
    ));
#825 = CARTESIAN_POINT('',(30.741328398769,20.869360743402,7.87218733629
    ));
#826 = CARTESIAN_POINT('',(30.762269177515,20.884638347869,
    7.884605748223));
#827 = CYLINDRICAL_SURFACE('',#828,2.);
#828 = AXIS2_PLACEMENT_3D('',#829,#830,#831);
#829 = CARTESIAN_POINT('',(27.600204487307,22.542672408118,
    6.332626029265));
#830 = DIRECTION('',(-0.987682218619,0.154435842808,2.516754814306E-02)
  );
#831 = DIRECTION('',(-3.637575836263E-03,-0.183461154009,0.983020230215)
  );
#832 = ADVANCED_FACE('',(#833),#916,.T.);
#833 = FACE_BOUND('',#834,.T.);
#834 = EDGE_LOOP('',(#835,#846,#854,#863,#872,#881,#889,#898,#907));
#835 = ORIENTED_EDGE('',*,*,#836,.T.);
#836 = EDGE_CURVE('',#837,#839,#841,.T.);
#837 = VERTEX_POINT('',#838);
#838 = CARTESIAN_POINT('',(23.406576294585,24.5238321151,7.866779317683)
  );
#839 = VERTEX_POINT('',#840);
#840 = CARTESIAN_POINT('',(23.365223321189,24.65867339266,7.896078590077
    ));
#841 = ( BOUNDED_CURVE() B_SPLINE_CURVE(3,(#842,#843,#844,#845),
.UNSPECIFIED.,.F.,.F.) B_SPLINE_CURVE_WITH_KNOTS((4,4),(5.762391648119,
5.827318887213),.PIECEWISE_BEZIER_KNOTS.) CURVE() 
GEOMETRIC_REPRESENTATION_ITEM() RATIONAL_B_SPLINE_CURVE((1.,
0.99964873532,0.99964873532,1.)) REPRESENTATION_ITEM('') );
#842 = CARTESIAN_POINT('',(23.406576294585,24.5238321151,7.866779317683)
  );
#843 = CARTESIAN_POINT('',(23.39152641943,24.568665719914,7.877948328257
    ));
#844 = CARTESIAN_POINT('',(23.377737251317,24.613628606308,
    7.887718184193));
#845 = CARTESIAN_POINT('',(23.365223321189,24.65867339266,7.896078590077
    ));
#846 = ORIENTED_EDGE('',*,*,#847,.T.);
#847 = EDGE_CURVE('',#839,#848,#850,.T.);
#848 = VERTEX_POINT('',#849);
#849 = CARTESIAN_POINT('',(13.514424935877,26.198962690464,
    8.147090948036));
#850 = LINE('',#851,#852);
#851 = CARTESIAN_POINT('',(17.708605576478,25.543152744804,
    8.040217258095));
#852 = VECTOR('',#853,1.);
#853 = DIRECTION('',(-0.987682218619,0.154435842808,2.516754814306E-02)
  );
#854 = ORIENTED_EDGE('',*,*,#855,.T.);
#855 = EDGE_CURVE('',#848,#856,#858,.T.);
#856 = VERTEX_POINT('',#857);
#857 = CARTESIAN_POINT('',(13.649472534915,25.775086649396,8.02471156905
    ));
#858 = B_SPLINE_CURVE_WITH_KNOTS('',3,(#859,#860,#861,#862),
  .UNSPECIFIED.,.F.,.F.,(4,4),(9.612287242365E-04,1.41955840346E-03),
  .PIECEWISE_BEZIER_KNOTS.);
#859 = CARTESIAN_POINT('',(13.514424935877,26.198962690464,
    8.147090948036));
#860 = CARTESIAN_POINT('',(13.552128534118,26.053007427471,
    8.119990822865));
#861 = CARTESIAN_POINT('',(13.597754647129,25.910808419252,
    8.078472263285));
#862 = CARTESIAN_POINT('',(13.649472534915,25.775086649396,8.02471156905
    ));
#863 = ORIENTED_EDGE('',*,*,#864,.T.);
#864 = EDGE_CURVE('',#856,#865,#867,.T.);
#865 = VERTEX_POINT('',#866);
#866 = CARTESIAN_POINT('',(13.676770386793,25.701275583234,
    7.993925080276));
#867 = B_SPLINE_CURVE_WITH_KNOTS('',3,(#868,#869,#870,#871),
  .UNSPECIFIED.,.F.,.F.,(4,4),(0.408492930189,0.416786407688),
  .PIECEWISE_BEZIER_KNOTS.);
#868 = CARTESIAN_POINT('',(13.649472534915,25.775086649396,8.02471156905
    ));
#869 = CARTESIAN_POINT('',(13.658959933482,25.7501891414,8.014849427435)
  );
#870 = CARTESIAN_POINT('',(13.668057705252,25.725565765204,
    8.004576270556));
#871 = CARTESIAN_POINT('',(13.676770386793,25.701275583234,
    7.993925080276));
#872 = ORIENTED_EDGE('',*,*,#873,.T.);
#873 = EDGE_CURVE('',#865,#874,#876,.T.);
#874 = VERTEX_POINT('',#875);
#875 = CARTESIAN_POINT('',(13.91122139734,25.287178480037,7.764504316813
    ));
#876 = B_SPLINE_CURVE_WITH_KNOTS('',3,(#877,#878,#879,#880),
  .UNSPECIFIED.,.F.,.F.,(4,4),(0.,5.28277932466E-04),
  .PIECEWISE_BEZIER_KNOTS.);
#877 = CARTESIAN_POINT('',(13.676770386793,25.701275583234,
    7.993925080276));
#878 = CARTESIAN_POINT('',(13.732495109292,25.545920008337,
    7.925802009338));
#879 = CARTESIAN_POINT('',(13.811090550563,25.409504260863,
    7.846865337636));
#880 = CARTESIAN_POINT('',(13.91122139734,25.287178480037,7.764504316813
    ));
#881 = ORIENTED_EDGE('',*,*,#882,.T.);
#882 = EDGE_CURVE('',#874,#883,#885,.T.);
#883 = VERTEX_POINT('',#884);
#884 = CARTESIAN_POINT('',(22.874581133636,23.885650752623,
    7.536105158223));
#885 = LINE('',#886,#887);
#886 = CARTESIAN_POINT('',(17.569732843614,24.715126773549,7.67128024006
    ));
#887 = VECTOR('',#888,1.);
#888 = DIRECTION('',(0.987682218619,-0.154435842808,-2.516754814306E-02)
  );
#889 = ORIENTED_EDGE('',*,*,#890,.T.);
#890 = EDGE_CURVE('',#883,#891,#893,.T.);
#891 = VERTEX_POINT('',#892);
#892 = CARTESIAN_POINT('',(22.897486855985,23.900803572019,
    7.549371867901));
#893 = B_SPLINE_CURVE_WITH_KNOTS('',3,(#894,#895,#896,#897),
  .UNSPECIFIED.,.F.,.F.,(4,4),(1.430489624538E-17,3.016341694723E-05),
  .PIECEWISE_BEZIER_KNOTS.);
#894 = CARTESIAN_POINT('',(22.874581133636,23.885650752623,
    7.536105158223));
#895 = CARTESIAN_POINT('',(22.882274729159,23.890632501941,
    7.540536515201));
#896 = CARTESIAN_POINT('',(22.889909615434,23.895683450661,
    7.544959316052));
#897 = CARTESIAN_POINT('',(22.897486855985,23.900803572019,
    7.549371867901));
#898 = ORIENTED_EDGE('',*,*,#899,.T.);
#899 = EDGE_CURVE('',#891,#900,#902,.T.);
#900 = VERTEX_POINT('',#901);
#901 = CARTESIAN_POINT('',(22.938781389401,23.92980481774,7.573643484053
    ));
#902 = B_SPLINE_CURVE_WITH_KNOTS('',3,(#903,#904,#905,#906),
  .UNSPECIFIED.,.F.,.F.,(4,4),(3.016341694723E-05,8.57296347373E-05),
  .PIECEWISE_BEZIER_KNOTS.);
#903 = CARTESIAN_POINT('',(22.897486855985,23.900803572019,
    7.549371867901));
#904 = CARTESIAN_POINT('',(22.911445440301,23.910235718881,
    7.557500549658));
#905 = CARTESIAN_POINT('',(22.925208488081,23.919902539494,
    7.565594409958));
#906 = CARTESIAN_POINT('',(22.938781389401,23.92980481774,7.573643484053
    ));
#907 = ORIENTED_EDGE('',*,*,#908,.T.);
#908 = EDGE_CURVE('',#900,#837,#909,.T.);
#909 = B_SPLINE_CURVE_WITH_KNOTS('',3,(#910,#911,#912,#913,#914,#915),
  .UNSPECIFIED.,.F.,.F.,(4,2,4),(8.57296347373E-05,4.941851641898E-04,
    9.026406936422E-04),.UNSPECIFIED.);
#910 = CARTESIAN_POINT('',(22.938781389401,23.92980481774,7.573643484053
    ));
#911 = CARTESIAN_POINT('',(23.038552919937,24.002594373422,
    7.632810527475));
#912 = CARTESIAN_POINT('',(23.128353266197,24.087800957753,
    7.689523944092));
#913 = CARTESIAN_POINT('',(23.287863343691,24.287771405678,
    7.791170701034));
#914 = CARTESIAN_POINT('',(23.355026814932,24.399710185613,
    7.834532561956));
#915 = CARTESIAN_POINT('',(23.406576294585,24.5238321151,7.866779317683)
  );
#916 = CYLINDRICAL_SURFACE('',#917,2.);
#917 = AXIS2_PLACEMENT_3D('',#918,#919,#920);
#918 = CARTESIAN_POINT('',(17.715880728151,25.910075052821,
    6.074176797665));
#919 = DIRECTION('',(-0.987682218619,0.154435842808,2.516754814306E-02)
  );
#920 = DIRECTION('',(-3.637575836264E-03,-0.183461154009,0.983020230215)
  );
#921 = ADVANCED_FACE('',(#922),#940,.T.);
#922 = FACE_BOUND('',#923,.T.);
#923 = EDGE_LOOP('',(#924,#933,#939));
#924 = ORIENTED_EDGE('',*,*,#925,.F.);
#925 = EDGE_CURVE('',#926,#891,#928,.T.);
#926 = VERTEX_POINT('',#927);
#927 = CARTESIAN_POINT('',(22.938781389401,23.92980481774,7.549371867901
    ));
#928 = CIRCLE('',#929,1.4);
#929 = AXIS2_PLACEMENT_3D('',#930,#931,#932);
#930 = CARTESIAN_POINT('',(22.113648198236,25.060802261078,
    7.549371867901));
#931 = DIRECTION('',(0.,0.,-1.));
#932 = DIRECTION('',(0.589380850832,-0.80785531667,0.));
#933 = ORIENTED_EDGE('',*,*,#934,.T.);
#934 = EDGE_CURVE('',#926,#900,#935,.T.);
#935 = LINE('',#936,#937);
#936 = CARTESIAN_POINT('',(22.938781389401,23.92980481774,6.249371867901
    ));
#937 = VECTOR('',#938,1.);
#938 = DIRECTION('',(0.,0.,1.));
#939 = ORIENTED_EDGE('',*,*,#899,.F.);
#940 = CYLINDRICAL_SURFACE('',#941,1.4);
#941 = AXIS2_PLACEMENT_3D('',#942,#943,#944);
#942 = CARTESIAN_POINT('',(22.113648198236,25.060802261078,
    6.249371867901));
#943 = DIRECTION('',(0.,0.,1.));
#944 = DIRECTION('',(0.589380850832,-0.80785531667,0.));
#945 = ADVANCED_FACE('',(#946),#981,.T.);
#946 = FACE_BOUND('',#947,.T.);
#947 = EDGE_LOOP('',(#948,#959,#965,#966,#975));
#948 = ORIENTED_EDGE('',*,*,#949,.T.);
#949 = EDGE_CURVE('',#950,#952,#954,.T.);
#950 = VERTEX_POINT('',#951);
#951 = CARTESIAN_POINT('',(29.720857299516,20.632442554663,
    6.549371867901));
#952 = VERTEX_POINT('',#953);
#953 = CARTESIAN_POINT('',(30.762269177515,20.884638347869,
    6.549371867901));
#954 = CIRCLE('',#955,1.4);
#955 = AXIS2_PLACEMENT_3D('',#956,#957,#958);
#956 = CARTESIAN_POINT('',(29.93713598635,22.015635791207,6.549371867901
    ));
#957 = DIRECTION('',(-0.,0.,1.));
#958 = DIRECTION('',(0.589380850832,-0.80785531667,0.));
#959 = ORIENTED_EDGE('',*,*,#960,.T.);
#960 = EDGE_CURVE('',#952,#775,#961,.T.);
#961 = LINE('',#962,#963);
#962 = CARTESIAN_POINT('',(30.762269177515,20.884638347869,
    6.249371867901));
#963 = VECTOR('',#964,1.);
#964 = DIRECTION('',(0.,0.,1.));
#965 = ORIENTED_EDGE('',*,*,#821,.F.);
#966 = ORIENTED_EDGE('',*,*,#967,.F.);
#967 = EDGE_CURVE('',#968,#814,#970,.T.);
#968 = VERTEX_POINT('',#969);
#969 = CARTESIAN_POINT('',(29.720857299516,20.632442554663,
    7.601988421284));
#970 = ( BOUNDED_CURVE() B_SPLINE_CURVE(3,(#971,#972,#973,#974),
.UNSPECIFIED.,.F.,.F.) B_SPLINE_CURVE_WITH_KNOTS((4,4),(6.249779722708,
6.979514804614),.PIECEWISE_BEZIER_KNOTS.) CURVE() 
GEOMETRIC_REPRESENTATION_ITEM() RATIONAL_B_SPLINE_CURVE((1.,
0.956114022755,0.956114022755,1.)) REPRESENTATION_ITEM('') );
#971 = CARTESIAN_POINT('',(29.720857299516,20.632442554663,
    7.601988421284));
#972 = CARTESIAN_POINT('',(30.064999446433,20.578631843583,
    7.593219189756));
#973 = CARTESIAN_POINT('',(30.405688108725,20.65116214964,7.678661928201
    ));
#974 = CARTESIAN_POINT('',(30.69806892175,20.840484282752,7.847067422394
    ));
#975 = ORIENTED_EDGE('',*,*,#976,.T.);
#976 = EDGE_CURVE('',#968,#950,#977,.T.);
#977 = LINE('',#978,#979);
#978 = CARTESIAN_POINT('',(29.720857299516,20.632442554663,
    6.249371867901));
#979 = VECTOR('',#980,1.);
#980 = DIRECTION('',(0.,0.,-1.));
#981 = CYLINDRICAL_SURFACE('',#982,1.4);
#982 = AXIS2_PLACEMENT_3D('',#983,#984,#985);
#983 = CARTESIAN_POINT('',(29.93713598635,22.015635791207,6.249371867901
    ));
#984 = DIRECTION('',(0.,0.,1.));
#985 = DIRECTION('',(0.589380850832,-0.80785531667,0.));
#986 = ADVANCED_FACE('',(#987),#1033,.F.);
#987 = FACE_BOUND('',#988,.F.);
#988 = EDGE_LOOP('',(#989,#999,#1008,#1016));
#989 = ORIENTED_EDGE('',*,*,#990,.F.);
#990 = EDGE_CURVE('',#991,#993,#995,.T.);
#991 = VERTEX_POINT('',#992);
#992 = CARTESIAN_POINT('',(14.623797958795,23.802767606443,
    6.549371867901));
#993 = VERTEX_POINT('',#994);
#994 = CARTESIAN_POINT('',(14.913321324089,23.757497190424,
    6.549371867901));
#995 = LINE('',#996,#997);
#996 = CARTESIAN_POINT('',(19.347511717215,23.064158870035,
    6.549371867901));
#997 = VECTOR('',#998,1.);
#998 = DIRECTION('',(0.98799516896,-0.15448477631,0.));
#999 = ORIENTED_EDGE('',*,*,#1000,.T.);
#1000 = EDGE_CURVE('',#991,#1001,#1003,.T.);
#1001 = VERTEX_POINT('',#1002);
#1002 = CARTESIAN_POINT('',(14.733035191714,24.501385690194,
    6.842265086714));
#1003 = CIRCLE('',#1004,1.);
#1004 = AXIS2_PLACEMENT_3D('',#1005,#1006,#1007);
#1005 = CARTESIAN_POINT('',(14.623797958795,23.802767606443,
    7.549371867901));
#1006 = DIRECTION('',(0.98799516896,-0.15448477631,0.));
#1007 = DIRECTION('',(0.,0.,-1.));
#1008 = ORIENTED_EDGE('',*,*,#1009,.F.);
#1009 = EDGE_CURVE('',#1010,#1001,#1012,.T.);
#1010 = VERTEX_POINT('',#1011);
#1011 = CARTESIAN_POINT('',(15.415404430929,24.394677366337,
    6.842329084949));
#1012 = LINE('',#1013,#1014);
#1013 = CARTESIAN_POINT('',(19.456748950134,23.762776953786,
    6.842265086714));
#1014 = VECTOR('',#1015,1.);
#1015 = DIRECTION('',(-0.98799516896,0.15448477631,1.617556457702E-15));
#1016 = ORIENTED_EDGE('',*,*,#1017,.F.);
#1017 = EDGE_CURVE('',#993,#1010,#1018,.T.);
#1018 = B_SPLINE_CURVE_WITH_KNOTS('',3,(#1019,#1020,#1021,#1022,#1023,
    #1024,#1025,#1026,#1027,#1028,#1029,#1030,#1031,#1032),
  .UNSPECIFIED.,.F.,.F.,(4,2,2,2,1,1,2,4),(0.,0.224246838482,
    0.336370257723,0.392431967344,0.420462822154,0.434478249559,
    0.441485963262,0.448493676964),.UNSPECIFIED.);
#1019 = CARTESIAN_POINT('',(14.913321324089,23.757497190424,
    6.549371867901));
#1020 = CARTESIAN_POINT('',(14.953537992453,23.878218509756,
    6.549371631233));
#1021 = CARTESIAN_POINT('',(15.016514867639,23.998276775313,
    6.573305644699));
#1022 = CARTESIAN_POINT('',(15.142850917937,24.162745010076,
    6.646971819243));
#1023 = CARTESIAN_POINT('',(15.190270195242,24.214935595898,
    6.677761962927));
#1024 = CARTESIAN_POINT('',(15.269049975169,24.287290483869,
    6.732926406437));
#1025 = CARTESIAN_POINT('',(15.296584968042,24.310419784063,
    6.752806505622));
#1026 = CARTESIAN_POINT('',(15.339761251391,24.343382064383,
    6.784775264041));
#1027 = CARTESIAN_POINT('',(15.361817846323,24.359430317418,
    6.801296339506));
#1028 = CARTESIAN_POINT('',(15.38836193409,24.377342008348,
    6.821485739738));
#1029 = CARTESIAN_POINT('',(15.399910950523,24.38483890359,6.8303314419)
  );
#1030 = CARTESIAN_POINT('',(15.40764863589,24.389796304172,
    6.836271154191));
#1031 = CARTESIAN_POINT('',(15.412638155922,24.392942010512,
    6.840111525526));
#1032 = CARTESIAN_POINT('',(15.415404430929,24.394677366337,
    6.842329084949));
#1033 = CYLINDRICAL_SURFACE('',#1034,1.);
#1034 = AXIS2_PLACEMENT_3D('',#1035,#1036,#1037);
#1035 = CARTESIAN_POINT('',(19.347511717215,23.064158870035,
    7.549371867901));
#1036 = DIRECTION('',(-0.98799516896,0.15448477631,1.617556457702E-15));
#1037 = DIRECTION('',(0.109237232919,0.698618083751,-0.707106781187));
#1038 = ADVANCED_FACE('',(#1039),#1067,.F.);
#1039 = FACE_BOUND('',#1040,.F.);
#1040 = EDGE_LOOP('',(#1041,#1052,#1060));
#1041 = ORIENTED_EDGE('',*,*,#1042,.F.);
#1042 = EDGE_CURVE('',#1043,#1045,#1047,.T.);
#1043 = VERTEX_POINT('',#1044);
#1044 = CARTESIAN_POINT('',(21.837899880158,23.390455292339,
    6.842254462088));
#1045 = VERTEX_POINT('',#1046);
#1046 = CARTESIAN_POINT('',(21.850163164357,23.375704565476,
    6.829808891922));
#1047 = B_SPLINE_CURVE_WITH_KNOTS('',3,(#1048,#1049,#1050,#1051),
  .UNSPECIFIED.,.F.,.F.,(4,4),(0.9798577427,1.),
  .PIECEWISE_BEZIER_KNOTS.);
#1048 = CARTESIAN_POINT('',(21.837899880158,23.390455292339,
    6.842254462088));
#1049 = CARTESIAN_POINT('',(21.841397940889,23.38632855023,
    6.838727845096));
#1050 = CARTESIAN_POINT('',(21.845925794511,23.380896772602,
    6.834132018012));
#1051 = CARTESIAN_POINT('',(21.850163164357,23.375704565476,
    6.829808891922));
#1052 = ORIENTED_EDGE('',*,*,#1053,.F.);
#1053 = EDGE_CURVE('',#1054,#1043,#1056,.T.);
#1054 = VERTEX_POINT('',#1055);
#1055 = CARTESIAN_POINT('',(21.852121968011,23.388231939325,
    6.842265086714));
#1056 = LINE('',#1057,#1058);
#1057 = CARTESIAN_POINT('',(19.456748950134,23.762776953786,
    6.842265086714));
#1058 = VECTOR('',#1059,1.);
#1059 = DIRECTION('',(-0.98799516896,0.15448477631,1.617556457702E-15));
#1060 = ORIENTED_EDGE('',*,*,#1061,.T.);
#1061 = EDGE_CURVE('',#1054,#1045,#1062,.T.);
#1062 = CIRCLE('',#1063,1.);
#1063 = AXIS2_PLACEMENT_3D('',#1064,#1065,#1066);
#1064 = CARTESIAN_POINT('',(21.742884735092,22.689613855574,
    7.549371867901));
#1065 = DIRECTION('',(-0.98799516896,0.15448477631,0.));
#1066 = DIRECTION('',(0.15448477631,0.98799516896,0.));
#1067 = CYLINDRICAL_SURFACE('',#1068,1.);
#1068 = AXIS2_PLACEMENT_3D('',#1069,#1070,#1071);
#1069 = CARTESIAN_POINT('',(19.347511717215,23.064158870035,
    7.549371867901));
#1070 = DIRECTION('',(-0.98799516896,0.15448477631,1.617556457702E-15));
#1071 = DIRECTION('',(0.109237232919,0.698618083751,-0.707106781187));
#1072 = ADVANCED_FACE('',(#1073),#1115,.F.);
#1073 = FACE_BOUND('',#1074,.F.);
#1074 = EDGE_LOOP('',(#1075,#1085,#1094,#1102));
#1075 = ORIENTED_EDGE('',*,*,#1076,.T.);
#1076 = EDGE_CURVE('',#1077,#1079,#1081,.T.);
#1077 = VERTEX_POINT('',#1078);
#1078 = CARTESIAN_POINT('',(26.164074685183,21.188587750329,
    7.19716978861));
#1079 = VERTEX_POINT('',#1080);
#1080 = CARTESIAN_POINT('',(26.16407469126,21.188587749379,
    6.149371867901));
#1081 = LINE('',#1082,#1083);
#1082 = CARTESIAN_POINT('',(26.16407469126,21.188587749379,
    6.549371867901));
#1083 = VECTOR('',#1084,1.);
#1084 = DIRECTION('',(0.,0.,-1.));
#1085 = ORIENTED_EDGE('',*,*,#1086,.T.);
#1086 = EDGE_CURVE('',#1079,#1087,#1089,.T.);
#1087 = VERTEX_POINT('',#1088);
#1088 = CARTESIAN_POINT('',(25.271435938689,20.972419926631,
    6.149371867901));
#1089 = CIRCLE('',#1090,1.2);
#1090 = AXIS2_PLACEMENT_3D('',#1091,#1092,#1093);
#1091 = CARTESIAN_POINT('',(25.978692959688,20.002993546627,
    6.149371867901));
#1092 = DIRECTION('',(0.,0.,1.));
#1093 = DIRECTION('',(-0.589380850832,0.80785531667,0.));
#1094 = ORIENTED_EDGE('',*,*,#1095,.F.);
#1095 = EDGE_CURVE('',#1096,#1087,#1098,.T.);
#1096 = VERTEX_POINT('',#1097);
#1097 = CARTESIAN_POINT('',(25.27131534516,20.972530025879,
    6.617450174313));
#1098 = LINE('',#1099,#1100);
#1099 = CARTESIAN_POINT('',(25.271435938689,20.972419926631,
    6.549371867901));
#1100 = VECTOR('',#1101,1.);
#1101 = DIRECTION('',(0.,0.,-1.));
#1102 = ORIENTED_EDGE('',*,*,#1103,.T.);
#1103 = EDGE_CURVE('',#1096,#1077,#1104,.T.);
#1104 = B_SPLINE_CURVE_WITH_KNOTS('',3,(#1105,#1106,#1107,#1108,#1109,
    #1110,#1111,#1112,#1113,#1114),.UNSPECIFIED.,.F.,.F.,(4,2,2,2,4),(
    0.289077795221,0.466808346416,0.644538897611,0.822269448805,1.),
  .UNSPECIFIED.);
#1105 = CARTESIAN_POINT('',(25.27131534516,20.972530025879,
    6.617450174313));
#1106 = CARTESIAN_POINT('',(25.342907775098,21.024853930879,
    6.644239882159));
#1107 = CARTESIAN_POINT('',(25.416773615089,21.066418925294,
    6.677980831437));
#1108 = CARTESIAN_POINT('',(25.564605274508,21.132144627117,
    6.757050543992));
#1109 = CARTESIAN_POINT('',(25.647272802919,21.15913801016,
    6.807677089398));
#1110 = CARTESIAN_POINT('',(25.802917962351,21.192757511981,
    6.913621065685));
#1111 = CARTESIAN_POINT('',(25.880300333169,21.201247146225,
    6.971498183223));
#1112 = CARTESIAN_POINT('',(26.027599998043,21.204628417436,
    7.087028652065));
#1113 = CARTESIAN_POINT('',(26.096851662057,21.199344844069,
    7.143769514388));
#1114 = CARTESIAN_POINT('',(26.164074685183,21.188587750329,
    7.19716978861));
#1115 = CYLINDRICAL_SURFACE('',#1116,1.2);
#1116 = AXIS2_PLACEMENT_3D('',#1117,#1118,#1119);
#1117 = CARTESIAN_POINT('',(25.978692959688,20.002993546627,
    6.549371867901));
#1118 = DIRECTION('',(0.,0.,-1.));
#1119 = DIRECTION('',(-0.589380850832,0.80785531667,0.));
#1120 = ADVANCED_FACE('',(#1121),#1156,.T.);
#1121 = FACE_BOUND('',#1122,.T.);
#1122 = EDGE_LOOP('',(#1123,#1134,#1142,#1149,#1150));
#1123 = ORIENTED_EDGE('',*,*,#1124,.F.);
#1124 = EDGE_CURVE('',#1125,#1127,#1129,.T.);
#1125 = VERTEX_POINT('',#1126);
#1126 = CARTESIAN_POINT('',(14.102596808695,25.094882738847,
    7.549371867901));
#1127 = VERTEX_POINT('',#1128);
#1128 = CARTESIAN_POINT('',(13.676770386793,25.701275583234,
    7.549371867901));
#1129 = CIRCLE('',#1130,1.4);
#1130 = AXIS2_PLACEMENT_3D('',#1131,#1132,#1133);
#1131 = CARTESIAN_POINT('',(14.994561421939,26.173956011947,
    7.549371867901));
#1132 = DIRECTION('',(0.,0.,-1.));
#1133 = DIRECTION('',(-0.637117580889,-0.770766623643,-0.));
#1134 = ORIENTED_EDGE('',*,*,#1135,.T.);
#1135 = EDGE_CURVE('',#1125,#1136,#1138,.T.);
#1136 = VERTEX_POINT('',#1137);
#1137 = CARTESIAN_POINT('',(14.102596808695,25.094882738847,
    7.638141585278));
#1138 = LINE('',#1139,#1140);
#1139 = CARTESIAN_POINT('',(14.102596808695,25.094882738847,
    5.949371867901));
#1140 = VECTOR('',#1141,1.);
#1141 = DIRECTION('',(0.,0.,1.));
#1142 = ORIENTED_EDGE('',*,*,#1143,.F.);
#1143 = EDGE_CURVE('',#874,#1136,#1144,.T.);
#1144 = ( BOUNDED_CURVE() B_SPLINE_CURVE(3,(#1145,#1146,#1147,#1148),
.UNSPECIFIED.,.F.,.F.) B_SPLINE_CURVE_WITH_KNOTS((4,4),(5.520044640802,
5.714132890097),.PIECEWISE_BEZIER_KNOTS.) CURVE() 
GEOMETRIC_REPRESENTATION_ITEM() RATIONAL_B_SPLINE_CURVE((1.,
0.996863275475,0.996863275475,1.)) REPRESENTATION_ITEM('') );
#1145 = CARTESIAN_POINT('',(13.91122139734,25.287178480037,
    7.764504316813));
#1146 = CARTESIAN_POINT('',(13.968682663578,25.216980389377,
    7.717240474575));
#1147 = CARTESIAN_POINT('',(14.032675194304,25.152680116738,
    7.674987026637));
#1148 = CARTESIAN_POINT('',(14.102596808695,25.094882738847,
    7.638141585278));
#1149 = ORIENTED_EDGE('',*,*,#873,.F.);
#1150 = ORIENTED_EDGE('',*,*,#1151,.T.);
#1151 = EDGE_CURVE('',#865,#1127,#1152,.T.);
#1152 = LINE('',#1153,#1154);
#1153 = CARTESIAN_POINT('',(13.676770386793,25.701275583234,
    5.949371867901));
#1154 = VECTOR('',#1155,1.);
#1155 = DIRECTION('',(0.,0.,-1.));
#1156 = CYLINDRICAL_SURFACE('',#1157,1.4);
#1157 = AXIS2_PLACEMENT_3D('',#1158,#1159,#1160);
#1158 = CARTESIAN_POINT('',(14.994561421939,26.173956011947,
    5.949371867901));
#1159 = DIRECTION('',(0.,0.,1.));
#1160 = DIRECTION('',(-0.637117580889,-0.770766623643,0.));
#1161 = ADVANCED_FACE('',(#1162),#1198,.T.);
#1162 = FACE_BOUND('',#1163,.T.);
#1163 = EDGE_LOOP('',(#1164,#1175,#1183,#1192));
#1164 = ORIENTED_EDGE('',*,*,#1165,.F.);
#1165 = EDGE_CURVE('',#1166,#1168,#1170,.T.);
#1166 = VERTEX_POINT('',#1167);
#1167 = CARTESIAN_POINT('',(14.852116672088,32.605112459227,
    6.478854625286));
#1168 = VERTEX_POINT('',#1169);
#1169 = CARTESIAN_POINT('',(13.97049153012,31.240055483417,
    6.922292671321));
#1170 = ( BOUNDED_CURVE() B_SPLINE_CURVE(3,(#1171,#1172,#1173,#1174),
.UNSPECIFIED.,.F.,.F.) B_SPLINE_CURVE_WITH_KNOTS((4,4),(0.821461223164,
1.6581571004),.PIECEWISE_BEZIER_KNOTS.) CURVE() 
GEOMETRIC_REPRESENTATION_ITEM() RATIONAL_B_SPLINE_CURVE((1.,
0.942507559503,0.942507559503,1.)) REPRESENTATION_ITEM('') );
#1171 = CARTESIAN_POINT('',(14.852116672088,32.605112459227,
    6.478854625286));
#1172 = CARTESIAN_POINT('',(14.371076745056,32.290641126147,6.6002657944
    ));
#1173 = CARTESIAN_POINT('',(14.05927548218,31.80786622705,6.757094968364
    ));
#1174 = CARTESIAN_POINT('',(13.97049153012,31.240055483417,
    6.922292671321));
#1175 = ORIENTED_EDGE('',*,*,#1176,.T.);
#1176 = EDGE_CURVE('',#1166,#1177,#1179,.T.);
#1177 = VERTEX_POINT('',#1178);
#1178 = CARTESIAN_POINT('',(14.852116672088,32.605112459227,
    5.949371867901));
#1179 = LINE('',#1180,#1181);
#1180 = CARTESIAN_POINT('',(14.852116672088,32.605112459227,
    6.549371867901));
#1181 = VECTOR('',#1182,1.);
#1182 = DIRECTION('',(0.,0.,-1.));
#1183 = ORIENTED_EDGE('',*,*,#1184,.T.);
#1184 = EDGE_CURVE('',#1177,#1185,#1187,.T.);
#1185 = VERTEX_POINT('',#1186);
#1186 = CARTESIAN_POINT('',(13.97049153012,31.240055483417,
    5.949371867901));
#1187 = CIRCLE('',#1188,2.);
#1188 = AXIS2_PLACEMENT_3D('',#1189,#1190,#1191);
#1189 = CARTESIAN_POINT('',(15.94648186804,30.931085930796,
    5.949371867901));
#1190 = DIRECTION('',(0.,0.,1.));
#1191 = DIRECTION('',(-0.547182597976,0.837013264215,0.));
#1192 = ORIENTED_EDGE('',*,*,#1193,.T.);
#1193 = EDGE_CURVE('',#1185,#1168,#1194,.T.);
#1194 = LINE('',#1195,#1196);
#1195 = CARTESIAN_POINT('',(13.97049153012,31.240055483417,
    6.549371867901));
#1196 = VECTOR('',#1197,1.);
#1197 = DIRECTION('',(0.,0.,1.));
#1198 = CYLINDRICAL_SURFACE('',#1199,2.);
#1199 = AXIS2_PLACEMENT_3D('',#1200,#1201,#1202);
#1200 = CARTESIAN_POINT('',(15.94648186804,30.931085930796,
    6.549371867901));
#1201 = DIRECTION('',(0.,0.,-1.));
#1202 = DIRECTION('',(-0.547182597976,0.837013264215,0.));
#1203 = ADVANCED_FACE('',(#1204),#1240,.T.);
#1204 = FACE_BOUND('',#1205,.T.);
#1205 = EDGE_LOOP('',(#1206,#1217,#1225,#1234));
#1206 = ORIENTED_EDGE('',*,*,#1207,.F.);
#1207 = EDGE_CURVE('',#1208,#1210,#1212,.T.);
#1208 = VERTEX_POINT('',#1209);
#1209 = CARTESIAN_POINT('',(23.844102425103,30.08194768298,
    6.562648803099));
#1210 = VERTEX_POINT('',#1211);
#1211 = CARTESIAN_POINT('',(22.783277780537,30.94141933334,
    6.395399308295));
#1212 = ( BOUNDED_CURVE() B_SPLINE_CURVE(3,(#1213,#1214,#1215,#1216),
.UNSPECIFIED.,.F.,.F.) B_SPLINE_CURVE_WITH_KNOTS((4,4),(5.496401431408,
6.193053108826),.PIECEWISE_BEZIER_KNOTS.) CURVE() 
GEOMETRIC_REPRESENTATION_ITEM() RATIONAL_B_SPLINE_CURVE((1.,
0.959963641581,0.959963641581,1.)) REPRESENTATION_ITEM('') );
#1213 = CARTESIAN_POINT('',(23.844102425103,30.08194768298,
    6.562648803099));
#1214 = CARTESIAN_POINT('',(23.599732601647,30.488192963127,
    6.465787082021));
#1215 = CARTESIAN_POINT('',(23.231376760302,30.786631922386,
    6.407712141277));
#1216 = CARTESIAN_POINT('',(22.783277780537,30.94141933334,
    6.395399308295));
#1217 = ORIENTED_EDGE('',*,*,#1218,.T.);
#1218 = EDGE_CURVE('',#1208,#1219,#1221,.T.);
#1219 = VERTEX_POINT('',#1220);
#1220 = CARTESIAN_POINT('',(23.844102425103,30.08194768298,
    5.949371867901));
#1221 = LINE('',#1222,#1223);
#1222 = CARTESIAN_POINT('',(23.844102425103,30.08194768298,
    6.549371867901));
#1223 = VECTOR('',#1224,1.);
#1224 = DIRECTION('',(0.,0.,-1.));
#1225 = ORIENTED_EDGE('',*,*,#1226,.T.);
#1226 = EDGE_CURVE('',#1219,#1227,#1229,.T.);
#1227 = VERTEX_POINT('',#1228);
#1228 = CARTESIAN_POINT('',(22.783277780537,30.94141933334,
    5.949371867901));
#1229 = CIRCLE('',#1230,2.);
#1230 = AXIS2_PLACEMENT_3D('',#1231,#1232,#1233);
#1231 = CARTESIAN_POINT('',(22.13027654126,29.051025358131,
    5.949371867901));
#1232 = DIRECTION('',(0.,-0.,1.));
#1233 = DIRECTION('',(0.856912941921,0.515461162424,0.));
#1234 = ORIENTED_EDGE('',*,*,#1235,.T.);
#1235 = EDGE_CURVE('',#1227,#1210,#1236,.T.);
#1236 = LINE('',#1237,#1238);
#1237 = CARTESIAN_POINT('',(22.783277780537,30.94141933334,
    6.549371867901));
#1238 = VECTOR('',#1239,1.);
#1239 = DIRECTION('',(0.,0.,1.));
#1240 = CYLINDRICAL_SURFACE('',#1241,2.);
#1241 = AXIS2_PLACEMENT_3D('',#1242,#1243,#1244);
#1242 = CARTESIAN_POINT('',(22.13027654126,29.051025358131,
    6.549371867901));
#1243 = DIRECTION('',(0.,0.,-1.));
#1244 = DIRECTION('',(0.856912941921,0.515461162424,0.));
#1245 = ADVANCED_FACE('',(#1246),#1291,.T.);
#1246 = FACE_BOUND('',#1247,.T.);
#1247 = EDGE_LOOP('',(#1248,#1259,#1267,#1276,#1284));
#1248 = ORIENTED_EDGE('',*,*,#1249,.T.);
#1249 = EDGE_CURVE('',#1250,#1252,#1254,.T.);
#1250 = VERTEX_POINT('',#1251);
#1251 = CARTESIAN_POINT('',(25.771273174159,29.041214141924,
    6.549371867901));
#1252 = VERTEX_POINT('',#1253);
#1253 = CARTESIAN_POINT('',(25.954962938838,29.158203765879,
    6.556514416957));
#1254 = B_SPLINE_CURVE_WITH_KNOTS('',3,(#1255,#1256,#1257,#1258),
  .UNSPECIFIED.,.F.,.F.,(4,4),(0.,0.184260679736),
  .PIECEWISE_BEZIER_KNOTS.);
#1255 = CARTESIAN_POINT('',(25.771273174159,29.041214141924,
    6.549371867901));
#1256 = CARTESIAN_POINT('',(25.833694265281,29.085883704362,
    6.549371867901));
#1257 = CARTESIAN_POINT('',(25.895303488006,29.124550564142,
    6.551736477628));
#1258 = CARTESIAN_POINT('',(25.954962938838,29.158203765879,
    6.556514416957));
#1259 = ORIENTED_EDGE('',*,*,#1260,.T.);
#1260 = EDGE_CURVE('',#1252,#1261,#1263,.T.);
#1261 = VERTEX_POINT('',#1262);
#1262 = CARTESIAN_POINT('',(25.955017600949,29.158123817455,
    5.949371867901));
#1263 = LINE('',#1264,#1265);
#1264 = CARTESIAN_POINT('',(25.955017600949,29.158123817455,
    6.549371867901));
#1265 = VECTOR('',#1266,1.);
#1266 = DIRECTION('',(0.,0.,-1.));
#1267 = ORIENTED_EDGE('',*,*,#1268,.T.);
#1268 = EDGE_CURVE('',#1261,#1269,#1271,.T.);
#1269 = VERTEX_POINT('',#1270);
#1270 = CARTESIAN_POINT('',(24.959191982056,27.723741104016,
    5.949371867901));
#1271 = CIRCLE('',#1272,2.);
#1272 = AXIS2_PLACEMENT_3D('',#1273,#1274,#1275);
#1273 = CARTESIAN_POINT('',(26.935182319977,27.414771551396,
    5.949371867901));
#1274 = DIRECTION('',(0.,0.,1.));
#1275 = DIRECTION('',(-0.490082359514,0.871676133029,0.));
#1276 = ORIENTED_EDGE('',*,*,#1277,.T.);
#1277 = EDGE_CURVE('',#1269,#1278,#1280,.T.);
#1278 = VERTEX_POINT('',#1279);
#1279 = CARTESIAN_POINT('',(24.959191982056,27.723741104016,
    6.549371867901));
#1280 = LINE('',#1281,#1282);
#1281 = CARTESIAN_POINT('',(24.959191982056,27.723741104016,
    6.549371867901));
#1282 = VECTOR('',#1283,1.);
#1283 = DIRECTION('',(0.,0.,1.));
#1284 = ORIENTED_EDGE('',*,*,#1285,.T.);
#1285 = EDGE_CURVE('',#1278,#1250,#1286,.T.);
#1286 = CIRCLE('',#1287,2.);
#1287 = AXIS2_PLACEMENT_3D('',#1288,#1289,#1290);
#1288 = CARTESIAN_POINT('',(26.935182319977,27.414771551396,
    6.549371867901));
#1289 = DIRECTION('',(0.,0.,-1.));
#1290 = DIRECTION('',(-0.490082359514,0.871676133029,0.));
#1291 = CYLINDRICAL_SURFACE('',#1292,2.);
#1292 = AXIS2_PLACEMENT_3D('',#1293,#1294,#1295);
#1293 = CARTESIAN_POINT('',(26.935182319977,27.414771551396,
    6.549371867901));
#1294 = DIRECTION('',(0.,0.,-1.));
#1295 = DIRECTION('',(-0.490082359514,0.871676133029,0.));
#1296 = ADVANCED_FACE('',(#1297),#1333,.T.);
#1297 = FACE_BOUND('',#1298,.T.);
#1298 = EDGE_LOOP('',(#1299,#1310,#1318,#1327));
#1299 = ORIENTED_EDGE('',*,*,#1300,.F.);
#1300 = EDGE_CURVE('',#1301,#1303,#1305,.T.);
#1301 = VERTEX_POINT('',#1302);
#1302 = CARTESIAN_POINT('',(31.729498245521,27.041789589127,
    6.867919254327));
#1303 = VERTEX_POINT('',#1304);
#1304 = CARTESIAN_POINT('',(30.800673063702,27.913431574096,
    6.688115964237));
#1305 = ( BOUNDED_CURVE() B_SPLINE_CURVE(3,(#1306,#1307,#1308,#1309),
.UNSPECIFIED.,.F.,.F.) B_SPLINE_CURVE_WITH_KNOTS((4,4),(5.447918846452,
6.096087938914),.PIECEWISE_BEZIER_KNOTS.) CURVE() 
GEOMETRIC_REPRESENTATION_ITEM() RATIONAL_B_SPLINE_CURVE((1.,
0.965295094476,0.965295094476,1.)) REPRESENTATION_ITEM('') );
#1306 = CARTESIAN_POINT('',(31.729498245521,27.041789589127,
    6.867919254327));
#1307 = CARTESIAN_POINT('',(31.521304105879,27.429250634317,
    6.77381287463));
#1308 = CARTESIAN_POINT('',(31.200564473292,27.730243905687,
    6.711723643707));
#1309 = CARTESIAN_POINT('',(30.800673063702,27.913431574096,
    6.688115964237));
#1310 = ORIENTED_EDGE('',*,*,#1311,.T.);
#1311 = EDGE_CURVE('',#1301,#1312,#1314,.T.);
#1312 = VERTEX_POINT('',#1313);
#1313 = CARTESIAN_POINT('',(31.729498245521,27.041789589127,
    5.949371867901));
#1314 = LINE('',#1315,#1316);
#1315 = CARTESIAN_POINT('',(31.729498245521,27.041789589127,
    6.549371867901));
#1316 = VECTOR('',#1317,1.);
#1317 = DIRECTION('',(0.,0.,-1.));
#1318 = ORIENTED_EDGE('',*,*,#1319,.T.);
#1319 = EDGE_CURVE('',#1312,#1320,#1322,.T.);
#1320 = VERTEX_POINT('',#1321);
#1321 = CARTESIAN_POINT('',(30.800673063702,27.913431574096,
    5.949371867901));
#1322 = CIRCLE('',#1323,2.);
#1323 = AXIS2_PLACEMENT_3D('',#1324,#1325,#1326);
#1324 = CARTESIAN_POINT('',(29.967723992714,26.0951368111,5.949371867901
    ));
#1325 = DIRECTION('',(0.,-0.,1.));
#1326 = DIRECTION('',(0.880887126404,0.473326389013,0.));
#1327 = ORIENTED_EDGE('',*,*,#1328,.T.);
#1328 = EDGE_CURVE('',#1320,#1303,#1329,.T.);
#1329 = LINE('',#1330,#1331);
#1330 = CARTESIAN_POINT('',(30.800673063702,27.913431574096,
    6.549371867901));
#1331 = VECTOR('',#1332,1.);
#1332 = DIRECTION('',(0.,0.,1.));
#1333 = CYLINDRICAL_SURFACE('',#1334,2.);
#1334 = AXIS2_PLACEMENT_3D('',#1335,#1336,#1337);
#1335 = CARTESIAN_POINT('',(29.967723992714,26.0951368111,6.549371867901
    ));
#1336 = DIRECTION('',(0.,0.,-1.));
#1337 = DIRECTION('',(0.880887126404,0.473326389013,0.));
#1338 = ADVANCED_FACE('',(#1339),#1375,.T.);
#1339 = FACE_BOUND('',#1340,.T.);
#1340 = EDGE_LOOP('',(#1341,#1352,#1360,#1369));
#1341 = ORIENTED_EDGE('',*,*,#1342,.T.);
#1342 = EDGE_CURVE('',#1343,#1345,#1347,.T.);
#1343 = VERTEX_POINT('',#1344);
#1344 = CARTESIAN_POINT('',(13.881539322864,23.86085832428,
    5.949371867901));
#1345 = VERTEX_POINT('',#1346);
#1346 = CARTESIAN_POINT('',(13.999805038119,22.29159574628,
    5.949371867901));
#1347 = CIRCLE('',#1348,4.);
#1348 = AXIS2_PLACEMENT_3D('',#1349,#1350,#1351);
#1349 = CARTESIAN_POINT('',(17.851425502211,23.370956575933,
    5.949371867901));
#1350 = DIRECTION('',(0.,0.,1.));
#1351 = DIRECTION('',(-0.962905116023,-0.269840207413,0.));
#1352 = ORIENTED_EDGE('',*,*,#1353,.T.);
#1353 = EDGE_CURVE('',#1345,#1354,#1356,.T.);
#1354 = VERTEX_POINT('',#1355);
#1355 = CARTESIAN_POINT('',(13.999805038119,22.29159574628,
    6.549371867901));
#1356 = LINE('',#1357,#1358);
#1357 = CARTESIAN_POINT('',(13.999805038119,22.29159574628,
    5.949371867901));
#1358 = VECTOR('',#1359,1.);
#1359 = DIRECTION('',(0.,0.,1.));
#1360 = ORIENTED_EDGE('',*,*,#1361,.F.);
#1361 = EDGE_CURVE('',#1362,#1354,#1364,.T.);
#1362 = VERTEX_POINT('',#1363);
#1363 = CARTESIAN_POINT('',(13.881539322864,23.86085832428,
    6.549371867901));
#1364 = CIRCLE('',#1365,4.);
#1365 = AXIS2_PLACEMENT_3D('',#1366,#1367,#1368);
#1366 = CARTESIAN_POINT('',(17.851425502211,23.370956575933,
    6.549371867901));
#1367 = DIRECTION('',(0.,0.,1.));
#1368 = DIRECTION('',(-0.962905116023,-0.269840207413,0.));
#1369 = ORIENTED_EDGE('',*,*,#1370,.F.);
#1370 = EDGE_CURVE('',#1343,#1362,#1371,.T.);
#1371 = LINE('',#1372,#1373);
#1372 = CARTESIAN_POINT('',(13.881539322864,23.86085832428,
    5.949371867901));
#1373 = VECTOR('',#1374,1.);
#1374 = DIRECTION('',(0.,0.,1.));
#1375 = CYLINDRICAL_SURFACE('',#1376,4.);
#1376 = AXIS2_PLACEMENT_3D('',#1377,#1378,#1379);
#1377 = CARTESIAN_POINT('',(17.851425502211,23.370956575933,
    5.949371867901));
#1378 = DIRECTION('',(0.,0.,1.));
#1379 = DIRECTION('',(-0.962905116023,-0.269840207413,0.));
#1380 = ADVANCED_FACE('',(#1381),#1417,.F.);
#1381 = FACE_BOUND('',#1382,.F.);
#1382 = EDGE_LOOP('',(#1383,#1393,#1402,#1410));
#1383 = ORIENTED_EDGE('',*,*,#1384,.F.);
#1384 = EDGE_CURVE('',#1385,#1387,#1389,.T.);
#1385 = VERTEX_POINT('',#1386);
#1386 = CARTESIAN_POINT('',(23.26440687089,16.884876963149,
    6.549371867901));
#1387 = VERTEX_POINT('',#1388);
#1388 = CARTESIAN_POINT('',(23.26440687089,16.884876963149,
    5.949371867901));
#1389 = LINE('',#1390,#1391);
#1390 = CARTESIAN_POINT('',(23.26440687089,16.884876963149,
    5.949371867901));
#1391 = VECTOR('',#1392,1.);
#1392 = DIRECTION('',(0.,0.,-1.));
#1393 = ORIENTED_EDGE('',*,*,#1394,.T.);
#1394 = EDGE_CURVE('',#1385,#1395,#1397,.T.);
#1395 = VERTEX_POINT('',#1396);
#1396 = CARTESIAN_POINT('',(22.366481628075,16.667428925888,
    6.549371867901));
#1397 = CIRCLE('',#1398,0.5);
#1398 = AXIS2_PLACEMENT_3D('',#1399,#1400,#1401);
#1399 = CARTESIAN_POINT('',(22.77040928641,16.962119351304,
    6.549371867901));
#1400 = DIRECTION('',(0.,0.,-1.));
#1401 = DIRECTION('',(-0.80785531667,-0.589380850832,-0.));
#1402 = ORIENTED_EDGE('',*,*,#1403,.F.);
#1403 = EDGE_CURVE('',#1404,#1395,#1406,.T.);
#1404 = VERTEX_POINT('',#1405);
#1405 = CARTESIAN_POINT('',(22.366481628075,16.667428925888,
    5.949371867901));
#1406 = LINE('',#1407,#1408);
#1407 = CARTESIAN_POINT('',(22.366481628075,16.667428925888,
    5.949371867901));
#1408 = VECTOR('',#1409,1.);
#1409 = DIRECTION('',(0.,0.,1.));
#1410 = ORIENTED_EDGE('',*,*,#1411,.F.);
#1411 = EDGE_CURVE('',#1387,#1404,#1412,.T.);
#1412 = CIRCLE('',#1413,0.5);
#1413 = AXIS2_PLACEMENT_3D('',#1414,#1415,#1416);
#1414 = CARTESIAN_POINT('',(22.77040928641,16.962119351304,
    5.949371867901));
#1415 = DIRECTION('',(0.,0.,-1.));
#1416 = DIRECTION('',(-0.80785531667,-0.589380850832,-0.));
#1417 = CYLINDRICAL_SURFACE('',#1418,0.5);
#1418 = AXIS2_PLACEMENT_3D('',#1419,#1420,#1421);
#1419 = CARTESIAN_POINT('',(22.77040928641,16.962119351304,
    5.949371867901));
#1420 = DIRECTION('',(0.,0.,1.));
#1421 = DIRECTION('',(-0.80785531667,-0.589380850832,0.));
#1422 = ADVANCED_FACE('',(#1423),#1459,.F.);
#1423 = FACE_BOUND('',#1424,.F.);
#1424 = EDGE_LOOP('',(#1425,#1435,#1444,#1452));
#1425 = ORIENTED_EDGE('',*,*,#1426,.F.);
#1426 = EDGE_CURVE('',#1427,#1429,#1431,.T.);
#1427 = VERTEX_POINT('',#1428);
#1428 = CARTESIAN_POINT('',(22.304784881206,22.399323955996,
    5.949371867901));
#1429 = VERTEX_POINT('',#1430);
#1430 = CARTESIAN_POINT('',(22.107185847414,22.430220911258,
    6.149371867901));
#1431 = LINE('',#1432,#1433);
#1432 = CARTESIAN_POINT('',(22.304784881206,22.399323955996,
    5.949371867901));
#1433 = VECTOR('',#1434,1.);
#1434 = DIRECTION('',(-0.698618083751,0.109237232919,0.707106781187));
#1435 = ORIENTED_EDGE('',*,*,#1436,.F.);
#1436 = EDGE_CURVE('',#1437,#1427,#1439,.T.);
#1437 = VERTEX_POINT('',#1438);
#1438 = CARTESIAN_POINT('',(22.052589088,23.440735833995,5.949371867901)
  );
#1439 = CIRCLE('',#1440,1.4);
#1440 = AXIS2_PLACEMENT_3D('',#1441,#1442,#1443);
#1441 = CARTESIAN_POINT('',(20.921591644662,22.61560264283,
    5.949371867901));
#1442 = DIRECTION('',(0.,0.,-1.));
#1443 = DIRECTION('',(0.80785531667,0.589380850832,0.));
#1444 = ORIENTED_EDGE('',*,*,#1445,.F.);
#1445 = EDGE_CURVE('',#1446,#1437,#1448,.T.);
#1446 = VERTEX_POINT('',#1447);
#1447 = CARTESIAN_POINT('',(21.891018024666,23.322859663829,
    6.149371867901));
#1448 = LINE('',#1449,#1450);
#1449 = CARTESIAN_POINT('',(21.971803556333,23.381797748912,
    6.049371867901));
#1450 = VECTOR('',#1451,1.);
#1451 = DIRECTION('',(0.571239972635,0.416755196325,-0.707106781187));
#1452 = ORIENTED_EDGE('',*,*,#1453,.F.);
#1453 = EDGE_CURVE('',#1429,#1446,#1454,.T.);
#1454 = CIRCLE('',#1455,1.2);
#1455 = AXIS2_PLACEMENT_3D('',#1456,#1457,#1458);
#1456 = CARTESIAN_POINT('',(20.921591644662,22.61560264283,
    6.149371867901));
#1457 = DIRECTION('',(0.,-0.,1.));
#1458 = DIRECTION('',(0.80785531667,0.589380850832,0.));
#1459 = CONICAL_SURFACE('',#1460,1.3,0.785398163397);
#1460 = AXIS2_PLACEMENT_3D('',#1461,#1462,#1463);
#1461 = CARTESIAN_POINT('',(20.921591644662,22.61560264283,
    6.049371867901));
#1462 = DIRECTION('',(0.,0.,-1.));
#1463 = DIRECTION('',(0.80785531667,0.589380850832,0.));
#1464 = ADVANCED_FACE('',(#1465),#1501,.F.);
#1465 = FACE_BOUND('',#1466,.F.);
#1466 = EDGE_LOOP('',(#1467,#1477,#1486,#1494));
#1467 = ORIENTED_EDGE('',*,*,#1468,.F.);
#1468 = EDGE_CURVE('',#1469,#1471,#1473,.T.);
#1469 = VERTEX_POINT('',#1470);
#1470 = CARTESIAN_POINT('',(19.930544975454,14.877442050064,
    5.949371867901));
#1471 = VERTEX_POINT('',#1472);
#1472 = CARTESIAN_POINT('',(19.930544975454,15.077442050064,
    6.149371867901));
#1473 = LINE('',#1474,#1475);
#1474 = CARTESIAN_POINT('',(19.930544975454,14.877442050064,
    5.949371867901));
#1475 = VECTOR('',#1476,1.);
#1476 = DIRECTION('',(-7.850462293419E-15,0.707106781187,0.707106781187)
  );
#1477 = ORIENTED_EDGE('',*,*,#1478,.F.);
#1478 = EDGE_CURVE('',#1479,#1469,#1481,.T.);
#1479 = VERTEX_POINT('',#1480);
#1480 = CARTESIAN_POINT('',(20.840822361319,15.213771480393,
    5.949371867901));
#1481 = CIRCLE('',#1482,1.4);
#1482 = AXIS2_PLACEMENT_3D('',#1483,#1484,#1485);
#1483 = CARTESIAN_POINT('',(19.930544975454,16.277442050064,
    5.949371867901));
#1484 = DIRECTION('',(0.,0.,-1.));
#1485 = DIRECTION('',(0.65019813276,-0.759764692622,0.));
#1486 = ORIENTED_EDGE('',*,*,#1487,.F.);
#1487 = EDGE_CURVE('',#1488,#1479,#1490,.T.);
#1488 = VERTEX_POINT('',#1489);
#1489 = CARTESIAN_POINT('',(20.710782734766,15.365724418918,
    6.149371867901));
#1490 = LINE('',#1491,#1492);
#1491 = CARTESIAN_POINT('',(20.775802548042,15.289747949655,
    6.049371867901));
#1492 = VECTOR('',#1493,1.);
#1493 = DIRECTION('',(0.45975950879,-0.537234766259,-0.707106781187));
#1494 = ORIENTED_EDGE('',*,*,#1495,.F.);
#1495 = EDGE_CURVE('',#1471,#1488,#1496,.T.);
#1496 = CIRCLE('',#1497,1.2);
#1497 = AXIS2_PLACEMENT_3D('',#1498,#1499,#1500);
#1498 = CARTESIAN_POINT('',(19.930544975454,16.277442050064,
    6.149371867901));
#1499 = DIRECTION('',(-0.,0.,1.));
#1500 = DIRECTION('',(0.65019813276,-0.759764692622,0.));
#1501 = CONICAL_SURFACE('',#1502,1.3,0.785398163397);
#1502 = AXIS2_PLACEMENT_3D('',#1503,#1504,#1505);
#1503 = CARTESIAN_POINT('',(19.930544975454,16.277442050064,
    6.049371867901));
#1504 = DIRECTION('',(0.,0.,-1.));
#1505 = DIRECTION('',(0.65019813276,-0.759764692622,0.));
#1506 = ADVANCED_FACE('',(#1507),#1543,.F.);
#1507 = FACE_BOUND('',#1508,.F.);
#1508 = EDGE_LOOP('',(#1509,#1519,#1528,#1536));
#1509 = ORIENTED_EDGE('',*,*,#1510,.F.);
#1510 = EDGE_CURVE('',#1511,#1513,#1515,.T.);
#1511 = VERTEX_POINT('',#1512);
#1512 = CARTESIAN_POINT('',(16.437347181487,16.177442050061,
    5.949371867901));
#1513 = VERTEX_POINT('',#1514);
#1514 = CARTESIAN_POINT('',(16.637347181487,16.177442050061,
    6.149371867901));
#1515 = LINE('',#1516,#1517);
#1516 = CARTESIAN_POINT('',(16.437347181487,16.177442050061,
    5.949371867901));
#1517 = VECTOR('',#1518,1.);
#1518 = DIRECTION('',(0.707106781187,1.036261022731E-12,0.707106781187)
  );
#1519 = ORIENTED_EDGE('',*,*,#1520,.F.);
#1520 = EDGE_CURVE('',#1521,#1511,#1523,.T.);
#1521 = VERTEX_POINT('',#1522);
#1522 = CARTESIAN_POINT('',(16.962774114913,15.084225716842,
    5.949371867901));
#1523 = CIRCLE('',#1524,1.4);
#1524 = AXIS2_PLACEMENT_3D('',#1525,#1526,#1527);
#1525 = CARTESIAN_POINT('',(17.837347181487,16.177442050063,
    5.949371867901));
#1526 = DIRECTION('',(0.,0.,-1.));
#1527 = DIRECTION('',(-0.624695047553,-0.780868809444,-0.));
#1528 = ORIENTED_EDGE('',*,*,#1529,.F.);
#1529 = EDGE_CURVE('',#1530,#1521,#1532,.T.);
#1530 = VERTEX_POINT('',#1531);
#1531 = CARTESIAN_POINT('',(17.087713124423,15.24039947873,
    6.149371867901));
#1532 = LINE('',#1533,#1534);
#1533 = CARTESIAN_POINT('',(17.025243619668,15.162312597786,
    6.049371867901));
#1534 = VECTOR('',#1535,1.);
#1535 = DIRECTION('',(-0.441726104299,-0.552157630375,-0.707106781187));
#1536 = ORIENTED_EDGE('',*,*,#1537,.F.);
#1537 = EDGE_CURVE('',#1513,#1530,#1538,.T.);
#1538 = CIRCLE('',#1539,1.2);
#1539 = AXIS2_PLACEMENT_3D('',#1540,#1541,#1542);
#1540 = CARTESIAN_POINT('',(17.837347181487,16.177442050063,
    6.149371867901));
#1541 = DIRECTION('',(0.,0.,1.));
#1542 = DIRECTION('',(-0.624695047553,-0.780868809444,0.));
#1543 = CONICAL_SURFACE('',#1544,1.3,0.785398163397);
#1544 = AXIS2_PLACEMENT_3D('',#1545,#1546,#1547);
#1545 = CARTESIAN_POINT('',(17.837347181487,16.177442050063,
    6.049371867901));
#1546 = DIRECTION('',(0.,0.,-1.));
#1547 = DIRECTION('',(-0.624695047553,-0.780868809444,-0.));
#1548 = ADVANCED_FACE('',(#1549),#1586,.F.);
#1549 = FACE_BOUND('',#1550,.F.);
#1550 = EDGE_LOOP('',(#1551,#1562,#1568,#1569,#1577));
#1551 = ORIENTED_EDGE('',*,*,#1552,.F.);
#1552 = EDGE_CURVE('',#1553,#1555,#1557,.T.);
#1553 = VERTEX_POINT('',#1554);
#1554 = CARTESIAN_POINT('',(22.107185847414,22.430220911258,
    6.549371867901));
#1555 = VERTEX_POINT('',#1556);
#1556 = CARTESIAN_POINT('',(22.120739695275,22.660812738045,
    6.549371867901));
#1557 = CIRCLE('',#1558,1.2);
#1558 = AXIS2_PLACEMENT_3D('',#1559,#1560,#1561);
#1559 = CARTESIAN_POINT('',(20.921591644662,22.61560264283,
    6.549371867901));
#1560 = DIRECTION('',(0.,-0.,1.));
#1561 = DIRECTION('',(0.80785531667,0.589380850832,0.));
#1562 = ORIENTED_EDGE('',*,*,#1563,.F.);
#1563 = EDGE_CURVE('',#1429,#1553,#1564,.T.);
#1564 = LINE('',#1565,#1566);
#1565 = CARTESIAN_POINT('',(22.107185847414,22.430220911258,
    6.549371867901));
#1566 = VECTOR('',#1567,1.);
#1567 = DIRECTION('',(0.,0.,1.));
#1568 = ORIENTED_EDGE('',*,*,#1453,.T.);
#1569 = ORIENTED_EDGE('',*,*,#1570,.F.);
#1570 = EDGE_CURVE('',#1571,#1446,#1573,.T.);
#1571 = VERTEX_POINT('',#1572);
#1572 = CARTESIAN_POINT('',(21.891059293295,23.322877254944,
    6.787628436428));
#1573 = LINE('',#1574,#1575);
#1574 = CARTESIAN_POINT('',(21.891018024666,23.322859663829,
    6.549371867901));
#1575 = VECTOR('',#1576,1.);
#1576 = DIRECTION('',(0.,0.,-1.));
#1577 = ORIENTED_EDGE('',*,*,#1578,.T.);
#1578 = EDGE_CURVE('',#1571,#1555,#1579,.T.);
#1579 = B_SPLINE_CURVE_WITH_KNOTS('',3,(#1580,#1581,#1582,#1583,#1584,
    #1585),.UNSPECIFIED.,.F.,.F.,(4,2,4),(9.59086820824E-02,
    0.547954341041,1.),.UNSPECIFIED.);
#1580 = CARTESIAN_POINT('',(21.891059293295,23.322877254944,
    6.787628436428));
#1581 = CARTESIAN_POINT('',(21.953490222732,23.237751774752,
    6.722554445366));
#1582 = CARTESIAN_POINT('',(22.007025670686,23.141423497349,
    6.663282411408));
#1583 = CARTESIAN_POINT('',(22.088098317653,22.920305540161,
    6.576592052578));
#1584 = CARTESIAN_POINT('',(22.1156702837,22.795273304421,6.549371867901
    ));
#1585 = CARTESIAN_POINT('',(22.120739695275,22.660812738045,
    6.549371867901));
#1586 = CYLINDRICAL_SURFACE('',#1587,1.2);
#1587 = AXIS2_PLACEMENT_3D('',#1588,#1589,#1590);
#1588 = CARTESIAN_POINT('',(20.921591644662,22.61560264283,
    6.549371867901));
#1589 = DIRECTION('',(0.,0.,-1.));
#1590 = DIRECTION('',(0.80785531667,0.589380850832,0.));
#1591 = ADVANCED_FACE('',(#1592),#1628,.F.);
#1592 = FACE_BOUND('',#1593,.F.);
#1593 = EDGE_LOOP('',(#1594,#1604,#1613,#1621));
#1594 = ORIENTED_EDGE('',*,*,#1595,.T.);
#1595 = EDGE_CURVE('',#1596,#1598,#1600,.T.);
#1596 = VERTEX_POINT('',#1597);
#1597 = CARTESIAN_POINT('',(26.540961827921,12.918889900038,
    6.149371867901));
#1598 = VERTEX_POINT('',#1599);
#1599 = CARTESIAN_POINT('',(26.347609093683,12.867755565558,
    5.949371867901));
#1600 = LINE('',#1601,#1602);
#1601 = CARTESIAN_POINT('',(26.540961827921,12.918889900038,
    6.149371867901));
#1602 = VECTOR('',#1603,1.);
#1603 = DIRECTION('',(-0.683605147703,-0.180787173311,-0.707106781187));
#1604 = ORIENTED_EDGE('',*,*,#1605,.F.);
#1605 = EDGE_CURVE('',#1606,#1598,#1608,.T.);
#1606 = VERTEX_POINT('',#1607);
#1607 = CARTESIAN_POINT('',(26.763628002952,12.185894452058,
    5.949371867901));
#1608 = CIRCLE('',#1609,1.4);
#1609 = AXIS2_PLACEMENT_3D('',#1610,#1611,#1612);
#1610 = CARTESIAN_POINT('',(27.701078233348,13.225695906917,
    5.949371867901));
#1611 = DIRECTION('',(0.,0.,-1.));
#1612 = DIRECTION('',(-0.669607307426,-0.7427153249,-0.));
#1613 = ORIENTED_EDGE('',*,*,#1614,.F.);
#1614 = EDGE_CURVE('',#1615,#1606,#1617,.T.);
#1615 = VERTEX_POINT('',#1616);
#1616 = CARTESIAN_POINT('',(26.897549464437,12.334437517038,
    6.149371867901));
#1617 = LINE('',#1618,#1619);
#1618 = CARTESIAN_POINT('',(26.830588733694,12.260165984548,
    6.049371867901));
#1619 = VECTOR('',#1620,1.);
#1620 = DIRECTION('',(-0.473483867813,-0.525179042728,-0.707106781187));
#1621 = ORIENTED_EDGE('',*,*,#1622,.F.);
#1622 = EDGE_CURVE('',#1596,#1615,#1623,.T.);
#1623 = CIRCLE('',#1624,1.2);
#1624 = AXIS2_PLACEMENT_3D('',#1625,#1626,#1627);
#1625 = CARTESIAN_POINT('',(27.701078233348,13.225695906917,
    6.149371867901));
#1626 = DIRECTION('',(0.,0.,1.));
#1627 = DIRECTION('',(-0.669607307426,-0.7427153249,0.));
#1628 = CONICAL_SURFACE('',#1629,1.3,0.785398163397);
#1629 = AXIS2_PLACEMENT_3D('',#1630,#1631,#1632);
#1630 = CARTESIAN_POINT('',(27.701078233348,13.225695906917,
    6.049371867901));
#1631 = DIRECTION('',(0.,0.,-1.));
#1632 = DIRECTION('',(-0.669607307426,-0.7427153249,-0.));
#1633 = ADVANCED_FACE('',(#1634),#1670,.F.);
#1634 = FACE_BOUND('',#1635,.F.);
#1635 = EDGE_LOOP('',(#1636,#1646,#1655,#1663));
#1636 = ORIENTED_EDGE('',*,*,#1637,.T.);
#1637 = EDGE_CURVE('',#1638,#1640,#1642,.T.);
#1638 = VERTEX_POINT('',#1639);
#1639 = CARTESIAN_POINT('',(27.566382986282,12.032176270452,
    6.149371867901));
#1640 = VERTEX_POINT('',#1641);
#1641 = CARTESIAN_POINT('',(27.53548603102,11.83457723666,5.949371867901
    ));
#1642 = LINE('',#1643,#1644);
#1643 = CARTESIAN_POINT('',(27.566382986282,12.032176270452,
    6.149371867901));
#1644 = VECTOR('',#1645,1.);
#1645 = DIRECTION('',(-0.109237232919,-0.698618083751,-0.707106781187));
#1646 = ORIENTED_EDGE('',*,*,#1647,.F.);
#1647 = EDGE_CURVE('',#1648,#1640,#1650,.T.);
#1648 = VERTEX_POINT('',#1649);
#1649 = CARTESIAN_POINT('',(28.576897909019,12.086773029866,
    5.949371867901));
#1650 = CIRCLE('',#1651,1.4);
#1651 = AXIS2_PLACEMENT_3D('',#1652,#1653,#1654);
#1652 = CARTESIAN_POINT('',(27.751764717854,13.217770473204,
    5.949371867901));
#1653 = DIRECTION('',(0.,0.,-1.));
#1654 = DIRECTION('',(0.589380850832,-0.80785531667,0.));
#1655 = ORIENTED_EDGE('',*,*,#1656,.F.);
#1656 = EDGE_CURVE('',#1657,#1648,#1659,.T.);
#1657 = VERTEX_POINT('',#1658);
#1658 = CARTESIAN_POINT('',(28.459021738853,12.2483440932,6.149371867901
    ));
#1659 = LINE('',#1660,#1661);
#1660 = CARTESIAN_POINT('',(28.517959823936,12.167558561533,
    6.049371867901));
#1661 = VECTOR('',#1662,1.);
#1662 = DIRECTION('',(0.416755196325,-0.571239972635,-0.707106781187));
#1663 = ORIENTED_EDGE('',*,*,#1664,.F.);
#1664 = EDGE_CURVE('',#1638,#1657,#1665,.T.);
#1665 = CIRCLE('',#1666,1.2);
#1666 = AXIS2_PLACEMENT_3D('',#1667,#1668,#1669);
#1667 = CARTESIAN_POINT('',(27.751764717854,13.217770473204,
    6.149371867901));
#1668 = DIRECTION('',(-0.,0.,1.));
#1669 = DIRECTION('',(0.589380850832,-0.80785531667,0.));
#1670 = CONICAL_SURFACE('',#1671,1.3,0.785398163397);
#1671 = AXIS2_PLACEMENT_3D('',#1672,#1673,#1674);
#1672 = CARTESIAN_POINT('',(27.751764717854,13.217770473204,
    6.049371867901));
#1673 = DIRECTION('',(0.,0.,-1.));
#1674 = DIRECTION('',(0.589380850832,-0.80785531667,0.));
#1675 = ADVANCED_FACE('',(#1676),#1712,.F.);
#1676 = FACE_BOUND('',#1677,.F.);
#1677 = EDGE_LOOP('',(#1678,#1688,#1697,#1705));
#1678 = ORIENTED_EDGE('',*,*,#1679,.T.);
#1679 = EDGE_CURVE('',#1680,#1682,#1684,.T.);
#1680 = VERTEX_POINT('',#1681);
#1681 = CARTESIAN_POINT('',(29.930673635528,19.385054441387,
    6.149371867901));
#1682 = VERTEX_POINT('',#1683);
#1683 = CARTESIAN_POINT('',(30.12827266932,19.354157486124,
    5.949371867901));
#1684 = LINE('',#1685,#1686);
#1685 = CARTESIAN_POINT('',(29.930673635528,19.385054441387,
    6.149371867901));
#1686 = VECTOR('',#1687,1.);
#1687 = DIRECTION('',(0.698618083751,-0.109237232919,-0.707106781187));
#1688 = ORIENTED_EDGE('',*,*,#1689,.F.);
#1689 = EDGE_CURVE('',#1690,#1682,#1692,.T.);
#1690 = VERTEX_POINT('',#1691);
#1691 = CARTESIAN_POINT('',(29.876076876114,20.395569364124,
    5.949371867901));
#1692 = CIRCLE('',#1693,1.4);
#1693 = AXIS2_PLACEMENT_3D('',#1694,#1695,#1696);
#1694 = CARTESIAN_POINT('',(28.745079432776,19.570436172959,
    5.949371867901));
#1695 = DIRECTION('',(0.,0.,-1.));
#1696 = DIRECTION('',(0.80785531667,0.589380850832,0.));
#1697 = ORIENTED_EDGE('',*,*,#1698,.F.);
#1698 = EDGE_CURVE('',#1699,#1690,#1701,.T.);
#1699 = VERTEX_POINT('',#1700);
#1700 = CARTESIAN_POINT('',(29.71450581278,20.277693193957,
    6.149371867901));
#1701 = LINE('',#1702,#1703);
#1702 = CARTESIAN_POINT('',(29.795291344447,20.336631279041,
    6.049371867901));
#1703 = VECTOR('',#1704,1.);
#1704 = DIRECTION('',(0.571239972635,0.416755196325,-0.707106781187));
#1705 = ORIENTED_EDGE('',*,*,#1706,.F.);
#1706 = EDGE_CURVE('',#1680,#1699,#1707,.T.);
#1707 = CIRCLE('',#1708,1.2);
#1708 = AXIS2_PLACEMENT_3D('',#1709,#1710,#1711);
#1709 = CARTESIAN_POINT('',(28.745079432776,19.570436172959,
    6.149371867901));
#1710 = DIRECTION('',(0.,-0.,1.));
#1711 = DIRECTION('',(0.80785531667,0.589380850832,0.));
#1712 = CONICAL_SURFACE('',#1713,1.3,0.785398163397);
#1713 = AXIS2_PLACEMENT_3D('',#1714,#1715,#1716);
#1714 = CARTESIAN_POINT('',(28.745079432776,19.570436172959,
    6.049371867901));
#1715 = DIRECTION('',(0.,0.,-1.));
#1716 = DIRECTION('',(0.80785531667,0.589380850832,0.));
#1717 = ADVANCED_FACE('',(#1718),#1744,.F.);
#1718 = FACE_BOUND('',#1719,.F.);
#1719 = EDGE_LOOP('',(#1720,#1728,#1737,#1743));
#1720 = ORIENTED_EDGE('',*,*,#1721,.T.);
#1721 = EDGE_CURVE('',#1079,#1722,#1724,.T.);
#1722 = VERTEX_POINT('',#1723);
#1723 = CARTESIAN_POINT('',(26.194971646522,21.386186783171,
    5.949371867901));
#1724 = LINE('',#1725,#1726);
#1725 = CARTESIAN_POINT('',(26.16407469126,21.188587749379,
    6.149371867901));
#1726 = VECTOR('',#1727,1.);
#1727 = DIRECTION('',(0.109237232919,0.698618083751,-0.707106781187));
#1728 = ORIENTED_EDGE('',*,*,#1729,.F.);
#1729 = EDGE_CURVE('',#1730,#1722,#1732,.T.);
#1730 = VERTEX_POINT('',#1731);
#1731 = CARTESIAN_POINT('',(25.153559768523,21.133990989965,
    5.949371867901));
#1732 = CIRCLE('',#1733,1.4);
#1733 = AXIS2_PLACEMENT_3D('',#1734,#1735,#1736);
#1734 = CARTESIAN_POINT('',(25.978692959688,20.002993546627,
    5.949371867901));
#1735 = DIRECTION('',(0.,0.,-1.));
#1736 = DIRECTION('',(-0.589380850832,0.80785531667,0.));
#1737 = ORIENTED_EDGE('',*,*,#1738,.F.);
#1738 = EDGE_CURVE('',#1087,#1730,#1739,.T.);
#1739 = LINE('',#1740,#1741);
#1740 = CARTESIAN_POINT('',(25.212497853606,21.053205458298,
    6.049371867901));
#1741 = VECTOR('',#1742,1.);
#1742 = DIRECTION('',(-0.416755196325,0.571239972635,-0.707106781187));
#1743 = ORIENTED_EDGE('',*,*,#1086,.F.);
#1744 = CONICAL_SURFACE('',#1745,1.3,0.785398163397);
#1745 = AXIS2_PLACEMENT_3D('',#1746,#1747,#1748);
#1746 = CARTESIAN_POINT('',(25.978692959688,20.002993546627,
    6.049371867901));
#1747 = DIRECTION('',(0.,0.,-1.));
#1748 = DIRECTION('',(-0.589380850832,0.80785531667,0.));
#1749 = ADVANCED_FACE('',(#1750),#1786,.F.);
#1750 = FACE_BOUND('',#1751,.F.);
#1751 = EDGE_LOOP('',(#1752,#1762,#1771,#1779));
#1752 = ORIENTED_EDGE('',*,*,#1753,.T.);
#1753 = EDGE_CURVE('',#1754,#1756,#1758,.T.);
#1754 = VERTEX_POINT('',#1755);
#1755 = CARTESIAN_POINT('',(24.159236647083,16.134560285686,
    6.149371867901));
#1756 = VERTEX_POINT('',#1757);
#1757 = CARTESIAN_POINT('',(23.961637613291,16.165457240948,
    5.949371867901));
#1758 = LINE('',#1759,#1760);
#1759 = CARTESIAN_POINT('',(24.159236647083,16.134560285686,
    6.149371867901));
#1760 = VECTOR('',#1761,1.);
#1761 = DIRECTION('',(-0.698618083751,0.109237232919,-0.707106781187));
#1762 = ORIENTED_EDGE('',*,*,#1763,.F.);
#1763 = EDGE_CURVE('',#1764,#1756,#1766,.T.);
#1764 = VERTEX_POINT('',#1765);
#1765 = CARTESIAN_POINT('',(24.120539643317,15.270126979018,
    5.949371867901));
#1766 = CIRCLE('',#1767,1.4);
#1767 = AXIS2_PLACEMENT_3D('',#1768,#1769,#1770);
#1768 = CARTESIAN_POINT('',(25.344830849835,15.949178554114,
    5.949371867901));
#1769 = DIRECTION('',(0.,0.,-1.));
#1770 = DIRECTION('',(-0.874493718942,-0.485036839355,-0.));
#1771 = ORIENTED_EDGE('',*,*,#1772,.F.);
#1772 = EDGE_CURVE('',#1773,#1764,#1775,.T.);
#1773 = VERTEX_POINT('',#1774);
#1774 = CARTESIAN_POINT('',(24.295438387105,15.367134346889,
    6.149371867901));
#1775 = LINE('',#1776,#1777);
#1776 = CARTESIAN_POINT('',(24.207989015211,15.318630662953,
    6.049371867901));
#1777 = VECTOR('',#1778,1.);
#1778 = DIRECTION('',(-0.618360438769,-0.342972838233,-0.707106781187));
#1779 = ORIENTED_EDGE('',*,*,#1780,.F.);
#1780 = EDGE_CURVE('',#1754,#1773,#1781,.T.);
#1781 = CIRCLE('',#1782,1.2);
#1782 = AXIS2_PLACEMENT_3D('',#1783,#1784,#1785);
#1783 = CARTESIAN_POINT('',(25.344830849835,15.949178554114,
    6.149371867901));
#1784 = DIRECTION('',(0.,0.,1.));
#1785 = DIRECTION('',(-0.874493718942,-0.485036839355,0.));
#1786 = CONICAL_SURFACE('',#1787,1.3,0.785398163397);
#1787 = AXIS2_PLACEMENT_3D('',#1788,#1789,#1790);
#1788 = CARTESIAN_POINT('',(25.344830849835,15.949178554114,
    6.049371867901));
#1789 = DIRECTION('',(0.,0.,-1.));
#1790 = DIRECTION('',(-0.874493718942,-0.485036839355,-0.));
#1791 = ADVANCED_FACE('',(#1792),#1818,.F.);
#1792 = FACE_BOUND('',#1793,.F.);
#1793 = EDGE_LOOP('',(#1794,#1802,#1803,#1811));
#1794 = ORIENTED_EDGE('',*,*,#1795,.F.);
#1795 = EDGE_CURVE('',#1638,#1796,#1798,.T.);
#1796 = VERTEX_POINT('',#1797);
#1797 = CARTESIAN_POINT('',(27.566382986282,12.032176270452,
    6.549371867901));
#1798 = LINE('',#1799,#1800);
#1799 = CARTESIAN_POINT('',(27.566382986282,12.032176270452,
    6.549371867901));
#1800 = VECTOR('',#1801,1.);
#1801 = DIRECTION('',(0.,0.,1.));
#1802 = ORIENTED_EDGE('',*,*,#1664,.T.);
#1803 = ORIENTED_EDGE('',*,*,#1804,.F.);
#1804 = EDGE_CURVE('',#1805,#1657,#1807,.T.);
#1805 = VERTEX_POINT('',#1806);
#1806 = CARTESIAN_POINT('',(28.459021738853,12.2483440932,6.549371867901
    ));
#1807 = LINE('',#1808,#1809);
#1808 = CARTESIAN_POINT('',(28.459021738853,12.2483440932,6.549371867901
    ));
#1809 = VECTOR('',#1810,1.);
#1810 = DIRECTION('',(0.,0.,-1.));
#1811 = ORIENTED_EDGE('',*,*,#1812,.F.);
#1812 = EDGE_CURVE('',#1796,#1805,#1813,.T.);
#1813 = CIRCLE('',#1814,1.2);
#1814 = AXIS2_PLACEMENT_3D('',#1815,#1816,#1817);
#1815 = CARTESIAN_POINT('',(27.751764717854,13.217770473204,
    6.549371867901));
#1816 = DIRECTION('',(-0.,0.,1.));
#1817 = DIRECTION('',(0.589380850832,-0.80785531667,0.));
#1818 = CYLINDRICAL_SURFACE('',#1819,1.2);
#1819 = AXIS2_PLACEMENT_3D('',#1820,#1821,#1822);
#1820 = CARTESIAN_POINT('',(27.751764717854,13.217770473204,
    6.549371867901));
#1821 = DIRECTION('',(0.,0.,-1.));
#1822 = DIRECTION('',(0.589380850832,-0.80785531667,0.));
#1823 = ADVANCED_FACE('',(#1824),#1850,.F.);
#1824 = FACE_BOUND('',#1825,.F.);
#1825 = EDGE_LOOP('',(#1826,#1834,#1835,#1843));
#1826 = ORIENTED_EDGE('',*,*,#1827,.F.);
#1827 = EDGE_CURVE('',#1596,#1828,#1830,.T.);
#1828 = VERTEX_POINT('',#1829);
#1829 = CARTESIAN_POINT('',(26.540961827921,12.918889900038,
    6.549371867901));
#1830 = LINE('',#1831,#1832);
#1831 = CARTESIAN_POINT('',(26.540961827921,12.918889900038,
    6.549371867901));
#1832 = VECTOR('',#1833,1.);
#1833 = DIRECTION('',(0.,0.,1.));
#1834 = ORIENTED_EDGE('',*,*,#1622,.T.);
#1835 = ORIENTED_EDGE('',*,*,#1836,.F.);
#1836 = EDGE_CURVE('',#1837,#1615,#1839,.T.);
#1837 = VERTEX_POINT('',#1838);
#1838 = CARTESIAN_POINT('',(26.897549464437,12.334437517038,
    6.549371867901));
#1839 = LINE('',#1840,#1841);
#1840 = CARTESIAN_POINT('',(26.897549464437,12.334437517038,
    6.549371867901));
#1841 = VECTOR('',#1842,1.);
#1842 = DIRECTION('',(0.,0.,-1.));
#1843 = ORIENTED_EDGE('',*,*,#1844,.T.);
#1844 = EDGE_CURVE('',#1837,#1828,#1845,.T.);
#1845 = CIRCLE('',#1846,1.2);
#1846 = AXIS2_PLACEMENT_3D('',#1847,#1848,#1849);
#1847 = CARTESIAN_POINT('',(27.701078233348,13.225695906917,
    6.549371867901));
#1848 = DIRECTION('',(0.,0.,-1.));
#1849 = DIRECTION('',(-0.669607307426,-0.7427153249,-0.));
#1850 = CYLINDRICAL_SURFACE('',#1851,1.2);
#1851 = AXIS2_PLACEMENT_3D('',#1852,#1853,#1854);
#1852 = CARTESIAN_POINT('',(27.701078233348,13.225695906917,
    6.549371867901));
#1853 = DIRECTION('',(0.,0.,-1.));
#1854 = DIRECTION('',(-0.669607307426,-0.7427153249,-0.));
#1855 = ADVANCED_FACE('',(#1856),#1882,.F.);
#1856 = FACE_BOUND('',#1857,.F.);
#1857 = EDGE_LOOP('',(#1858,#1866,#1867,#1875));
#1858 = ORIENTED_EDGE('',*,*,#1859,.F.);
#1859 = EDGE_CURVE('',#1680,#1860,#1862,.T.);
#1860 = VERTEX_POINT('',#1861);
#1861 = CARTESIAN_POINT('',(29.930673635528,19.385054441387,
    6.549371867901));
#1862 = LINE('',#1863,#1864);
#1863 = CARTESIAN_POINT('',(29.930673635528,19.385054441387,
    6.549371867901));
#1864 = VECTOR('',#1865,1.);
#1865 = DIRECTION('',(0.,0.,1.));
#1866 = ORIENTED_EDGE('',*,*,#1706,.T.);
#1867 = ORIENTED_EDGE('',*,*,#1868,.F.);
#1868 = EDGE_CURVE('',#1869,#1699,#1871,.T.);
#1869 = VERTEX_POINT('',#1870);
#1870 = CARTESIAN_POINT('',(29.71450581278,20.277693193957,
    6.549371867901));
#1871 = LINE('',#1872,#1873);
#1872 = CARTESIAN_POINT('',(29.71450581278,20.277693193957,
    6.549371867901));
#1873 = VECTOR('',#1874,1.);
#1874 = DIRECTION('',(0.,0.,-1.));
#1875 = ORIENTED_EDGE('',*,*,#1876,.T.);
#1876 = EDGE_CURVE('',#1869,#1860,#1877,.T.);
#1877 = CIRCLE('',#1878,1.2);
#1878 = AXIS2_PLACEMENT_3D('',#1879,#1880,#1881);
#1879 = CARTESIAN_POINT('',(28.745079432776,19.570436172959,
    6.549371867901));
#1880 = DIRECTION('',(0.,0.,-1.));
#1881 = DIRECTION('',(0.80785531667,0.589380850832,0.));
#1882 = CYLINDRICAL_SURFACE('',#1883,1.2);
#1883 = AXIS2_PLACEMENT_3D('',#1884,#1885,#1886);
#1884 = CARTESIAN_POINT('',(28.745079432776,19.570436172959,
    6.549371867901));
#1885 = DIRECTION('',(0.,0.,-1.));
#1886 = DIRECTION('',(0.80785531667,0.589380850832,0.));
#1887 = ADVANCED_FACE('',(#1888),#1914,.F.);
#1888 = FACE_BOUND('',#1889,.F.);
#1889 = EDGE_LOOP('',(#1890,#1898,#1899,#1907));
#1890 = ORIENTED_EDGE('',*,*,#1891,.F.);
#1891 = EDGE_CURVE('',#1754,#1892,#1894,.T.);
#1892 = VERTEX_POINT('',#1893);
#1893 = CARTESIAN_POINT('',(24.159236647083,16.134560285686,
    6.549371867901));
#1894 = LINE('',#1895,#1896);
#1895 = CARTESIAN_POINT('',(24.159236647083,16.134560285686,
    6.549371867901));
#1896 = VECTOR('',#1897,1.);
#1897 = DIRECTION('',(0.,0.,1.));
#1898 = ORIENTED_EDGE('',*,*,#1780,.T.);
#1899 = ORIENTED_EDGE('',*,*,#1900,.F.);
#1900 = EDGE_CURVE('',#1901,#1773,#1903,.T.);
#1901 = VERTEX_POINT('',#1902);
#1902 = CARTESIAN_POINT('',(24.295438387105,15.367134346889,
    6.549371867901));
#1903 = LINE('',#1904,#1905);
#1904 = CARTESIAN_POINT('',(24.295438387105,15.367134346889,
    6.549371867901));
#1905 = VECTOR('',#1906,1.);
#1906 = DIRECTION('',(0.,0.,-1.));
#1907 = ORIENTED_EDGE('',*,*,#1908,.T.);
#1908 = EDGE_CURVE('',#1901,#1892,#1909,.T.);
#1909 = CIRCLE('',#1910,1.2);
#1910 = AXIS2_PLACEMENT_3D('',#1911,#1912,#1913);
#1911 = CARTESIAN_POINT('',(25.344830849835,15.949178554114,
    6.549371867901));
#1912 = DIRECTION('',(0.,0.,-1.));
#1913 = DIRECTION('',(-0.874493718942,-0.485036839355,-0.));
#1914 = CYLINDRICAL_SURFACE('',#1915,1.2);
#1915 = AXIS2_PLACEMENT_3D('',#1916,#1917,#1918);
#1916 = CARTESIAN_POINT('',(25.344830849835,15.949178554114,
    6.549371867901));
#1917 = DIRECTION('',(0.,0.,-1.));
#1918 = DIRECTION('',(-0.874493718942,-0.485036839355,-0.));
#1919 = ADVANCED_FACE('',(#1920),#1946,.F.);
#1920 = FACE_BOUND('',#1921,.F.);
#1921 = EDGE_LOOP('',(#1922,#1930,#1931,#1939));
#1922 = ORIENTED_EDGE('',*,*,#1923,.F.);
#1923 = EDGE_CURVE('',#1471,#1924,#1926,.T.);
#1924 = VERTEX_POINT('',#1925);
#1925 = CARTESIAN_POINT('',(19.930544975454,15.077442050064,
    6.549371867901));
#1926 = LINE('',#1927,#1928);
#1927 = CARTESIAN_POINT('',(19.930544975454,15.077442050064,
    6.549371867901));
#1928 = VECTOR('',#1929,1.);
#1929 = DIRECTION('',(0.,0.,1.));
#1930 = ORIENTED_EDGE('',*,*,#1495,.T.);
#1931 = ORIENTED_EDGE('',*,*,#1932,.F.);
#1932 = EDGE_CURVE('',#1933,#1488,#1935,.T.);
#1933 = VERTEX_POINT('',#1934);
#1934 = CARTESIAN_POINT('',(20.710782734766,15.365724418918,
    6.549371867901));
#1935 = LINE('',#1936,#1937);
#1936 = CARTESIAN_POINT('',(20.710782734766,15.365724418918,
    6.549371867901));
#1937 = VECTOR('',#1938,1.);
#1938 = DIRECTION('',(0.,0.,-1.));
#1939 = ORIENTED_EDGE('',*,*,#1940,.T.);
#1940 = EDGE_CURVE('',#1933,#1924,#1941,.T.);
#1941 = CIRCLE('',#1942,1.2);
#1942 = AXIS2_PLACEMENT_3D('',#1943,#1944,#1945);
#1943 = CARTESIAN_POINT('',(19.930544975454,16.277442050064,
    6.549371867901));
#1944 = DIRECTION('',(0.,0.,-1.));
#1945 = DIRECTION('',(0.65019813276,-0.759764692622,0.));
#1946 = CYLINDRICAL_SURFACE('',#1947,1.2);
#1947 = AXIS2_PLACEMENT_3D('',#1948,#1949,#1950);
#1948 = CARTESIAN_POINT('',(19.930544975454,16.277442050064,
    6.549371867901));
#1949 = DIRECTION('',(0.,0.,-1.));
#1950 = DIRECTION('',(0.65019813276,-0.759764692622,0.));
#1951 = ADVANCED_FACE('',(#1952),#1978,.F.);
#1952 = FACE_BOUND('',#1953,.F.);
#1953 = EDGE_LOOP('',(#1954,#1962,#1963,#1971));
#1954 = ORIENTED_EDGE('',*,*,#1955,.F.);
#1955 = EDGE_CURVE('',#1513,#1956,#1958,.T.);
#1956 = VERTEX_POINT('',#1957);
#1957 = CARTESIAN_POINT('',(16.637347181487,16.177442050061,
    6.549371867901));
#1958 = LINE('',#1959,#1960);
#1959 = CARTESIAN_POINT('',(16.637347181487,16.177442050061,
    6.549371867901));
#1960 = VECTOR('',#1961,1.);
#1961 = DIRECTION('',(0.,0.,1.));
#1962 = ORIENTED_EDGE('',*,*,#1537,.T.);
#1963 = ORIENTED_EDGE('',*,*,#1964,.F.);
#1964 = EDGE_CURVE('',#1965,#1530,#1967,.T.);
#1965 = VERTEX_POINT('',#1966);
#1966 = CARTESIAN_POINT('',(17.087713124423,15.24039947873,
    6.549371867901));
#1967 = LINE('',#1968,#1969);
#1968 = CARTESIAN_POINT('',(17.087713124423,15.24039947873,
    6.549371867901));
#1969 = VECTOR('',#1970,1.);
#1970 = DIRECTION('',(0.,0.,-1.));
#1971 = ORIENTED_EDGE('',*,*,#1972,.T.);
#1972 = EDGE_CURVE('',#1965,#1956,#1973,.T.);
#1973 = CIRCLE('',#1974,1.2);
#1974 = AXIS2_PLACEMENT_3D('',#1975,#1976,#1977);
#1975 = CARTESIAN_POINT('',(17.837347181487,16.177442050063,
    6.549371867901));
#1976 = DIRECTION('',(0.,0.,-1.));
#1977 = DIRECTION('',(-0.624695047553,-0.780868809444,-0.));
#1978 = CYLINDRICAL_SURFACE('',#1979,1.2);
#1979 = AXIS2_PLACEMENT_3D('',#1980,#1981,#1982);
#1980 = CARTESIAN_POINT('',(17.837347181487,16.177442050063,
    6.549371867901));
#1981 = DIRECTION('',(0.,0.,-1.));
#1982 = DIRECTION('',(-0.624695047553,-0.780868809444,-0.));
#1983 = ADVANCED_FACE('',(#1984),#2010,.F.);
#1984 = FACE_BOUND('',#1985,.F.);
#1985 = EDGE_LOOP('',(#1986,#1994,#1995,#2003));
#1986 = ORIENTED_EDGE('',*,*,#1987,.T.);
#1987 = EDGE_CURVE('',#1988,#106,#1990,.T.);
#1988 = VERTEX_POINT('',#1989);
#1989 = CARTESIAN_POINT('',(19.937347181489,-3.687789030255,
    5.949371867901));
#1990 = LINE('',#1991,#1992);
#1991 = CARTESIAN_POINT('',(19.937347181489,-3.687789030255,
    5.949346867901));
#1992 = VECTOR('',#1993,1.);
#1993 = DIRECTION('',(0.,0.,1.));
#1994 = ORIENTED_EDGE('',*,*,#132,.F.);
#1995 = ORIENTED_EDGE('',*,*,#1996,.F.);
#1996 = EDGE_CURVE('',#1997,#125,#1999,.T.);
#1997 = VERTEX_POINT('',#1998);
#1998 = CARTESIAN_POINT('',(17.537347181489,-3.687789030255,
    5.949371867901));
#1999 = LINE('',#2000,#2001);
#2000 = CARTESIAN_POINT('',(17.537347181489,-3.687789030255,
    5.949346867901));
#2001 = VECTOR('',#2002,1.);
#2002 = DIRECTION('',(0.,0.,1.));
#2003 = ORIENTED_EDGE('',*,*,#2004,.T.);
#2004 = EDGE_CURVE('',#1997,#1988,#2005,.T.);
#2005 = CIRCLE('',#2006,1.2);
#2006 = AXIS2_PLACEMENT_3D('',#2007,#2008,#2009);
#2007 = CARTESIAN_POINT('',(18.737347181489,-3.687789030255,
    5.949371867901));
#2008 = DIRECTION('',(0.,0.,1.));
#2009 = DIRECTION('',(1.,0.,0.));
#2010 = CYLINDRICAL_SURFACE('',#2011,1.2);
#2011 = AXIS2_PLACEMENT_3D('',#2012,#2013,#2014);
#2012 = CARTESIAN_POINT('',(18.737347181489,-3.687789030255,
    5.949346867901));
#2013 = DIRECTION('',(0.,0.,1.));
#2014 = DIRECTION('',(1.,0.,0.));
#2015 = ADVANCED_FACE('',(#2016),#2050,.T.);
#2016 = FACE_BOUND('',#2017,.T.);
#2017 = EDGE_LOOP('',(#2018,#2028,#2036,#2044));
#2018 = ORIENTED_EDGE('',*,*,#2019,.F.);
#2019 = EDGE_CURVE('',#2020,#2022,#2024,.T.);
#2020 = VERTEX_POINT('',#2021);
#2021 = CARTESIAN_POINT('',(16.236817749376,24.562703506999,
    7.435265069489));
#2022 = VERTEX_POINT('',#2023);
#2023 = CARTESIAN_POINT('',(16.236817749376,24.562703506999,
    7.549371867901));
#2024 = LINE('',#2025,#2026);
#2025 = CARTESIAN_POINT('',(16.236817749376,24.562703506999,
    6.549371867901));
#2026 = VECTOR('',#2027,1.);
#2027 = DIRECTION('',(0.,0.,1.));
#2028 = ORIENTED_EDGE('',*,*,#2029,.F.);
#2029 = EDGE_CURVE('',#2030,#2020,#2032,.T.);
#2030 = VERTEX_POINT('',#2031);
#2031 = CARTESIAN_POINT('',(14.778282735105,24.790762775403,
    7.472430616766));
#2032 = LINE('',#2033,#2034);
#2033 = CARTESIAN_POINT('',(16.87335387702,24.46317352509,7.419045223333
    ));
#2034 = VECTOR('',#2035,1.);
#2035 = DIRECTION('',(0.987682218619,-0.154435842808,-2.516754814306E-02
    ));
#2036 = ORIENTED_EDGE('',*,*,#2037,.F.);
#2037 = EDGE_CURVE('',#2038,#2030,#2040,.T.);
#2038 = VERTEX_POINT('',#2039);
#2039 = CARTESIAN_POINT('',(14.778282735105,24.790762775403,
    7.549371867901));
#2040 = LINE('',#2041,#2042);
#2041 = CARTESIAN_POINT('',(14.778282735105,24.790762775403,
    5.949371867901));
#2042 = VECTOR('',#2043,1.);
#2043 = DIRECTION('',(-0.,-0.,-1.));
#2044 = ORIENTED_EDGE('',*,*,#2045,.F.);
#2045 = EDGE_CURVE('',#2022,#2038,#2046,.T.);
#2046 = LINE('',#2047,#2048);
#2047 = CARTESIAN_POINT('',(19.501996493525,24.052154038995,
    7.549371867901));
#2048 = VECTOR('',#2049,1.);
#2049 = DIRECTION('',(-0.98799516896,0.15448477631,0.));
#2050 = PLANE('',#2051);
#2051 = AXIS2_PLACEMENT_3D('',#2052,#2053,#2054);
#2052 = CARTESIAN_POINT('',(15.574200430058,24.666311592918,
    6.549371867901));
#2053 = DIRECTION('',(0.15448477631,0.98799516896,0.));
#2054 = DIRECTION('',(0.,0.,-1.));
#2055 = ADVANCED_FACE('',(#2056),#2090,.T.);
#2056 = FACE_BOUND('',#2057,.T.);
#2057 = EDGE_LOOP('',(#2058,#2068,#2076,#2084));
#2058 = ORIENTED_EDGE('',*,*,#2059,.F.);
#2059 = EDGE_CURVE('',#2060,#2062,#2064,.T.);
#2060 = VERTEX_POINT('',#2061);
#2061 = CARTESIAN_POINT('',(21.106973376234,23.801196845582,
    7.311166575163));
#2062 = VERTEX_POINT('',#2063);
#2063 = CARTESIAN_POINT('',(21.897369511402,23.677609024534,
    7.291026157113));
#2064 = LINE('',#2065,#2066);
#2065 = CARTESIAN_POINT('',(16.87335387702,24.46317352509,7.419045223333
    ));
#2066 = VECTOR('',#2067,1.);
#2067 = DIRECTION('',(0.987682218619,-0.154435842808,-2.516754814306E-02
    ));
#2068 = ORIENTED_EDGE('',*,*,#2069,.F.);
#2069 = EDGE_CURVE('',#2070,#2060,#2072,.T.);
#2070 = VERTEX_POINT('',#2071);
#2071 = CARTESIAN_POINT('',(21.106973376234,23.801196845582,
    7.549371867901));
#2072 = LINE('',#2073,#2074);
#2073 = CARTESIAN_POINT('',(21.106973376234,23.801196845582,
    6.549371867901));
#2074 = VECTOR('',#2075,1.);
#2075 = DIRECTION('',(0.,0.,-1.));
#2076 = ORIENTED_EDGE('',*,*,#2077,.F.);
#2077 = EDGE_CURVE('',#2078,#2070,#2080,.T.);
#2078 = VERTEX_POINT('',#2079);
#2079 = CARTESIAN_POINT('',(21.897369511402,23.677609024534,
    7.549371867901));
#2080 = LINE('',#2081,#2082);
#2081 = CARTESIAN_POINT('',(19.501996493525,24.052154038995,
    7.549371867901));
#2082 = VECTOR('',#2083,1.);
#2083 = DIRECTION('',(-0.98799516896,0.15448477631,0.));
#2084 = ORIENTED_EDGE('',*,*,#2085,.F.);
#2085 = EDGE_CURVE('',#2062,#2078,#2086,.T.);
#2086 = LINE('',#2087,#2088);
#2087 = CARTESIAN_POINT('',(21.897369511402,23.677609024534,
    6.249371867901));
#2088 = VECTOR('',#2089,1.);
#2089 = DIRECTION('',(0.,0.,1.));
#2090 = PLANE('',#2091);
#2091 = AXIS2_PLACEMENT_3D('',#2092,#2093,#2094);
#2092 = CARTESIAN_POINT('',(15.574200430058,24.666311592918,
    6.549371867901));
#2093 = DIRECTION('',(0.15448477631,0.98799516896,0.));
#2094 = DIRECTION('',(0.,0.,-1.));
#2095 = ADVANCED_FACE('',(#2096),#2114,.F.);
#2096 = FACE_BOUND('',#2097,.F.);
#2097 = EDGE_LOOP('',(#2098,#2099,#2106,#2107));
#2098 = ORIENTED_EDGE('',*,*,#2085,.F.);
#2099 = ORIENTED_EDGE('',*,*,#2100,.T.);
#2100 = EDGE_CURVE('',#2062,#883,#2101,.T.);
#2101 = ( BOUNDED_CURVE() B_SPLINE_CURVE(3,(#2102,#2103,#2104,#2105),
.UNSPECIFIED.,.F.,.F.) B_SPLINE_CURVE_WITH_KNOTS((4,4),(6.249779722708,
6.979514804614),.PIECEWISE_BEZIER_KNOTS.) CURVE() 
GEOMETRIC_REPRESENTATION_ITEM() RATIONAL_B_SPLINE_CURVE((1.,
0.956114022755,0.956114022755,1.)) REPRESENTATION_ITEM('') );
#2102 = CARTESIAN_POINT('',(21.897369511402,23.677609024534,
    7.291026157113));
#2103 = CARTESIAN_POINT('',(22.241511658318,23.623798313454,
    7.282256925586));
#2104 = CARTESIAN_POINT('',(22.58220032061,23.696328619512,
    7.367699664031));
#2105 = CARTESIAN_POINT('',(22.874581133636,23.885650752623,
    7.536105158223));
#2106 = ORIENTED_EDGE('',*,*,#890,.T.);
#2107 = ORIENTED_EDGE('',*,*,#2108,.T.);
#2108 = EDGE_CURVE('',#891,#2078,#2109,.T.);
#2109 = CIRCLE('',#2110,1.4);
#2110 = AXIS2_PLACEMENT_3D('',#2111,#2112,#2113);
#2111 = CARTESIAN_POINT('',(22.113648198236,25.060802261078,
    7.549371867901));
#2112 = DIRECTION('',(0.,0.,-1.));
#2113 = DIRECTION('',(0.589380850832,-0.80785531667,0.));
#2114 = CYLINDRICAL_SURFACE('',#2115,1.4);
#2115 = AXIS2_PLACEMENT_3D('',#2116,#2117,#2118);
#2116 = CARTESIAN_POINT('',(22.113648198236,25.060802261078,
    6.249371867901));
#2117 = DIRECTION('',(0.,0.,1.));
#2118 = DIRECTION('',(0.589380850832,-0.80785531667,0.));
#2119 = ADVANCED_FACE('',(#2120),#2139,.F.);
#2120 = FACE_BOUND('',#2121,.F.);
#2121 = EDGE_LOOP('',(#2122,#2123,#2132));
#2122 = ORIENTED_EDGE('',*,*,#2037,.F.);
#2123 = ORIENTED_EDGE('',*,*,#2124,.T.);
#2124 = EDGE_CURVE('',#2038,#2125,#2127,.T.);
#2125 = VERTEX_POINT('',#2126);
#2126 = CARTESIAN_POINT('',(14.31427928899,24.950348141921,
    7.549371867901));
#2127 = CIRCLE('',#2128,1.4);
#2128 = AXIS2_PLACEMENT_3D('',#2129,#2130,#2131);
#2129 = CARTESIAN_POINT('',(14.994561421939,26.173956011947,
    7.549371867901));
#2130 = DIRECTION('',(0.,0.,-1.));
#2131 = DIRECTION('',(-0.637117580889,-0.770766623643,-0.));
#2132 = ORIENTED_EDGE('',*,*,#2133,.T.);
#2133 = EDGE_CURVE('',#2125,#2030,#2134,.T.);
#2134 = ( BOUNDED_CURVE() B_SPLINE_CURVE(3,(#2135,#2136,#2137,#2138),
.UNSPECIFIED.,.F.,.F.) B_SPLINE_CURVE_WITH_KNOTS((4,4),(5.897474977979,
6.249779722708),.PIECEWISE_BEZIER_KNOTS.) CURVE() 
GEOMETRIC_REPRESENTATION_ITEM() RATIONAL_B_SPLINE_CURVE((1.,
0.989683498469,0.989683498469,1.)) REPRESENTATION_ITEM('') );
#2135 = CARTESIAN_POINT('',(14.31427928899,24.950348141921,
    7.549371867901));
#2136 = CARTESIAN_POINT('',(14.458721737164,24.870043316217,
    7.502505676853));
#2137 = CARTESIAN_POINT('',(14.615001816211,24.816293685901,
    7.476591246885));
#2138 = CARTESIAN_POINT('',(14.778282735105,24.790762775403,
    7.472430616766));
#2139 = CYLINDRICAL_SURFACE('',#2140,1.4);
#2140 = AXIS2_PLACEMENT_3D('',#2141,#2142,#2143);
#2141 = CARTESIAN_POINT('',(14.994561421939,26.173956011947,
    5.949371867901));
#2142 = DIRECTION('',(0.,0.,1.));
#2143 = DIRECTION('',(-0.637117580889,-0.770766623643,0.));
#2144 = ADVANCED_FACE('',(#2145),#2163,.F.);
#2145 = FACE_BOUND('',#2146,.F.);
#2146 = EDGE_LOOP('',(#2147,#2154,#2155,#2162));
#2147 = ORIENTED_EDGE('',*,*,#2148,.F.);
#2148 = EDGE_CURVE('',#106,#125,#2149,.T.);
#2149 = CIRCLE('',#2150,1.2);
#2150 = AXIS2_PLACEMENT_3D('',#2151,#2152,#2153);
#2151 = CARTESIAN_POINT('',(18.737347181489,-3.687789030255,
    6.349371867901));
#2152 = DIRECTION('',(0.,0.,1.));
#2153 = DIRECTION('',(1.,0.,0.));
#2154 = ORIENTED_EDGE('',*,*,#1987,.F.);
#2155 = ORIENTED_EDGE('',*,*,#2156,.T.);
#2156 = EDGE_CURVE('',#1988,#1997,#2157,.T.);
#2157 = CIRCLE('',#2158,1.2);
#2158 = AXIS2_PLACEMENT_3D('',#2159,#2160,#2161);
#2159 = CARTESIAN_POINT('',(18.737347181489,-3.687789030255,
    5.949371867901));
#2160 = DIRECTION('',(0.,0.,1.));
#2161 = DIRECTION('',(1.,0.,0.));
#2162 = ORIENTED_EDGE('',*,*,#1996,.T.);
#2163 = CYLINDRICAL_SURFACE('',#2164,1.2);
#2164 = AXIS2_PLACEMENT_3D('',#2165,#2166,#2167);
#2165 = CARTESIAN_POINT('',(18.737347181489,-3.687789030255,
    5.949346867901));
#2166 = DIRECTION('',(0.,0.,1.));
#2167 = DIRECTION('',(1.,0.,0.));
#2168 = ADVANCED_FACE('',(#2169,#2235),#2310,.F.);
#2169 = FACE_BOUND('',#2170,.T.);
#2170 = EDGE_LOOP('',(#2171,#2179,#2186,#2187,#2195,#2202,#2203,#2211,
    #2218,#2219,#2227,#2234));
#2171 = ORIENTED_EDGE('',*,*,#2172,.T.);
#2172 = EDGE_CURVE('',#412,#2173,#2175,.T.);
#2173 = VERTEX_POINT('',#2174);
#2174 = CARTESIAN_POINT('',(14.537347181489,-14.78778903025,
    6.549371867901));
#2175 = LINE('',#2176,#2177);
#2176 = CARTESIAN_POINT('',(14.537347181489,-10.48778903025,
    6.549371867901));
#2177 = VECTOR('',#2178,1.);
#2178 = DIRECTION('',(2.034409770224E-15,-1.,0.));
#2179 = ORIENTED_EDGE('',*,*,#2180,.F.);
#2180 = EDGE_CURVE('',#453,#2173,#2181,.T.);
#2181 = CIRCLE('',#2182,1.);
#2182 = AXIS2_PLACEMENT_3D('',#2183,#2184,#2185);
#2183 = CARTESIAN_POINT('',(13.537347181489,-14.78778903025,
    6.549371867901));
#2184 = DIRECTION('',(-0.,0.,1.));
#2185 = DIRECTION('',(0.707106781187,-0.707106781187,0.));
#2186 = ORIENTED_EDGE('',*,*,#460,.F.);
#2187 = ORIENTED_EDGE('',*,*,#2188,.T.);
#2188 = EDGE_CURVE('',#444,#2189,#2191,.T.);
#2189 = VERTEX_POINT('',#2190);
#2190 = CARTESIAN_POINT('',(9.537347181489,-15.78778903025,
    6.549371867901));
#2191 = LINE('',#2192,#2193);
#2192 = CARTESIAN_POINT('',(11.148485000727,-15.78778903025,
    6.549371867901));
#2193 = VECTOR('',#2194,1.);
#2194 = DIRECTION('',(-1.,-1.731621672599E-15,0.));
#2195 = ORIENTED_EDGE('',*,*,#2196,.F.);
#2196 = EDGE_CURVE('',#357,#2189,#2197,.T.);
#2197 = CIRCLE('',#2198,1.);
#2198 = AXIS2_PLACEMENT_3D('',#2199,#2200,#2201);
#2199 = CARTESIAN_POINT('',(9.537347181489,-14.78778903025,
    6.549371867901));
#2200 = DIRECTION('',(0.,0.,1.));
#2201 = DIRECTION('',(-0.707106781187,-0.707106781187,0.));
#2202 = ORIENTED_EDGE('',*,*,#364,.F.);
#2203 = ORIENTED_EDGE('',*,*,#2204,.T.);
#2204 = EDGE_CURVE('',#348,#2205,#2207,.T.);
#2205 = VERTEX_POINT('',#2206);
#2206 = CARTESIAN_POINT('',(8.537347181489,-11.28778903025,
    6.549371867901));
#2207 = LINE('',#2208,#2209);
#2208 = CARTESIAN_POINT('',(8.537347181489,-13.23778903025,
    6.549371867901));
#2209 = VECTOR('',#2210,1.);
#2210 = DIRECTION('',(-1.933480404349E-15,1.,0.));
#2211 = ORIENTED_EDGE('',*,*,#2212,.F.);
#2212 = EDGE_CURVE('',#389,#2205,#2213,.T.);
#2213 = CIRCLE('',#2214,1.);
#2214 = AXIS2_PLACEMENT_3D('',#2215,#2216,#2217);
#2215 = CARTESIAN_POINT('',(9.537347181489,-11.28778903025,
    6.549371867901));
#2216 = DIRECTION('',(0.,0.,1.));
#2217 = DIRECTION('',(-0.707106781187,0.707106781187,0.));
#2218 = ORIENTED_EDGE('',*,*,#396,.F.);
#2219 = ORIENTED_EDGE('',*,*,#2220,.T.);
#2220 = EDGE_CURVE('',#380,#2221,#2223,.T.);
#2221 = VERTEX_POINT('',#2222);
#2222 = CARTESIAN_POINT('',(13.537347181489,-10.28778903025,
    6.549371867901));
#2223 = LINE('',#2224,#2225);
#2224 = CARTESIAN_POINT('',(8.148485000727,-10.28778903025,
    6.549371867901));
#2225 = VECTOR('',#2226,1.);
#2226 = DIRECTION('',(1.,1.731621672599E-15,0.));
#2227 = ORIENTED_EDGE('',*,*,#2228,.F.);
#2228 = EDGE_CURVE('',#421,#2221,#2229,.T.);
#2229 = CIRCLE('',#2230,1.);
#2230 = AXIS2_PLACEMENT_3D('',#2231,#2232,#2233);
#2231 = CARTESIAN_POINT('',(13.537347181489,-11.28778903025,
    6.549371867901));
#2232 = DIRECTION('',(0.,-0.,1.));
#2233 = DIRECTION('',(0.707106781187,0.707106781187,0.));
#2234 = ORIENTED_EDGE('',*,*,#428,.F.);
#2235 = FACE_BOUND('',#2236,.T.);
#2236 = EDGE_LOOP('',(#2237,#2247,#2255,#2261,#2262,#2271,#2279,#2288,
    #2296,#2303,#2304));
#2237 = ORIENTED_EDGE('',*,*,#2238,.T.);
#2238 = EDGE_CURVE('',#2239,#2241,#2243,.T.);
#2239 = VERTEX_POINT('',#2240);
#2240 = CARTESIAN_POINT('',(16.537347181489,-16.98778903025,
    6.549371867901));
#2241 = VERTEX_POINT('',#2242);
#2242 = CARTESIAN_POINT('',(16.537347181489,-9.76357628054,
    6.549371867901));
#2243 = LINE('',#2244,#2245);
#2244 = CARTESIAN_POINT('',(16.537347181489,-12.63081571942,
    6.549371867901));
#2245 = VECTOR('',#2246,1.);
#2246 = DIRECTION('',(0.,1.,0.));
#2247 = ORIENTED_EDGE('',*,*,#2248,.T.);
#2248 = EDGE_CURVE('',#2241,#2249,#2251,.T.);
#2249 = VERTEX_POINT('',#2250);
#2250 = CARTESIAN_POINT('',(10.115362386119,-5.484814332947,
    6.549371867901));
#2251 = LINE('',#2252,#2253);
#2252 = CARTESIAN_POINT('',(12.556095386778,-7.110996240912,
    6.549371867901));
#2253 = VECTOR('',#2254,1.);
#2254 = DIRECTION('',(-0.832203448933,0.554470395588,0.));
#2255 = ORIENTED_EDGE('',*,*,#2256,.T.);
#2256 = EDGE_CURVE('',#2249,#649,#2257,.T.);
#2257 = LINE('',#2258,#2259);
#2258 = CARTESIAN_POINT('',(10.115362386119,-5.484814332947,
    6.549371867901));
#2259 = VECTOR('',#2260,1.);
#2260 = DIRECTION('',(-0.422618261741,-0.906307787037,0.));
#2261 = ORIENTED_EDGE('',*,*,#658,.F.);
#2262 = ORIENTED_EDGE('',*,*,#2263,.F.);
#2263 = EDGE_CURVE('',#2264,#659,#2266,.T.);
#2264 = VERTEX_POINT('',#2265);
#2265 = CARTESIAN_POINT('',(8.105231138752,-8.565612988748,
    6.549371867901));
#2266 = CIRCLE('',#2267,3.);
#2267 = AXIS2_PLACEMENT_3D('',#2268,#2269,#2270);
#2268 = CARTESIAN_POINT('',(6.570687676019,-5.987789030255,
    6.549371867901));
#2269 = DIRECTION('',(-0.,0.,1.));
#2270 = DIRECTION('',(0.537299608347,-0.843391445813,0.));
#2271 = ORIENTED_EDGE('',*,*,#2272,.T.);
#2272 = EDGE_CURVE('',#2264,#2273,#2275,.T.);
#2273 = VERTEX_POINT('',#2274);
#2274 = CARTESIAN_POINT('',(7.799703389358,-9.19838494019,6.549371867901
    ));
#2275 = LINE('',#2276,#2277);
#2276 = CARTESIAN_POINT('',(21.365612372745,18.897677422415,
    6.549371867901));
#2277 = VECTOR('',#2278,1.);
#2278 = DIRECTION('',(-0.43480865965,-0.900522864504,0.));
#2279 = ORIENTED_EDGE('',*,*,#2280,.T.);
#2280 = EDGE_CURVE('',#2273,#2281,#2283,.T.);
#2281 = VERTEX_POINT('',#2282);
#2282 = CARTESIAN_POINT('',(6.899180524854,-9.76357628054,6.549371867901
    ));
#2283 = CIRCLE('',#2284,1.);
#2284 = AXIS2_PLACEMENT_3D('',#2285,#2286,#2287);
#2285 = CARTESIAN_POINT('',(6.899180524854,-8.76357628054,6.549371867901
    ));
#2286 = DIRECTION('',(0.,0.,-1.));
#2287 = DIRECTION('',(-1.,0.,0.));
#2288 = ORIENTED_EDGE('',*,*,#2289,.T.);
#2289 = EDGE_CURVE('',#2281,#2290,#2292,.T.);
#2290 = VERTEX_POINT('',#2291);
#2291 = CARTESIAN_POINT('',(5.768971101276,-9.76357628054,6.549371867901
    ));
#2292 = LINE('',#2293,#2294);
#2293 = CARTESIAN_POINT('',(22.624794291708,-9.76357628054,
    6.549371867901));
#2294 = VECTOR('',#2295,1.);
#2295 = DIRECTION('',(-1.,0.,0.));
#2296 = ORIENTED_EDGE('',*,*,#2297,.F.);
#2297 = EDGE_CURVE('',#583,#2290,#2298,.T.);
#2298 = CIRCLE('',#2299,4.398772629206);
#2299 = AXIS2_PLACEMENT_3D('',#2300,#2301,#2302);
#2300 = CARTESIAN_POINT('',(2.617977132211,-12.83284942745,
    6.549371867901));
#2301 = DIRECTION('',(0.,0.,1.));
#2302 = DIRECTION('',(-1.,-1.478870035637E-15,0.));
#2303 = ORIENTED_EDGE('',*,*,#591,.F.);
#2304 = ORIENTED_EDGE('',*,*,#2305,.T.);
#2305 = EDGE_CURVE('',#518,#2239,#2306,.T.);
#2306 = LINE('',#2307,#2308);
#2307 = CARTESIAN_POINT('',(-2.018101541558,-16.98778903025,
    6.549371867901));
#2308 = VECTOR('',#2309,1.);
#2309 = DIRECTION('',(1.,2.185806300259E-15,0.));
#2310 = PLANE('',#2311);
#2311 = AXIS2_PLACEMENT_3D('',#2312,#2313,#2314);
#2312 = CARTESIAN_POINT('',(22.624794291708,18.289693745353,
    6.549371867901));
#2313 = DIRECTION('',(0.,0.,-1.));
#2314 = DIRECTION('',(0.,-1.,0.));
#2315 = ADVANCED_FACE('',(#2316),#2341,.F.);
#2316 = FACE_BOUND('',#2317,.T.);
#2317 = EDGE_LOOP('',(#2318,#2326,#2334,#2340));
#2318 = ORIENTED_EDGE('',*,*,#2319,.F.);
#2319 = EDGE_CURVE('',#2320,#1471,#2322,.T.);
#2320 = VERTEX_POINT('',#2321);
#2321 = CARTESIAN_POINT('',(18.737347181489,15.077442050064,
    6.149371867901));
#2322 = LINE('',#2323,#2324);
#2323 = CARTESIAN_POINT('',(21.749429084392,15.077442050064,
    6.149371867901));
#2324 = VECTOR('',#2325,1.);
#2325 = DIRECTION('',(1.,-2.775557561563E-16,0.));
#2326 = ORIENTED_EDGE('',*,*,#2327,.F.);
#2327 = EDGE_CURVE('',#2328,#2320,#2330,.T.);
#2328 = VERTEX_POINT('',#2329);
#2329 = CARTESIAN_POINT('',(18.737347181489,15.077442050064,
    6.549371867901));
#2330 = LINE('',#2331,#2332);
#2331 = CARTESIAN_POINT('',(18.737347181489,15.077442050064,
    6.549371867901));
#2332 = VECTOR('',#2333,1.);
#2333 = DIRECTION('',(0.,0.,-1.));
#2334 = ORIENTED_EDGE('',*,*,#2335,.F.);
#2335 = EDGE_CURVE('',#1924,#2328,#2336,.T.);
#2336 = LINE('',#2337,#2338);
#2337 = CARTESIAN_POINT('',(23.181070736598,15.077442050064,
    6.549371867901));
#2338 = VECTOR('',#2339,1.);
#2339 = DIRECTION('',(-1.,-1.110223024625E-16,0.));
#2340 = ORIENTED_EDGE('',*,*,#1923,.F.);
#2341 = PLANE('',#2342);
#2342 = AXIS2_PLACEMENT_3D('',#2343,#2344,#2345);
#2343 = CARTESIAN_POINT('',(20.957491564167,15.077442050064,
    6.549371867901));
#2344 = DIRECTION('',(-2.775557561563E-16,-1.,0.));
#2345 = DIRECTION('',(-1.,2.775557561563E-16,0.));
#2346 = ADVANCED_FACE('',(#2347),#2374,.T.);
#2347 = FACE_BOUND('',#2348,.T.);
#2348 = EDGE_LOOP('',(#2349,#2358,#2366,#2373));
#2349 = ORIENTED_EDGE('',*,*,#2350,.F.);
#2350 = EDGE_CURVE('',#2351,#2320,#2353,.T.);
#2351 = VERTEX_POINT('',#2352);
#2352 = CARTESIAN_POINT('',(18.100761815635,15.006710342746,
    6.149371867901));
#2353 = CIRCLE('',#2354,2.899999999981);
#2354 = AXIS2_PLACEMENT_3D('',#2355,#2356,#2357);
#2355 = CARTESIAN_POINT('',(18.737347181489,12.177442050083,
    6.149371867901));
#2356 = DIRECTION('',(0.,0.,-1.));
#2357 = DIRECTION('',(1.196361017923E-15,1.,0.));
#2358 = ORIENTED_EDGE('',*,*,#2359,.F.);
#2359 = EDGE_CURVE('',#2360,#2351,#2362,.T.);
#2360 = VERTEX_POINT('',#2361);
#2361 = CARTESIAN_POINT('',(18.100761815635,15.006710342746,
    6.549371867901));
#2362 = LINE('',#2363,#2364);
#2363 = CARTESIAN_POINT('',(18.100761815635,15.006710342746,
    6.549371867901));
#2364 = VECTOR('',#2365,1.);
#2365 = DIRECTION('',(0.,0.,-1.));
#2366 = ORIENTED_EDGE('',*,*,#2367,.F.);
#2367 = EDGE_CURVE('',#2328,#2360,#2368,.T.);
#2368 = CIRCLE('',#2369,2.899999999981);
#2369 = AXIS2_PLACEMENT_3D('',#2370,#2371,#2372);
#2370 = CARTESIAN_POINT('',(18.737347181489,12.177442050083,
    6.549371867901));
#2371 = DIRECTION('',(0.,0.,1.));
#2372 = DIRECTION('',(-0.707106781187,0.707106781187,0.));
#2373 = ORIENTED_EDGE('',*,*,#2327,.T.);
#2374 = CYLINDRICAL_SURFACE('',#2375,2.899999999981);
#2375 = AXIS2_PLACEMENT_3D('',#2376,#2377,#2378);
#2376 = CARTESIAN_POINT('',(18.737347181489,12.177442050083,
    6.549371867901));
#2377 = DIRECTION('',(0.,0.,-1.));
#2378 = DIRECTION('',(-1.196361017923E-15,-1.,-0.));
#2379 = ADVANCED_FACE('',(#2380),#2398,.F.);
#2380 = FACE_BOUND('',#2381,.F.);
#2381 = EDGE_LOOP('',(#2382,#2389,#2390,#2397));
#2382 = ORIENTED_EDGE('',*,*,#2383,.T.);
#2383 = EDGE_CURVE('',#1530,#2351,#2384,.T.);
#2384 = CIRCLE('',#2385,1.2);
#2385 = AXIS2_PLACEMENT_3D('',#2386,#2387,#2388);
#2386 = CARTESIAN_POINT('',(17.837347181487,16.177442050063,
    6.149371867901));
#2387 = DIRECTION('',(0.,0.,1.));
#2388 = DIRECTION('',(-0.624695047553,-0.780868809444,0.));
#2389 = ORIENTED_EDGE('',*,*,#2359,.F.);
#2390 = ORIENTED_EDGE('',*,*,#2391,.T.);
#2391 = EDGE_CURVE('',#2360,#1965,#2392,.T.);
#2392 = CIRCLE('',#2393,1.2);
#2393 = AXIS2_PLACEMENT_3D('',#2394,#2395,#2396);
#2394 = CARTESIAN_POINT('',(17.837347181487,16.177442050063,
    6.549371867901));
#2395 = DIRECTION('',(0.,0.,-1.));
#2396 = DIRECTION('',(-0.624695047553,-0.780868809444,-0.));
#2397 = ORIENTED_EDGE('',*,*,#1964,.T.);
#2398 = CYLINDRICAL_SURFACE('',#2399,1.2);
#2399 = AXIS2_PLACEMENT_3D('',#2400,#2401,#2402);
#2400 = CARTESIAN_POINT('',(17.837347181487,16.177442050063,
    6.549371867901));
#2401 = DIRECTION('',(0.,0.,-1.));
#2402 = DIRECTION('',(-0.624695047553,-0.780868809444,-0.));
#2403 = ADVANCED_FACE('',(#2404),#2429,.F.);
#2404 = FACE_BOUND('',#2405,.T.);
#2405 = EDGE_LOOP('',(#2406,#2414,#2422,#2428));
#2406 = ORIENTED_EDGE('',*,*,#2407,.F.);
#2407 = EDGE_CURVE('',#2408,#1429,#2410,.T.);
#2408 = VERTEX_POINT('',#2409);
#2409 = CARTESIAN_POINT('',(21.116139178206,16.092060318492,
    6.149371867901));
#2410 = LINE('',#2411,#2412);
#2411 = CARTESIAN_POINT('',(22.210927149855,23.093690206299,
    6.149371867901));
#2412 = VECTOR('',#2413,1.);
#2413 = DIRECTION('',(0.15448477631,0.98799516896,0.));
#2414 = ORIENTED_EDGE('',*,*,#2415,.F.);
#2415 = EDGE_CURVE('',#2416,#2408,#2418,.T.);
#2416 = VERTEX_POINT('',#2417);
#2417 = CARTESIAN_POINT('',(21.116139178206,16.092060318492,
    6.549371867901));
#2418 = LINE('',#2419,#2420);
#2419 = CARTESIAN_POINT('',(21.116139178206,16.092060318492,
    6.549371867901));
#2420 = VECTOR('',#2421,1.);
#2421 = DIRECTION('',(0.,0.,-1.));
#2422 = ORIENTED_EDGE('',*,*,#2423,.F.);
#2423 = EDGE_CURVE('',#1553,#2416,#2424,.T.);
#2424 = LINE('',#2425,#2426);
#2425 = CARTESIAN_POINT('',(21.890068446344,21.04166374415,
    6.549371867901));
#2426 = VECTOR('',#2427,1.);
#2427 = DIRECTION('',(-0.15448477631,-0.98799516896,0.));
#2428 = ORIENTED_EDGE('',*,*,#1563,.F.);
#2429 = PLANE('',#2430);
#2430 = AXIS2_PLACEMENT_3D('',#2431,#2432,#2433);
#2431 = CARTESIAN_POINT('',(22.292567578986,23.61581511401,
    6.549371867901));
#2432 = DIRECTION('',(0.98799516896,-0.15448477631,0.));
#2433 = DIRECTION('',(0.,0.,-1.));
#2434 = ADVANCED_FACE('',(#2435),#2453,.F.);
#2435 = FACE_BOUND('',#2436,.F.);
#2436 = EDGE_LOOP('',(#2437,#2444,#2445,#2452));
#2437 = ORIENTED_EDGE('',*,*,#2438,.T.);
#2438 = EDGE_CURVE('',#1488,#2408,#2439,.T.);
#2439 = CIRCLE('',#2440,1.2);
#2440 = AXIS2_PLACEMENT_3D('',#2441,#2442,#2443);
#2441 = CARTESIAN_POINT('',(19.930544975454,16.277442050064,
    6.149371867901));
#2442 = DIRECTION('',(-0.,0.,1.));
#2443 = DIRECTION('',(0.65019813276,-0.759764692622,0.));
#2444 = ORIENTED_EDGE('',*,*,#2415,.F.);
#2445 = ORIENTED_EDGE('',*,*,#2446,.T.);
#2446 = EDGE_CURVE('',#2416,#1933,#2447,.T.);
#2447 = CIRCLE('',#2448,1.2);
#2448 = AXIS2_PLACEMENT_3D('',#2449,#2450,#2451);
#2449 = CARTESIAN_POINT('',(19.930544975454,16.277442050064,
    6.549371867901));
#2450 = DIRECTION('',(0.,0.,-1.));
#2451 = DIRECTION('',(0.65019813276,-0.759764692622,0.));
#2452 = ORIENTED_EDGE('',*,*,#1932,.T.);
#2453 = CYLINDRICAL_SURFACE('',#2454,1.2);
#2454 = AXIS2_PLACEMENT_3D('',#2455,#2456,#2457);
#2455 = CARTESIAN_POINT('',(19.930544975454,16.277442050064,
    6.549371867901));
#2456 = DIRECTION('',(0.,0.,-1.));
#2457 = DIRECTION('',(0.65019813276,-0.759764692622,0.));
#2458 = ADVANCED_FACE('',(#2459),#2486,.F.);
#2459 = FACE_BOUND('',#2460,.F.);
#2460 = EDGE_LOOP('',(#2461,#2470,#2478,#2485));
#2461 = ORIENTED_EDGE('',*,*,#2462,.T.);
#2462 = EDGE_CURVE('',#1773,#2463,#2465,.T.);
#2463 = VERTEX_POINT('',#2464);
#2464 = CARTESIAN_POINT('',(24.874347824951,14.845255674881,
    6.149371867901));
#2465 = CIRCLE('',#2466,1.2);
#2466 = AXIS2_PLACEMENT_3D('',#2467,#2468,#2469);
#2467 = CARTESIAN_POINT('',(25.344830849835,15.949178554114,
    6.149371867901));
#2468 = DIRECTION('',(0.,0.,1.));
#2469 = DIRECTION('',(-0.874493718942,-0.485036839355,0.));
#2470 = ORIENTED_EDGE('',*,*,#2471,.F.);
#2471 = EDGE_CURVE('',#2472,#2463,#2474,.T.);
#2472 = VERTEX_POINT('',#2473);
#2473 = CARTESIAN_POINT('',(24.874347824951,14.845255674881,
    6.549371867901));
#2474 = LINE('',#2475,#2476);
#2475 = CARTESIAN_POINT('',(24.874347824951,14.845255674881,
    6.549371867901));
#2476 = VECTOR('',#2477,1.);
#2477 = DIRECTION('',(0.,0.,-1.));
#2478 = ORIENTED_EDGE('',*,*,#2479,.T.);
#2479 = EDGE_CURVE('',#2472,#1901,#2480,.T.);
#2480 = CIRCLE('',#2481,1.2);
#2481 = AXIS2_PLACEMENT_3D('',#2482,#2483,#2484);
#2482 = CARTESIAN_POINT('',(25.344830849835,15.949178554114,
    6.549371867901));
#2483 = DIRECTION('',(0.,0.,-1.));
#2484 = DIRECTION('',(-0.874493718942,-0.485036839355,-0.));
#2485 = ORIENTED_EDGE('',*,*,#1900,.T.);
#2486 = CYLINDRICAL_SURFACE('',#2487,1.2);
#2487 = AXIS2_PLACEMENT_3D('',#2488,#2489,#2490);
#2488 = CARTESIAN_POINT('',(25.344830849835,15.949178554114,
    6.549371867901));
#2489 = DIRECTION('',(0.,0.,-1.));
#2490 = DIRECTION('',(-0.874493718942,-0.485036839355,-0.));
#2491 = ADVANCED_FACE('',(#2492),#2519,.F.);
#2492 = FACE_BOUND('',#2493,.F.);
#2493 = EDGE_LOOP('',(#2494,#2503,#2511,#2518));
#2494 = ORIENTED_EDGE('',*,*,#2495,.T.);
#2495 = EDGE_CURVE('',#1699,#2496,#2498,.T.);
#2496 = VERTEX_POINT('',#2497);
#2497 = CARTESIAN_POINT('',(28.930461164348,20.756030375711,
    6.149371867901));
#2498 = CIRCLE('',#2499,1.2);
#2499 = AXIS2_PLACEMENT_3D('',#2500,#2501,#2502);
#2500 = CARTESIAN_POINT('',(28.745079432776,19.570436172959,
    6.149371867901));
#2501 = DIRECTION('',(0.,-0.,1.));
#2502 = DIRECTION('',(0.80785531667,0.589380850832,0.));
#2503 = ORIENTED_EDGE('',*,*,#2504,.F.);
#2504 = EDGE_CURVE('',#2505,#2496,#2507,.T.);
#2505 = VERTEX_POINT('',#2506);
#2506 = CARTESIAN_POINT('',(28.930461164348,20.756030375711,
    6.549371867901));
#2507 = LINE('',#2508,#2509);
#2508 = CARTESIAN_POINT('',(28.930461164348,20.756030375711,
    6.549371867901));
#2509 = VECTOR('',#2510,1.);
#2510 = DIRECTION('',(0.,0.,-1.));
#2511 = ORIENTED_EDGE('',*,*,#2512,.T.);
#2512 = EDGE_CURVE('',#2505,#1869,#2513,.T.);
#2513 = CIRCLE('',#2514,1.2);
#2514 = AXIS2_PLACEMENT_3D('',#2515,#2516,#2517);
#2515 = CARTESIAN_POINT('',(28.745079432776,19.570436172959,
    6.549371867901));
#2516 = DIRECTION('',(0.,0.,-1.));
#2517 = DIRECTION('',(0.80785531667,0.589380850832,0.));
#2518 = ORIENTED_EDGE('',*,*,#1868,.T.);
#2519 = CYLINDRICAL_SURFACE('',#2520,1.2);
#2520 = AXIS2_PLACEMENT_3D('',#2521,#2522,#2523);
#2521 = CARTESIAN_POINT('',(28.745079432776,19.570436172959,
    6.549371867901));
#2522 = DIRECTION('',(0.,0.,-1.));
#2523 = DIRECTION('',(0.80785531667,0.589380850832,0.));
#2524 = ADVANCED_FACE('',(#2525),#2550,.F.);
#2525 = FACE_BOUND('',#2526,.T.);
#2526 = EDGE_LOOP('',(#2527,#2535,#2543,#2549));
#2527 = ORIENTED_EDGE('',*,*,#2528,.F.);
#2528 = EDGE_CURVE('',#2529,#1754,#2531,.T.);
#2529 = VERTEX_POINT('',#2530);
#2530 = CARTESIAN_POINT('',(24.793098756936,20.188375278199,
    6.149371867901));
#2531 = LINE('',#2532,#2533);
#2532 = CARTESIAN_POINT('',(24.542730827926,18.587166989377,
    6.149371867901));
#2533 = VECTOR('',#2534,1.);
#2534 = DIRECTION('',(-0.15448477631,-0.98799516896,0.));
#2535 = ORIENTED_EDGE('',*,*,#2536,.F.);
#2536 = EDGE_CURVE('',#2537,#2529,#2539,.T.);
#2537 = VERTEX_POINT('',#2538);
#2538 = CARTESIAN_POINT('',(24.793098756936,20.188375278199,
    6.549371867901));
#2539 = LINE('',#2540,#2541);
#2540 = CARTESIAN_POINT('',(24.793098756936,20.188375278199,
    6.549371867901));
#2541 = VECTOR('',#2542,1.);
#2542 = DIRECTION('',(0.,0.,-1.));
#2543 = ORIENTED_EDGE('',*,*,#2544,.F.);
#2544 = EDGE_CURVE('',#1892,#2537,#2545,.T.);
#2545 = LINE('',#2546,#2547);
#2546 = CARTESIAN_POINT('',(24.221872124415,16.535140527228,
    6.549371867901));
#2547 = VECTOR('',#2548,1.);
#2548 = DIRECTION('',(0.15448477631,0.98799516896,0.));
#2549 = ORIENTED_EDGE('',*,*,#1891,.F.);
#2550 = PLANE('',#2551);
#2551 = AXIS2_PLACEMENT_3D('',#2552,#2553,#2554);
#2552 = CARTESIAN_POINT('',(23.992189428248,15.066223009096,
    6.549371867901));
#2553 = DIRECTION('',(-0.98799516896,0.15448477631,0.));
#2554 = DIRECTION('',(0.,0.,1.));
#2555 = ADVANCED_FACE('',(#2556),#2574,.T.);
#2556 = FACE_BOUND('',#2557,.T.);
#2557 = EDGE_LOOP('',(#2558,#2565,#2566,#2573));
#2558 = ORIENTED_EDGE('',*,*,#2559,.F.);
#2559 = EDGE_CURVE('',#2463,#1596,#2560,.T.);
#2560 = CIRCLE('',#2561,2.899999999981);
#2561 = AXIS2_PLACEMENT_3D('',#2562,#2563,#2564);
#2562 = CARTESIAN_POINT('',(23.737347181489,12.177442050083,
    6.149371867901));
#2563 = DIRECTION('',(0.,0.,-1.));
#2564 = DIRECTION('',(1.,1.196361017923E-15,0.));
#2565 = ORIENTED_EDGE('',*,*,#2471,.F.);
#2566 = ORIENTED_EDGE('',*,*,#2567,.T.);
#2567 = EDGE_CURVE('',#2472,#1828,#2568,.T.);
#2568 = CIRCLE('',#2569,2.899999999981);
#2569 = AXIS2_PLACEMENT_3D('',#2570,#2571,#2572);
#2570 = CARTESIAN_POINT('',(23.737347181489,12.177442050083,
    6.549371867901));
#2571 = DIRECTION('',(0.,0.,-1.));
#2572 = DIRECTION('',(-1.,0.,0.));
#2573 = ORIENTED_EDGE('',*,*,#1827,.F.);
#2574 = CYLINDRICAL_SURFACE('',#2575,2.899999999981);
#2575 = AXIS2_PLACEMENT_3D('',#2576,#2577,#2578);
#2576 = CARTESIAN_POINT('',(23.737347181489,12.177442050083,
    6.549371867901));
#2577 = DIRECTION('',(0.,0.,-1.));
#2578 = DIRECTION('',(-1.,-1.196361017923E-15,-0.));
#2579 = ADVANCED_FACE('',(#2580),#2607,.F.);
#2580 = FACE_BOUND('',#2581,.F.);
#2581 = EDGE_LOOP('',(#2582,#2591,#2599,#2606));
#2582 = ORIENTED_EDGE('',*,*,#2583,.T.);
#2583 = EDGE_CURVE('',#1615,#2584,#2586,.T.);
#2584 = VERTEX_POINT('',#2585);
#2585 = CARTESIAN_POINT('',(27.515696501776,12.040101704165,
    6.149371867901));
#2586 = CIRCLE('',#2587,1.2);
#2587 = AXIS2_PLACEMENT_3D('',#2588,#2589,#2590);
#2588 = CARTESIAN_POINT('',(27.701078233348,13.225695906917,
    6.149371867901));
#2589 = DIRECTION('',(0.,0.,1.));
#2590 = DIRECTION('',(-0.669607307426,-0.7427153249,0.));
#2591 = ORIENTED_EDGE('',*,*,#2592,.F.);
#2592 = EDGE_CURVE('',#2593,#2584,#2595,.T.);
#2593 = VERTEX_POINT('',#2594);
#2594 = CARTESIAN_POINT('',(27.515696501776,12.040101704165,
    6.549371867901));
#2595 = LINE('',#2596,#2597);
#2596 = CARTESIAN_POINT('',(27.515696501776,12.040101704165,
    6.549371867901));
#2597 = VECTOR('',#2598,1.);
#2598 = DIRECTION('',(0.,0.,-1.));
#2599 = ORIENTED_EDGE('',*,*,#2600,.T.);
#2600 = EDGE_CURVE('',#2593,#1837,#2601,.T.);
#2601 = CIRCLE('',#2602,1.2);
#2602 = AXIS2_PLACEMENT_3D('',#2603,#2604,#2605);
#2603 = CARTESIAN_POINT('',(27.701078233348,13.225695906917,
    6.549371867901));
#2604 = DIRECTION('',(0.,0.,-1.));
#2605 = DIRECTION('',(-0.669607307426,-0.7427153249,-0.));
#2606 = ORIENTED_EDGE('',*,*,#1836,.T.);
#2607 = CYLINDRICAL_SURFACE('',#2608,1.2);
#2608 = AXIS2_PLACEMENT_3D('',#2609,#2610,#2611);
#2609 = CARTESIAN_POINT('',(27.701078233348,13.225695906917,
    6.549371867901));
#2610 = DIRECTION('',(0.,0.,-1.));
#2611 = DIRECTION('',(-0.669607307426,-0.7427153249,-0.));
#2612 = ADVANCED_FACE('',(#2613),#2629,.F.);
#2613 = FACE_BOUND('',#2614,.T.);
#2614 = EDGE_LOOP('',(#2615,#2621,#2622,#2628));
#2615 = ORIENTED_EDGE('',*,*,#2616,.F.);
#2616 = EDGE_CURVE('',#2584,#1638,#2617,.T.);
#2617 = LINE('',#2618,#2619);
#2618 = CARTESIAN_POINT('',(24.907236938245,12.44796533027,
    6.149371867901));
#2619 = VECTOR('',#2620,1.);
#2620 = DIRECTION('',(0.98799516896,-0.15448477631,0.));
#2621 = ORIENTED_EDGE('',*,*,#2592,.F.);
#2622 = ORIENTED_EDGE('',*,*,#2623,.F.);
#2623 = EDGE_CURVE('',#1796,#2593,#2624,.T.);
#2624 = LINE('',#2625,#2626);
#2625 = CARTESIAN_POINT('',(25.269809485301,12.391272807282,
    6.549371867901));
#2626 = VECTOR('',#2627,1.);
#2627 = DIRECTION('',(-0.98799516896,0.15448477631,0.));
#2628 = ORIENTED_EDGE('',*,*,#1795,.F.);
#2629 = PLANE('',#2630);
#2630 = AXIS2_PLACEMENT_3D('',#2631,#2632,#2633);
#2631 = CARTESIAN_POINT('',(28.751977189034,11.84679453888,
    6.549371867901));
#2632 = DIRECTION('',(-0.15448477631,-0.98799516896,0.));
#2633 = DIRECTION('',(-0.98799516896,0.15448477631,0.));
#2634 = ADVANCED_FACE('',(#2635),#2662,.F.);
#2635 = FACE_BOUND('',#2636,.F.);
#2636 = EDGE_LOOP('',(#2637,#2646,#2654,#2661));
#2637 = ORIENTED_EDGE('',*,*,#2638,.T.);
#2638 = EDGE_CURVE('',#1657,#2639,#2641,.T.);
#2639 = VERTEX_POINT('',#2640);
#2640 = CARTESIAN_POINT('',(28.937358920606,13.032388741632,
    6.149371867901));
#2641 = CIRCLE('',#2642,1.2);
#2642 = AXIS2_PLACEMENT_3D('',#2643,#2644,#2645);
#2643 = CARTESIAN_POINT('',(27.751764717854,13.217770473204,
    6.149371867901));
#2644 = DIRECTION('',(-0.,0.,1.));
#2645 = DIRECTION('',(0.589380850832,-0.80785531667,0.));
#2646 = ORIENTED_EDGE('',*,*,#2647,.F.);
#2647 = EDGE_CURVE('',#2648,#2639,#2650,.T.);
#2648 = VERTEX_POINT('',#2649);
#2649 = CARTESIAN_POINT('',(28.937358920606,13.032388741632,
    6.549371867901));
#2650 = LINE('',#2651,#2652);
#2651 = CARTESIAN_POINT('',(28.937358920606,13.032388741632,
    6.549371867901));
#2652 = VECTOR('',#2653,1.);
#2653 = DIRECTION('',(0.,0.,-1.));
#2654 = ORIENTED_EDGE('',*,*,#2655,.F.);
#2655 = EDGE_CURVE('',#1805,#2648,#2656,.T.);
#2656 = CIRCLE('',#2657,1.2);
#2657 = AXIS2_PLACEMENT_3D('',#2658,#2659,#2660);
#2658 = CARTESIAN_POINT('',(27.751764717854,13.217770473204,
    6.549371867901));
#2659 = DIRECTION('',(-0.,0.,1.));
#2660 = DIRECTION('',(0.589380850832,-0.80785531667,0.));
#2661 = ORIENTED_EDGE('',*,*,#1804,.T.);
#2662 = CYLINDRICAL_SURFACE('',#2663,1.2);
#2663 = AXIS2_PLACEMENT_3D('',#2664,#2665,#2666);
#2664 = CARTESIAN_POINT('',(27.751764717854,13.217770473204,
    6.549371867901));
#2665 = DIRECTION('',(0.,0.,-1.));
#2666 = DIRECTION('',(0.589380850832,-0.80785531667,0.));
#2667 = ADVANCED_FACE('',(#2668),#2684,.F.);
#2668 = FACE_BOUND('',#2669,.T.);
#2669 = EDGE_LOOP('',(#2670,#2676,#2677,#2683));
#2670 = ORIENTED_EDGE('',*,*,#2671,.F.);
#2671 = EDGE_CURVE('',#2639,#1680,#2672,.T.);
#2672 = LINE('',#2673,#2674);
#2673 = CARTESIAN_POINT('',(30.173451236648,20.937719388492,
    6.149371867901));
#2674 = VECTOR('',#2675,1.);
#2675 = DIRECTION('',(0.15448477631,0.98799516896,0.));
#2676 = ORIENTED_EDGE('',*,*,#2647,.F.);
#2677 = ORIENTED_EDGE('',*,*,#2678,.F.);
#2678 = EDGE_CURVE('',#1860,#2648,#2679,.T.);
#2679 = LINE('',#2680,#2681);
#2680 = CARTESIAN_POINT('',(29.852592533137,18.885692926343,
    6.549371867901));
#2681 = VECTOR('',#2682,1.);
#2682 = DIRECTION('',(-0.15448477631,-0.98799516896,0.));
#2683 = ORIENTED_EDGE('',*,*,#1859,.F.);
#2684 = PLANE('',#2685);
#2685 = AXIS2_PLACEMENT_3D('',#2686,#2687,#2688);
#2686 = CARTESIAN_POINT('',(30.1160553671,20.570648644139,6.549371867901
    ));
#2687 = DIRECTION('',(0.98799516896,-0.15448477631,0.));
#2688 = DIRECTION('',(0.,0.,-1.));
#2689 = ADVANCED_FACE('',(#2690),#2709,.F.);
#2690 = FACE_BOUND('',#2691,.F.);
#2691 = EDGE_LOOP('',(#2692,#2701,#2707,#2708));
#2692 = ORIENTED_EDGE('',*,*,#2693,.F.);
#2693 = EDGE_CURVE('',#2694,#1764,#2696,.T.);
#2694 = VERTEX_POINT('',#2695);
#2695 = CARTESIAN_POINT('',(24.795933987471,14.661268528342,
    5.949371867901));
#2696 = CIRCLE('',#2697,1.4);
#2697 = AXIS2_PLACEMENT_3D('',#2698,#2699,#2700);
#2698 = CARTESIAN_POINT('',(25.344830849835,15.949178554114,
    5.949371867901));
#2699 = DIRECTION('',(0.,0.,-1.));
#2700 = DIRECTION('',(-0.874493718942,-0.485036839355,-0.));
#2701 = ORIENTED_EDGE('',*,*,#2702,.T.);
#2702 = EDGE_CURVE('',#2694,#2463,#2703,.T.);
#2703 = LINE('',#2704,#2705);
#2704 = CARTESIAN_POINT('',(24.795933987471,14.661268528342,
    5.949371867901));
#2705 = VECTOR('',#2706,1.);
#2706 = DIRECTION('',(0.277234781107,0.650492794844,0.707106781187));
#2707 = ORIENTED_EDGE('',*,*,#2462,.F.);
#2708 = ORIENTED_EDGE('',*,*,#1772,.T.);
#2709 = CONICAL_SURFACE('',#2710,1.3,0.785398163397);
#2710 = AXIS2_PLACEMENT_3D('',#2711,#2712,#2713);
#2711 = CARTESIAN_POINT('',(25.344830849835,15.949178554114,
    6.049371867901));
#2712 = DIRECTION('',(0.,0.,-1.));
#2713 = DIRECTION('',(-0.874493718942,-0.485036839355,-0.));
#2714 = ADVANCED_FACE('',(#2715),#2733,.T.);
#2715 = FACE_BOUND('',#2716,.T.);
#2716 = EDGE_LOOP('',(#2717,#2718,#2726,#2732));
#2717 = ORIENTED_EDGE('',*,*,#1753,.T.);
#2718 = ORIENTED_EDGE('',*,*,#2719,.T.);
#2719 = EDGE_CURVE('',#1756,#2720,#2722,.T.);
#2720 = VERTEX_POINT('',#2721);
#2721 = CARTESIAN_POINT('',(24.595499723144,20.219272233461,
    5.949371867901));
#2722 = LINE('',#2723,#2724);
#2723 = CARTESIAN_POINT('',(24.345131794134,18.618063944639,
    5.949371867901));
#2724 = VECTOR('',#2725,1.);
#2725 = DIRECTION('',(0.15448477631,0.98799516896,0.));
#2726 = ORIENTED_EDGE('',*,*,#2727,.F.);
#2727 = EDGE_CURVE('',#2529,#2720,#2728,.T.);
#2728 = LINE('',#2729,#2730);
#2729 = CARTESIAN_POINT('',(24.793098756936,20.188375278199,
    6.149371867901));
#2730 = VECTOR('',#2731,1.);
#2731 = DIRECTION('',(-0.698618083751,0.109237232919,-0.707106781187));
#2732 = ORIENTED_EDGE('',*,*,#2528,.T.);
#2733 = PLANE('',#2734);
#2734 = AXIS2_PLACEMENT_3D('',#2735,#2736,#2737);
#2735 = CARTESIAN_POINT('',(24.44393131103,18.602615467008,
    6.049371867901));
#2736 = DIRECTION('',(0.698618083751,-0.109237232919,-0.707106781187));
#2737 = DIRECTION('',(0.,-0.988276652592,0.152673697608));
#2738 = ADVANCED_FACE('',(#2739),#2757,.F.);
#2739 = FACE_BOUND('',#2740,.F.);
#2740 = EDGE_LOOP('',(#2741,#2748,#2749,#2756));
#2741 = ORIENTED_EDGE('',*,*,#2742,.F.);
#2742 = EDGE_CURVE('',#2720,#1730,#2743,.T.);
#2743 = CIRCLE('',#2744,1.4);
#2744 = AXIS2_PLACEMENT_3D('',#2745,#2746,#2747);
#2745 = CARTESIAN_POINT('',(25.978692959688,20.002993546627,
    5.949371867901));
#2746 = DIRECTION('',(0.,0.,-1.));
#2747 = DIRECTION('',(-0.589380850832,0.80785531667,0.));
#2748 = ORIENTED_EDGE('',*,*,#2727,.F.);
#2749 = ORIENTED_EDGE('',*,*,#2750,.F.);
#2750 = EDGE_CURVE('',#1087,#2529,#2751,.T.);
#2751 = CIRCLE('',#2752,1.2);
#2752 = AXIS2_PLACEMENT_3D('',#2753,#2754,#2755);
#2753 = CARTESIAN_POINT('',(25.978692959688,20.002993546627,
    6.149371867901));
#2754 = DIRECTION('',(0.,0.,1.));
#2755 = DIRECTION('',(-0.589380850832,0.80785531667,0.));
#2756 = ORIENTED_EDGE('',*,*,#1738,.T.);
#2757 = CONICAL_SURFACE('',#2758,1.3,0.785398163397);
#2758 = AXIS2_PLACEMENT_3D('',#2759,#2760,#2761);
#2759 = CARTESIAN_POINT('',(25.978692959688,20.002993546627,
    6.049371867901));
#2760 = DIRECTION('',(0.,0.,-1.));
#2761 = DIRECTION('',(-0.589380850832,0.80785531667,0.));
#2762 = ADVANCED_FACE('',(#2763),#2786,.T.);
#2763 = FACE_BOUND('',#2764,.T.);
#2764 = EDGE_LOOP('',(#2765,#2766,#2774,#2780));
#2765 = ORIENTED_EDGE('',*,*,#1721,.T.);
#2766 = ORIENTED_EDGE('',*,*,#2767,.T.);
#2767 = EDGE_CURVE('',#1722,#2768,#2770,.T.);
#2768 = VERTEX_POINT('',#2769);
#2769 = CARTESIAN_POINT('',(28.96135811961,20.953629409503,
    5.949371867901));
#2770 = LINE('',#2771,#2772);
#2771 = CARTESIAN_POINT('',(23.733424632277,21.771078887727,
    5.949371867901));
#2772 = VECTOR('',#2773,1.);
#2773 = DIRECTION('',(0.98799516896,-0.15448477631,0.));
#2774 = ORIENTED_EDGE('',*,*,#2775,.F.);
#2775 = EDGE_CURVE('',#2496,#2768,#2776,.T.);
#2776 = LINE('',#2777,#2778);
#2777 = CARTESIAN_POINT('',(28.930461164348,20.756030375711,
    6.149371867901));
#2778 = VECTOR('',#2779,1.);
#2779 = DIRECTION('',(0.109237232919,0.698618083751,-0.707106781187));
#2780 = ORIENTED_EDGE('',*,*,#2781,.T.);
#2781 = EDGE_CURVE('',#2496,#1079,#2782,.T.);
#2782 = LINE('',#2783,#2784);
#2783 = CARTESIAN_POINT('',(23.702527677015,21.573479853935,
    6.149371867901));
#2784 = VECTOR('',#2785,1.);
#2785 = DIRECTION('',(-0.98799516896,0.15448477631,0.));
#2786 = PLANE('',#2787);
#2787 = AXIS2_PLACEMENT_3D('',#2788,#2789,#2790);
#2788 = CARTESIAN_POINT('',(23.717976154646,21.672279370832,
    6.049371867901));
#2789 = DIRECTION('',(-0.109237232919,-0.698618083751,-0.707106781187));
#2790 = DIRECTION('',(6.938893903907E-18,-0.711363790113,0.702823988005)
  );
#2791 = ADVANCED_FACE('',(#2792),#2804,.F.);
#2792 = FACE_BOUND('',#2793,.F.);
#2793 = EDGE_LOOP('',(#2794,#2801,#2802,#2803));
#2794 = ORIENTED_EDGE('',*,*,#2795,.F.);
#2795 = EDGE_CURVE('',#2768,#1690,#2796,.T.);
#2796 = CIRCLE('',#2797,1.4);
#2797 = AXIS2_PLACEMENT_3D('',#2798,#2799,#2800);
#2798 = CARTESIAN_POINT('',(28.745079432776,19.570436172959,
    5.949371867901));
#2799 = DIRECTION('',(0.,0.,-1.));
#2800 = DIRECTION('',(0.80785531667,0.589380850832,0.));
#2801 = ORIENTED_EDGE('',*,*,#2775,.F.);
#2802 = ORIENTED_EDGE('',*,*,#2495,.F.);
#2803 = ORIENTED_EDGE('',*,*,#1698,.T.);
#2804 = CONICAL_SURFACE('',#2805,1.3,0.785398163397);
#2805 = AXIS2_PLACEMENT_3D('',#2806,#2807,#2808);
#2806 = CARTESIAN_POINT('',(28.745079432776,19.570436172959,
    6.049371867901));
#2807 = DIRECTION('',(0.,0.,-1.));
#2808 = DIRECTION('',(0.80785531667,0.589380850832,0.));
#2809 = ADVANCED_FACE('',(#2810),#2828,.T.);
#2810 = FACE_BOUND('',#2811,.T.);
#2811 = EDGE_LOOP('',(#2812,#2813,#2821,#2827));
#2812 = ORIENTED_EDGE('',*,*,#1679,.T.);
#2813 = ORIENTED_EDGE('',*,*,#2814,.T.);
#2814 = EDGE_CURVE('',#1682,#2815,#2817,.T.);
#2815 = VERTEX_POINT('',#2816);
#2816 = CARTESIAN_POINT('',(29.134957954398,13.00149178637,
    5.949371867901));
#2817 = LINE('',#2818,#2819);
#2818 = CARTESIAN_POINT('',(30.37105027044,20.90682243323,5.949371867901
    ));
#2819 = VECTOR('',#2820,1.);
#2820 = DIRECTION('',(-0.15448477631,-0.98799516896,0.));
#2821 = ORIENTED_EDGE('',*,*,#2822,.F.);
#2822 = EDGE_CURVE('',#2639,#2815,#2823,.T.);
#2823 = LINE('',#2824,#2825);
#2824 = CARTESIAN_POINT('',(28.937358920606,13.032388741632,
    6.149371867901));
#2825 = VECTOR('',#2826,1.);
#2826 = DIRECTION('',(0.698618083751,-0.109237232919,-0.707106781187));
#2827 = ORIENTED_EDGE('',*,*,#2671,.T.);
#2828 = PLANE('',#2829);
#2829 = AXIS2_PLACEMENT_3D('',#2830,#2831,#2832);
#2830 = CARTESIAN_POINT('',(30.272250753544,20.922270910861,
    6.049371867901));
#2831 = DIRECTION('',(-0.698618083751,0.109237232919,-0.707106781187));
#2832 = DIRECTION('',(-0.711363790113,-6.938893903907E-18,0.702823988005
    ));
#2833 = ADVANCED_FACE('',(#2834),#2846,.F.);
#2834 = FACE_BOUND('',#2835,.F.);
#2835 = EDGE_LOOP('',(#2836,#2843,#2844,#2845));
#2836 = ORIENTED_EDGE('',*,*,#2837,.F.);
#2837 = EDGE_CURVE('',#2815,#1648,#2838,.T.);
#2838 = CIRCLE('',#2839,1.4);
#2839 = AXIS2_PLACEMENT_3D('',#2840,#2841,#2842);
#2840 = CARTESIAN_POINT('',(27.751764717854,13.217770473204,
    5.949371867901));
#2841 = DIRECTION('',(0.,0.,-1.));
#2842 = DIRECTION('',(0.589380850832,-0.80785531667,0.));
#2843 = ORIENTED_EDGE('',*,*,#2822,.F.);
#2844 = ORIENTED_EDGE('',*,*,#2638,.F.);
#2845 = ORIENTED_EDGE('',*,*,#1656,.T.);
#2846 = CONICAL_SURFACE('',#2847,1.3,0.785398163397);
#2847 = AXIS2_PLACEMENT_3D('',#2848,#2849,#2850);
#2848 = CARTESIAN_POINT('',(27.751764717854,13.217770473204,
    6.049371867901));
#2849 = DIRECTION('',(0.,0.,-1.));
#2850 = DIRECTION('',(0.589380850832,-0.80785531667,0.));
#2851 = ADVANCED_FACE('',(#2852),#2870,.T.);
#2852 = FACE_BOUND('',#2853,.T.);
#2853 = EDGE_LOOP('',(#2854,#2855,#2863,#2869));
#2854 = ORIENTED_EDGE('',*,*,#1637,.T.);
#2855 = ORIENTED_EDGE('',*,*,#2856,.T.);
#2856 = EDGE_CURVE('',#1640,#2857,#2859,.T.);
#2857 = VERTEX_POINT('',#2858);
#2858 = CARTESIAN_POINT('',(27.484799546514,11.842502670373,
    5.949371867901));
#2859 = LINE('',#2860,#2861);
#2860 = CARTESIAN_POINT('',(24.876339982983,12.250366296478,
    5.949371867901));
#2861 = VECTOR('',#2862,1.);
#2862 = DIRECTION('',(-0.98799516896,0.15448477631,0.));
#2863 = ORIENTED_EDGE('',*,*,#2864,.F.);
#2864 = EDGE_CURVE('',#2584,#2857,#2865,.T.);
#2865 = LINE('',#2866,#2867);
#2866 = CARTESIAN_POINT('',(27.515696501776,12.040101704165,
    6.149371867901));
#2867 = VECTOR('',#2868,1.);
#2868 = DIRECTION('',(-0.109237232919,-0.698618083751,-0.707106781187));
#2869 = ORIENTED_EDGE('',*,*,#2616,.T.);
#2870 = PLANE('',#2871);
#2871 = AXIS2_PLACEMENT_3D('',#2872,#2873,#2874);
#2872 = CARTESIAN_POINT('',(24.891788460614,12.349165813374,
    6.049371867901));
#2873 = DIRECTION('',(0.109237232919,0.698618083751,-0.707106781187));
#2874 = DIRECTION('',(-0.988276652592,0.,-0.152673697608));
#2875 = ADVANCED_FACE('',(#2876),#2888,.F.);
#2876 = FACE_BOUND('',#2877,.F.);
#2877 = EDGE_LOOP('',(#2878,#2885,#2886,#2887));
#2878 = ORIENTED_EDGE('',*,*,#2879,.F.);
#2879 = EDGE_CURVE('',#2857,#1606,#2880,.T.);
#2880 = CIRCLE('',#2881,1.4);
#2881 = AXIS2_PLACEMENT_3D('',#2882,#2883,#2884);
#2882 = CARTESIAN_POINT('',(27.701078233348,13.225695906917,
    5.949371867901));
#2883 = DIRECTION('',(0.,0.,-1.));
#2884 = DIRECTION('',(-0.669607307426,-0.7427153249,-0.));
#2885 = ORIENTED_EDGE('',*,*,#2864,.F.);
#2886 = ORIENTED_EDGE('',*,*,#2583,.F.);
#2887 = ORIENTED_EDGE('',*,*,#1614,.T.);
#2888 = CONICAL_SURFACE('',#2889,1.3,0.785398163397);
#2889 = AXIS2_PLACEMENT_3D('',#2890,#2891,#2892);
#2890 = CARTESIAN_POINT('',(27.701078233348,13.225695906917,
    6.049371867901));
#2891 = DIRECTION('',(0.,0.,-1.));
#2892 = DIRECTION('',(-0.669607307426,-0.7427153249,-0.));
#2893 = ADVANCED_FACE('',(#2894),#2906,.T.);
#2894 = FACE_BOUND('',#2895,.T.);
#2895 = EDGE_LOOP('',(#2896,#2897,#2904,#2905));
#2896 = ORIENTED_EDGE('',*,*,#1595,.T.);
#2897 = ORIENTED_EDGE('',*,*,#2898,.T.);
#2898 = EDGE_CURVE('',#1598,#2694,#2899,.T.);
#2899 = CIRCLE('',#2900,2.699999999981);
#2900 = AXIS2_PLACEMENT_3D('',#2901,#2902,#2903);
#2901 = CARTESIAN_POINT('',(23.737347181489,12.177442050083,
    5.949371867901));
#2902 = DIRECTION('',(0.,-0.,1.));
#2903 = DIRECTION('',(1.,1.284980352584E-15,0.));
#2904 = ORIENTED_EDGE('',*,*,#2702,.T.);
#2905 = ORIENTED_EDGE('',*,*,#2559,.T.);
#2906 = CONICAL_SURFACE('',#2907,2.799999999981,0.785398163397);
#2907 = AXIS2_PLACEMENT_3D('',#2908,#2909,#2910);
#2908 = CARTESIAN_POINT('',(23.737347181489,12.177442050083,
    6.049371867901));
#2909 = DIRECTION('',(0.,0.,1.));
#2910 = DIRECTION('',(1.,1.239088197135E-15,0.));
#2911 = ADVANCED_FACE('',(#2912),#2955,.F.);
#2912 = FACE_BOUND('',#2913,.F.);
#2913 = EDGE_LOOP('',(#2914,#2923,#2929,#2930,#2946,#2947,#2954));
#2914 = ORIENTED_EDGE('',*,*,#2915,.T.);
#2915 = EDGE_CURVE('',#1446,#2916,#2918,.T.);
#2916 = VERTEX_POINT('',#2917);
#2917 = CARTESIAN_POINT('',(21.106973376234,23.801196845582,
    6.149371867901));
#2918 = CIRCLE('',#2919,1.2);
#2919 = AXIS2_PLACEMENT_3D('',#2920,#2921,#2922);
#2920 = CARTESIAN_POINT('',(20.921591644662,22.61560264283,
    6.149371867901));
#2921 = DIRECTION('',(0.,-0.,1.));
#2922 = DIRECTION('',(0.80785531667,0.589380850832,0.));
#2923 = ORIENTED_EDGE('',*,*,#2924,.F.);
#2924 = EDGE_CURVE('',#2060,#2916,#2925,.T.);
#2925 = LINE('',#2926,#2927);
#2926 = CARTESIAN_POINT('',(21.106973376234,23.801196845582,
    6.549371867901));
#2927 = VECTOR('',#2928,1.);
#2928 = DIRECTION('',(0.,0.,-1.));
#2929 = ORIENTED_EDGE('',*,*,#2069,.F.);
#2930 = ORIENTED_EDGE('',*,*,#2931,.T.);
#2931 = EDGE_CURVE('',#2070,#1043,#2932,.T.);
#2932 = B_SPLINE_CURVE_WITH_KNOTS('',3,(#2933,#2934,#2935,#2936,#2937,
    #2938,#2939,#2940,#2941,#2942,#2943,#2944,#2945),.UNSPECIFIED.,.F.,
  .F.,(4,2,2,1,1,1,2,4),(0.,0.48992887135,0.50523914858,0.520549425809,
    0.551169980269,0.612411089187,0.734893307025,0.9798577427),
  .UNSPECIFIED.);
#2933 = CARTESIAN_POINT('',(21.106973376234,23.801196845582,
    7.549371867901));
#2934 = CARTESIAN_POINT('',(21.284773846628,23.773395630799,
    7.385090821074));
#2935 = CARTESIAN_POINT('',(21.4134394988,23.714451379673,7.260682642047
    ));
#2936 = CARTESIAN_POINT('',(21.502343706348,23.665600747781,
    7.174572993643));
#2937 = CARTESIAN_POINT('',(21.505040754873,23.664112605507,
    7.171958839354));
#2938 = CARTESIAN_POINT('',(21.51392631676,23.659118705684,
    7.163335887107));
#2939 = CARTESIAN_POINT('',(21.527163236176,23.651566661666,
    7.150477382179));
#2940 = CARTESIAN_POINT('',(21.557411726557,23.633531632537,
    7.12100969574));
#2941 = CARTESIAN_POINT('',(21.615376370851,23.595924130857,
    7.064244370188));
#2942 = CARTESIAN_POINT('',(21.660781542354,23.561452195674,
    7.019388140194));
#2943 = CARTESIAN_POINT('',(21.746043316157,23.490526693624,
    6.934803874779));
#2944 = CARTESIAN_POINT('',(21.795491433148,23.44063299803,
    6.885288566096));
#2945 = CARTESIAN_POINT('',(21.837899880158,23.390455292339,
    6.842254462088));
#2946 = ORIENTED_EDGE('',*,*,#1042,.T.);
#2947 = ORIENTED_EDGE('',*,*,#2948,.T.);
#2948 = EDGE_CURVE('',#1045,#1571,#2949,.T.);
#2949 = B_SPLINE_CURVE_WITH_KNOTS('',3,(#2950,#2951,#2952,#2953),
  .UNSPECIFIED.,.F.,.F.,(4,4),(0.,9.59086820824E-02),
  .PIECEWISE_BEZIER_KNOTS.);
#2950 = CARTESIAN_POINT('',(21.850163164357,23.375704565476,
    6.829808891922));
#2951 = CARTESIAN_POINT('',(21.864212834033,23.358540915795,
    6.815538293736));
#2952 = CARTESIAN_POINT('',(21.877864503139,23.340958069131,
    6.801457233529));
#2953 = CARTESIAN_POINT('',(21.891059293295,23.322877254944,
    6.787628436428));
#2954 = ORIENTED_EDGE('',*,*,#1570,.T.);
#2955 = CYLINDRICAL_SURFACE('',#2956,1.2);
#2956 = AXIS2_PLACEMENT_3D('',#2957,#2958,#2959);
#2957 = CARTESIAN_POINT('',(20.921591644662,22.61560264283,
    6.549371867901));
#2958 = DIRECTION('',(0.,0.,-1.));
#2959 = DIRECTION('',(0.80785531667,0.589380850832,0.));
#2960 = ADVANCED_FACE('',(#2961),#3015,.F.);
#2961 = FACE_BOUND('',#2962,.F.);
#2962 = EDGE_LOOP('',(#2963,#2973,#2980,#2981,#2999,#3000,#3008));
#2963 = ORIENTED_EDGE('',*,*,#2964,.F.);
#2964 = EDGE_CURVE('',#2965,#2967,#2969,.T.);
#2965 = VERTEX_POINT('',#2966);
#2966 = CARTESIAN_POINT('',(14.851443028207,23.381211123122,
    6.549371867901));
#2967 = VERTEX_POINT('',#2968);
#2968 = CARTESIAN_POINT('',(14.851443028207,23.381211123122,
    6.149371867901));
#2969 = LINE('',#2970,#2971);
#2970 = CARTESIAN_POINT('',(14.851443028207,23.381211123122,
    6.549371867901));
#2971 = VECTOR('',#2972,1.);
#2972 = DIRECTION('',(0.,0.,-1.));
#2973 = ORIENTED_EDGE('',*,*,#2974,.T.);
#2974 = EDGE_CURVE('',#2965,#993,#2975,.T.);
#2975 = CIRCLE('',#2976,1.2);
#2976 = AXIS2_PLACEMENT_3D('',#2977,#2978,#2979);
#2977 = CARTESIAN_POINT('',(16.051436017804,23.377109304247,
    6.549371867901));
#2978 = DIRECTION('',(0.,0.,-1.));
#2979 = DIRECTION('',(-0.15448477631,-0.98799516896,-0.));
#2980 = ORIENTED_EDGE('',*,*,#1017,.T.);
#2981 = ORIENTED_EDGE('',*,*,#2982,.T.);
#2982 = EDGE_CURVE('',#1010,#2022,#2983,.T.);
#2983 = B_SPLINE_CURVE_WITH_KNOTS('',3,(#2984,#2985,#2986,#2987,#2988,
    #2989,#2990,#2991,#2992,#2993,#2994,#2995,#2996,#2997,#2998),
  .UNSPECIFIED.,.F.,.F.,(4,2,2,1,1,1,2,2,4),(0.448493676964,
    0.586370257723,0.655308548103,0.689777693293,0.707012265888,
    0.715629552185,0.719938195334,0.724246838483,1.),.UNSPECIFIED.);
#2984 = CARTESIAN_POINT('',(15.415404430929,24.394677366337,
    6.842329084949));
#2985 = CARTESIAN_POINT('',(15.47057256145,24.429090462176,
    6.884776863423));
#2986 = CARTESIAN_POINT('',(15.532540888353,24.461355158388,
    6.933894518448));
#2987 = CARTESIAN_POINT('',(15.635177087906,24.502901245533,
    7.018245739891));
#2988 = CARTESIAN_POINT('',(15.671001675685,24.515598967864,
    7.048132654042));
#2989 = CARTESIAN_POINT('',(15.727074380817,24.532388537219,
    7.095606361978));
#2990 = CARTESIAN_POINT('',(15.755694578048,24.540218357186,
    7.120002764496));
#2991 = CARTESIAN_POINT('',(15.790087335701,24.548241662891,
    7.149602082277));
#2992 = CARTESIAN_POINT('',(15.807531879579,24.551959668232,
    7.16468256081));
#2993 = CARTESIAN_POINT('',(15.815061025572,24.553488477766,
    7.171205401547));
#2994 = CARTESIAN_POINT('',(15.820092185018,24.554493134279,
    7.175567198547));
#2995 = CARTESIAN_POINT('',(15.823719372889,24.555201556059,
    7.178714685953));
#2996 = CARTESIAN_POINT('',(15.915935763399,24.572996460484,
    7.258773737292));
#2997 = CARTESIAN_POINT('',(16.055606592777,24.591038023069,
    7.381939473393));
#2998 = CARTESIAN_POINT('',(16.236817749376,24.562703506999,
    7.549371867901));
#2999 = ORIENTED_EDGE('',*,*,#2019,.F.);
#3000 = ORIENTED_EDGE('',*,*,#3001,.F.);
#3001 = EDGE_CURVE('',#3002,#2020,#3004,.T.);
#3002 = VERTEX_POINT('',#3003);
#3003 = CARTESIAN_POINT('',(16.236817749376,24.562703506999,
    6.149371867901));
#3004 = LINE('',#3005,#3006);
#3005 = CARTESIAN_POINT('',(16.236817749376,24.562703506999,
    6.549371867901));
#3006 = VECTOR('',#3007,1.);
#3007 = DIRECTION('',(0.,0.,1.));
#3008 = ORIENTED_EDGE('',*,*,#3009,.T.);
#3009 = EDGE_CURVE('',#3002,#2967,#3010,.T.);
#3010 = CIRCLE('',#3011,1.2);
#3011 = AXIS2_PLACEMENT_3D('',#3012,#3013,#3014);
#3012 = CARTESIAN_POINT('',(16.051436017804,23.377109304247,
    6.149371867901));
#3013 = DIRECTION('',(0.,-0.,1.));
#3014 = DIRECTION('',(0.15448477631,0.98799516896,0.));
#3015 = CYLINDRICAL_SURFACE('',#3016,1.2);
#3016 = AXIS2_PLACEMENT_3D('',#3017,#3018,#3019);
#3017 = CARTESIAN_POINT('',(16.051436017804,23.377109304247,
    6.549371867901));
#3018 = DIRECTION('',(0.,0.,1.));
#3019 = DIRECTION('',(-0.15448477631,-0.98799516896,0.));
#3020 = ADVANCED_FACE('',(#3021),#3048,.F.);
#3021 = FACE_BOUND('',#3022,.F.);
#3022 = EDGE_LOOP('',(#3023,#3033,#3040,#3041));
#3023 = ORIENTED_EDGE('',*,*,#3024,.F.);
#3024 = EDGE_CURVE('',#3025,#3027,#3029,.T.);
#3025 = VERTEX_POINT('',#3026);
#3026 = CARTESIAN_POINT('',(15.521146131947,21.48156565383,
    6.549371867901));
#3027 = VERTEX_POINT('',#3028);
#3028 = CARTESIAN_POINT('',(15.521146131947,21.48156565383,
    6.149371867901));
#3029 = LINE('',#3030,#3031);
#3030 = CARTESIAN_POINT('',(15.521146131947,21.48156565383,
    6.549371867901));
#3031 = VECTOR('',#3032,1.);
#3032 = DIRECTION('',(0.,0.,-1.));
#3033 = ORIENTED_EDGE('',*,*,#3034,.T.);
#3034 = EDGE_CURVE('',#3025,#2965,#3035,.T.);
#3035 = CIRCLE('',#3036,3.000000000012);
#3036 = AXIS2_PLACEMENT_3D('',#3037,#3038,#3039);
#3037 = CARTESIAN_POINT('',(17.851425502211,23.370956575933,
    6.549371867901));
#3038 = DIRECTION('',(0.,0.,-1.));
#3039 = DIRECTION('',(-0.992471544837,0.122475437087,0.));
#3040 = ORIENTED_EDGE('',*,*,#2964,.T.);
#3041 = ORIENTED_EDGE('',*,*,#3042,.T.);
#3042 = EDGE_CURVE('',#2967,#3027,#3043,.T.);
#3043 = CIRCLE('',#3044,3.000000000012);
#3044 = AXIS2_PLACEMENT_3D('',#3045,#3046,#3047);
#3045 = CARTESIAN_POINT('',(17.851425502211,23.370956575933,
    6.149371867901));
#3046 = DIRECTION('',(0.,0.,1.));
#3047 = DIRECTION('',(-0.992471544837,0.122475437087,0.));
#3048 = CYLINDRICAL_SURFACE('',#3049,3.000000000012);
#3049 = AXIS2_PLACEMENT_3D('',#3050,#3051,#3052);
#3050 = CARTESIAN_POINT('',(17.851425502211,23.370956575933,
    6.549371867901));
#3051 = DIRECTION('',(0.,0.,-1.));
#3052 = DIRECTION('',(-0.992471544837,0.122475437087,0.));
#3053 = ADVANCED_FACE('',(#3054),#3081,.T.);
#3054 = FACE_BOUND('',#3055,.T.);
#3055 = EDGE_LOOP('',(#3056,#3065,#3066,#3075));
#3056 = ORIENTED_EDGE('',*,*,#3057,.F.);
#3057 = EDGE_CURVE('',#3027,#3058,#3060,.T.);
#3058 = VERTEX_POINT('',#3059);
#3059 = CARTESIAN_POINT('',(16.637347181484,18.332580783665,
    6.149371867901));
#3060 = CIRCLE('',#3061,4.999999999988);
#3061 = AXIS2_PLACEMENT_3D('',#3062,#3063,#3064);
#3062 = CARTESIAN_POINT('',(11.637347181508,18.332580783659,
    6.149371867901));
#3063 = DIRECTION('',(0.,0.,-1.));
#3064 = DIRECTION('',(1.,1.090794121697E-12,0.));
#3065 = ORIENTED_EDGE('',*,*,#3024,.F.);
#3066 = ORIENTED_EDGE('',*,*,#3067,.F.);
#3067 = EDGE_CURVE('',#3068,#3025,#3070,.T.);
#3068 = VERTEX_POINT('',#3069);
#3069 = CARTESIAN_POINT('',(16.637347181484,18.332580783665,
    6.549371867901));
#3070 = CIRCLE('',#3071,4.999999999988);
#3071 = AXIS2_PLACEMENT_3D('',#3072,#3073,#3074);
#3072 = CARTESIAN_POINT('',(11.637347181508,18.332580783659,
    6.549371867901));
#3073 = DIRECTION('',(0.,0.,1.));
#3074 = DIRECTION('',(-1.,-1.090794121697E-12,0.));
#3075 = ORIENTED_EDGE('',*,*,#3076,.T.);
#3076 = EDGE_CURVE('',#3068,#3058,#3077,.T.);
#3077 = LINE('',#3078,#3079);
#3078 = CARTESIAN_POINT('',(16.637347181484,18.332580783665,
    6.549371867901));
#3079 = VECTOR('',#3080,1.);
#3080 = DIRECTION('',(0.,0.,-1.));
#3081 = CYLINDRICAL_SURFACE('',#3082,4.999999999988);
#3082 = AXIS2_PLACEMENT_3D('',#3083,#3084,#3085);
#3083 = CARTESIAN_POINT('',(11.637347181508,18.332580783659,
    6.549371867901));
#3084 = DIRECTION('',(0.,0.,-1.));
#3085 = DIRECTION('',(-1.,-1.090794121697E-12,-0.));
#3086 = ADVANCED_FACE('',(#3087),#3103,.F.);
#3087 = FACE_BOUND('',#3088,.T.);
#3088 = EDGE_LOOP('',(#3089,#3095,#3096,#3102));
#3089 = ORIENTED_EDGE('',*,*,#3090,.F.);
#3090 = EDGE_CURVE('',#3058,#1513,#3091,.T.);
#3091 = LINE('',#3092,#3093);
#3092 = CARTESIAN_POINT('',(16.637347181484,18.342286882837,
    6.149371867901));
#3093 = VECTOR('',#3094,1.);
#3094 = DIRECTION('',(1.447077238758E-12,-1.,0.));
#3095 = ORIENTED_EDGE('',*,*,#3076,.F.);
#3096 = ORIENTED_EDGE('',*,*,#3097,.F.);
#3097 = EDGE_CURVE('',#1956,#3068,#3098,.T.);
#3098 = LINE('',#3099,#3100);
#3099 = CARTESIAN_POINT('',(16.637347181487,16.233567897701,
    6.549371867901));
#3100 = VECTOR('',#3101,1.);
#3101 = DIRECTION('',(-1.447077238758E-12,1.,0.));
#3102 = ORIENTED_EDGE('',*,*,#1955,.F.);
#3103 = PLANE('',#3104);
#3104 = AXIS2_PLACEMENT_3D('',#3105,#3106,#3107);
#3105 = CARTESIAN_POINT('',(16.63734718149,14.177442050057,
    6.549371867901));
#3106 = DIRECTION('',(-1.,-1.447077238758E-12,0.));
#3107 = DIRECTION('',(-1.447077238758E-12,1.,0.));
#3108 = ADVANCED_FACE('',(#3109),#3139,.T.);
#3109 = FACE_BOUND('',#3110,.T.);
#3110 = EDGE_LOOP('',(#3111,#3119,#3127,#3133));
#3111 = ORIENTED_EDGE('',*,*,#3112,.F.);
#3112 = EDGE_CURVE('',#3113,#3002,#3115,.T.);
#3113 = VERTEX_POINT('',#3114);
#3114 = CARTESIAN_POINT('',(16.267714704638,24.760302540791,
    5.949371867901));
#3115 = LINE('',#3116,#3117);
#3116 = CARTESIAN_POINT('',(16.267714704638,24.760302540791,
    5.949371867901));
#3117 = VECTOR('',#3118,1.);
#3118 = DIRECTION('',(-0.109237232919,-0.698618083751,0.707106781187));
#3119 = ORIENTED_EDGE('',*,*,#3120,.T.);
#3120 = EDGE_CURVE('',#3113,#3121,#3123,.T.);
#3121 = VERTEX_POINT('',#3122);
#3122 = CARTESIAN_POINT('',(21.137870331496,23.998795879374,
    5.949371867901));
#3123 = LINE('',#3124,#3125);
#3124 = CARTESIAN_POINT('',(19.170320901731,24.306445595775,
    5.949371867901));
#3125 = VECTOR('',#3126,1.);
#3126 = DIRECTION('',(0.98799516896,-0.15448477631,0.));
#3127 = ORIENTED_EDGE('',*,*,#3128,.F.);
#3128 = EDGE_CURVE('',#2916,#3121,#3129,.T.);
#3129 = LINE('',#3130,#3131);
#3130 = CARTESIAN_POINT('',(21.106973376234,23.801196845582,
    6.149371867901));
#3131 = VECTOR('',#3132,1.);
#3132 = DIRECTION('',(0.109237232919,0.698618083751,-0.707106781187));
#3133 = ORIENTED_EDGE('',*,*,#3134,.T.);
#3134 = EDGE_CURVE('',#2916,#3002,#3135,.T.);
#3135 = LINE('',#3136,#3137);
#3136 = CARTESIAN_POINT('',(19.139423946469,24.108846561983,
    6.149371867901));
#3137 = VECTOR('',#3138,1.);
#3138 = DIRECTION('',(-0.98799516896,0.15448477631,0.));
#3139 = PLANE('',#3140);
#3140 = AXIS2_PLACEMENT_3D('',#3141,#3142,#3143);
#3141 = CARTESIAN_POINT('',(19.1548724241,24.207646078879,6.049371867901
    ));
#3142 = DIRECTION('',(-0.109237232919,-0.698618083751,-0.707106781187));
#3143 = DIRECTION('',(-6.938893903907E-18,-0.711363790113,0.702823988005
    ));
#3144 = ADVANCED_FACE('',(#3145),#3164,.F.);
#3145 = FACE_BOUND('',#3146,.F.);
#3146 = EDGE_LOOP('',(#3147,#3156,#3162,#3163));
#3147 = ORIENTED_EDGE('',*,*,#3148,.F.);
#3148 = EDGE_CURVE('',#3149,#3113,#3151,.T.);
#3149 = VERTEX_POINT('',#3150);
#3150 = CARTESIAN_POINT('',(14.651444196607,23.381894759602,
    5.949371867901));
#3151 = CIRCLE('',#3152,1.4);
#3152 = AXIS2_PLACEMENT_3D('',#3153,#3154,#3155);
#3153 = CARTESIAN_POINT('',(16.051436017804,23.377109304247,
    5.949371867901));
#3154 = DIRECTION('',(0.,0.,-1.));
#3155 = DIRECTION('',(0.15448477631,0.98799516896,0.));
#3156 = ORIENTED_EDGE('',*,*,#3157,.T.);
#3157 = EDGE_CURVE('',#3149,#2967,#3158,.T.);
#3158 = LINE('',#3159,#3160);
#3159 = CARTESIAN_POINT('',(14.651444196607,23.381894759602,
    5.949371867901));
#3160 = VECTOR('',#3161,1.);
#3161 = DIRECTION('',(0.707102650267,-2.417019951998E-03,0.707106781187)
  );
#3162 = ORIENTED_EDGE('',*,*,#3009,.F.);
#3163 = ORIENTED_EDGE('',*,*,#3112,.F.);
#3164 = CONICAL_SURFACE('',#3165,1.3,0.785398163397);
#3165 = AXIS2_PLACEMENT_3D('',#3166,#3167,#3168);
#3166 = CARTESIAN_POINT('',(16.051436017804,23.377109304247,
    6.049371867901));
#3167 = DIRECTION('',(0.,0.,-1.));
#3168 = DIRECTION('',(0.15448477631,0.98799516896,0.));
#3169 = ADVANCED_FACE('',(#3170),#3189,.F.);
#3170 = FACE_BOUND('',#3171,.F.);
#3171 = EDGE_LOOP('',(#3172,#3173,#3174,#3183));
#3172 = ORIENTED_EDGE('',*,*,#3042,.F.);
#3173 = ORIENTED_EDGE('',*,*,#3157,.F.);
#3174 = ORIENTED_EDGE('',*,*,#3175,.F.);
#3175 = EDGE_CURVE('',#3176,#3149,#3178,.T.);
#3176 = VERTEX_POINT('',#3177);
#3177 = CARTESIAN_POINT('',(15.365794173921,21.355606259016,
    5.949371867901));
#3178 = CIRCLE('',#3179,3.200000000012);
#3179 = AXIS2_PLACEMENT_3D('',#3180,#3181,#3182);
#3180 = CARTESIAN_POINT('',(17.851425502211,23.370956575933,
    5.949371867901));
#3181 = DIRECTION('',(0.,0.,-1.));
#3182 = DIRECTION('',(-0.992471544837,0.122475437087,0.));
#3183 = ORIENTED_EDGE('',*,*,#3184,.T.);
#3184 = EDGE_CURVE('',#3176,#3027,#3185,.T.);
#3185 = LINE('',#3186,#3187);
#3186 = CARTESIAN_POINT('',(15.365794173921,21.355606259016,
    5.949371867901));
#3187 = VECTOR('',#3188,1.);
#3188 = DIRECTION('',(0.54925211494,0.445333711123,0.707106781166));
#3189 = CONICAL_SURFACE('',#3190,3.100000000012,0.785398163397);
#3190 = AXIS2_PLACEMENT_3D('',#3191,#3192,#3193);
#3191 = CARTESIAN_POINT('',(17.851425502211,23.370956575933,
    6.049371867901));
#3192 = DIRECTION('',(0.,0.,-1.));
#3193 = DIRECTION('',(-0.992471544837,0.122475437087,0.));
#3194 = ADVANCED_FACE('',(#3195),#3214,.T.);
#3195 = FACE_BOUND('',#3196,.T.);
#3196 = EDGE_LOOP('',(#3197,#3205,#3212,#3213));
#3197 = ORIENTED_EDGE('',*,*,#3198,.F.);
#3198 = EDGE_CURVE('',#3199,#3058,#3201,.T.);
#3199 = VERTEX_POINT('',#3200);
#3200 = CARTESIAN_POINT('',(16.437347181484,18.332580783664,
    5.949371867901));
#3201 = LINE('',#3202,#3203);
#3202 = CARTESIAN_POINT('',(16.437347181484,18.332580783664,
    5.949371867901));
#3203 = VECTOR('',#3204,1.);
#3204 = DIRECTION('',(0.707106781187,1.036261022731E-12,0.707106781187)
  );
#3205 = ORIENTED_EDGE('',*,*,#3206,.T.);
#3206 = EDGE_CURVE('',#3199,#3176,#3207,.T.);
#3207 = CIRCLE('',#3208,4.799999999988);
#3208 = AXIS2_PLACEMENT_3D('',#3209,#3210,#3211);
#3209 = CARTESIAN_POINT('',(11.637347181508,18.332580783659,
    5.949371867901));
#3210 = DIRECTION('',(0.,-0.,1.));
#3211 = DIRECTION('',(1.,1.090707385523E-12,0.));
#3212 = ORIENTED_EDGE('',*,*,#3184,.T.);
#3213 = ORIENTED_EDGE('',*,*,#3057,.T.);
#3214 = CONICAL_SURFACE('',#3215,4.899999999988,0.785398163397);
#3215 = AXIS2_PLACEMENT_3D('',#3216,#3217,#3218);
#3216 = CARTESIAN_POINT('',(11.637347181508,18.332580783659,
    6.049371867901));
#3217 = DIRECTION('',(0.,0.,1.));
#3218 = DIRECTION('',(1.,1.091105663872E-12,0.));
#3219 = ADVANCED_FACE('',(#3220),#3231,.T.);
#3220 = FACE_BOUND('',#3221,.T.);
#3221 = EDGE_LOOP('',(#3222,#3223,#3229,#3230));
#3222 = ORIENTED_EDGE('',*,*,#1510,.F.);
#3223 = ORIENTED_EDGE('',*,*,#3224,.T.);
#3224 = EDGE_CURVE('',#1511,#3199,#3225,.T.);
#3225 = LINE('',#3226,#3227);
#3226 = CARTESIAN_POINT('',(16.437347181484,18.342286882837,
    5.949371867901));
#3227 = VECTOR('',#3228,1.);
#3228 = DIRECTION('',(-1.447077238758E-12,1.,0.));
#3229 = ORIENTED_EDGE('',*,*,#3198,.T.);
#3230 = ORIENTED_EDGE('',*,*,#3090,.T.);
#3231 = PLANE('',#3232);
#3232 = AXIS2_PLACEMENT_3D('',#3233,#3234,#3235);
#3233 = CARTESIAN_POINT('',(16.537347181484,18.342286882837,
    6.049371867901));
#3234 = DIRECTION('',(0.707106781187,1.023238128427E-12,-0.707106781187)
  );
#3235 = DIRECTION('',(-1.009741958683E-28,-1.,-1.447077238758E-12));
#3236 = ADVANCED_FACE('',(#3237),#3256,.F.);
#3237 = FACE_BOUND('',#3238,.F.);
#3238 = EDGE_LOOP('',(#3239,#3248,#3254,#3255));
#3239 = ORIENTED_EDGE('',*,*,#3240,.F.);
#3240 = EDGE_CURVE('',#3241,#1521,#3243,.T.);
#3241 = VERTEX_POINT('',#3242);
#3242 = CARTESIAN_POINT('',(18.14466425466,14.811588391527,
    5.949371867901));
#3243 = CIRCLE('',#3244,1.4);
#3244 = AXIS2_PLACEMENT_3D('',#3245,#3246,#3247);
#3245 = CARTESIAN_POINT('',(17.837347181487,16.177442050063,
    5.949371867901));
#3246 = DIRECTION('',(0.,0.,-1.));
#3247 = DIRECTION('',(-0.624695047553,-0.780868809444,-0.));
#3248 = ORIENTED_EDGE('',*,*,#3249,.T.);
#3249 = EDGE_CURVE('',#3241,#2351,#3250,.T.);
#3250 = LINE('',#3251,#3252);
#3251 = CARTESIAN_POINT('',(18.14466425466,14.811588391527,
    5.949371867901));
#3252 = VECTOR('',#3253,1.);
#3253 = DIRECTION('',(-0.155218561725,0.689860274328,0.707106781187));
#3254 = ORIENTED_EDGE('',*,*,#2383,.F.);
#3255 = ORIENTED_EDGE('',*,*,#1529,.T.);
#3256 = CONICAL_SURFACE('',#3257,1.3,0.785398163397);
#3257 = AXIS2_PLACEMENT_3D('',#3258,#3259,#3260);
#3258 = CARTESIAN_POINT('',(17.837347181487,16.177442050063,
    6.049371867901));
#3259 = DIRECTION('',(0.,0.,-1.));
#3260 = DIRECTION('',(-0.624695047553,-0.780868809444,-0.));
#3261 = ADVANCED_FACE('',(#3262),#3281,.T.);
#3262 = FACE_BOUND('',#3263,.T.);
#3263 = EDGE_LOOP('',(#3264,#3272,#3279,#3280));
#3264 = ORIENTED_EDGE('',*,*,#3265,.F.);
#3265 = EDGE_CURVE('',#3266,#2320,#3268,.T.);
#3266 = VERTEX_POINT('',#3267);
#3267 = CARTESIAN_POINT('',(18.737347181489,14.877442050064,
    5.949371867901));
#3268 = LINE('',#3269,#3270);
#3269 = CARTESIAN_POINT('',(18.737347181489,14.877442050064,
    5.949371867901));
#3270 = VECTOR('',#3271,1.);
#3271 = DIRECTION('',(0.,0.707106781187,0.707106781187));
#3272 = ORIENTED_EDGE('',*,*,#3273,.T.);
#3273 = EDGE_CURVE('',#3266,#3241,#3274,.T.);
#3274 = CIRCLE('',#3275,2.699999999981);
#3275 = AXIS2_PLACEMENT_3D('',#3276,#3277,#3278);
#3276 = CARTESIAN_POINT('',(18.737347181489,12.177442050083,
    5.949371867901));
#3277 = DIRECTION('',(0.,-0.,1.));
#3278 = DIRECTION('',(1.284980352584E-15,1.,0.));
#3279 = ORIENTED_EDGE('',*,*,#3249,.T.);
#3280 = ORIENTED_EDGE('',*,*,#2350,.T.);
#3281 = CONICAL_SURFACE('',#3282,2.799999999981,0.785398163397);
#3282 = AXIS2_PLACEMENT_3D('',#3283,#3284,#3285);
#3283 = CARTESIAN_POINT('',(18.737347181489,12.177442050083,
    6.049371867901));
#3284 = DIRECTION('',(0.,0.,1.));
#3285 = DIRECTION('',(1.239088197135E-15,1.,0.));
#3286 = ADVANCED_FACE('',(#3287),#3298,.T.);
#3287 = FACE_BOUND('',#3288,.T.);
#3288 = EDGE_LOOP('',(#3289,#3290,#3296,#3297));
#3289 = ORIENTED_EDGE('',*,*,#1468,.F.);
#3290 = ORIENTED_EDGE('',*,*,#3291,.T.);
#3291 = EDGE_CURVE('',#1469,#3266,#3292,.T.);
#3292 = LINE('',#3293,#3294);
#3293 = CARTESIAN_POINT('',(21.749429084392,14.877442050064,
    5.949371867901));
#3294 = VECTOR('',#3295,1.);
#3295 = DIRECTION('',(-1.,2.775557561563E-16,0.));
#3296 = ORIENTED_EDGE('',*,*,#3265,.T.);
#3297 = ORIENTED_EDGE('',*,*,#2319,.T.);
#3298 = PLANE('',#3299);
#3299 = AXIS2_PLACEMENT_3D('',#3300,#3301,#3302);
#3300 = CARTESIAN_POINT('',(21.749429084392,14.977442050064,
    6.049371867901));
#3301 = DIRECTION('',(1.962615573355E-16,0.707106781187,-0.707106781187)
  );
#3302 = DIRECTION('',(-1.,0.,-2.775557561563E-16));
#3303 = ADVANCED_FACE('',(#3304),#3323,.F.);
#3304 = FACE_BOUND('',#3305,.F.);
#3305 = EDGE_LOOP('',(#3306,#3315,#3321,#3322));
#3306 = ORIENTED_EDGE('',*,*,#3307,.F.);
#3307 = EDGE_CURVE('',#3308,#1479,#3310,.T.);
#3308 = VERTEX_POINT('',#3309);
#3309 = CARTESIAN_POINT('',(21.313738211998,16.06116336323,
    5.949371867901));
#3310 = CIRCLE('',#3311,1.4);
#3311 = AXIS2_PLACEMENT_3D('',#3312,#3313,#3314);
#3312 = CARTESIAN_POINT('',(19.930544975454,16.277442050064,
    5.949371867901));
#3313 = DIRECTION('',(0.,0.,-1.));
#3314 = DIRECTION('',(0.65019813276,-0.759764692622,0.));
#3315 = ORIENTED_EDGE('',*,*,#3316,.T.);
#3316 = EDGE_CURVE('',#3308,#2408,#3317,.T.);
#3317 = LINE('',#3318,#3319);
#3318 = CARTESIAN_POINT('',(21.313738211998,16.06116336323,
    5.949371867901));
#3319 = VECTOR('',#3320,1.);
#3320 = DIRECTION('',(-0.698618083751,0.109237232919,0.707106781187));
#3321 = ORIENTED_EDGE('',*,*,#2438,.F.);
#3322 = ORIENTED_EDGE('',*,*,#1487,.T.);
#3323 = CONICAL_SURFACE('',#3324,1.3,0.785398163397);
#3324 = AXIS2_PLACEMENT_3D('',#3325,#3326,#3327);
#3325 = CARTESIAN_POINT('',(19.930544975454,16.277442050064,
    6.049371867901));
#3326 = DIRECTION('',(0.,0.,-1.));
#3327 = DIRECTION('',(0.65019813276,-0.759764692622,0.));
#3328 = ADVANCED_FACE('',(#3329),#3340,.T.);
#3329 = FACE_BOUND('',#3330,.T.);
#3330 = EDGE_LOOP('',(#3331,#3332,#3338,#3339));
#3331 = ORIENTED_EDGE('',*,*,#1426,.F.);
#3332 = ORIENTED_EDGE('',*,*,#3333,.T.);
#3333 = EDGE_CURVE('',#1427,#3308,#3334,.T.);
#3334 = LINE('',#3335,#3336);
#3335 = CARTESIAN_POINT('',(22.408526183647,23.062793251037,
    5.949371867901));
#3336 = VECTOR('',#3337,1.);
#3337 = DIRECTION('',(-0.15448477631,-0.98799516896,0.));
#3338 = ORIENTED_EDGE('',*,*,#3316,.T.);
#3339 = ORIENTED_EDGE('',*,*,#2407,.T.);
#3340 = PLANE('',#3341);
#3341 = AXIS2_PLACEMENT_3D('',#3342,#3343,#3344);
#3342 = CARTESIAN_POINT('',(22.309726666751,23.078241728668,
    6.049371867901));
#3343 = DIRECTION('',(-0.698618083751,0.109237232919,-0.707106781187));
#3344 = DIRECTION('',(-0.711363790113,1.387778780781E-17,0.702823988005)
  );
#3345 = ADVANCED_FACE('',(#3346),#3358,.F.);
#3346 = FACE_BOUND('',#3347,.F.);
#3347 = EDGE_LOOP('',(#3348,#3355,#3356,#3357));
#3348 = ORIENTED_EDGE('',*,*,#3349,.F.);
#3349 = EDGE_CURVE('',#3121,#1437,#3350,.T.);
#3350 = CIRCLE('',#3351,1.4);
#3351 = AXIS2_PLACEMENT_3D('',#3352,#3353,#3354);
#3352 = CARTESIAN_POINT('',(20.921591644662,22.61560264283,
    5.949371867901));
#3353 = DIRECTION('',(0.,0.,-1.));
#3354 = DIRECTION('',(0.80785531667,0.589380850832,0.));
#3355 = ORIENTED_EDGE('',*,*,#3128,.F.);
#3356 = ORIENTED_EDGE('',*,*,#2915,.F.);
#3357 = ORIENTED_EDGE('',*,*,#1445,.T.);
#3358 = CONICAL_SURFACE('',#3359,1.3,0.785398163397);
#3359 = AXIS2_PLACEMENT_3D('',#3360,#3361,#3362);
#3360 = CARTESIAN_POINT('',(20.921591644662,22.61560264283,
    6.049371867901));
#3361 = DIRECTION('',(0.,0.,-1.));
#3362 = DIRECTION('',(0.80785531667,0.589380850832,0.));
#3363 = ADVANCED_FACE('',(#3364),#3447,.T.);
#3364 = FACE_BOUND('',#3365,.T.);
#3365 = EDGE_LOOP('',(#3366,#3376,#3384,#3392,#3400,#3408,#3416,#3424,
    #3433,#3441));
#3366 = ORIENTED_EDGE('',*,*,#3367,.F.);
#3367 = EDGE_CURVE('',#3368,#3370,#3372,.T.);
#3368 = VERTEX_POINT('',#3369);
#3369 = CARTESIAN_POINT('',(29.583781135865,10.693401154331,
    8.549371867901));
#3370 = VERTEX_POINT('',#3371);
#3371 = CARTESIAN_POINT('',(29.583781135865,10.693401154331,
    6.549371867901));
#3372 = LINE('',#3373,#3374);
#3373 = CARTESIAN_POINT('',(29.583781135865,10.693401154331,
    10.549371867901));
#3374 = VECTOR('',#3375,1.);
#3375 = DIRECTION('',(-0.,-0.,-1.));
#3376 = ORIENTED_EDGE('',*,*,#3377,.T.);
#3377 = EDGE_CURVE('',#3368,#3378,#3380,.T.);
#3378 = VERTEX_POINT('',#3379);
#3379 = CARTESIAN_POINT('',(29.272853513571,8.704888136675,
    10.549371867901));
#3380 = LINE('',#3381,#3382);
#3381 = CARTESIAN_POINT('',(29.42144752806,9.655209404298,9.59356090847)
  );
#3382 = VECTOR('',#3383,1.);
#3383 = DIRECTION('',(-0.10958173398,-0.700821313043,0.704869726093));
#3384 = ORIENTED_EDGE('',*,*,#3385,.F.);
#3385 = EDGE_CURVE('',#3386,#3378,#3388,.T.);
#3386 = VERTEX_POINT('',#3387);
#3387 = CARTESIAN_POINT('',(26.469510993224,-9.223667240736,
    10.549371867901));
#3388 = LINE('',#3389,#3390);
#3389 = CARTESIAN_POINT('',(25.529656135703,-15.23443465053,
    10.549371867901));
#3390 = VECTOR('',#3391,1.);
#3391 = DIRECTION('',(0.15448477631,0.98799516896,0.));
#3392 = ORIENTED_EDGE('',*,*,#3393,.T.);
#3393 = EDGE_CURVE('',#3386,#3394,#3396,.T.);
#3394 = VERTEX_POINT('',#3395);
#3395 = CARTESIAN_POINT('',(26.469510993224,-9.223667240736,
    5.949371867901));
#3396 = LINE('',#3397,#3398);
#3397 = CARTESIAN_POINT('',(26.469510993224,-9.223667240736,
    5.949371867901));
#3398 = VECTOR('',#3399,1.);
#3399 = DIRECTION('',(-0.,-0.,-1.));
#3400 = ORIENTED_EDGE('',*,*,#3401,.T.);
#3401 = EDGE_CURVE('',#3394,#3402,#3404,.T.);
#3402 = VERTEX_POINT('',#3403);
#3403 = CARTESIAN_POINT('',(31.943714330634,25.78616725848,
    5.949371867901));
#3404 = LINE('',#3405,#3406);
#3405 = CARTESIAN_POINT('',(30.040431697147,13.613873703319,
    5.949371867901));
#3406 = VECTOR('',#3407,1.);
#3407 = DIRECTION('',(0.15448477631,0.98799516896,0.));
#3408 = ORIENTED_EDGE('',*,*,#3409,.F.);
#3409 = EDGE_CURVE('',#3410,#3402,#3412,.T.);
#3410 = VERTEX_POINT('',#3411);
#3411 = CARTESIAN_POINT('',(31.943714330634,25.78616725848,
    7.204785048486));
#3412 = LINE('',#3413,#3414);
#3413 = CARTESIAN_POINT('',(31.943714330634,25.78616725848,
    6.549371867901));
#3414 = VECTOR('',#3415,1.);
#3415 = DIRECTION('',(0.,0.,-1.));
#3416 = ORIENTED_EDGE('',*,*,#3417,.F.);
#3417 = EDGE_CURVE('',#3418,#3410,#3420,.T.);
#3418 = VERTEX_POINT('',#3419);
#3419 = CARTESIAN_POINT('',(31.430329393147,22.5028544935,8.160025386832
    ));
#3420 = LINE('',#3421,#3422);
#3421 = CARTESIAN_POINT('',(31.467497706062,22.74056149917,
    8.090867394043));
#3422 = VECTOR('',#3423,1.);
#3423 = DIRECTION('',(0.148472732703,0.949545619556,-0.276258871398));
#3424 = ORIENTED_EDGE('',*,*,#3425,.F.);
#3425 = EDGE_CURVE('',#3426,#3418,#3428,.T.);
#3426 = VERTEX_POINT('',#3427);
#3427 = CARTESIAN_POINT('',(31.320329222895,21.799357104373,
    8.231449665295));
#3428 = ( BOUNDED_CURVE() B_SPLINE_CURVE(3,(#3429,#3430,#3431,#3432),
.UNSPECIFIED.,.F.,.F.) B_SPLINE_CURVE_WITH_KNOTS((4,4),(6.203255579959,
6.563000507406),.PIECEWISE_BEZIER_KNOTS.) CURVE() 
GEOMETRIC_REPRESENTATION_ITEM() RATIONAL_B_SPLINE_CURVE((1.,
0.989244345035,0.989244345035,1.)) REPRESENTATION_ITEM('') );
#3429 = CARTESIAN_POINT('',(31.320329222895,21.799357104373,
    8.231449665295));
#3430 = CARTESIAN_POINT('',(31.357461565715,22.036834066149,
    8.250708891266));
#3431 = CARTESIAN_POINT('',(31.394526951634,22.273882810361,
    8.226641942649));
#3432 = CARTESIAN_POINT('',(31.430329393147,22.5028544935,8.160025386832
    ));
#3433 = ORIENTED_EDGE('',*,*,#3434,.F.);
#3434 = EDGE_CURVE('',#3435,#3426,#3437,.T.);
#3435 = VERTEX_POINT('',#3436);
#3436 = CARTESIAN_POINT('',(31.320329222895,21.799357104373,
    6.549371867901));
#3437 = LINE('',#3438,#3439);
#3438 = CARTESIAN_POINT('',(31.320329222895,21.799357104373,
    6.249371867901));
#3439 = VECTOR('',#3440,1.);
#3440 = DIRECTION('',(0.,0.,1.));
#3441 = ORIENTED_EDGE('',*,*,#3442,.F.);
#3442 = EDGE_CURVE('',#3370,#3435,#3443,.T.);
#3443 = LINE('',#3444,#3445);
#3444 = CARTESIAN_POINT('',(29.719572993637,11.56184724117,
    6.549371867901));
#3445 = VECTOR('',#3446,1.);
#3446 = DIRECTION('',(0.15448477631,0.98799516896,0.));
#3447 = PLANE('',#3448);
#3448 = AXIS2_PLACEMENT_3D('',#3449,#3450,#3451);
#3449 = CARTESIAN_POINT('',(28.862021119139,6.077442050102,
    5.949371867901));
#3450 = DIRECTION('',(0.98799516896,-0.15448477631,0.));
#3451 = DIRECTION('',(0.,0.,-1.));
#3452 = ADVANCED_FACE('',(#3453),#3511,.T.);
#3453 = FACE_BOUND('',#3454,.T.);
#3454 = EDGE_LOOP('',(#3455,#3465,#3473,#3481,#3489,#3497,#3505));
#3455 = ORIENTED_EDGE('',*,*,#3456,.F.);
#3456 = EDGE_CURVE('',#3457,#3459,#3461,.T.);
#3457 = VERTEX_POINT('',#3458);
#3458 = CARTESIAN_POINT('',(15.637347181508,12.44037450159,
    10.549371867901));
#3459 = VERTEX_POINT('',#3460);
#3460 = CARTESIAN_POINT('',(15.637347181508,1.512210969731,
    10.549371867901));
#3461 = LINE('',#3462,#3463);
#3462 = CARTESIAN_POINT('',(15.637347181508,-12.63081571942,
    10.549371867901));
#3463 = VECTOR('',#3464,1.);
#3464 = DIRECTION('',(-6.671060910887E-17,-1.,0.));
#3465 = ORIENTED_EDGE('',*,*,#3466,.T.);
#3466 = EDGE_CURVE('',#3457,#3467,#3469,.T.);
#3467 = VERTEX_POINT('',#3468);
#3468 = CARTESIAN_POINT('',(15.637347181508,14.514067039923,
    8.549371867901));
#3469 = LINE('',#3470,#3471);
#3470 = CARTESIAN_POINT('',(15.637347181508,18.548502212558,
    4.658307886084));
#3471 = VECTOR('',#3472,1.);
#3472 = DIRECTION('',(5.82606199552E-17,0.719780483733,-0.694201739581)
  );
#3473 = ORIENTED_EDGE('',*,*,#3474,.T.);
#3474 = EDGE_CURVE('',#3467,#3475,#3477,.T.);
#3475 = VERTEX_POINT('',#3476);
#3476 = CARTESIAN_POINT('',(15.637347181508,14.514067039923,
    6.549371867901));
#3477 = LINE('',#3478,#3479);
#3478 = CARTESIAN_POINT('',(15.637347181508,14.514067039923,
    10.549371867901));
#3479 = VECTOR('',#3480,1.);
#3480 = DIRECTION('',(-0.,-0.,-1.));
#3481 = ORIENTED_EDGE('',*,*,#3482,.F.);
#3482 = EDGE_CURVE('',#3483,#3475,#3485,.T.);
#3483 = VERTEX_POINT('',#3484);
#3484 = CARTESIAN_POINT('',(15.637347181508,18.332580783659,
    6.549371867901));
#3485 = LINE('',#3486,#3487);
#3486 = CARTESIAN_POINT('',(15.637347181508,19.041689784612,
    6.549371867901));
#3487 = VECTOR('',#3488,1.);
#3488 = DIRECTION('',(-8.094220567502E-17,-1.,0.));
#3489 = ORIENTED_EDGE('',*,*,#3490,.F.);
#3490 = EDGE_CURVE('',#3491,#3483,#3493,.T.);
#3491 = VERTEX_POINT('',#3492);
#3492 = CARTESIAN_POINT('',(15.637347181508,18.332580783659,
    5.949371867901));
#3493 = LINE('',#3494,#3495);
#3494 = CARTESIAN_POINT('',(15.637347181508,18.332580783659,
    5.949371867901));
#3495 = VECTOR('',#3496,1.);
#3496 = DIRECTION('',(0.,0.,1.));
#3497 = ORIENTED_EDGE('',*,*,#3498,.T.);
#3498 = EDGE_CURVE('',#3491,#3499,#3501,.T.);
#3499 = VERTEX_POINT('',#3500);
#3500 = CARTESIAN_POINT('',(15.637347181508,1.512210969731,
    5.949371867901));
#3501 = LINE('',#3502,#3503);
#3502 = CARTESIAN_POINT('',(15.637347181508,21.150408769749,
    5.949371867901));
#3503 = VECTOR('',#3504,1.);
#3504 = DIRECTION('',(-8.094220567502E-17,-1.,0.));
#3505 = ORIENTED_EDGE('',*,*,#3506,.T.);
#3506 = EDGE_CURVE('',#3499,#3459,#3507,.T.);
#3507 = LINE('',#3508,#3509);
#3508 = CARTESIAN_POINT('',(15.637347181508,1.512210969731,
    6.549371867901));
#3509 = VECTOR('',#3510,1.);
#3510 = DIRECTION('',(0.,0.,1.));
#3511 = PLANE('',#3512);
#3512 = AXIS2_PLACEMENT_3D('',#3513,#3514,#3515);
#3513 = CARTESIAN_POINT('',(15.637347181508,19.793685823871,
    5.949371867901));
#3514 = DIRECTION('',(-1.,8.094220567502E-17,0.));
#3515 = DIRECTION('',(0.,0.,1.));
#3516 = ADVANCED_FACE('',(#3517),#3533,.T.);
#3517 = FACE_BOUND('',#3518,.T.);
#3518 = EDGE_LOOP('',(#3519,#3520,#3526,#3527));
#3519 = ORIENTED_EDGE('',*,*,#1277,.F.);
#3520 = ORIENTED_EDGE('',*,*,#3521,.F.);
#3521 = EDGE_CURVE('',#1387,#1269,#3522,.T.);
#3522 = LINE('',#3523,#3524);
#3523 = CARTESIAN_POINT('',(24.82442231751,26.861832373105,
    5.949371867901));
#3524 = VECTOR('',#3525,1.);
#3525 = DIRECTION('',(0.15448477631,0.98799516896,0.));
#3526 = ORIENTED_EDGE('',*,*,#1384,.F.);
#3527 = ORIENTED_EDGE('',*,*,#3528,.F.);
#3528 = EDGE_CURVE('',#1278,#1385,#3529,.T.);
#3529 = LINE('',#3530,#3531);
#3530 = CARTESIAN_POINT('',(25.345610944755,30.195053018755,
    6.549371867901));
#3531 = VECTOR('',#3532,1.);
#3532 = DIRECTION('',(-0.15448477631,-0.98799516896,0.));
#3533 = PLANE('',#3534);
#3534 = AXIS2_PLACEMENT_3D('',#3535,#3536,#3537);
#3535 = CARTESIAN_POINT('',(24.886497022147,27.25882623723,
    5.949371867901));
#3536 = DIRECTION('',(-0.98799516896,0.15448477631,0.));
#3537 = DIRECTION('',(0.,0.,1.));
#3538 = ADVANCED_FACE('',(#3539),#3566,.F.);
#3539 = FACE_BOUND('',#3540,.F.);
#3540 = EDGE_LOOP('',(#3541,#3550,#3558,#3565));
#3541 = ORIENTED_EDGE('',*,*,#3542,.T.);
#3542 = EDGE_CURVE('',#1395,#3543,#3545,.T.);
#3543 = VERTEX_POINT('',#3544);
#3544 = CARTESIAN_POINT('',(22.27641170193,17.039361739459,
    6.549371867901));
#3545 = CIRCLE('',#3546,0.5);
#3546 = AXIS2_PLACEMENT_3D('',#3547,#3548,#3549);
#3547 = CARTESIAN_POINT('',(22.77040928641,16.962119351304,
    6.549371867901));
#3548 = DIRECTION('',(0.,0.,-1.));
#3549 = DIRECTION('',(-0.80785531667,-0.589380850832,-0.));
#3550 = ORIENTED_EDGE('',*,*,#3551,.F.);
#3551 = EDGE_CURVE('',#3552,#3543,#3554,.T.);
#3552 = VERTEX_POINT('',#3553);
#3553 = CARTESIAN_POINT('',(22.27641170193,17.039361739459,
    5.949371867901));
#3554 = LINE('',#3555,#3556);
#3555 = CARTESIAN_POINT('',(22.27641170193,17.039361739459,
    5.949371867901));
#3556 = VECTOR('',#3557,1.);
#3557 = DIRECTION('',(0.,0.,1.));
#3558 = ORIENTED_EDGE('',*,*,#3559,.F.);
#3559 = EDGE_CURVE('',#1404,#3552,#3560,.T.);
#3560 = CIRCLE('',#3561,0.5);
#3561 = AXIS2_PLACEMENT_3D('',#3562,#3563,#3564);
#3562 = CARTESIAN_POINT('',(22.77040928641,16.962119351304,
    5.949371867901));
#3563 = DIRECTION('',(0.,0.,-1.));
#3564 = DIRECTION('',(-0.80785531667,-0.589380850832,-0.));
#3565 = ORIENTED_EDGE('',*,*,#1403,.T.);
#3566 = CYLINDRICAL_SURFACE('',#3567,0.5);
#3567 = AXIS2_PLACEMENT_3D('',#3568,#3569,#3570);
#3568 = CARTESIAN_POINT('',(22.77040928641,16.962119351304,
    5.949371867901));
#3569 = DIRECTION('',(0.,0.,1.));
#3570 = DIRECTION('',(-0.80785531667,-0.589380850832,0.));
#3571 = ADVANCED_FACE('',(#3572),#3599,.F.);
#3572 = FACE_BOUND('',#3573,.F.);
#3573 = EDGE_LOOP('',(#3574,#3584,#3591,#3592));
#3574 = ORIENTED_EDGE('',*,*,#3575,.T.);
#3575 = EDGE_CURVE('',#3576,#3578,#3580,.T.);
#3576 = VERTEX_POINT('',#3577);
#3577 = CARTESIAN_POINT('',(14.744386341859,20.851768679796,
    5.949371867901));
#3578 = VERTEX_POINT('',#3579);
#3579 = CARTESIAN_POINT('',(14.744386341859,20.851768679796,
    6.549371867901));
#3580 = LINE('',#3581,#3582);
#3581 = CARTESIAN_POINT('',(14.744386341859,20.851768679796,
    5.949371867901));
#3582 = VECTOR('',#3583,1.);
#3583 = DIRECTION('',(0.,0.,1.));
#3584 = ORIENTED_EDGE('',*,*,#3585,.T.);
#3585 = EDGE_CURVE('',#3578,#3483,#3586,.T.);
#3586 = CIRCLE('',#3587,4.);
#3587 = AXIS2_PLACEMENT_3D('',#3588,#3589,#3590);
#3588 = CARTESIAN_POINT('',(11.637347181508,18.332580783659,
    6.549371867901));
#3589 = DIRECTION('',(0.,0.,-1.));
#3590 = DIRECTION('',(-1.,0.,0.));
#3591 = ORIENTED_EDGE('',*,*,#3490,.F.);
#3592 = ORIENTED_EDGE('',*,*,#3593,.F.);
#3593 = EDGE_CURVE('',#3576,#3491,#3594,.T.);
#3594 = CIRCLE('',#3595,4.);
#3595 = AXIS2_PLACEMENT_3D('',#3596,#3597,#3598);
#3596 = CARTESIAN_POINT('',(11.637347181508,18.332580783659,
    5.949371867901));
#3597 = DIRECTION('',(0.,0.,-1.));
#3598 = DIRECTION('',(-1.,0.,0.));
#3599 = CYLINDRICAL_SURFACE('',#3600,4.);
#3600 = AXIS2_PLACEMENT_3D('',#3601,#3602,#3603);
#3601 = CARTESIAN_POINT('',(11.637347181508,18.332580783659,
    5.949371867901));
#3602 = DIRECTION('',(0.,0.,1.));
#3603 = DIRECTION('',(-1.,0.,0.));
#3604 = ADVANCED_FACE('',(#3605),#3623,.T.);
#3605 = FACE_BOUND('',#3606,.T.);
#3606 = EDGE_LOOP('',(#3607,#3608,#3615,#3616));
#3607 = ORIENTED_EDGE('',*,*,#1353,.F.);
#3608 = ORIENTED_EDGE('',*,*,#3609,.T.);
#3609 = EDGE_CURVE('',#1345,#3576,#3610,.T.);
#3610 = CIRCLE('',#3611,4.);
#3611 = AXIS2_PLACEMENT_3D('',#3612,#3613,#3614);
#3612 = CARTESIAN_POINT('',(17.851425502211,23.370956575933,
    5.949371867901));
#3613 = DIRECTION('',(0.,0.,1.));
#3614 = DIRECTION('',(-0.962905116023,-0.269840207413,0.));
#3615 = ORIENTED_EDGE('',*,*,#3575,.T.);
#3616 = ORIENTED_EDGE('',*,*,#3617,.F.);
#3617 = EDGE_CURVE('',#1354,#3578,#3618,.T.);
#3618 = CIRCLE('',#3619,4.);
#3619 = AXIS2_PLACEMENT_3D('',#3620,#3621,#3622);
#3620 = CARTESIAN_POINT('',(17.851425502211,23.370956575933,
    6.549371867901));
#3621 = DIRECTION('',(0.,0.,1.));
#3622 = DIRECTION('',(-0.962905116023,-0.269840207413,0.));
#3623 = CYLINDRICAL_SURFACE('',#3624,4.);
#3624 = AXIS2_PLACEMENT_3D('',#3625,#3626,#3627);
#3625 = CARTESIAN_POINT('',(17.851425502211,23.370956575933,
    5.949371867901));
#3626 = DIRECTION('',(0.,0.,1.));
#3627 = DIRECTION('',(-0.962905116023,-0.269840207413,0.));
#3628 = ADVANCED_FACE('',(#3629),#3654,.T.);
#3629 = FACE_BOUND('',#3630,.T.);
#3630 = EDGE_LOOP('',(#3631,#3632,#3640,#3648));
#3631 = ORIENTED_EDGE('',*,*,#1193,.F.);
#3632 = ORIENTED_EDGE('',*,*,#3633,.T.);
#3633 = EDGE_CURVE('',#1185,#3634,#3636,.T.);
#3634 = VERTEX_POINT('',#3635);
#3635 = CARTESIAN_POINT('',(13.435311250473,27.817352331407,
    5.949371867901));
#3636 = LINE('',#3637,#3638);
#3637 = CARTESIAN_POINT('',(13.348605696483,27.262833818255,
    5.949371867901));
#3638 = VECTOR('',#3639,1.);
#3639 = DIRECTION('',(-0.15448477631,-0.98799516896,0.));
#3640 = ORIENTED_EDGE('',*,*,#3641,.F.);
#3641 = EDGE_CURVE('',#3642,#3634,#3644,.T.);
#3642 = VERTEX_POINT('',#3643);
#3643 = CARTESIAN_POINT('',(13.435311250473,27.817352331407,
    7.918086965382));
#3644 = LINE('',#3645,#3646);
#3645 = CARTESIAN_POINT('',(13.435311250473,27.817352331407,
    5.949371867901));
#3646 = VECTOR('',#3647,1.);
#3647 = DIRECTION('',(0.,0.,-1.));
#3648 = ORIENTED_EDGE('',*,*,#3649,.F.);
#3649 = EDGE_CURVE('',#1168,#3642,#3650,.T.);
#3650 = LINE('',#3651,#3652);
#3651 = CARTESIAN_POINT('',(13.811823525571,30.225306809097,
    7.217521586864));
#3652 = VECTOR('',#3653,1.);
#3653 = DIRECTION('',(-0.148472732703,-0.949545619556,0.276258871398));
#3654 = PLANE('',#3655);
#3655 = AXIS2_PLACEMENT_3D('',#3656,#3657,#3658);
#3656 = CARTESIAN_POINT('',(13.855079260467,30.501945440605,
    5.949371867901));
#3657 = DIRECTION('',(-0.98799516896,0.15448477631,0.));
#3658 = DIRECTION('',(0.,0.,1.));
#3659 = ADVANCED_FACE('',(#3660),#3678,.T.);
#3660 = FACE_BOUND('',#3661,.T.);
#3661 = EDGE_LOOP('',(#3662,#3663,#3670,#3671));
#3662 = ORIENTED_EDGE('',*,*,#1311,.F.);
#3663 = ORIENTED_EDGE('',*,*,#3664,.F.);
#3664 = EDGE_CURVE('',#3410,#1301,#3665,.T.);
#3665 = ( BOUNDED_CURVE() B_SPLINE_CURVE(3,(#3666,#3667,#3668,#3669),
.UNSPECIFIED.,.F.,.F.) B_SPLINE_CURVE_WITH_KNOTS((4,4),(4.79974975399,
5.447918846452),.PIECEWISE_BEZIER_KNOTS.) CURVE() 
GEOMETRIC_REPRESENTATION_ITEM() RATIONAL_B_SPLINE_CURVE((1.,
0.965295094476,0.965295094476,1.)) REPRESENTATION_ITEM('') );
#3666 = CARTESIAN_POINT('',(31.943714330634,25.78616725848,
    7.204785048486));
#3667 = CARTESIAN_POINT('',(32.011664958019,26.220740121828,
    7.078351303444));
#3668 = CARTESIAN_POINT('',(31.937692385163,26.654328543937,
    6.962025634023));
#3669 = CARTESIAN_POINT('',(31.729498245521,27.041789589127,
    6.867919254327));
#3670 = ORIENTED_EDGE('',*,*,#3409,.T.);
#3671 = ORIENTED_EDGE('',*,*,#3672,.T.);
#3672 = EDGE_CURVE('',#3402,#1312,#3673,.T.);
#3673 = CIRCLE('',#3674,2.);
#3674 = AXIS2_PLACEMENT_3D('',#3675,#3676,#3677);
#3675 = CARTESIAN_POINT('',(29.967723992714,26.0951368111,5.949371867901
    ));
#3676 = DIRECTION('',(0.,-0.,1.));
#3677 = DIRECTION('',(0.880887126404,0.473326389013,0.));
#3678 = CYLINDRICAL_SURFACE('',#3679,2.);
#3679 = AXIS2_PLACEMENT_3D('',#3680,#3681,#3682);
#3680 = CARTESIAN_POINT('',(29.967723992714,26.0951368111,6.549371867901
    ));
#3681 = DIRECTION('',(0.,0.,-1.));
#3682 = DIRECTION('',(0.880887126404,0.473326389013,0.));
#3683 = ADVANCED_FACE('',(#3684),#3711,.T.);
#3684 = FACE_BOUND('',#3685,.T.);
#3685 = EDGE_LOOP('',(#3686,#3696,#3703,#3704));
#3686 = ORIENTED_EDGE('',*,*,#3687,.F.);
#3687 = EDGE_CURVE('',#3688,#3690,#3692,.T.);
#3688 = VERTEX_POINT('',#3689);
#3689 = CARTESIAN_POINT('',(27.698003777766,29.263582905628,
    6.524881872284));
#3690 = VERTEX_POINT('',#3691);
#3691 = CARTESIAN_POINT('',(27.698003777766,29.263582905628,
    5.949371867901));
#3692 = LINE('',#3693,#3694);
#3693 = CARTESIAN_POINT('',(27.698003777766,29.263582905628,
    6.549371867901));
#3694 = VECTOR('',#3695,1.);
#3695 = DIRECTION('',(0.,0.,-1.));
#3696 = ORIENTED_EDGE('',*,*,#3697,.F.);
#3697 = EDGE_CURVE('',#1303,#3688,#3698,.T.);
#3698 = ( BOUNDED_CURVE() B_SPLINE_CURVE(3,(#3699,#3700,#3701,#3702),
.UNSPECIFIED.,.F.,.F.) B_SPLINE_CURVE_WITH_KNOTS((4,4),(6.096087938914,
6.134330119072),.PIECEWISE_BEZIER_KNOTS.) CURVE() 
GEOMETRIC_REPRESENTATION_ITEM() RATIONAL_B_SPLINE_CURVE((1.,
0.999878131685,0.999878131685,1.)) REPRESENTATION_ITEM('') );
#3699 = CARTESIAN_POINT('',(30.800673063702,27.913431574096,
    6.688115964237));
#3700 = CARTESIAN_POINT('',(29.775118975085,28.383231269254,
    6.627572147534));
#3701 = CARTESIAN_POINT('',(28.740769825384,28.833336566672,
    6.57315415172));
#3702 = CARTESIAN_POINT('',(27.698003777766,29.263582905628,
    6.524881872284));
#3703 = ORIENTED_EDGE('',*,*,#1328,.F.);
#3704 = ORIENTED_EDGE('',*,*,#3705,.F.);
#3705 = EDGE_CURVE('',#3690,#1320,#3706,.T.);
#3706 = CIRCLE('',#3707,88.486379170318);
#3707 = AXIS2_PLACEMENT_3D('',#3708,#3709,#3710);
#3708 = CARTESIAN_POINT('',(-6.051650598836,-52.53372834684,
    5.949371867901));
#3709 = DIRECTION('',(0.,0.,-1.));
#3710 = DIRECTION('',(0.432012962896,0.901867395957,0.));
#3711 = CYLINDRICAL_SURFACE('',#3712,88.486379170318);
#3712 = AXIS2_PLACEMENT_3D('',#3713,#3714,#3715);
#3713 = CARTESIAN_POINT('',(-6.051650598836,-52.53372834684,
    6.549371867901));
#3714 = DIRECTION('',(0.,0.,-1.));
#3715 = DIRECTION('',(0.432012962896,0.901867395957,0.));
#3716 = ADVANCED_FACE('',(#3717),#3749,.T.);
#3717 = FACE_BOUND('',#3718,.T.);
#3718 = EDGE_LOOP('',(#3719,#3720,#3734,#3741,#3742));
#3719 = ORIENTED_EDGE('',*,*,#1260,.F.);
#3720 = ORIENTED_EDGE('',*,*,#3721,.T.);
#3721 = EDGE_CURVE('',#1252,#3722,#3724,.T.);
#3722 = VERTEX_POINT('',#3723);
#3723 = CARTESIAN_POINT('',(26.287196831533,29.306890682626,
    6.610490735225));
#3724 = B_SPLINE_CURVE_WITH_KNOTS('',3,(#3725,#3726,#3727,#3728,#3729,
    #3730,#3731,#3732,#3733),.UNSPECIFIED.,.F.,.F.,(4,2,1,2,4),(
    0.184260679736,0.222676689331,0.261092698926,0.337924718117,
    0.491588756497),.UNSPECIFIED.);
#3725 = CARTESIAN_POINT('',(25.954962938838,29.158203765879,
    6.556514416957));
#3726 = CARTESIAN_POINT('',(25.967461998267,29.165120470062,
    6.557451679226));
#3727 = CARTESIAN_POINT('',(25.983250433757,29.173771300657,
    6.558844846636));
#3728 = CARTESIAN_POINT('',(26.011427520919,29.188730825202,
    6.561648621345));
#3729 = CARTESIAN_POINT('',(26.053624162991,29.210485301412,
    6.566278862322));
#3730 = CARTESIAN_POINT('',(26.095539397759,29.230239068219,
    6.572182840042));
#3731 = CARTESIAN_POINT('',(26.178813939515,29.267228578943,
    6.585689111139));
#3732 = CARTESIAN_POINT('',(26.233583195206,29.288529862872,
    6.596957712744));
#3733 = CARTESIAN_POINT('',(26.287196831533,29.306890682626,
    6.610490735225));
#3734 = ORIENTED_EDGE('',*,*,#3735,.T.);
#3735 = EDGE_CURVE('',#3722,#3688,#3736,.T.);
#3736 = ( BOUNDED_CURVE() B_SPLINE_CURVE(3,(#3737,#3738,#3739,#3740),
.UNSPECIFIED.,.F.,.F.) B_SPLINE_CURVE_WITH_KNOTS((4,4),(5.710771737188,
6.432040495287),.PIECEWISE_BEZIER_KNOTS.) CURVE() 
GEOMETRIC_REPRESENTATION_ITEM() RATIONAL_B_SPLINE_CURVE((1.,
0.957115439987,0.957115439987,1.)) REPRESENTATION_ITEM('') );
#3737 = CARTESIAN_POINT('',(26.287196831533,29.306890682626,
    6.610490735225));
#3738 = CARTESIAN_POINT('',(26.752252581684,29.466156223808,
    6.533660908161));
#3739 = CARTESIAN_POINT('',(27.243592458183,29.451073481368,
    6.50384602225));
#3740 = CARTESIAN_POINT('',(27.698003777766,29.263582905628,
    6.524881872284));
#3741 = ORIENTED_EDGE('',*,*,#3687,.T.);
#3742 = ORIENTED_EDGE('',*,*,#3743,.T.);
#3743 = EDGE_CURVE('',#3690,#1261,#3744,.T.);
#3744 = CIRCLE('',#3745,2.);
#3745 = AXIS2_PLACEMENT_3D('',#3746,#3747,#3748);
#3746 = CARTESIAN_POINT('',(26.935182319977,27.414771551396,
    5.949371867901));
#3747 = DIRECTION('',(0.,0.,1.));
#3748 = DIRECTION('',(-0.490082359514,0.871676133029,0.));
#3749 = CYLINDRICAL_SURFACE('',#3750,2.);
#3750 = AXIS2_PLACEMENT_3D('',#3751,#3752,#3753);
#3751 = CARTESIAN_POINT('',(26.935182319977,27.414771551396,
    6.549371867901));
#3752 = DIRECTION('',(0.,0.,-1.));
#3753 = DIRECTION('',(-0.490082359514,0.871676133029,0.));
#3754 = ADVANCED_FACE('',(#3755),#3791,.T.);
#3755 = FACE_BOUND('',#3756,.T.);
#3756 = EDGE_LOOP('',(#3757,#3758,#3767,#3776,#3784));
#3757 = ORIENTED_EDGE('',*,*,#1218,.F.);
#3758 = ORIENTED_EDGE('',*,*,#3759,.F.);
#3759 = EDGE_CURVE('',#3760,#1208,#3762,.T.);
#3760 = VERTEX_POINT('',#3761);
#3761 = CARTESIAN_POINT('',(23.9640360574,29.849352381955,6.619491080169
    ));
#3762 = ( BOUNDED_CURVE() B_SPLINE_CURVE(3,(#3763,#3764,#3765,#3766),
.UNSPECIFIED.,.F.,.F.) B_SPLINE_CURVE_WITH_KNOTS((4,4),(5.365460046343,
5.496401431408),.PIECEWISE_BEZIER_KNOTS.) CURVE() 
GEOMETRIC_REPRESENTATION_ITEM() RATIONAL_B_SPLINE_CURVE((1.,
0.998571706437,0.998571706437,1.)) REPRESENTATION_ITEM('') );
#3763 = CARTESIAN_POINT('',(23.9640360574,29.849352381955,6.619491080169
    ));
#3764 = CARTESIAN_POINT('',(23.929166459073,29.929447951626,
    6.599471622084));
#3765 = CARTESIAN_POINT('',(23.889131399823,30.007090615151,6.5804970952
    ));
#3766 = CARTESIAN_POINT('',(23.844102425103,30.08194768298,
    6.562648803099));
#3767 = ORIENTED_EDGE('',*,*,#3768,.F.);
#3768 = EDGE_CURVE('',#3769,#3760,#3771,.T.);
#3769 = VERTEX_POINT('',#3770);
#3770 = CARTESIAN_POINT('',(24.10626687918,28.742055805511,
    6.595501575233));
#3771 = ( BOUNDED_CURVE() B_SPLINE_CURVE(3,(#3772,#3773,#3774,#3775),
.UNSPECIFIED.,.F.,.F.) B_SPLINE_CURVE_WITH_KNOTS((4,4),(6.019794659661,
6.585504952014),.PIECEWISE_BEZIER_KNOTS.) CURVE() 
GEOMETRIC_REPRESENTATION_ITEM() RATIONAL_B_SPLINE_CURVE((1.,
0.973508324278,0.973508324278,1.)) REPRESENTATION_ITEM('') );
#3772 = CARTESIAN_POINT('',(24.10626687918,28.742055805511,
    6.595501575233));
#3773 = CARTESIAN_POINT('',(24.165319913064,29.119724813315,
    6.485623322194));
#3774 = CARTESIAN_POINT('',(24.11661948314,29.498867805326,
    6.493837429301));
#3775 = CARTESIAN_POINT('',(23.9640360574,29.849352381955,6.619491080169
    ));
#3776 = ORIENTED_EDGE('',*,*,#3777,.T.);
#3777 = EDGE_CURVE('',#3769,#3778,#3780,.T.);
#3778 = VERTEX_POINT('',#3779);
#3779 = CARTESIAN_POINT('',(24.10626687918,28.742055805511,
    5.949371867901));
#3780 = LINE('',#3781,#3782);
#3781 = CARTESIAN_POINT('',(24.10626687918,28.742055805511,
    6.549371867901));
#3782 = VECTOR('',#3783,1.);
#3783 = DIRECTION('',(0.,0.,-1.));
#3784 = ORIENTED_EDGE('',*,*,#3785,.T.);
#3785 = EDGE_CURVE('',#3778,#1219,#3786,.T.);
#3786 = CIRCLE('',#3787,2.);
#3787 = AXIS2_PLACEMENT_3D('',#3788,#3789,#3790);
#3788 = CARTESIAN_POINT('',(22.13027654126,29.051025358131,
    5.949371867901));
#3789 = DIRECTION('',(0.,-0.,1.));
#3790 = DIRECTION('',(0.856912941921,0.515461162424,0.));
#3791 = CYLINDRICAL_SURFACE('',#3792,2.);
#3792 = AXIS2_PLACEMENT_3D('',#3793,#3794,#3795);
#3793 = CARTESIAN_POINT('',(22.13027654126,29.051025358131,
    6.549371867901));
#3794 = DIRECTION('',(0.,0.,-1.));
#3795 = DIRECTION('',(0.856912941921,0.515461162424,0.));
#3796 = ADVANCED_FACE('',(#3797),#3824,.T.);
#3797 = FACE_BOUND('',#3798,.T.);
#3798 = EDGE_LOOP('',(#3799,#3809,#3816,#3817));
#3799 = ORIENTED_EDGE('',*,*,#3800,.F.);
#3800 = EDGE_CURVE('',#3801,#3803,#3805,.T.);
#3801 = VERTEX_POINT('',#3802);
#3802 = CARTESIAN_POINT('',(16.456198882467,32.865042643136,
    6.294917231644));
#3803 = VERTEX_POINT('',#3804);
#3804 = CARTESIAN_POINT('',(16.456198882467,32.865042643136,
    5.949371867901));
#3805 = LINE('',#3806,#3807);
#3806 = CARTESIAN_POINT('',(16.456198882467,32.865042643136,
    6.549371867901));
#3807 = VECTOR('',#3808,1.);
#3808 = DIRECTION('',(0.,0.,-1.));
#3809 = ORIENTED_EDGE('',*,*,#3810,.F.);
#3810 = EDGE_CURVE('',#1210,#3801,#3811,.T.);
#3811 = ( BOUNDED_CURVE() B_SPLINE_CURVE(3,(#3812,#3813,#3814,#3815),
.UNSPECIFIED.,.F.,.F.) B_SPLINE_CURVE_WITH_KNOTS((4,4),(6.193053108826,
6.267950653108),.PIECEWISE_BEZIER_KNOTS.) CURVE() 
GEOMETRIC_REPRESENTATION_ITEM() RATIONAL_B_SPLINE_CURVE((1.,
0.999532584451,0.999532584451,1.)) REPRESENTATION_ITEM('') );
#3812 = CARTESIAN_POINT('',(22.783277780537,30.94141933334,
    6.395399308295));
#3813 = CARTESIAN_POINT('',(20.698762665445,31.66147608939,
    6.338121145166));
#3814 = CARTESIAN_POINT('',(18.588750113414,32.302983709958,
    6.304611456666));
#3815 = CARTESIAN_POINT('',(16.456198882467,32.865042643136,
    6.294917231644));
#3816 = ORIENTED_EDGE('',*,*,#1235,.F.);
#3817 = ORIENTED_EDGE('',*,*,#3818,.F.);
#3818 = EDGE_CURVE('',#3803,#1227,#3819,.T.);
#3819 = CIRCLE('',#3820,88.315080110203);
#3820 = AXIS2_PLACEMENT_3D('',#3821,#3822,#3823);
#3821 = CARTESIAN_POINT('',(-6.051650598836,-52.53372834684,
    5.949371867901));
#3822 = DIRECTION('',(0.,0.,-1.));
#3823 = DIRECTION('',(0.344379455,0.938830544334,0.));
#3824 = CYLINDRICAL_SURFACE('',#3825,88.315080110203);
#3825 = AXIS2_PLACEMENT_3D('',#3826,#3827,#3828);
#3826 = CARTESIAN_POINT('',(-6.051650598836,-52.53372834684,
    6.549371867901));
#3827 = DIRECTION('',(0.,0.,-1.));
#3828 = DIRECTION('',(0.344379455,0.938830544334,0.));
#3829 = ADVANCED_FACE('',(#3830),#3848,.T.);
#3830 = FACE_BOUND('',#3831,.T.);
#3831 = EDGE_LOOP('',(#3832,#3833,#3840,#3841));
#3832 = ORIENTED_EDGE('',*,*,#1176,.F.);
#3833 = ORIENTED_EDGE('',*,*,#3834,.F.);
#3834 = EDGE_CURVE('',#3801,#1166,#3835,.T.);
#3835 = ( BOUNDED_CURVE() B_SPLINE_CURVE(3,(#3836,#3837,#3838,#3839),
.UNSPECIFIED.,.F.,.F.) B_SPLINE_CURVE_WITH_KNOTS((4,4),(6.267950653108,
7.104646530344),.PIECEWISE_BEZIER_KNOTS.) CURVE() 
GEOMETRIC_REPRESENTATION_ITEM() RATIONAL_B_SPLINE_CURVE((1.,
0.942507559503,0.942507559503,1.)) REPRESENTATION_ITEM('') );
#3836 = CARTESIAN_POINT('',(16.456198882467,32.865042643136,
    6.294917231644));
#3837 = CARTESIAN_POINT('',(15.900466712165,33.011512386156,
    6.292390965155));
#3838 = CARTESIAN_POINT('',(15.333156599121,32.919583792307,
    6.357443456171));
#3839 = CARTESIAN_POINT('',(14.852116672088,32.605112459227,
    6.478854625286));
#3840 = ORIENTED_EDGE('',*,*,#3800,.T.);
#3841 = ORIENTED_EDGE('',*,*,#3842,.T.);
#3842 = EDGE_CURVE('',#3803,#1177,#3843,.T.);
#3843 = CIRCLE('',#3844,2.);
#3844 = AXIS2_PLACEMENT_3D('',#3845,#3846,#3847);
#3845 = CARTESIAN_POINT('',(15.94648186804,30.931085930796,
    5.949371867901));
#3846 = DIRECTION('',(0.,0.,1.));
#3847 = DIRECTION('',(-0.547182597976,0.837013264215,0.));
#3848 = CYLINDRICAL_SURFACE('',#3849,2.);
#3849 = AXIS2_PLACEMENT_3D('',#3850,#3851,#3852);
#3850 = CARTESIAN_POINT('',(15.94648186804,30.931085930796,
    6.549371867901));
#3851 = DIRECTION('',(0.,0.,-1.));
#3852 = DIRECTION('',(-0.547182597976,0.837013264215,0.));
#3853 = ADVANCED_FACE('',(#3854),#3968,.F.);
#3854 = FACE_BOUND('',#3855,.T.);
#3855 = EDGE_LOOP('',(#3856,#3857,#3863,#3864,#3871,#3872,#3878,#3879,
    #3880,#3881,#3882,#3883,#3884,#3885,#3886,#3887,#3888,#3889,#3890,
    #3899,#3909,#3917,#3918,#3919,#3920,#3921,#3929,#3936,#3937,#3938,
    #3939,#3940,#3941,#3942,#3943,#3944,#3945,#3946,#3947,#3948,#3949,
    #3958,#3965,#3966,#3967));
#3856 = ORIENTED_EDGE('',*,*,#3482,.T.);
#3857 = ORIENTED_EDGE('',*,*,#3858,.T.);
#3858 = EDGE_CURVE('',#3475,#3370,#3859,.T.);
#3859 = LINE('',#3860,#3861);
#3860 = CARTESIAN_POINT('',(16.267540155566,14.341423853485,
    6.549371867901));
#3861 = VECTOR('',#3862,1.);
#3862 = DIRECTION('',(0.964463131843,-0.26421746217,0.));
#3863 = ORIENTED_EDGE('',*,*,#3442,.T.);
#3864 = ORIENTED_EDGE('',*,*,#3865,.F.);
#3865 = EDGE_CURVE('',#952,#3435,#3866,.T.);
#3866 = CIRCLE('',#3867,1.4);
#3867 = AXIS2_PLACEMENT_3D('',#3868,#3869,#3870);
#3868 = CARTESIAN_POINT('',(29.93713598635,22.015635791207,
    6.549371867901));
#3869 = DIRECTION('',(-0.,0.,1.));
#3870 = DIRECTION('',(0.589380850832,-0.80785531667,0.));
#3871 = ORIENTED_EDGE('',*,*,#949,.F.);
#3872 = ORIENTED_EDGE('',*,*,#3873,.T.);
#3873 = EDGE_CURVE('',#950,#2505,#3874,.T.);
#3874 = LINE('',#3875,#3876);
#3875 = CARTESIAN_POINT('',(24.657897325447,21.424096465162,
    6.549371867901));
#3876 = VECTOR('',#3877,1.);
#3877 = DIRECTION('',(-0.98799516896,0.15448477631,0.));
#3878 = ORIENTED_EDGE('',*,*,#2512,.T.);
#3879 = ORIENTED_EDGE('',*,*,#1876,.T.);
#3880 = ORIENTED_EDGE('',*,*,#2678,.T.);
#3881 = ORIENTED_EDGE('',*,*,#2655,.F.);
#3882 = ORIENTED_EDGE('',*,*,#1812,.F.);
#3883 = ORIENTED_EDGE('',*,*,#2623,.T.);
#3884 = ORIENTED_EDGE('',*,*,#2600,.T.);
#3885 = ORIENTED_EDGE('',*,*,#1844,.T.);
#3886 = ORIENTED_EDGE('',*,*,#2567,.F.);
#3887 = ORIENTED_EDGE('',*,*,#2479,.T.);
#3888 = ORIENTED_EDGE('',*,*,#1908,.T.);
#3889 = ORIENTED_EDGE('',*,*,#2544,.T.);
#3890 = ORIENTED_EDGE('',*,*,#3891,.F.);
#3891 = EDGE_CURVE('',#3892,#2537,#3894,.T.);
#3892 = VERTEX_POINT('',#3893);
#3893 = CARTESIAN_POINT('',(24.95277314777,20.625479321156,
    6.549371867901));
#3894 = CIRCLE('',#3895,1.2);
#3895 = AXIS2_PLACEMENT_3D('',#3896,#3897,#3898);
#3896 = CARTESIAN_POINT('',(25.978692959688,20.002993546627,
    6.549371867901));
#3897 = DIRECTION('',(0.,0.,1.));
#3898 = DIRECTION('',(-0.589380850832,0.80785531667,0.));
#3899 = ORIENTED_EDGE('',*,*,#3900,.F.);
#3900 = EDGE_CURVE('',#3901,#3892,#3903,.T.);
#3901 = VERTEX_POINT('',#3902);
#3902 = CARTESIAN_POINT('',(24.422228877746,23.038127525713,
    6.549371867901));
#3903 = B_SPLINE_CURVE_WITH_KNOTS('',3,(#3904,#3905,#3906,#3907,#3908),
  .UNSPECIFIED.,.F.,.F.,(4,1,4),(-0.487048727925,-0.358041101358,
    -0.23246248901),.UNSPECIFIED.);
#3904 = CARTESIAN_POINT('',(24.422228877746,23.038127525713,
    6.549371867901));
#3905 = CARTESIAN_POINT('',(24.333477783375,22.617360237078,
    6.549371867901));
#3906 = CARTESIAN_POINT('',(24.339598234895,21.748990746152,
    6.549371867901));
#3907 = CARTESIAN_POINT('',(24.702489679455,20.960939316624,
    6.549371867901));
#3908 = CARTESIAN_POINT('',(24.95277314777,20.625479321156,
    6.549371867901));
#3909 = ORIENTED_EDGE('',*,*,#3910,.F.);
#3910 = EDGE_CURVE('',#1250,#3901,#3911,.T.);
#3911 = B_SPLINE_CURVE_WITH_KNOTS('',3,(#3912,#3913,#3914,#3915,#3916),
  .UNSPECIFIED.,.F.,.F.,(4,1,4),(-0.615304371311,-0.289889960011,
    -3.330669073875E-16),.UNSPECIFIED.);
#3912 = CARTESIAN_POINT('',(25.771273174159,29.041214141924,
    6.549371867901));
#3913 = CARTESIAN_POINT('',(25.514643502906,27.987303024667,
    6.549371867901));
#3914 = CARTESIAN_POINT('',(25.053752801733,25.988618171319,
    6.549371867901));
#3915 = CARTESIAN_POINT('',(24.621659342224,23.983623650627,
    6.549371867901));
#3916 = CARTESIAN_POINT('',(24.422228877746,23.038127525713,
    6.549371867901));
#3917 = ORIENTED_EDGE('',*,*,#1285,.F.);
#3918 = ORIENTED_EDGE('',*,*,#3528,.T.);
#3919 = ORIENTED_EDGE('',*,*,#1394,.T.);
#3920 = ORIENTED_EDGE('',*,*,#3542,.T.);
#3921 = ORIENTED_EDGE('',*,*,#3922,.T.);
#3922 = EDGE_CURVE('',#3543,#3923,#3925,.T.);
#3923 = VERTEX_POINT('',#3924);
#3924 = CARTESIAN_POINT('',(23.19569516596,22.91856642914,6.549371867901
    ));
#3925 = LINE('',#3926,#3927);
#3926 = CARTESIAN_POINT('',(22.337366898218,17.42919587648,
    6.549371867901));
#3927 = VECTOR('',#3928,1.);
#3928 = DIRECTION('',(0.15448477631,0.98799516896,0.));
#3929 = ORIENTED_EDGE('',*,*,#3930,.F.);
#3930 = EDGE_CURVE('',#1555,#3923,#3931,.T.);
#3931 = CIRCLE('',#3932,2.4);
#3932 = AXIS2_PLACEMENT_3D('',#3933,#3934,#3935);
#3933 = CARTESIAN_POINT('',(22.113648198236,25.060802261078,
    6.549371867901));
#3934 = DIRECTION('',(-0.,0.,1.));
#3935 = DIRECTION('',(0.589380850832,-0.80785531667,0.));
#3936 = ORIENTED_EDGE('',*,*,#1552,.F.);
#3937 = ORIENTED_EDGE('',*,*,#2423,.T.);
#3938 = ORIENTED_EDGE('',*,*,#2446,.T.);
#3939 = ORIENTED_EDGE('',*,*,#1940,.T.);
#3940 = ORIENTED_EDGE('',*,*,#2335,.T.);
#3941 = ORIENTED_EDGE('',*,*,#2367,.T.);
#3942 = ORIENTED_EDGE('',*,*,#2391,.T.);
#3943 = ORIENTED_EDGE('',*,*,#1972,.T.);
#3944 = ORIENTED_EDGE('',*,*,#3097,.T.);
#3945 = ORIENTED_EDGE('',*,*,#3067,.T.);
#3946 = ORIENTED_EDGE('',*,*,#3034,.T.);
#3947 = ORIENTED_EDGE('',*,*,#2974,.T.);
#3948 = ORIENTED_EDGE('',*,*,#990,.F.);
#3949 = ORIENTED_EDGE('',*,*,#3950,.F.);
#3950 = EDGE_CURVE('',#3951,#991,#3953,.T.);
#3951 = VERTEX_POINT('',#3952);
#3952 = CARTESIAN_POINT('',(13.899436521466,24.038376125274,
    6.549371867901));
#3953 = CIRCLE('',#3954,2.4);
#3954 = AXIS2_PLACEMENT_3D('',#3955,#3956,#3957);
#3955 = CARTESIAN_POINT('',(14.994561421939,26.173956011947,
    6.549371867901));
#3956 = DIRECTION('',(0.,0.,1.));
#3957 = DIRECTION('',(-0.637117580889,-0.770766623643,0.));
#3958 = ORIENTED_EDGE('',*,*,#3959,.T.);
#3959 = EDGE_CURVE('',#3951,#1362,#3960,.T.);
#3960 = CIRCLE('',#3961,4.);
#3961 = AXIS2_PLACEMENT_3D('',#3962,#3963,#3964);
#3962 = CARTESIAN_POINT('',(9.911653143518,24.350760072627,
    6.549371867901));
#3963 = DIRECTION('',(0.,0.,-1.));
#3964 = DIRECTION('',(-0.897927089868,-0.440144227818,-0.));
#3965 = ORIENTED_EDGE('',*,*,#1361,.T.);
#3966 = ORIENTED_EDGE('',*,*,#3617,.T.);
#3967 = ORIENTED_EDGE('',*,*,#3585,.T.);
#3968 = PLANE('',#3969);
#3969 = AXIS2_PLACEMENT_3D('',#3970,#3971,#3972);
#3970 = CARTESIAN_POINT('',(22.624794291708,18.289693745353,
    6.549371867901));
#3971 = DIRECTION('',(0.,0.,-1.));
#3972 = DIRECTION('',(0.,-1.,0.));
#3973 = ADVANCED_FACE('',(#3974),#4015,.F.);
#3974 = FACE_BOUND('',#3975,.T.);
#3975 = EDGE_LOOP('',(#3976,#3984,#3985,#3986,#3987,#3988,#3989,#4008));
#3976 = ORIENTED_EDGE('',*,*,#3977,.F.);
#3977 = EDGE_CURVE('',#3418,#3978,#3980,.T.);
#3978 = VERTEX_POINT('',#3979);
#3979 = CARTESIAN_POINT('',(26.120330084988,23.333135937276,
    8.29533172394));
#3980 = LINE('',#3981,#3982);
#3981 = CARTESIAN_POINT('',(27.733331718552,23.080923978779,
    8.254230147438));
#3982 = VECTOR('',#3983,1.);
#3983 = DIRECTION('',(-0.987682218619,0.154435842808,2.516754814306E-02)
  );
#3984 = ORIENTED_EDGE('',*,*,#3417,.T.);
#3985 = ORIENTED_EDGE('',*,*,#3664,.T.);
#3986 = ORIENTED_EDGE('',*,*,#1300,.T.);
#3987 = ORIENTED_EDGE('',*,*,#3697,.T.);
#3988 = ORIENTED_EDGE('',*,*,#3735,.F.);
#3989 = ORIENTED_EDGE('',*,*,#3990,.F.);
#3990 = EDGE_CURVE('',#3991,#3722,#3993,.T.);
#3991 = VERTEX_POINT('',#3992);
#3992 = CARTESIAN_POINT('',(26.226229673093,23.828032665902,
    8.149371867901));
#3993 = B_SPLINE_CURVE_WITH_KNOTS('',3,(#3994,#3995,#3996,#3997,#3998,
    #3999,#4000,#4001,#4002,#4003,#4004,#4005,#4006,#4007),
  .UNSPECIFIED.,.F.,.F.,(4,2,2,2,2,2,4),(0.,1.439991044172E-03,
    2.879982088344E-03,4.319973132516E-03,5.039968654602E-03,
    5.399966415645E-03,5.759964176688E-03),.UNSPECIFIED.);
#3994 = CARTESIAN_POINT('',(26.226229673093,23.828032665902,
    8.149371867901));
#3995 = CARTESIAN_POINT('',(26.323418260665,24.280158189854,
    8.015995945904));
#3996 = CARTESIAN_POINT('',(26.404967640313,24.734540039598,
    7.883071487109));
#3997 = CARTESIAN_POINT('',(26.536446259552,25.647865692473,
    7.618135360611));
#3998 = CARTESIAN_POINT('',(26.586664703071,26.106767771095,
    7.486115344343));
#3999 = CARTESIAN_POINT('',(26.64427220416,27.030751080675,
    7.223311684636));
#4000 = CARTESIAN_POINT('',(26.652626927344,27.494450586176,
    7.092848169313));
#4001 = CARTESIAN_POINT('',(26.600962292294,28.188315124808,
    6.902072293855));
#4002 = CARTESIAN_POINT('',(26.573015912307,28.420477729329,
    6.83897841245));
#4003 = CARTESIAN_POINT('',(26.500810325481,28.76138073928,6.7484920063)
  );
#4004 = CARTESIAN_POINT('',(26.471644600093,28.873946151196,
    6.718982412229));
#4005 = CARTESIAN_POINT('',(26.395799976656,29.095404316212,
    6.662205254332));
#4006 = CARTESIAN_POINT('',(26.349190233312,29.205062243391,
    6.634718570179));
#4007 = CARTESIAN_POINT('',(26.287196831533,29.306890682626,
    6.610490735225));
#4008 = ORIENTED_EDGE('',*,*,#4009,.T.);
#4009 = EDGE_CURVE('',#3991,#3978,#4010,.T.);
#4010 = B_SPLINE_CURVE_WITH_KNOTS('',3,(#4011,#4012,#4013,#4014),
  .UNSPECIFIED.,.F.,.F.,(4,4),(0.681371792519,1.),
  .PIECEWISE_BEZIER_KNOTS.);
#4011 = CARTESIAN_POINT('',(26.226229673093,23.828032665902,
    8.149371867901));
#4012 = CARTESIAN_POINT('',(26.191233287745,23.665143018099,
    8.197422649946));
#4013 = CARTESIAN_POINT('',(26.155927311849,23.500178771116,
    8.246075986486));
#4014 = CARTESIAN_POINT('',(26.120330084988,23.333135937276,
    8.29533172394));
#4015 = PLANE('',#4016);
#4016 = AXIS2_PLACEMENT_3D('',#4017,#4018,#4019);
#4017 = CARTESIAN_POINT('',(28.812232773022,24.880350621258,
    7.675455718172));
#4018 = DIRECTION('',(-6.656361562212E-02,-0.26912578533,-0.960802059087
    ));
#4019 = DIRECTION('',(0.,-0.962937678465,0.269723983718));
#4020 = ADVANCED_FACE('',(#4021),#4038,.T.);
#4021 = FACE_BOUND('',#4022,.T.);
#4022 = EDGE_LOOP('',(#4023,#4024,#4031));
#4023 = ORIENTED_EDGE('',*,*,#1135,.F.);
#4024 = ORIENTED_EDGE('',*,*,#4025,.F.);
#4025 = EDGE_CURVE('',#2125,#1125,#4026,.T.);
#4026 = CIRCLE('',#4027,1.4);
#4027 = AXIS2_PLACEMENT_3D('',#4028,#4029,#4030);
#4028 = CARTESIAN_POINT('',(14.994561421939,26.173956011947,
    7.549371867901));
#4029 = DIRECTION('',(0.,0.,-1.));
#4030 = DIRECTION('',(-0.637117580889,-0.770766623643,-0.));
#4031 = ORIENTED_EDGE('',*,*,#4032,.F.);
#4032 = EDGE_CURVE('',#1136,#2125,#4033,.T.);
#4033 = ( BOUNDED_CURVE() B_SPLINE_CURVE(3,(#4034,#4035,#4036,#4037),
.UNSPECIFIED.,.F.,.F.) B_SPLINE_CURVE_WITH_KNOTS((4,4),(5.714132890097,
5.897474977979),.PIECEWISE_BEZIER_KNOTS.) CURVE() 
GEOMETRIC_REPRESENTATION_ITEM() RATIONAL_B_SPLINE_CURVE((1.,
0.997200767689,0.997200767689,1.)) REPRESENTATION_ITEM('') );
#4034 = CARTESIAN_POINT('',(14.102596808695,25.094882738847,
    7.638141585278));
#4035 = CARTESIAN_POINT('',(14.168635857285,25.040294699366,
    7.603342075664));
#4036 = CARTESIAN_POINT('',(14.239394754641,24.99198125985,
    7.573669108343));
#4037 = CARTESIAN_POINT('',(14.31427928899,24.950348141921,
    7.549371867901));
#4038 = CYLINDRICAL_SURFACE('',#4039,1.4);
#4039 = AXIS2_PLACEMENT_3D('',#4040,#4041,#4042);
#4040 = CARTESIAN_POINT('',(14.994561421939,26.173956011947,
    5.949371867901));
#4041 = DIRECTION('',(0.,0.,1.));
#4042 = DIRECTION('',(-0.637117580889,-0.770766623643,0.));
#4043 = ADVANCED_FACE('',(#4044),#4057,.F.);
#4044 = FACE_BOUND('',#4045,.F.);
#4045 = EDGE_LOOP('',(#4046,#4047,#4048,#4049,#4056));
#4046 = ORIENTED_EDGE('',*,*,#2750,.T.);
#4047 = ORIENTED_EDGE('',*,*,#2536,.F.);
#4048 = ORIENTED_EDGE('',*,*,#3891,.F.);
#4049 = ORIENTED_EDGE('',*,*,#4050,.T.);
#4050 = EDGE_CURVE('',#3892,#1096,#4051,.T.);
#4051 = B_SPLINE_CURVE_WITH_KNOTS('',3,(#4052,#4053,#4054,#4055),
  .UNSPECIFIED.,.F.,.F.,(4,4),(0.,0.289077795221),
  .PIECEWISE_BEZIER_KNOTS.);
#4052 = CARTESIAN_POINT('',(24.95277314777,20.625479321156,
    6.549371867901));
#4053 = CARTESIAN_POINT('',(25.04309319341,20.774335935691,
    6.549388229614));
#4054 = CARTESIAN_POINT('',(25.154553097252,20.887714061847,
    6.574163806903));
#4055 = CARTESIAN_POINT('',(25.27131534516,20.972530025879,
    6.617450174313));
#4056 = ORIENTED_EDGE('',*,*,#1095,.T.);
#4057 = CYLINDRICAL_SURFACE('',#4058,1.2);
#4058 = AXIS2_PLACEMENT_3D('',#4059,#4060,#4061);
#4059 = CARTESIAN_POINT('',(25.978692959688,20.002993546627,
    6.549371867901));
#4060 = DIRECTION('',(0.,0.,-1.));
#4061 = DIRECTION('',(-0.589380850832,0.80785531667,0.));
#4062 = ADVANCED_FACE('',(#4063),#4087,.T.);
#4063 = FACE_BOUND('',#4064,.T.);
#4064 = EDGE_LOOP('',(#4065,#4066,#4067,#4078,#4085,#4086));
#4065 = ORIENTED_EDGE('',*,*,#1249,.F.);
#4066 = ORIENTED_EDGE('',*,*,#3910,.T.);
#4067 = ORIENTED_EDGE('',*,*,#4068,.F.);
#4068 = EDGE_CURVE('',#4069,#3901,#4071,.T.);
#4069 = VERTEX_POINT('',#4070);
#4070 = CARTESIAN_POINT('',(25.987782027437,22.70791042214,
    8.149371867901));
#4071 = B_SPLINE_CURVE_WITH_KNOTS('',3,(#4072,#4073,#4074,#4075,#4076,
    #4077),.UNSPECIFIED.,.F.,.F.,(4,1,1,4),(0.,0.428571428571,
    0.714285714286,1.),.UNSPECIFIED.);
#4072 = CARTESIAN_POINT('',(25.987782027437,22.70791042214,
    8.149371867901));
#4073 = CARTESIAN_POINT('',(25.987782027437,22.70791042214,
    7.790332707491));
#4074 = CARTESIAN_POINT('',(25.783422652889,22.751015289429,
    7.193850249215));
#4075 = CARTESIAN_POINT('',(25.12392945301,22.890120074426,
    6.658679845442));
#4076 = CARTESIAN_POINT('',(24.656435081264,22.988727162538,
    6.549371867901));
#4077 = CARTESIAN_POINT('',(24.422228877746,23.038127525713,
    6.549371867901));
#4078 = ORIENTED_EDGE('',*,*,#4079,.T.);
#4079 = EDGE_CURVE('',#4069,#3991,#4080,.T.);
#4080 = B_SPLINE_CURVE_WITH_KNOTS('',3,(#4081,#4082,#4083,#4084),
  .UNSPECIFIED.,.F.,.F.,(4,4),(0.,0.523816808732),
  .PIECEWISE_BEZIER_KNOTS.);
#4081 = CARTESIAN_POINT('',(25.987782027437,22.70791042214,
    8.149371867901));
#4082 = CARTESIAN_POINT('',(26.066598924195,23.081579864554,
    8.149371867901));
#4083 = CARTESIAN_POINT('',(26.146038863885,23.454981578269,
    8.149371867901));
#4084 = CARTESIAN_POINT('',(26.226229673093,23.828032665902,
    8.149371867901));
#4085 = ORIENTED_EDGE('',*,*,#3990,.T.);
#4086 = ORIENTED_EDGE('',*,*,#3721,.F.);
#4087 = B_SPLINE_SURFACE_WITH_KNOTS('',3,3,(
    (#4088,#4089,#4090,#4091,#4092)
    ,(#4093,#4094,#4095,#4096,#4097)
    ,(#4098,#4099,#4100,#4101,#4102)
    ,(#4103,#4104,#4105,#4106,#4107)
    ,(#4108,#4109,#4110,#4111,#4112)
    ,(#4113,#4114,#4115,#4116,#4117
    )),.UNSPECIFIED.,.F.,.F.,.F.,(4,1,1,4),(4,1,4),(0.,0.285714285714,
    0.571428571429,1.),(3.759080305231E-16,0.289889960011,0.676409906691
    ),.UNSPECIFIED.);
#4088 = CARTESIAN_POINT('',(24.422228877746,23.038127525713,
    6.549371867901));
#4089 = CARTESIAN_POINT('',(24.621659342224,23.983623650627,
    6.549371867901));
#4090 = CARTESIAN_POINT('',(25.096663763217,26.187733063615,
    6.549371867901));
#4091 = CARTESIAN_POINT('',(25.606469110956,28.384217361892,
    6.549371867901));
#4092 = CARTESIAN_POINT('',(25.917217215429,29.63458134302,
    6.549371867901));
#4093 = CARTESIAN_POINT('',(24.656435081264,22.988727162538,
    6.549371867901));
#4094 = CARTESIAN_POINT('',(24.855716211526,23.933515296711,
    6.549371867901));
#4095 = CARTESIAN_POINT('',(25.330304809651,26.13568802801,
    6.549371867901));
#4096 = CARTESIAN_POINT('',(25.839366872736,28.328919448237,
    6.549371867901));
#4097 = CARTESIAN_POINT('',(26.149510316018,29.576850440835,
    6.549371867901));
#4098 = CARTESIAN_POINT('',(25.123933151132,22.890119294393,
    6.658680214991));
#4099 = CARTESIAN_POINT('',(25.322916276848,23.833494594548,
    6.658680214991));
#4100 = CARTESIAN_POINT('',(25.796674889581,26.031801587534,
    6.658680214991));
#4101 = CARTESIAN_POINT('',(26.30425283975,28.218538185258,
    6.658680214991));
#4102 = CARTESIAN_POINT('',(26.61318964875,29.461614016958,
    6.658680214991));
#4103 = CARTESIAN_POINT('',(25.783414696609,22.751016967622,
    7.193852116435));
#4104 = CARTESIAN_POINT('',(25.981978550546,23.69240450807,
    7.193852116435));
#4105 = CARTESIAN_POINT('',(26.454566843072,25.885259136362,
    7.193852116435));
#4106 = CARTESIAN_POINT('',(26.960045090578,28.062809469953,
    7.193852116435));
#4107 = CARTESIAN_POINT('',(27.26728424863,29.29905442621,7.193852116435
    ));
#4108 = CARTESIAN_POINT('',(25.987782027437,22.70791042214,
    7.790332707491));
#4109 = CARTESIAN_POINT('',(26.186214027552,23.648672846066,
    7.790332707491));
#4110 = CARTESIAN_POINT('',(26.658438768315,25.839836305878,
    7.790332707491));
#4111 = CARTESIAN_POINT('',(27.163276938244,28.014581925598,
    7.790332707491));
#4112 = CARTESIAN_POINT('',(27.46998221403,29.248678688041,
    7.790332707491));
#4113 = CARTESIAN_POINT('',(25.987782027437,22.70791042214,
    8.149371867901));
#4114 = CARTESIAN_POINT('',(26.186215081989,23.648677845135,
    8.149371867901));
#4115 = CARTESIAN_POINT('',(26.6584403048,25.839842143029,8.149371867901
    ));
#4116 = CARTESIAN_POINT('',(27.163272668777,28.014564746451,
    8.149371867901));
#4117 = CARTESIAN_POINT('',(27.46998221403,29.248678688041,
    8.149371867901));
#4118 = ADVANCED_FACE('',(#4119),#4131,.F.);
#4119 = FACE_BOUND('',#4120,.F.);
#4120 = EDGE_LOOP('',(#4121,#4122,#4123,#4130));
#4121 = ORIENTED_EDGE('',*,*,#2931,.F.);
#4122 = ORIENTED_EDGE('',*,*,#2077,.F.);
#4123 = ORIENTED_EDGE('',*,*,#4124,.T.);
#4124 = EDGE_CURVE('',#2078,#1054,#4125,.T.);
#4125 = CIRCLE('',#4126,1.);
#4126 = AXIS2_PLACEMENT_3D('',#4127,#4128,#4129);
#4127 = CARTESIAN_POINT('',(21.742884735092,22.689613855574,
    7.549371867901));
#4128 = DIRECTION('',(-0.98799516896,0.15448477631,0.));
#4129 = DIRECTION('',(0.15448477631,0.98799516896,0.));
#4130 = ORIENTED_EDGE('',*,*,#1053,.T.);
#4131 = CYLINDRICAL_SURFACE('',#4132,1.);
#4132 = AXIS2_PLACEMENT_3D('',#4133,#4134,#4135);
#4133 = CARTESIAN_POINT('',(19.347511717215,23.064158870035,
    7.549371867901));
#4134 = DIRECTION('',(-0.98799516896,0.15448477631,1.617556457702E-15));
#4135 = DIRECTION('',(0.109237232919,0.698618083751,-0.707106781187));
#4136 = ADVANCED_FACE('',(#4137),#4185,.F.);
#4137 = FACE_BOUND('',#4138,.F.);
#4138 = EDGE_LOOP('',(#4139,#4140,#4141,#4142,#4143,#4144,#4145,#4154,
    #4184));
#4139 = ORIENTED_EDGE('',*,*,#1578,.F.);
#4140 = ORIENTED_EDGE('',*,*,#2948,.F.);
#4141 = ORIENTED_EDGE('',*,*,#1061,.F.);
#4142 = ORIENTED_EDGE('',*,*,#4124,.F.);
#4143 = ORIENTED_EDGE('',*,*,#2108,.F.);
#4144 = ORIENTED_EDGE('',*,*,#925,.F.);
#4145 = ORIENTED_EDGE('',*,*,#4146,.F.);
#4146 = EDGE_CURVE('',#4147,#926,#4149,.T.);
#4147 = VERTEX_POINT('',#4148);
#4148 = CARTESIAN_POINT('',(23.49684143478,24.844523574244,
    7.549371867901));
#4149 = CIRCLE('',#4150,1.4);
#4150 = AXIS2_PLACEMENT_3D('',#4151,#4152,#4153);
#4151 = CARTESIAN_POINT('',(22.113648198236,25.060802261078,
    7.549371867901));
#4152 = DIRECTION('',(0.,0.,-1.));
#4153 = DIRECTION('',(0.589380850832,-0.80785531667,0.));
#4154 = ORIENTED_EDGE('',*,*,#4155,.F.);
#4155 = EDGE_CURVE('',#3923,#4147,#4156,.T.);
#4156 = B_SPLINE_CURVE_WITH_KNOTS('',3,(#4157,#4158,#4159,#4160,#4161,
    #4162,#4163,#4164,#4165,#4166,#4167,#4168,#4169,#4170,#4171,#4172,
    #4173,#4174,#4175,#4176,#4177,#4178,#4179,#4180,#4181,#4182,#4183),
  .UNSPECIFIED.,.F.,.F.,(4,2,2,2,2,2,2,2,2,1,1,1,2,2,4),(0.,0.125,0.1875
    ,0.25,0.375,0.4375,0.5,0.625,0.6875,0.71875,0.734375,0.7421875,
    0.74609375,0.75,1.),.UNSPECIFIED.);
#4157 = CARTESIAN_POINT('',(23.19569516596,22.91856642914,6.549371867901
    ));
#4158 = CARTESIAN_POINT('',(23.210198649345,23.011322291753,
    6.549384417372));
#4159 = CARTESIAN_POINT('',(23.22470367253,23.103904804441,
    6.558106310458));
#4160 = CARTESIAN_POINT('',(23.246040995368,23.240537781442,
    6.582136270903));
#4161 = CARTESIAN_POINT('',(23.253088810197,23.28571898801,
    6.591965992023));
#4162 = CARTESIAN_POINT('',(23.267036604042,23.375102751838,
    6.614870807713));
#4163 = CARTESIAN_POINT('',(23.274217412175,23.421096702636,
    6.628540640783));
#4164 = CARTESIAN_POINT('',(23.293876117101,23.546614594891,
    6.670236180437));
#4165 = CARTESIAN_POINT('',(23.306946295773,23.629743952656,
    6.70379096749));
#4166 = CARTESIAN_POINT('',(23.326180574607,23.752716220153,
    6.761470719379));
#4167 = CARTESIAN_POINT('',(23.332535970032,23.793426374862,
    6.781919290323));
#4168 = CARTESIAN_POINT('',(23.345142282959,23.874223332547,
    6.825018611238));
#4169 = CARTESIAN_POINT('',(23.351649119628,23.915944699974,
    6.848640156113));
#4170 = CARTESIAN_POINT('',(23.369535274025,24.030373914618,
    6.916598976101));
#4171 = CARTESIAN_POINT('',(23.381497675796,24.107252196918,
    6.966621796461));
#4172 = CARTESIAN_POINT('',(23.399501596503,24.223209297825,
    7.047981874038));
#4173 = CARTESIAN_POINT('',(23.405519696832,24.261977222001,7.0761515003
    ));
#4174 = CARTESIAN_POINT('',(23.414614347851,24.32037290084,
    7.119842612686));
#4175 = CARTESIAN_POINT('',(23.419178828486,24.349632917989,
    7.142046865215));
#4176 = CARTESIAN_POINT('',(23.424544639969,24.38390782664,
    7.168544375211));
#4177 = CARTESIAN_POINT('',(23.427238951747,24.401084641025,
    7.181936490731));
#4178 = CARTESIAN_POINT('',(23.428396227196,24.408455111748,
    7.187706167975));
#4179 = CARTESIAN_POINT('',(23.429168328935,24.413370817852,
    7.191559271481));
#4180 = CARTESIAN_POINT('',(23.429717469598,24.416865470263,
    7.194303120431));
#4181 = CARTESIAN_POINT('',(23.444267389616,24.509436808892,
    7.267051312519));
#4182 = CARTESIAN_POINT('',(23.466753128689,24.652096192269,
    7.384764969293));
#4183 = CARTESIAN_POINT('',(23.49684143478,24.844523574244,
    7.549371867901));
#4184 = ORIENTED_EDGE('',*,*,#3930,.F.);
#4185 = TOROIDAL_SURFACE('',#4186,2.4,1.);
#4186 = AXIS2_PLACEMENT_3D('',#4187,#4188,#4189);
#4187 = CARTESIAN_POINT('',(22.113648198236,25.060802261078,
    7.549371867901));
#4188 = DIRECTION('',(0.,0.,1.));
#4189 = DIRECTION('',(1.,0.,0.));
#4190 = ADVANCED_FACE('',(#4191),#4203,.F.);
#4191 = FACE_BOUND('',#4192,.F.);
#4192 = EDGE_LOOP('',(#4193,#4200,#4201,#4202));
#4193 = ORIENTED_EDGE('',*,*,#4194,.T.);
#4194 = EDGE_CURVE('',#1001,#2038,#4195,.T.);
#4195 = CIRCLE('',#4196,1.);
#4196 = AXIS2_PLACEMENT_3D('',#4197,#4198,#4199);
#4197 = CARTESIAN_POINT('',(14.623797958795,23.802767606443,
    7.549371867901));
#4198 = DIRECTION('',(0.98799516896,-0.15448477631,0.));
#4199 = DIRECTION('',(0.,0.,-1.));
#4200 = ORIENTED_EDGE('',*,*,#2045,.F.);
#4201 = ORIENTED_EDGE('',*,*,#2982,.F.);
#4202 = ORIENTED_EDGE('',*,*,#1009,.T.);
#4203 = CYLINDRICAL_SURFACE('',#4204,1.);
#4204 = AXIS2_PLACEMENT_3D('',#4205,#4206,#4207);
#4205 = CARTESIAN_POINT('',(19.347511717215,23.064158870035,
    7.549371867901));
#4206 = DIRECTION('',(-0.98799516896,0.15448477631,1.617556457702E-15));
#4207 = DIRECTION('',(0.109237232919,0.698618083751,-0.707106781187));
#4208 = ADVANCED_FACE('',(#4209),#4246,.F.);
#4209 = FACE_BOUND('',#4210,.F.);
#4210 = EDGE_LOOP('',(#4211,#4212,#4241,#4242,#4243,#4244,#4245));
#4211 = ORIENTED_EDGE('',*,*,#3950,.F.);
#4212 = ORIENTED_EDGE('',*,*,#4213,.F.);
#4213 = EDGE_CURVE('',#1127,#3951,#4214,.T.);
#4214 = B_SPLINE_CURVE_WITH_KNOTS('',3,(#4215,#4216,#4217,#4218,#4219,
    #4220,#4221,#4222,#4223,#4224,#4225,#4226,#4227,#4228,#4229,#4230,
    #4231,#4232,#4233,#4234,#4235,#4236,#4237,#4238,#4239,#4240),
  .UNSPECIFIED.,.F.,.F.,(4,2,2,1,1,1,2,2,2,2,1,2,2,2,4),(0.,0.125,0.1875
    ,0.21875,0.234375,0.2421875,0.24609375,0.25,0.375,0.4375,0.46875,
    0.484375,0.5,0.75,1.),.UNSPECIFIED.);
#4215 = CARTESIAN_POINT('',(13.676770386793,25.701275583234,
    7.549371867901));
#4216 = CARTESIAN_POINT('',(13.701490020565,25.632359440746,
    7.477475771066));
#4217 = CARTESIAN_POINT('',(13.721428000765,25.570749485163,
    7.413562726331));
#4218 = CARTESIAN_POINT('',(13.746468484452,25.488240727925,
    7.330783022532));
#4219 = CARTESIAN_POINT('',(13.753990503094,25.46243306002,
    7.305344341876));
#4220 = CARTESIAN_POINT('',(13.764177674608,25.426400520749,
    7.270377035343));
#4221 = CARTESIAN_POINT('',(13.768995635293,25.409055738789,
    7.253689689654));
#4222 = CARTESIAN_POINT('',(13.774149123208,25.390038243883,
    7.235594157566));
#4223 = CARTESIAN_POINT('',(13.776609824865,25.380839947584,
    7.226886483554));
#4224 = CARTESIAN_POINT('',(13.777639617124,25.376964979687,
    7.223227155938));
#4225 = CARTESIAN_POINT('',(13.778320641022,25.37439666343,
    7.220803683028));
#4226 = CARTESIAN_POINT('',(13.778439446425,25.373949473945,
    7.220381452381));
#4227 = CARTESIAN_POINT('',(13.796720275444,25.3046957582,7.155135702404
    ));
#4228 = CARTESIAN_POINT('',(13.812199781695,25.238764785469,
    7.096192287444));
#4229 = CARTESIAN_POINT('',(13.832705752356,25.141427659422,
    7.01513514195));
#4230 = CARTESIAN_POINT('',(13.839081923108,25.10925801189,6.98933424531
    ));
#4231 = CARTESIAN_POINT('',(13.847964835318,25.061495667223,
    6.952501993504));
#4232 = CARTESIAN_POINT('',(13.852235086272,25.037738433964,
    6.934552498663));
#4233 = CARTESIAN_POINT('',(13.856242055447,25.014188634588,
    6.91730532685));
#4234 = CARTESIAN_POINT('',(13.858853605697,24.998537631913,
    6.905963196859));
#4235 = CARTESIAN_POINT('',(13.859943951416,24.991895149904,
    6.901191962309));
#4236 = CARTESIAN_POINT('',(13.88426962242,24.840019653303,
    6.793463539293));
#4237 = CARTESIAN_POINT('',(13.900135003114,24.691996444664,
    6.709148570391));
#4238 = CARTESIAN_POINT('',(13.914614074768,24.379389430354,
    6.587591777247));
#4239 = CARTESIAN_POINT('',(13.912897400517,24.2102129632,6.549371867901
    ));
#4240 = CARTESIAN_POINT('',(13.899436521466,24.038376125274,
    6.549371867901));
#4241 = ORIENTED_EDGE('',*,*,#1124,.F.);
#4242 = ORIENTED_EDGE('',*,*,#4025,.F.);
#4243 = ORIENTED_EDGE('',*,*,#2124,.F.);
#4244 = ORIENTED_EDGE('',*,*,#4194,.F.);
#4245 = ORIENTED_EDGE('',*,*,#1000,.F.);
#4246 = TOROIDAL_SURFACE('',#4247,2.4,1.);
#4247 = AXIS2_PLACEMENT_3D('',#4248,#4249,#4250);
#4248 = CARTESIAN_POINT('',(14.994561421939,26.173956011947,
    7.549371867901));
#4249 = DIRECTION('',(0.,0.,1.));
#4250 = DIRECTION('',(1.,0.,0.));
#4251 = ADVANCED_FACE('',(#4252),#4283,.T.);
#4252 = FACE_BOUND('',#4253,.T.);
#4253 = EDGE_LOOP('',(#4254,#4263,#4264,#4272,#4273,#4274,#4275,#4276));
#4254 = ORIENTED_EDGE('',*,*,#4255,.F.);
#4255 = EDGE_CURVE('',#805,#4256,#4258,.T.);
#4256 = VERTEX_POINT('',#4257);
#4257 = CARTESIAN_POINT('',(26.694795220573,21.105603292744,
    7.679096788348));
#4258 = B_SPLINE_CURVE_WITH_KNOTS('',3,(#4259,#4260,#4261,#4262),
  .UNSPECIFIED.,.F.,.F.,(4,4),(3.664108995217E-04,1.039987962505E-03),
  .PIECEWISE_BEZIER_KNOTS.);
#4259 = CARTESIAN_POINT('',(26.257275369796,21.53485508543,
    7.960225160181));
#4260 = CARTESIAN_POINT('',(26.369274478336,21.374264597402,
    7.850320635594));
#4261 = CARTESIAN_POINT('',(26.511313364094,21.22204142079,
    7.749425392365));
#4262 = CARTESIAN_POINT('',(26.694795220573,21.105603292744,
    7.679096788348));
#4263 = ORIENTED_EDGE('',*,*,#804,.T.);
#4264 = ORIENTED_EDGE('',*,*,#4265,.T.);
#4265 = EDGE_CURVE('',#796,#4069,#4266,.T.);
#4266 = B_SPLINE_CURVE_WITH_KNOTS('',3,(#4267,#4268,#4269,#4270,#4271),
  .UNSPECIFIED.,.F.,.F.,(4,1,4),(0.416806675822,0.594479672111,1.),
  .UNSPECIFIED.);
#4267 = CARTESIAN_POINT('',(26.073773085719,21.860065993305,
    8.149372160636));
#4268 = CARTESIAN_POINT('',(26.038949129501,21.940819765476,
    8.149371867901));
#4269 = CARTESIAN_POINT('',(25.948446322279,22.216233134313,
    8.149371867901));
#4270 = CARTESIAN_POINT('',(25.946364850064,22.51155235411,
    8.149371867901));
#4271 = CARTESIAN_POINT('',(25.987782027437,22.70791042214,
    8.149371867901));
#4272 = ORIENTED_EDGE('',*,*,#4068,.T.);
#4273 = ORIENTED_EDGE('',*,*,#3900,.T.);
#4274 = ORIENTED_EDGE('',*,*,#4050,.T.);
#4275 = ORIENTED_EDGE('',*,*,#1103,.T.);
#4276 = ORIENTED_EDGE('',*,*,#4277,.F.);
#4277 = EDGE_CURVE('',#4256,#1077,#4278,.T.);
#4278 = B_SPLINE_CURVE_WITH_KNOTS('',3,(#4279,#4280,#4281,#4282),
  .UNSPECIFIED.,.F.,.F.,(4,4),(0.311740386678,1.),
  .PIECEWISE_BEZIER_KNOTS.);
#4279 = CARTESIAN_POINT('',(26.694795220573,21.105603292744,
    7.679096788348));
#4280 = CARTESIAN_POINT('',(26.496800935902,21.136562050175,
    7.48070420807));
#4281 = CARTESIAN_POINT('',(26.319894090771,21.164223536036,
    7.320061874823));
#4282 = CARTESIAN_POINT('',(26.164074685183,21.188587750329,
    7.19716978861));
#4283 = B_SPLINE_SURFACE_WITH_KNOTS('',3,3,(
    (#4284,#4285,#4286,#4287,#4288,#4289,#4290)
    ,(#4291,#4292,#4293,#4294,#4295,#4296,#4297)
    ,(#4298,#4299,#4300,#4301,#4302,#4303,#4304)
    ,(#4305,#4306,#4307,#4308,#4309,#4310,#4311)
    ,(#4312,#4313,#4314,#4315,#4316,#4317,#4318)
    ,(#4319,#4320,#4321,#4322,#4323,#4324,#4325)
    ,(#4326,#4327,#4328,#4329,#4330,#4331,#4332)
    ,(#4333,#4334,#4335,#4336,#4337,#4338,#4339)
    ,(#4340,#4341,#4342,#4343,#4344,#4345,#4346
  )),.UNSPECIFIED.,.F.,.F.,.F.,(4,1,1,3,4),(4,1,1,1,4),(0.,
    0.285714285714,0.571428571429,1.,1.01),(3.552202948816E-02,
    0.100025843551,0.229033471675,0.3580410998,0.487048727925),
  .UNSPECIFIED.);
#4284 = CARTESIAN_POINT('',(26.547293800967,19.530486881545,
    6.549371867901));
#4285 = CARTESIAN_POINT('',(26.340268738839,19.588566556153,
    6.549371867901));
#4286 = CARTESIAN_POINT('',(25.737674614734,19.829354886738,
    6.549371867901));
#4287 = CARTESIAN_POINT('',(24.89865458917,20.540940757587,
    6.549371867901));
#4288 = CARTESIAN_POINT('',(24.339680671069,21.737294704195,
    6.549371867901));
#4289 = CARTESIAN_POINT('',(24.333477783375,22.617360237078,
    6.549371867901));
#4290 = CARTESIAN_POINT('',(24.422228877746,23.038127525713,
    6.549371867901));
#4291 = CARTESIAN_POINT('',(26.611948554295,19.760948818793,
    6.549371867901));
#4292 = CARTESIAN_POINT('',(26.421454802974,19.814390730501,
    6.549371867901));
#4293 = CARTESIAN_POINT('',(25.866926078513,20.035975730342,
    6.549371867901));
#4294 = CARTESIAN_POINT('',(25.094858735708,20.690794917965,
    6.549371867901));
#4295 = CARTESIAN_POINT('',(24.580480096597,21.791668648444,
    6.549371867901));
#4296 = CARTESIAN_POINT('',(24.574770915936,22.601558872759,
    6.549371867901));
#4297 = CARTESIAN_POINT('',(24.656435081264,22.988727162538,
    6.549371867901));
#4298 = CARTESIAN_POINT('',(26.741004628959,20.220969334675,
    6.658679845442));
#4299 = CARTESIAN_POINT('',(26.583500007184,20.265156338354,
    6.658679845442));
#4300 = CARTESIAN_POINT('',(26.124922340406,20.448404594124,
    6.658679845442));
#4301 = CARTESIAN_POINT('',(25.486491342291,20.989907620109,
    6.658679845442));
#4302 = CARTESIAN_POINT('',(25.061130569869,21.900212775177,
    6.658679845442));
#4303 = CARTESIAN_POINT('',(25.056407639914,22.570000413693,
    6.658679845442));
#4304 = CARTESIAN_POINT('',(25.12392945301,22.890120074426,
    6.658679845442));
#4305 = CARTESIAN_POINT('',(26.923063726967,20.869919183839,
    7.193850249215));
#4306 = CARTESIAN_POINT('',(26.811972527874,20.901085172289,
    7.193850249215));
#4307 = CARTESIAN_POINT('',(26.48887663701,21.030175322484,
    7.193850249215));
#4308 = CARTESIAN_POINT('',(26.038872033427,21.411747636422,
    7.193850249215));
#4309 = CARTESIAN_POINT('',(25.739118745801,22.053469682935,
    7.193850249215));
#4310 = CARTESIAN_POINT('',(25.735798150845,22.525228410521,
    7.193850249215));
#4311 = CARTESIAN_POINT('',(25.78342265289,22.751015289429,
    7.193850249215));
#4312 = CARTESIAN_POINT('',(26.979478991607,21.071011454862,
    7.790332707491));
#4313 = CARTESIAN_POINT('',(26.882984022273,21.098082556121,
    7.790332707491));
#4314 = CARTESIAN_POINT('',(26.601657096669,21.210522351966,
    7.790332707491));
#4315 = CARTESIAN_POINT('',(26.210202790856,21.542667028028,
    7.790332707491));
#4316 = CARTESIAN_POINT('',(25.949319935446,22.100729265653,
    7.790332707491));
#4317 = CARTESIAN_POINT('',(25.94641489033,22.51178959408,7.790332707491
    ));
#4318 = CARTESIAN_POINT('',(25.987782027437,22.70791042214,
    7.790332707491));
#4319 = CARTESIAN_POINT('',(26.979478991607,21.071011454862,
    8.149371867901));
#4320 = CARTESIAN_POINT('',(26.882867295947,21.098115303012,
    8.149371867901));
#4321 = CARTESIAN_POINT('',(26.601656704698,21.210483190618,
    8.149371867901));
#4322 = CARTESIAN_POINT('',(26.210114026102,21.542556597014,
    8.149371867901));
#4323 = CARTESIAN_POINT('',(25.949259530988,22.100855105431,
    8.149371867901));
#4324 = CARTESIAN_POINT('',(25.946364850064,22.51155235411,
    8.149371867901));
#4325 = CARTESIAN_POINT('',(25.987782027437,22.70791042214,
    8.149371867901));
#4326 = CARTESIAN_POINT('',(26.979478991607,21.071011454862,
    8.157749448311));
#4327 = CARTESIAN_POINT('',(26.882864572333,21.098116067106,
    8.157749448311));
#4328 = CARTESIAN_POINT('',(26.601656695552,21.210482276853,
    8.157749448311));
#4329 = CARTESIAN_POINT('',(26.210111954924,21.542554020291,
    8.157749448311));
#4330 = CARTESIAN_POINT('',(25.94925812155,22.100858041693,
    8.157749448311));
#4331 = CARTESIAN_POINT('',(25.946363682458,22.51154681851,
    8.157749448311));
#4332 = CARTESIAN_POINT('',(25.987782027437,22.70791042214,
    8.157749448311));
#4333 = CARTESIAN_POINT('',(26.979478991607,21.071011454862,
    8.16612702872));
#4334 = CARTESIAN_POINT('',(26.882861848719,21.0981168312,8.16612702872)
  );
#4335 = CARTESIAN_POINT('',(26.601656686406,21.210481363089,
    8.16612702872));
#4336 = CARTESIAN_POINT('',(26.210109883746,21.542551443567,
    8.16612702872));
#4337 = CARTESIAN_POINT('',(25.949256712113,22.100860977954,
    8.16612702872));
#4338 = CARTESIAN_POINT('',(25.946362514851,22.511541282911,
    8.16612702872));
#4339 = CARTESIAN_POINT('',(25.987782027437,22.70791042214,8.16612702872
    ));
#4340 = CARTESIAN_POINT('',(26.979478991607,21.071011454862,
    8.17450460913));
#4341 = CARTESIAN_POINT('',(26.882859125104,21.098117595294,
    8.17450460913));
#4342 = CARTESIAN_POINT('',(26.60165667726,21.210480449324,8.17450460913
    ));
#4343 = CARTESIAN_POINT('',(26.210107812569,21.542548866843,
    8.17450460913));
#4344 = CARTESIAN_POINT('',(25.949255302676,22.100863914216,
    8.17450460913));
#4345 = CARTESIAN_POINT('',(25.946361347245,22.511535747312,
    8.17450460913));
#4346 = CARTESIAN_POINT('',(25.987782027437,22.70791042214,8.17450460913
    ));
#4347 = ADVANCED_FACE('',(#4348),#4362,.F.);
#4348 = FACE_BOUND('',#4349,.T.);
#4349 = EDGE_LOOP('',(#4350,#4356,#4357,#4358,#4359,#4360,#4361));
#4350 = ORIENTED_EDGE('',*,*,#4351,.F.);
#4351 = EDGE_CURVE('',#4256,#968,#4352,.T.);
#4352 = LINE('',#4353,#4354);
#4353 = CARTESIAN_POINT('',(26.599905894064,21.120440365678,
    7.68151470339));
#4354 = VECTOR('',#4355,1.);
#4355 = DIRECTION('',(0.987682218619,-0.154435842808,-2.516754814306E-02
    ));
#4356 = ORIENTED_EDGE('',*,*,#4277,.T.);
#4357 = ORIENTED_EDGE('',*,*,#1076,.T.);
#4358 = ORIENTED_EDGE('',*,*,#2781,.F.);
#4359 = ORIENTED_EDGE('',*,*,#2504,.F.);
#4360 = ORIENTED_EDGE('',*,*,#3873,.F.);
#4361 = ORIENTED_EDGE('',*,*,#976,.F.);
#4362 = PLANE('',#4363);
#4363 = AXIS2_PLACEMENT_3D('',#4364,#4365,#4366);
#4364 = CARTESIAN_POINT('',(24.978480488508,21.373969480951,
    6.549371867901));
#4365 = DIRECTION('',(0.15448477631,0.98799516896,0.));
#4366 = DIRECTION('',(0.,0.,-1.));
#4367 = ADVANCED_FACE('',(#4368),#4381,.T.);
#4368 = FACE_BOUND('',#4369,.T.);
#4369 = EDGE_LOOP('',(#4370,#4371,#4372,#4373,#4380));
#4370 = ORIENTED_EDGE('',*,*,#960,.F.);
#4371 = ORIENTED_EDGE('',*,*,#3865,.T.);
#4372 = ORIENTED_EDGE('',*,*,#3434,.T.);
#4373 = ORIENTED_EDGE('',*,*,#4374,.F.);
#4374 = EDGE_CURVE('',#777,#3426,#4375,.T.);
#4375 = B_SPLINE_CURVE_WITH_KNOTS('',3,(#4376,#4377,#4378,#4379),
  .UNSPECIFIED.,.F.,.F.,(4,4),(1.034362933175E-03,1.238639046849E-03),
  .PIECEWISE_BEZIER_KNOTS.);
#4376 = CARTESIAN_POINT('',(31.27406548784,21.60016075219,8.204865903246
    ));
#4377 = CARTESIAN_POINT('',(31.294169731987,21.66485286262,8.21701379154
    ));
#4378 = CARTESIAN_POINT('',(31.309675552967,21.731222400935,
    8.225923985498));
#4379 = CARTESIAN_POINT('',(31.320329222895,21.799357104373,
    8.231449665295));
#4380 = ORIENTED_EDGE('',*,*,#774,.F.);
#4381 = CYLINDRICAL_SURFACE('',#4382,1.4);
#4382 = AXIS2_PLACEMENT_3D('',#4383,#4384,#4385);
#4383 = CARTESIAN_POINT('',(29.93713598635,22.015635791207,
    6.249371867901));
#4384 = DIRECTION('',(0.,0.,1.));
#4385 = DIRECTION('',(0.589380850832,-0.80785531667,0.));
#4386 = ADVANCED_FACE('',(#4387),#4398,.F.);
#4387 = FACE_BOUND('',#4388,.T.);
#4388 = EDGE_LOOP('',(#4389,#4390,#4396,#4397));
#4389 = ORIENTED_EDGE('',*,*,#2924,.F.);
#4390 = ORIENTED_EDGE('',*,*,#4391,.F.);
#4391 = EDGE_CURVE('',#2020,#2060,#4392,.T.);
#4392 = LINE('',#4393,#4394);
#4393 = CARTESIAN_POINT('',(16.87335387702,24.46317352509,7.419045223333
    ));
#4394 = VECTOR('',#4395,1.);
#4395 = DIRECTION('',(0.987682218619,-0.154435842808,-2.516754814306E-02
    ));
#4396 = ORIENTED_EDGE('',*,*,#3001,.F.);
#4397 = ORIENTED_EDGE('',*,*,#3134,.F.);
#4398 = PLANE('',#4399);
#4399 = AXIS2_PLACEMENT_3D('',#4400,#4401,#4402);
#4400 = CARTESIAN_POINT('',(15.574200430058,24.666311592918,
    6.549371867901));
#4401 = DIRECTION('',(0.15448477631,0.98799516896,0.));
#4402 = DIRECTION('',(0.,0.,-1.));
#4403 = ADVANCED_FACE('',(#4404),#4414,.T.);
#4404 = FACE_BOUND('',#4405,.T.);
#4405 = EDGE_LOOP('',(#4406,#4407,#4408,#4409,#4410,#4411,#4412,#4413));
#4406 = ORIENTED_EDGE('',*,*,#882,.F.);
#4407 = ORIENTED_EDGE('',*,*,#1143,.T.);
#4408 = ORIENTED_EDGE('',*,*,#4032,.T.);
#4409 = ORIENTED_EDGE('',*,*,#2133,.T.);
#4410 = ORIENTED_EDGE('',*,*,#2029,.T.);
#4411 = ORIENTED_EDGE('',*,*,#4391,.T.);
#4412 = ORIENTED_EDGE('',*,*,#2059,.T.);
#4413 = ORIENTED_EDGE('',*,*,#2100,.T.);
#4414 = PLANE('',#4415);
#4415 = AXIS2_PLACEMENT_3D('',#4416,#4417,#4418);
#4416 = CARTESIAN_POINT('',(16.973238550372,25.031226134687,
    7.853200835097));
#4417 = DIRECTION('',(-7.30739422684E-02,-0.597474139636,0.798551721197)
  );
#4418 = DIRECTION('',(-0.992603646454,0.121400169053,-6.938893903907E-18
    ));
#4419 = ADVANCED_FACE('',(#4420),#4440,.T.);
#4420 = FACE_BOUND('',#4421,.T.);
#4421 = EDGE_LOOP('',(#4422,#4423,#4424,#4432,#4439));
#4422 = ORIENTED_EDGE('',*,*,#934,.F.);
#4423 = ORIENTED_EDGE('',*,*,#4146,.F.);
#4424 = ORIENTED_EDGE('',*,*,#4425,.T.);
#4425 = EDGE_CURVE('',#4147,#4426,#4428,.T.);
#4426 = VERTEX_POINT('',#4427);
#4427 = CARTESIAN_POINT('',(23.49684143478,24.844523574244,
    7.729441675921));
#4428 = LINE('',#4429,#4430);
#4429 = CARTESIAN_POINT('',(23.49684143478,24.844523574244,
    6.249371867901));
#4430 = VECTOR('',#4431,1.);
#4431 = DIRECTION('',(0.,0.,1.));
#4432 = ORIENTED_EDGE('',*,*,#4433,.F.);
#4433 = EDGE_CURVE('',#837,#4426,#4434,.T.);
#4434 = ( BOUNDED_CURVE() B_SPLINE_CURVE(3,(#4435,#4436,#4437,#4438),
.UNSPECIFIED.,.F.,.F.) B_SPLINE_CURVE_WITH_KNOTS((4,4),(5.781263264631,
6.01979465966),.PIECEWISE_BEZIER_KNOTS.) CURVE() 
GEOMETRIC_REPRESENTATION_ITEM() RATIONAL_B_SPLINE_CURVE((1.,
0.995264182104,0.995264182104,1.)) REPRESENTATION_ITEM('') );
#4435 = CARTESIAN_POINT('',(23.406576294585,24.5238321151,7.866779317683
    ));
#4436 = CARTESIAN_POINT('',(23.449372570728,24.626877895688,
    7.807511687396));
#4437 = CARTESIAN_POINT('',(23.479604121915,24.734283703081,
    7.761514639834));
#4438 = CARTESIAN_POINT('',(23.49684143478,24.844523574244,
    7.729441675921));
#4439 = ORIENTED_EDGE('',*,*,#908,.F.);
#4440 = CYLINDRICAL_SURFACE('',#4441,1.4);
#4441 = AXIS2_PLACEMENT_3D('',#4442,#4443,#4444);
#4442 = CARTESIAN_POINT('',(22.113648198236,25.060802261078,
    6.249371867901));
#4443 = DIRECTION('',(0.,0.,1.));
#4444 = DIRECTION('',(0.589380850832,-0.80785531667,0.));
#4445 = ADVANCED_FACE('',(#4446),#4465,.T.);
#4446 = FACE_BOUND('',#4447,.T.);
#4447 = EDGE_LOOP('',(#4448,#4454,#4455,#4456,#4457,#4458,#4464));
#4448 = ORIENTED_EDGE('',*,*,#4449,.F.);
#4449 = EDGE_CURVE('',#4426,#3769,#4450,.T.);
#4450 = LINE('',#4451,#4452);
#4451 = CARTESIAN_POINT('',(23.117788735178,22.420322012556,
    8.434733948014));
#4452 = VECTOR('',#4453,1.);
#4453 = DIRECTION('',(0.148472732703,0.949545619556,-0.276258871398));
#4454 = ORIENTED_EDGE('',*,*,#4425,.F.);
#4455 = ORIENTED_EDGE('',*,*,#4155,.F.);
#4456 = ORIENTED_EDGE('',*,*,#3922,.F.);
#4457 = ORIENTED_EDGE('',*,*,#3551,.F.);
#4458 = ORIENTED_EDGE('',*,*,#4459,.T.);
#4459 = EDGE_CURVE('',#3552,#3778,#4460,.T.);
#4460 = LINE('',#4461,#4462);
#4461 = CARTESIAN_POINT('',(22.658225601729,19.481222338629,
    5.949371867901));
#4462 = VECTOR('',#4463,1.);
#4463 = DIRECTION('',(0.15448477631,0.98799516896,0.));
#4464 = ORIENTED_EDGE('',*,*,#3777,.F.);
#4465 = PLANE('',#4466);
#4466 = AXIS2_PLACEMENT_3D('',#4467,#4468,#4469);
#4467 = CARTESIAN_POINT('',(22.199169313775,16.545364154979,
    5.949371867901));
#4468 = DIRECTION('',(0.98799516896,-0.15448477631,0.));
#4469 = DIRECTION('',(0.,0.,-1.));
#4470 = ADVANCED_FACE('',(#4471),#4492,.T.);
#4471 = FACE_BOUND('',#4472,.T.);
#4472 = EDGE_LOOP('',(#4473,#4474,#4475,#4476,#4477,#4485));
#4473 = ORIENTED_EDGE('',*,*,#836,.F.);
#4474 = ORIENTED_EDGE('',*,*,#4433,.T.);
#4475 = ORIENTED_EDGE('',*,*,#4449,.T.);
#4476 = ORIENTED_EDGE('',*,*,#3768,.T.);
#4477 = ORIENTED_EDGE('',*,*,#4478,.T.);
#4478 = EDGE_CURVE('',#3760,#4479,#4481,.T.);
#4479 = VERTEX_POINT('',#4480);
#4480 = CARTESIAN_POINT('',(23.298998287534,25.596155921452,
    7.856907408372));
#4481 = LINE('',#4482,#4483);
#4482 = CARTESIAN_POINT('',(23.582443307147,27.408906127216,
    7.32950955022));
#4483 = VECTOR('',#4484,1.);
#4484 = DIRECTION('',(-0.148472732703,-0.949545619556,0.276258871398));
#4485 = ORIENTED_EDGE('',*,*,#4486,.F.);
#4486 = EDGE_CURVE('',#839,#4479,#4487,.T.);
#4487 = ( BOUNDED_CURVE() B_SPLINE_CURVE(3,(#4488,#4489,#4490,#4491),
.UNSPECIFIED.,.F.,.F.) B_SPLINE_CURVE_WITH_KNOTS((4,4),(5.827318887213,
6.289971768968),.PIECEWISE_BEZIER_KNOTS.) CURVE() 
GEOMETRIC_REPRESENTATION_ITEM() RATIONAL_B_SPLINE_CURVE((1.,
0.982242093221,0.982242093221,1.)) REPRESENTATION_ITEM('') );
#4488 = CARTESIAN_POINT('',(23.365223321189,24.65867339266,
    7.896078590077));
#4489 = CARTESIAN_POINT('',(23.275263833829,24.982489000304,
    7.956179439267));
#4490 = CARTESIAN_POINT('',(23.252789729562,25.300632743502,
    7.942886320739));
#4491 = CARTESIAN_POINT('',(23.298998287534,25.596155921452,
    7.856907408372));
#4492 = PLANE('',#4493);
#4493 = AXIS2_PLACEMENT_3D('',#4494,#4495,#4496);
#4494 = CARTESIAN_POINT('',(22.834589940508,22.550517250642,
    8.730033131186));
#4495 = DIRECTION('',(0.736827467697,8.010046059612E-02,0.671318999477)
  );
#4496 = DIRECTION('',(-1.387778780781E-17,-0.992956720531,0.118477639883
    ));
#4497 = ADVANCED_FACE('',(#4498),#4522,.F.);
#4498 = FACE_BOUND('',#4499,.T.);
#4499 = EDGE_LOOP('',(#4500,#4508,#4509,#4510,#4511,#4512,#4513,#4514,
    #4515));
#4500 = ORIENTED_EDGE('',*,*,#4501,.F.);
#4501 = EDGE_CURVE('',#4479,#4502,#4504,.T.);
#4502 = VERTEX_POINT('',#4503);
#4503 = CARTESIAN_POINT('',(13.387649727151,27.145912958113,
    8.109462670939));
#4504 = LINE('',#4505,#4506);
#4505 = CARTESIAN_POINT('',(17.849007959395,26.448326623482,
    7.995780915839));
#4506 = VECTOR('',#4507,1.);
#4507 = DIRECTION('',(-0.987682218619,0.154435842808,2.516754814306E-02)
  );
#4508 = ORIENTED_EDGE('',*,*,#4478,.F.);
#4509 = ORIENTED_EDGE('',*,*,#3759,.T.);
#4510 = ORIENTED_EDGE('',*,*,#1207,.T.);
#4511 = ORIENTED_EDGE('',*,*,#3810,.T.);
#4512 = ORIENTED_EDGE('',*,*,#3834,.T.);
#4513 = ORIENTED_EDGE('',*,*,#1165,.T.);
#4514 = ORIENTED_EDGE('',*,*,#3649,.T.);
#4515 = ORIENTED_EDGE('',*,*,#4516,.T.);
#4516 = EDGE_CURVE('',#3642,#4502,#4517,.T.);
#4517 = ( BOUNDED_CURVE() B_SPLINE_CURVE(3,(#4518,#4519,#4520,#4521),
.UNSPECIFIED.,.F.,.F.) B_SPLINE_CURVE_WITH_KNOTS((4,4),(4.79974975399,
4.968231167859),.PIECEWISE_BEZIER_KNOTS.) CURVE() 
GEOMETRIC_REPRESENTATION_ITEM() RATIONAL_B_SPLINE_CURVE((1.,
0.997635899664,0.997635899664,1.)) REPRESENTATION_ITEM('') );
#4518 = CARTESIAN_POINT('',(13.435311250473,27.817352331407,
    7.918086965382));
#4519 = CARTESIAN_POINT('',(13.400566390039,27.595144324414,
    7.982735711017));
#4520 = CARTESIAN_POINT('',(13.384641567721,27.370800829451,
    8.046678780702));
#4521 = CARTESIAN_POINT('',(13.387649727151,27.145912958113,
    8.109462670939));
#4522 = PLANE('',#4523);
#4523 = AXIS2_PLACEMENT_3D('',#4524,#4525,#4526);
#4524 = CARTESIAN_POINT('',(18.758784233787,28.196208134248,
    7.443161385668));
#4525 = DIRECTION('',(-6.656361562212E-02,-0.26912578533,-0.960802059087
    ));
#4526 = DIRECTION('',(-6.938893903907E-18,-0.962937678465,0.269723983718
    ));
#4527 = ADVANCED_FACE('',(#4528),#4557,.T.);
#4528 = FACE_BOUND('',#4529,.T.);
#4529 = EDGE_LOOP('',(#4530,#4539,#4540,#4541,#4550,#4556));
#4530 = ORIENTED_EDGE('',*,*,#4531,.F.);
#4531 = EDGE_CURVE('',#4502,#848,#4532,.T.);
#4532 = B_SPLINE_CURVE_WITH_KNOTS('',3,(#4533,#4534,#4535,#4536,#4537,
    #4538),.UNSPECIFIED.,.F.,.F.,(4,2,4),(6.938893903907E-18,
    4.806143621182E-04,9.612287242365E-04),.UNSPECIFIED.);
#4533 = CARTESIAN_POINT('',(13.387649727151,27.145912958113,
    8.109462670939));
#4534 = CARTESIAN_POINT('',(13.389746370348,26.989169395679,
    8.153222125642));
#4535 = CARTESIAN_POINT('',(13.401054571456,26.830985035752,
    8.176847197271));
#4536 = CARTESIAN_POINT('',(13.443460453815,26.512375456253,
    8.18831280286));
#4537 = CARTESIAN_POINT('',(13.474888131607,26.352014519313,
    8.175508722321));
#4538 = CARTESIAN_POINT('',(13.514424935877,26.198962690464,
    8.147090948036));
#4539 = ORIENTED_EDGE('',*,*,#4516,.F.);
#4540 = ORIENTED_EDGE('',*,*,#3641,.T.);
#4541 = ORIENTED_EDGE('',*,*,#4542,.T.);
#4542 = EDGE_CURVE('',#3634,#4543,#4545,.T.);
#4543 = VERTEX_POINT('',#4544);
#4544 = CARTESIAN_POINT('',(13.649472534915,25.775086649396,
    5.949371867901));
#4545 = CIRCLE('',#4546,4.);
#4546 = AXIS2_PLACEMENT_3D('',#4547,#4548,#4549);
#4547 = CARTESIAN_POINT('',(17.387291926313,27.199413226166,
    5.949371867901));
#4548 = DIRECTION('',(-0.,0.,1.));
#4549 = DIRECTION('',(0.98799516896,-0.15448477631,0.));
#4550 = ORIENTED_EDGE('',*,*,#4551,.F.);
#4551 = EDGE_CURVE('',#856,#4543,#4552,.T.);
#4552 = LINE('',#4553,#4554);
#4553 = CARTESIAN_POINT('',(13.649472534915,25.775086649396,
    5.949371867901));
#4554 = VECTOR('',#4555,1.);
#4555 = DIRECTION('',(0.,0.,-1.));
#4556 = ORIENTED_EDGE('',*,*,#855,.F.);
#4557 = CYLINDRICAL_SURFACE('',#4558,4.);
#4558 = AXIS2_PLACEMENT_3D('',#4559,#4560,#4561);
#4559 = CARTESIAN_POINT('',(17.387291926313,27.199413226166,
    5.949371867901));
#4560 = DIRECTION('',(0.,0.,1.));
#4561 = DIRECTION('',(0.98799516896,-0.15448477631,0.));
#4562 = ADVANCED_FACE('',(#4563),#4578,.F.);
#4563 = FACE_BOUND('',#4564,.F.);
#4564 = EDGE_LOOP('',(#4565,#4566,#4567,#4568,#4569,#4576,#4577));
#4565 = ORIENTED_EDGE('',*,*,#1151,.T.);
#4566 = ORIENTED_EDGE('',*,*,#4213,.T.);
#4567 = ORIENTED_EDGE('',*,*,#3959,.T.);
#4568 = ORIENTED_EDGE('',*,*,#1370,.F.);
#4569 = ORIENTED_EDGE('',*,*,#4570,.F.);
#4570 = EDGE_CURVE('',#4543,#1343,#4571,.T.);
#4571 = CIRCLE('',#4572,4.);
#4572 = AXIS2_PLACEMENT_3D('',#4573,#4574,#4575);
#4573 = CARTESIAN_POINT('',(9.911653143518,24.350760072627,
    5.949371867901));
#4574 = DIRECTION('',(0.,0.,-1.));
#4575 = DIRECTION('',(-0.897927089868,-0.440144227818,-0.));
#4576 = ORIENTED_EDGE('',*,*,#4551,.F.);
#4577 = ORIENTED_EDGE('',*,*,#864,.T.);
#4578 = CYLINDRICAL_SURFACE('',#4579,4.);
#4579 = AXIS2_PLACEMENT_3D('',#4580,#4581,#4582);
#4580 = CARTESIAN_POINT('',(9.911653143518,24.350760072627,
    5.949371867901));
#4581 = DIRECTION('',(0.,0.,-1.));
#4582 = DIRECTION('',(-0.897927089868,-0.440144227818,-0.));
#4583 = ADVANCED_FACE('',(#4584),#4590,.T.);
#4584 = FACE_BOUND('',#4585,.T.);
#4585 = EDGE_LOOP('',(#4586,#4587,#4588,#4589));
#4586 = ORIENTED_EDGE('',*,*,#847,.F.);
#4587 = ORIENTED_EDGE('',*,*,#4486,.T.);
#4588 = ORIENTED_EDGE('',*,*,#4501,.T.);
#4589 = ORIENTED_EDGE('',*,*,#4531,.T.);
#4590 = CYLINDRICAL_SURFACE('',#4591,2.);
#4591 = AXIS2_PLACEMENT_3D('',#4592,#4593,#4594);
#4592 = CARTESIAN_POINT('',(17.715880728151,25.910075052821,
    6.074176797665));
#4593 = DIRECTION('',(-0.987682218619,0.154435842808,2.516754814306E-02)
  );
#4594 = DIRECTION('',(-3.637575836264E-03,-0.183461154009,0.983020230215
    ));
#4595 = ADVANCED_FACE('',(#4596),#4616,.T.);
#4596 = FACE_BOUND('',#4597,.T.);
#4597 = EDGE_LOOP('',(#4598,#4607,#4608,#4609));
#4598 = ORIENTED_EDGE('',*,*,#4599,.F.);
#4599 = EDGE_CURVE('',#3978,#4600,#4602,.T.);
#4600 = VERTEX_POINT('',#4601);
#4601 = CARTESIAN_POINT('',(25.987782027437,22.70791042214,
    8.372165069131));
#4602 = B_SPLINE_CURVE_WITH_KNOTS('',3,(#4603,#4604,#4605,#4606),
  .UNSPECIFIED.,.F.,.F.,(4,4),(0.,1.),.PIECEWISE_BEZIER_KNOTS.);
#4603 = CARTESIAN_POINT('',(26.120330084988,23.333135937276,
    8.29533172394));
#4604 = CARTESIAN_POINT('',(26.071697513401,23.105971459436,
    8.362332423916));
#4605 = CARTESIAN_POINT('',(26.026610687019,22.893055722408,
    8.380008452485));
#4606 = CARTESIAN_POINT('',(25.987782027437,22.70791042214,
    8.372165069131));
#4607 = ORIENTED_EDGE('',*,*,#4009,.F.);
#4608 = ORIENTED_EDGE('',*,*,#4079,.F.);
#4609 = ORIENTED_EDGE('',*,*,#4610,.F.);
#4610 = EDGE_CURVE('',#4600,#4069,#4611,.T.);
#4611 = B_SPLINE_CURVE_WITH_KNOTS('',3,(#4612,#4613,#4614,#4615),
  .UNSPECIFIED.,.F.,.F.,(4,4),(0.573840668345,1.),
  .PIECEWISE_BEZIER_KNOTS.);
#4612 = CARTESIAN_POINT('',(25.987782027437,22.70791042214,
    8.372165069131));
#4613 = CARTESIAN_POINT('',(25.987782027437,22.70791042214,
    8.297900668721));
#4614 = CARTESIAN_POINT('',(25.987782027437,22.70791042214,
    8.223636268311));
#4615 = CARTESIAN_POINT('',(25.987782027437,22.70791042214,
    8.149371867901));
#4616 = B_SPLINE_SURFACE_WITH_KNOTS('',3,1,(
    (#4617,#4618)
    ,(#4619,#4620)
    ,(#4621,#4622)
    ,(#4623,#4624)
    ,(#4625,#4626)
    ,(#4627,#4628)
    ,(#4629,#4630)
    ,(#4631,#4632)
    ,(#4633,#4634)
    ,(#4635,#4636
    )),.UNSPECIFIED.,.F.,.F.,.F.,(4,3,3,4),(2,2),(-8.645913907837,
    -8.216023228596,-7.771128412494,-7.763965869233),(0.,1.161681245298)
  ,.UNSPECIFIED.);
#4617 = CARTESIAN_POINT('',(27.491666802746,29.335793420204,
    6.549371867901));
#4618 = CARTESIAN_POINT('',(27.491666802746,29.335793420204,
    18.166184320882));
#4619 = CARTESIAN_POINT('',(27.099893421135,27.764395735048,
    6.549371867901));
#4620 = CARTESIAN_POINT('',(27.099893421135,27.764395735048,
    18.166184320882));
#4621 = CARTESIAN_POINT('',(26.759852162651,26.269591468916,
    6.549371867901));
#4622 = CARTESIAN_POINT('',(26.759852162651,26.269591468916,
    18.166184320882));
#4623 = CARTESIAN_POINT('',(26.462582997417,24.916018284121,
    6.549371867901));
#4624 = CARTESIAN_POINT('',(26.462582997417,24.916018284121,
    18.166184320882));
#4625 = CARTESIAN_POINT('',(26.154938479901,23.515202397177,
    6.549371867901));
#4626 = CARTESIAN_POINT('',(26.154938479901,23.515202397177,
    18.166184320882));
#4627 = CARTESIAN_POINT('',(25.892577834474,22.263512546231,
    6.549371867901));
#4628 = CARTESIAN_POINT('',(25.892577834474,22.263512546231,
    18.166184320882));
#4629 = CARTESIAN_POINT('',(25.67591435181,21.212030377699,
    6.549371867901));
#4630 = CARTESIAN_POINT('',(25.67591435181,21.212030377699,
    18.166184320882));
#4631 = CARTESIAN_POINT('',(25.672426197955,21.195102137027,
    6.549371867901));
#4632 = CARTESIAN_POINT('',(25.672426197955,21.195102137027,
    18.166184320882));
#4633 = CARTESIAN_POINT('',(25.668949924051,21.17822470894,
    6.549371867901));
#4634 = CARTESIAN_POINT('',(25.668949924051,21.17822470894,
    18.166184320882));
#4635 = CARTESIAN_POINT('',(25.665485507814,21.161398092583,
    6.549371867901));
#4636 = CARTESIAN_POINT('',(25.665485507814,21.161398092583,
    18.166184320882));
#4637 = ADVANCED_FACE('',(#4638),#4650,.F.);
#4638 = FACE_BOUND('',#4639,.F.);
#4639 = EDGE_LOOP('',(#4640,#4641,#4642,#4643));
#4640 = ORIENTED_EDGE('',*,*,#795,.T.);
#4641 = ORIENTED_EDGE('',*,*,#4265,.T.);
#4642 = ORIENTED_EDGE('',*,*,#4610,.F.);
#4643 = ORIENTED_EDGE('',*,*,#4644,.T.);
#4644 = EDGE_CURVE('',#4600,#788,#4645,.T.);
#4645 = B_SPLINE_CURVE_WITH_KNOTS('',3,(#4646,#4647,#4648,#4649),
  .UNSPECIFIED.,.F.,.F.,(4,4),(0.,2.796579986005E-04),
  .PIECEWISE_BEZIER_KNOTS.);
#4646 = CARTESIAN_POINT('',(25.987782027437,22.70791042214,
    8.372165069131));
#4647 = CARTESIAN_POINT('',(25.968282838735,22.615465130972,
    8.36823609155));
#4648 = CARTESIAN_POINT('',(25.958761239382,22.523281702016,
    8.357479255276));
#4649 = CARTESIAN_POINT('',(25.958064806687,22.43138058192,8.34032516388
    ));
#4650 = B_SPLINE_SURFACE_WITH_KNOTS('',3,3,(
    (#4651,#4652,#4653,#4654)
    ,(#4655,#4656,#4657,#4658)
    ,(#4659,#4660,#4661,#4662)
    ,(#4663,#4664,#4665,#4666)
    ,(#4667,#4668,#4669,#4670
  )),.UNSPECIFIED.,.F.,.F.,.F.,(4,1,4),(4,4),(0.346828062362,
    0.626758892779,1.),(0.16,0.212279320123),.UNSPECIFIED.);
#4651 = CARTESIAN_POINT('',(26.43639262989,21.364787655003,
    8.149371867901));
#4652 = CARTESIAN_POINT('',(26.43639262989,21.364787655003,
    8.323636268311));
#4653 = CARTESIAN_POINT('',(26.43639262989,21.364787655003,
    8.497900668721));
#4654 = CARTESIAN_POINT('',(26.43639262989,21.364787655003,
    8.672165069131));
#4655 = CARTESIAN_POINT('',(26.276688393432,21.504352892326,
    8.149371867901));
#4656 = CARTESIAN_POINT('',(26.276688393432,21.504352892326,
    8.323636268311));
#4657 = CARTESIAN_POINT('',(26.276688393432,21.504352892326,
    8.497900668721));
#4658 = CARTESIAN_POINT('',(26.276688393432,21.504352892326,
    8.672165069131));
#4659 = CARTESIAN_POINT('',(25.97853884673,21.916001297649,
    8.149371867901));
#4660 = CARTESIAN_POINT('',(25.97853884673,21.916001297649,
    8.323636268311));
#4661 = CARTESIAN_POINT('',(25.97853884673,21.916001297649,
    8.497900668721));
#4662 = CARTESIAN_POINT('',(25.97853884673,21.916001297649,
    8.672165069131));
#4663 = CARTESIAN_POINT('',(25.929417783555,22.431206626818,
    8.149371867901));
#4664 = CARTESIAN_POINT('',(25.929417783555,22.431206626818,
    8.323636268311));
#4665 = CARTESIAN_POINT('',(25.929417783555,22.431206626818,
    8.497900668721));
#4666 = CARTESIAN_POINT('',(25.929417783555,22.431206626818,
    8.672165069131));
#4667 = CARTESIAN_POINT('',(25.987782027437,22.70791042214,
    8.149371867901));
#4668 = CARTESIAN_POINT('',(25.987782027437,22.70791042214,
    8.323636268311));
#4669 = CARTESIAN_POINT('',(25.987782027437,22.70791042214,
    8.497900668721));
#4670 = CARTESIAN_POINT('',(25.987782027437,22.70791042214,
    8.672165069131));
#4671 = ADVANCED_FACE('',(#4672),#4678,.T.);
#4672 = FACE_BOUND('',#4673,.T.);
#4673 = EDGE_LOOP('',(#4674,#4675,#4676,#4677));
#4674 = ORIENTED_EDGE('',*,*,#813,.F.);
#4675 = ORIENTED_EDGE('',*,*,#4255,.T.);
#4676 = ORIENTED_EDGE('',*,*,#4351,.T.);
#4677 = ORIENTED_EDGE('',*,*,#967,.T.);
#4678 = PLANE('',#4679);
#4679 = AXIS2_PLACEMENT_3D('',#4680,#4681,#4682);
#4680 = CARTESIAN_POINT('',(26.699790567416,21.688492975275,
    8.115670315153));
#4681 = DIRECTION('',(-7.30739422684E-02,-0.597474139636,0.798551721197)
  );
#4682 = DIRECTION('',(-0.992603646454,0.121400169053,0.));
#4683 = ADVANCED_FACE('',(#4684),#4692,.T.);
#4684 = FACE_BOUND('',#4685,.T.);
#4685 = EDGE_LOOP('',(#4686,#4687,#4688,#4689,#4690,#4691));
#4686 = ORIENTED_EDGE('',*,*,#787,.F.);
#4687 = ORIENTED_EDGE('',*,*,#4374,.T.);
#4688 = ORIENTED_EDGE('',*,*,#3425,.T.);
#4689 = ORIENTED_EDGE('',*,*,#3977,.T.);
#4690 = ORIENTED_EDGE('',*,*,#4599,.T.);
#4691 = ORIENTED_EDGE('',*,*,#4644,.T.);
#4692 = CYLINDRICAL_SURFACE('',#4693,2.);
#4693 = AXIS2_PLACEMENT_3D('',#4694,#4695,#4696);
#4694 = CARTESIAN_POINT('',(27.600204487307,22.542672408118,
    6.332626029265));
#4695 = DIRECTION('',(-0.987682218619,0.154435842808,2.516754814306E-02)
  );
#4696 = DIRECTION('',(-3.637575836263E-03,-0.183461154009,0.983020230215
    ));
#4697 = ADVANCED_FACE('',(#4698,#4702,#4875,#4892,#4908),#4974,.F.);
#4698 = FACE_BOUND('',#4699,.T.);
#4699 = EDGE_LOOP('',(#4700,#4701));
#4700 = ORIENTED_EDGE('',*,*,#2156,.T.);
#4701 = ORIENTED_EDGE('',*,*,#2004,.T.);
#4702 = FACE_BOUND('',#4703,.T.);
#4703 = EDGE_LOOP('',(#4704,#4705,#4714,#4723,#4732,#4740,#4747,#4748,
    #4756,#4765,#4773,#4782,#4790,#4797,#4798,#4806,#4813,#4814,#4823,
    #4829,#4830,#4839,#4847,#4854,#4855,#4856,#4857,#4858,#4859,#4860,
    #4861,#4862,#4863,#4864,#4865,#4866,#4867,#4868,#4869,#4870,#4871,
    #4872,#4873,#4874));
#4704 = ORIENTED_EDGE('',*,*,#3401,.F.);
#4705 = ORIENTED_EDGE('',*,*,#4706,.T.);
#4706 = EDGE_CURVE('',#3394,#4707,#4709,.T.);
#4707 = VERTEX_POINT('',#4708);
#4708 = CARTESIAN_POINT('',(20.359786220998,-15.78398778971,
    5.949371867901));
#4709 = CIRCLE('',#4710,8.);
#4710 = AXIS2_PLACEMENT_3D('',#4711,#4712,#4713);
#4711 = CARTESIAN_POINT('',(18.565549641544,-7.987789030255,
    5.949371867901));
#4712 = DIRECTION('',(0.,0.,-1.));
#4713 = DIRECTION('',(1.,0.,0.));
#4714 = ORIENTED_EDGE('',*,*,#4715,.T.);
#4715 = EDGE_CURVE('',#4707,#4716,#4718,.T.);
#4716 = VERTEX_POINT('',#4717);
#4717 = CARTESIAN_POINT('',(16.932967680924,-16.90620310921,
    5.949371867901));
#4718 = CIRCLE('',#4719,20.);
#4719 = AXIS2_PLACEMENT_3D('',#4720,#4721,#4722);
#4720 = CARTESIAN_POINT('',(24.845377669633,-35.27448468835,
    5.949371867901));
#4721 = DIRECTION('',(0.,0.,1.));
#4722 = DIRECTION('',(1.,0.,0.));
#4723 = ORIENTED_EDGE('',*,*,#4724,.F.);
#4724 = EDGE_CURVE('',#4725,#4716,#4727,.T.);
#4725 = VERTEX_POINT('',#4726);
#4726 = CARTESIAN_POINT('',(16.537347181489,-16.98778903025,
    5.949371867901));
#4727 = CIRCLE('',#4728,1.);
#4728 = AXIS2_PLACEMENT_3D('',#4729,#4730,#4731);
#4729 = CARTESIAN_POINT('',(16.537347181489,-15.98778903025,
    5.949371867901));
#4730 = DIRECTION('',(0.,0.,1.));
#4731 = DIRECTION('',(1.,0.,0.));
#4732 = ORIENTED_EDGE('',*,*,#4733,.F.);
#4733 = EDGE_CURVE('',#4734,#4725,#4736,.T.);
#4734 = VERTEX_POINT('',#4735);
#4735 = CARTESIAN_POINT('',(-1.81015415583E-02,-16.98778903025,
    5.949371867901));
#4736 = LINE('',#4737,#4738);
#4737 = CARTESIAN_POINT('',(7.759622819965,-16.98778903025,
    5.949371867901));
#4738 = VECTOR('',#4739,1.);
#4739 = DIRECTION('',(1.,2.185806300259E-15,0.));
#4740 = ORIENTED_EDGE('',*,*,#4741,.F.);
#4741 = EDGE_CURVE('',#609,#4734,#4742,.T.);
#4742 = CIRCLE('',#4743,1.);
#4743 = AXIS2_PLACEMENT_3D('',#4744,#4745,#4746);
#4744 = CARTESIAN_POINT('',(-1.81015415583E-02,-15.98778903025,
    5.949371867901));
#4745 = DIRECTION('',(0.,0.,1.));
#4746 = DIRECTION('',(1.,0.,0.));
#4747 = ORIENTED_EDGE('',*,*,#606,.F.);
#4748 = ORIENTED_EDGE('',*,*,#4749,.F.);
#4749 = EDGE_CURVE('',#4750,#607,#4752,.T.);
#4750 = VERTEX_POINT('',#4751);
#4751 = CARTESIAN_POINT('',(-1.018101541558,-11.76357628054,
    5.949371867901));
#4752 = LINE('',#4753,#4754);
#4753 = CARTESIAN_POINT('',(-1.018101541558,-10.68778903025,
    5.949371867901));
#4754 = VECTOR('',#4755,1.);
#4755 = DIRECTION('',(2.009177428755E-15,-1.,0.));
#4756 = ORIENTED_EDGE('',*,*,#4757,.T.);
#4757 = EDGE_CURVE('',#4750,#4758,#4760,.T.);
#4758 = VERTEX_POINT('',#4759);
#4759 = CARTESIAN_POINT('',(0.981898458442,-9.76357628054,5.949371867901
    ));
#4760 = CIRCLE('',#4761,2.);
#4761 = AXIS2_PLACEMENT_3D('',#4762,#4763,#4764);
#4762 = CARTESIAN_POINT('',(0.981898458442,-11.76357628054,
    5.949371867901));
#4763 = DIRECTION('',(0.,0.,-1.));
#4764 = DIRECTION('',(1.,0.,0.));
#4765 = ORIENTED_EDGE('',*,*,#4766,.T.);
#4766 = EDGE_CURVE('',#4758,#4767,#4769,.T.);
#4767 = VERTEX_POINT('',#4768);
#4768 = CARTESIAN_POINT('',(6.899180524854,-9.76357628054,5.949371867901
    ));
#4769 = LINE('',#4770,#4771);
#4770 = CARTESIAN_POINT('',(22.541366604617,-9.76357628054,
    5.949371867901));
#4771 = VECTOR('',#4772,1.);
#4772 = DIRECTION('',(1.,0.,0.));
#4773 = ORIENTED_EDGE('',*,*,#4774,.T.);
#4774 = EDGE_CURVE('',#4767,#4775,#4777,.T.);
#4775 = VERTEX_POINT('',#4776);
#4776 = CARTESIAN_POINT('',(7.799703389358,-9.19838494019,5.949371867901
    ));
#4777 = CIRCLE('',#4778,1.);
#4778 = AXIS2_PLACEMENT_3D('',#4779,#4780,#4781);
#4779 = CARTESIAN_POINT('',(6.899180524854,-8.76357628054,5.949371867901
    ));
#4780 = DIRECTION('',(0.,0.,1.));
#4781 = DIRECTION('',(1.,0.,0.));
#4782 = ORIENTED_EDGE('',*,*,#4783,.T.);
#4783 = EDGE_CURVE('',#4775,#4784,#4786,.T.);
#4784 = VERTEX_POINT('',#4785);
#4785 = CARTESIAN_POINT('',(8.105231138752,-8.565612988748,
    5.949371867901));
#4786 = LINE('',#4787,#4788);
#4787 = CARTESIAN_POINT('',(23.001199167104,22.285106059156,
    5.949371867901));
#4788 = VECTOR('',#4789,1.);
#4789 = DIRECTION('',(0.43480865965,0.900522864504,0.));
#4790 = ORIENTED_EDGE('',*,*,#4791,.T.);
#4791 = EDGE_CURVE('',#4784,#668,#4792,.T.);
#4792 = CIRCLE('',#4793,3.);
#4793 = AXIS2_PLACEMENT_3D('',#4794,#4795,#4796);
#4794 = CARTESIAN_POINT('',(6.570687676019,-5.987789030255,
    5.949371867901));
#4795 = DIRECTION('',(0.,0.,1.));
#4796 = DIRECTION('',(1.,0.,0.));
#4797 = ORIENTED_EDGE('',*,*,#675,.T.);
#4798 = ORIENTED_EDGE('',*,*,#4799,.F.);
#4799 = EDGE_CURVE('',#4800,#651,#4802,.T.);
#4800 = VERTEX_POINT('',#4801);
#4801 = CARTESIAN_POINT('',(10.115362386119,-5.484814332947,
    5.949371867901));
#4802 = LINE('',#4803,#4804);
#4803 = CARTESIAN_POINT('',(7.701757778148,-10.66080611811,
    5.949371867901));
#4804 = VECTOR('',#4805,1.);
#4805 = DIRECTION('',(-0.422618261741,-0.906307787037,0.));
#4806 = ORIENTED_EDGE('',*,*,#4807,.F.);
#4807 = EDGE_CURVE('',#691,#4800,#4808,.T.);
#4808 = CIRCLE('',#4809,1.9);
#4809 = AXIS2_PLACEMENT_3D('',#4810,#4811,#4812);
#4810 = CARTESIAN_POINT('',(11.837347181489,-6.287789030255,
    5.949371867901));
#4811 = DIRECTION('',(0.,0.,1.));
#4812 = DIRECTION('',(1.,0.,0.));
#4813 = ORIENTED_EDGE('',*,*,#700,.T.);
#4814 = ORIENTED_EDGE('',*,*,#4815,.T.);
#4815 = EDGE_CURVE('',#701,#4816,#4818,.T.);
#4816 = VERTEX_POINT('',#4817);
#4817 = CARTESIAN_POINT('',(11.037347181489,-4.014025630074,
    5.949371867901));
#4818 = CIRCLE('',#4819,1.);
#4819 = AXIS2_PLACEMENT_3D('',#4820,#4821,#4822);
#4820 = CARTESIAN_POINT('',(10.037347181489,-4.014025630074,
    5.949371867901));
#4821 = DIRECTION('',(0.,0.,1.));
#4822 = DIRECTION('',(1.,0.,0.));
#4823 = ORIENTED_EDGE('',*,*,#4824,.F.);
#4824 = EDGE_CURVE('',#752,#4816,#4825,.T.);
#4825 = LINE('',#4826,#4827);
#4826 = CARTESIAN_POINT('',(11.037347181489,-10.68778903025,
    5.949371867901));
#4827 = VECTOR('',#4828,1.);
#4828 = DIRECTION('',(2.276298376729E-15,-1.,0.));
#4829 = ORIENTED_EDGE('',*,*,#751,.F.);
#4830 = ORIENTED_EDGE('',*,*,#4831,.F.);
#4831 = EDGE_CURVE('',#4832,#744,#4834,.T.);
#4832 = VERTEX_POINT('',#4833);
#4833 = CARTESIAN_POINT('',(12.037347181489,-0.487789030269,
    5.949371867901));
#4834 = CIRCLE('',#4835,1.);
#4835 = AXIS2_PLACEMENT_3D('',#4836,#4837,#4838);
#4836 = CARTESIAN_POINT('',(12.037347181489,-1.487789030269,
    5.949371867901));
#4837 = DIRECTION('',(0.,0.,1.));
#4838 = DIRECTION('',(1.,0.,0.));
#4839 = ORIENTED_EDGE('',*,*,#4840,.F.);
#4840 = EDGE_CURVE('',#4841,#4832,#4843,.T.);
#4841 = VERTEX_POINT('',#4842);
#4842 = CARTESIAN_POINT('',(13.637347181508,-0.487789030269,
    5.949371867901));
#4843 = LINE('',#4844,#4845);
#4844 = CARTESIAN_POINT('',(7.759622819965,-0.487789030269,
    5.949371867901));
#4845 = VECTOR('',#4846,1.);
#4846 = DIRECTION('',(-1.,-1.902425214849E-15,0.));
#4847 = ORIENTED_EDGE('',*,*,#4848,.T.);
#4848 = EDGE_CURVE('',#4841,#3499,#4849,.T.);
#4849 = CIRCLE('',#4850,2.);
#4850 = AXIS2_PLACEMENT_3D('',#4851,#4852,#4853);
#4851 = CARTESIAN_POINT('',(13.637347181508,1.512210969731,
    5.949371867901));
#4852 = DIRECTION('',(0.,0.,1.));
#4853 = DIRECTION('',(1.,0.,0.));
#4854 = ORIENTED_EDGE('',*,*,#3498,.F.);
#4855 = ORIENTED_EDGE('',*,*,#3593,.F.);
#4856 = ORIENTED_EDGE('',*,*,#3609,.F.);
#4857 = ORIENTED_EDGE('',*,*,#1342,.F.);
#4858 = ORIENTED_EDGE('',*,*,#4570,.F.);
#4859 = ORIENTED_EDGE('',*,*,#4542,.F.);
#4860 = ORIENTED_EDGE('',*,*,#3633,.F.);
#4861 = ORIENTED_EDGE('',*,*,#1184,.F.);
#4862 = ORIENTED_EDGE('',*,*,#3842,.F.);
#4863 = ORIENTED_EDGE('',*,*,#3818,.T.);
#4864 = ORIENTED_EDGE('',*,*,#1226,.F.);
#4865 = ORIENTED_EDGE('',*,*,#3785,.F.);
#4866 = ORIENTED_EDGE('',*,*,#4459,.F.);
#4867 = ORIENTED_EDGE('',*,*,#3559,.F.);
#4868 = ORIENTED_EDGE('',*,*,#1411,.F.);
#4869 = ORIENTED_EDGE('',*,*,#3521,.T.);
#4870 = ORIENTED_EDGE('',*,*,#1268,.F.);
#4871 = ORIENTED_EDGE('',*,*,#3743,.F.);
#4872 = ORIENTED_EDGE('',*,*,#3705,.T.);
#4873 = ORIENTED_EDGE('',*,*,#1319,.F.);
#4874 = ORIENTED_EDGE('',*,*,#3672,.F.);
#4875 = FACE_BOUND('',#4876,.T.);
#4876 = EDGE_LOOP('',(#4877,#4878,#4879,#4880,#4881,#4882,#4883,#4884,
    #4885,#4886,#4887,#4888,#4889,#4890,#4891));
#4877 = ORIENTED_EDGE('',*,*,#2898,.F.);
#4878 = ORIENTED_EDGE('',*,*,#1605,.F.);
#4879 = ORIENTED_EDGE('',*,*,#2879,.F.);
#4880 = ORIENTED_EDGE('',*,*,#2856,.F.);
#4881 = ORIENTED_EDGE('',*,*,#1647,.F.);
#4882 = ORIENTED_EDGE('',*,*,#2837,.F.);
#4883 = ORIENTED_EDGE('',*,*,#2814,.F.);
#4884 = ORIENTED_EDGE('',*,*,#1689,.F.);
#4885 = ORIENTED_EDGE('',*,*,#2795,.F.);
#4886 = ORIENTED_EDGE('',*,*,#2767,.F.);
#4887 = ORIENTED_EDGE('',*,*,#1729,.F.);
#4888 = ORIENTED_EDGE('',*,*,#2742,.F.);
#4889 = ORIENTED_EDGE('',*,*,#2719,.F.);
#4890 = ORIENTED_EDGE('',*,*,#1763,.F.);
#4891 = ORIENTED_EDGE('',*,*,#2693,.F.);
#4892 = FACE_BOUND('',#4893,.T.);
#4893 = EDGE_LOOP('',(#4894,#4895,#4896,#4897,#4898,#4899,#4900,#4901,
    #4902,#4903,#4904,#4905,#4906,#4907));
#4894 = ORIENTED_EDGE('',*,*,#3349,.F.);
#4895 = ORIENTED_EDGE('',*,*,#3120,.F.);
#4896 = ORIENTED_EDGE('',*,*,#3148,.F.);
#4897 = ORIENTED_EDGE('',*,*,#3175,.F.);
#4898 = ORIENTED_EDGE('',*,*,#3206,.F.);
#4899 = ORIENTED_EDGE('',*,*,#3224,.F.);
#4900 = ORIENTED_EDGE('',*,*,#1520,.F.);
#4901 = ORIENTED_EDGE('',*,*,#3240,.F.);
#4902 = ORIENTED_EDGE('',*,*,#3273,.F.);
#4903 = ORIENTED_EDGE('',*,*,#3291,.F.);
#4904 = ORIENTED_EDGE('',*,*,#1478,.F.);
#4905 = ORIENTED_EDGE('',*,*,#3307,.F.);
#4906 = ORIENTED_EDGE('',*,*,#3333,.F.);
#4907 = ORIENTED_EDGE('',*,*,#1436,.F.);
#4908 = FACE_BOUND('',#4909,.T.);
#4909 = EDGE_LOOP('',(#4910,#4918,#4919,#4928,#4934,#4935,#4944,#4950,
    #4951,#4960,#4966,#4967));
#4910 = ORIENTED_EDGE('',*,*,#4911,.F.);
#4911 = EDGE_CURVE('',#182,#4912,#4914,.T.);
#4912 = VERTEX_POINT('',#4913);
#4913 = CARTESIAN_POINT('',(13.537347181489,-10.08778903025,
    5.949371867901));
#4914 = LINE('',#4915,#4916);
#4915 = CARTESIAN_POINT('',(8.148485000727,-10.08778903025,
    5.949371867901));
#4916 = VECTOR('',#4917,1.);
#4917 = DIRECTION('',(1.,1.731621672599E-15,0.));
#4918 = ORIENTED_EDGE('',*,*,#189,.F.);
#4919 = ORIENTED_EDGE('',*,*,#4920,.F.);
#4920 = EDGE_CURVE('',#4921,#190,#4923,.T.);
#4921 = VERTEX_POINT('',#4922);
#4922 = CARTESIAN_POINT('',(8.337347181489,-11.28778903025,
    5.949371867901));
#4923 = CIRCLE('',#4924,1.2);
#4924 = AXIS2_PLACEMENT_3D('',#4925,#4926,#4927);
#4925 = CARTESIAN_POINT('',(9.537347181489,-11.28778903025,
    5.949371867901));
#4926 = DIRECTION('',(0.,0.,-1.));
#4927 = DIRECTION('',(-0.707106781187,0.707106781187,0.));
#4928 = ORIENTED_EDGE('',*,*,#4929,.F.);
#4929 = EDGE_CURVE('',#224,#4921,#4930,.T.);
#4930 = LINE('',#4931,#4932);
#4931 = CARTESIAN_POINT('',(8.337347181489,-13.23778903025,
    5.949371867901));
#4932 = VECTOR('',#4933,1.);
#4933 = DIRECTION('',(-1.933480404349E-15,1.,0.));
#4934 = ORIENTED_EDGE('',*,*,#231,.F.);
#4935 = ORIENTED_EDGE('',*,*,#4936,.F.);
#4936 = EDGE_CURVE('',#4937,#232,#4939,.T.);
#4937 = VERTEX_POINT('',#4938);
#4938 = CARTESIAN_POINT('',(9.537347181489,-15.98778903025,
    5.949371867901));
#4939 = CIRCLE('',#4940,1.2);
#4940 = AXIS2_PLACEMENT_3D('',#4941,#4942,#4943);
#4941 = CARTESIAN_POINT('',(9.537347181489,-14.78778903025,
    5.949371867901));
#4942 = DIRECTION('',(0.,0.,-1.));
#4943 = DIRECTION('',(-0.707106781187,-0.707106781187,-0.));
#4944 = ORIENTED_EDGE('',*,*,#4945,.F.);
#4945 = EDGE_CURVE('',#266,#4937,#4946,.T.);
#4946 = LINE('',#4947,#4948);
#4947 = CARTESIAN_POINT('',(11.148485000727,-15.98778903025,
    5.949371867901));
#4948 = VECTOR('',#4949,1.);
#4949 = DIRECTION('',(-1.,-1.731621672599E-15,0.));
#4950 = ORIENTED_EDGE('',*,*,#273,.F.);
#4951 = ORIENTED_EDGE('',*,*,#4952,.F.);
#4952 = EDGE_CURVE('',#4953,#274,#4955,.T.);
#4953 = VERTEX_POINT('',#4954);
#4954 = CARTESIAN_POINT('',(14.737347181489,-14.78778903025,
    5.949371867901));
#4955 = CIRCLE('',#4956,1.2);
#4956 = AXIS2_PLACEMENT_3D('',#4957,#4958,#4959);
#4957 = CARTESIAN_POINT('',(13.537347181489,-14.78778903025,
    5.949371867901));
#4958 = DIRECTION('',(0.,0.,-1.));
#4959 = DIRECTION('',(0.707106781187,-0.707106781187,0.));
#4960 = ORIENTED_EDGE('',*,*,#4961,.F.);
#4961 = EDGE_CURVE('',#308,#4953,#4962,.T.);
#4962 = LINE('',#4963,#4964);
#4963 = CARTESIAN_POINT('',(14.737347181489,-10.48778903025,
    5.949371867901));
#4964 = VECTOR('',#4965,1.);
#4965 = DIRECTION('',(2.034409770224E-15,-1.,0.));
#4966 = ORIENTED_EDGE('',*,*,#315,.F.);
#4967 = ORIENTED_EDGE('',*,*,#4968,.F.);
#4968 = EDGE_CURVE('',#4912,#316,#4969,.T.);
#4969 = CIRCLE('',#4970,1.2);
#4970 = AXIS2_PLACEMENT_3D('',#4971,#4972,#4973);
#4971 = CARTESIAN_POINT('',(13.537347181489,-11.28778903025,
    5.949371867901));
#4972 = DIRECTION('',(0.,0.,-1.));
#4973 = DIRECTION('',(0.707106781187,0.707106781187,0.));
#4974 = PLANE('',#4975);
#4975 = AXIS2_PLACEMENT_3D('',#4976,#4977,#4978);
#4976 = CARTESIAN_POINT('',(22.541366604617,22.507131715627,
    5.949371867901));
#4977 = DIRECTION('',(0.,0.,1.));
#4978 = DIRECTION('',(1.,0.,0.));
#4979 = ADVANCED_FACE('',(#4980),#5005,.T.);
#4980 = FACE_BOUND('',#4981,.T.);
#4981 = EDGE_LOOP('',(#4982,#4990,#4998,#5004));
#4982 = ORIENTED_EDGE('',*,*,#4983,.F.);
#4983 = EDGE_CURVE('',#4984,#4832,#4986,.T.);
#4984 = VERTEX_POINT('',#4985);
#4985 = CARTESIAN_POINT('',(12.037347181489,-0.487789030269,
    10.549371867901));
#4986 = LINE('',#4987,#4988);
#4987 = CARTESIAN_POINT('',(12.037347181489,-0.487789030269,
    6.549371867901));
#4988 = VECTOR('',#4989,1.);
#4989 = DIRECTION('',(0.,0.,-1.));
#4990 = ORIENTED_EDGE('',*,*,#4991,.F.);
#4991 = EDGE_CURVE('',#4992,#4984,#4994,.T.);
#4992 = VERTEX_POINT('',#4993);
#4993 = CARTESIAN_POINT('',(13.637347181508,-0.487789030269,
    10.549371867901));
#4994 = LINE('',#4995,#4996);
#4995 = CARTESIAN_POINT('',(8.878417177497,-0.487789030269,
    10.549371867901));
#4996 = VECTOR('',#4997,1.);
#4997 = DIRECTION('',(-1.,2.168404344945E-15,0.));
#4998 = ORIENTED_EDGE('',*,*,#4999,.T.);
#4999 = EDGE_CURVE('',#4992,#4841,#5000,.T.);
#5000 = LINE('',#5001,#5002);
#5001 = CARTESIAN_POINT('',(13.637347181508,-0.487789030269,
    5.949371867901));
#5002 = VECTOR('',#5003,1.);
#5003 = DIRECTION('',(0.,0.,-1.));
#5004 = ORIENTED_EDGE('',*,*,#4840,.T.);
#5005 = PLANE('',#5006);
#5006 = AXIS2_PLACEMENT_3D('',#5007,#5008,#5009);
#5007 = CARTESIAN_POINT('',(11.037347181489,-0.487789030269,
    6.549371867901));
#5008 = DIRECTION('',(-1.902425214849E-15,1.,0.));
#5009 = DIRECTION('',(1.,1.902425214849E-15,0.));
#5010 = ADVANCED_FACE('',(#5011),#5023,.T.);
#5011 = FACE_BOUND('',#5012,.T.);
#5012 = EDGE_LOOP('',(#5013,#5014,#5021,#5022));
#5013 = ORIENTED_EDGE('',*,*,#743,.F.);
#5014 = ORIENTED_EDGE('',*,*,#5015,.F.);
#5015 = EDGE_CURVE('',#4984,#733,#5016,.T.);
#5016 = CIRCLE('',#5017,1.);
#5017 = AXIS2_PLACEMENT_3D('',#5018,#5019,#5020);
#5018 = CARTESIAN_POINT('',(12.037347181489,-1.487789030269,
    10.549371867901));
#5019 = DIRECTION('',(0.,0.,1.));
#5020 = DIRECTION('',(1.,0.,0.));
#5021 = ORIENTED_EDGE('',*,*,#4983,.T.);
#5022 = ORIENTED_EDGE('',*,*,#4831,.T.);
#5023 = CYLINDRICAL_SURFACE('',#5024,1.);
#5024 = AXIS2_PLACEMENT_3D('',#5025,#5026,#5027);
#5025 = CARTESIAN_POINT('',(12.037347181489,-1.487789030269,
    6.549371867901));
#5026 = DIRECTION('',(0.,0.,-1.));
#5027 = DIRECTION('',(-0.707106781187,0.707106781187,0.));
#5028 = ADVANCED_FACE('',(#5029),#5055,.T.);
#5029 = FACE_BOUND('',#5030,.T.);
#5030 = EDGE_LOOP('',(#5031,#5039,#5047,#5053,#5054));
#5031 = ORIENTED_EDGE('',*,*,#5032,.F.);
#5032 = EDGE_CURVE('',#5033,#4816,#5035,.T.);
#5033 = VERTEX_POINT('',#5034);
#5034 = CARTESIAN_POINT('',(11.037347181489,-4.014025630074,
    10.284580573299));
#5035 = LINE('',#5036,#5037);
#5036 = CARTESIAN_POINT('',(11.037347181489,-4.014025630074,
    5.949371867901));
#5037 = VECTOR('',#5038,1.);
#5038 = DIRECTION('',(0.,0.,-1.));
#5039 = ORIENTED_EDGE('',*,*,#5040,.T.);
#5040 = EDGE_CURVE('',#5033,#5041,#5043,.T.);
#5041 = VERTEX_POINT('',#5042);
#5042 = CARTESIAN_POINT('',(11.037347181489,-3.695844667304,
    10.549371867901));
#5043 = LINE('',#5044,#5045);
#5044 = CARTESIAN_POINT('',(11.037347181489,-6.175746688823,
    8.485588852577));
#5045 = VECTOR('',#5046,1.);
#5046 = DIRECTION('',(-1.749672722138E-15,0.768648231719,0.639671709453)
  );
#5047 = ORIENTED_EDGE('',*,*,#5048,.F.);
#5048 = EDGE_CURVE('',#735,#5041,#5049,.T.);
#5049 = LINE('',#5050,#5051);
#5050 = CARTESIAN_POINT('',(11.037347181489,-12.63081571942,
    10.549371867901));
#5051 = VECTOR('',#5052,1.);
#5052 = DIRECTION('',(9.785231333667E-15,-1.,0.));
#5053 = ORIENTED_EDGE('',*,*,#760,.F.);
#5054 = ORIENTED_EDGE('',*,*,#4824,.T.);
#5055 = PLANE('',#5056);
#5056 = AXIS2_PLACEMENT_3D('',#5057,#5058,#5059);
#5057 = CARTESIAN_POINT('',(11.037347181489,-4.564420236293,
    6.549371867901));
#5058 = DIRECTION('',(-1.,-2.276298376729E-15,0.));
#5059 = DIRECTION('',(-2.276298376729E-15,1.,0.));
#5060 = ADVANCED_FACE('',(#5061),#5073,.F.);
#5061 = FACE_BOUND('',#5062,.F.);
#5062 = EDGE_LOOP('',(#5063,#5064,#5065,#5072));
#5063 = ORIENTED_EDGE('',*,*,#4815,.T.);
#5064 = ORIENTED_EDGE('',*,*,#5032,.F.);
#5065 = ORIENTED_EDGE('',*,*,#5066,.F.);
#5066 = EDGE_CURVE('',#710,#5033,#5067,.T.);
#5067 = ( BOUNDED_CURVE() B_SPLINE_CURVE(3,(#5068,#5069,#5070,#5071),
.UNSPECIFIED.,.F.,.F.) B_SPLINE_CURVE_WITH_KNOTS((4,4),(1.70793560451,
2.158522769767),.PIECEWISE_BEZIER_KNOTS.) CURVE() 
GEOMETRIC_REPRESENTATION_ITEM() RATIONAL_B_SPLINE_CURVE((1.,
0.983152376606,0.983152376606,1.)) REPRESENTATION_ITEM('') );
#5068 = CARTESIAN_POINT('',(10.937538731986,-4.44951980043,9.86681999226
    ));
#5069 = CARTESIAN_POINT('',(11.003507581485,-4.313158386301,
    10.016878205477));
#5070 = CARTESIAN_POINT('',(11.037347181489,-4.165506072269,
    10.158518026859));
#5071 = CARTESIAN_POINT('',(11.037347181489,-4.014025630074,
    10.284580573299));
#5072 = ORIENTED_EDGE('',*,*,#709,.T.);
#5073 = CYLINDRICAL_SURFACE('',#5074,1.);
#5074 = AXIS2_PLACEMENT_3D('',#5075,#5076,#5077);
#5075 = CARTESIAN_POINT('',(10.037347181489,-4.014025630074,
    5.949371867901));
#5076 = DIRECTION('',(0.,0.,-1.));
#5077 = DIRECTION('',(0.900191550497,-0.435494170356,0.));
#5078 = ADVANCED_FACE('',(#5079),#5104,.T.);
#5079 = FACE_BOUND('',#5080,.T.);
#5080 = EDGE_LOOP('',(#5081,#5089,#5096,#5097,#5098));
#5081 = ORIENTED_EDGE('',*,*,#5082,.F.);
#5082 = EDGE_CURVE('',#5083,#2249,#5085,.T.);
#5083 = VERTEX_POINT('',#5084);
#5084 = CARTESIAN_POINT('',(10.115362386119,-5.484814332947,
    8.549371867901));
#5085 = LINE('',#5086,#5087);
#5086 = CARTESIAN_POINT('',(10.115362386119,-5.484814332947,
    10.549371867901));
#5087 = VECTOR('',#5088,1.);
#5088 = DIRECTION('',(-0.,-0.,-1.));
#5089 = ORIENTED_EDGE('',*,*,#5090,.T.);
#5090 = EDGE_CURVE('',#5083,#693,#5091,.T.);
#5091 = ( BOUNDED_CURVE() B_SPLINE_CURVE(3,(#5092,#5093,#5094,#5095),
.UNSPECIFIED.,.F.,.F.) B_SPLINE_CURVE_WITH_KNOTS((4,4),(4.560994850411,
5.025836867928),.PIECEWISE_BEZIER_KNOTS.) CURVE() 
GEOMETRIC_REPRESENTATION_ITEM() RATIONAL_B_SPLINE_CURVE((1.,
0.982074404332,0.982074404332,1.)) REPRESENTATION_ITEM('') );
#5092 = CARTESIAN_POINT('',(10.115362386119,-5.484814332947,
    8.549371867901));
#5093 = CARTESIAN_POINT('',(10.240914625217,-5.215566687317,
    8.843055686892));
#5094 = CARTESIAN_POINT('',(10.425107882588,-4.982477641329,
    9.13916290315));
#5095 = CARTESIAN_POINT('',(10.658036836661,-4.798081974964,
    9.421769821976));
#5096 = ORIENTED_EDGE('',*,*,#690,.F.);
#5097 = ORIENTED_EDGE('',*,*,#4807,.T.);
#5098 = ORIENTED_EDGE('',*,*,#5099,.T.);
#5099 = EDGE_CURVE('',#4800,#2249,#5100,.T.);
#5100 = LINE('',#5101,#5102);
#5101 = CARTESIAN_POINT('',(10.115362386119,-5.484814332947,
    5.949371867901));
#5102 = VECTOR('',#5103,1.);
#5103 = DIRECTION('',(0.,0.,1.));
#5104 = CYLINDRICAL_SURFACE('',#5105,1.9);
#5105 = AXIS2_PLACEMENT_3D('',#5106,#5107,#5108);
#5106 = CARTESIAN_POINT('',(11.837347181489,-6.287789030255,
    5.949371867901));
#5107 = DIRECTION('',(0.,0.,1.));
#5108 = DIRECTION('',(-2.45890205127E-11,1.,0.));
#5109 = ADVANCED_FACE('',(#5110),#5116,.T.);
#5110 = FACE_BOUND('',#5111,.T.);
#5111 = EDGE_LOOP('',(#5112,#5113,#5114,#5115));
#5112 = ORIENTED_EDGE('',*,*,#5099,.F.);
#5113 = ORIENTED_EDGE('',*,*,#4799,.T.);
#5114 = ORIENTED_EDGE('',*,*,#648,.F.);
#5115 = ORIENTED_EDGE('',*,*,#2256,.F.);
#5116 = PLANE('',#5117);
#5117 = AXIS2_PLACEMENT_3D('',#5118,#5119,#5120);
#5118 = CARTESIAN_POINT('',(10.115362386119,-5.484814332947,
    5.949371867901));
#5119 = DIRECTION('',(-0.906307787037,0.422618261741,0.));
#5120 = DIRECTION('',(0.,0.,1.));
#5121 = ADVANCED_FACE('',(#5122),#5133,.F.);
#5122 = FACE_BOUND('',#5123,.F.);
#5123 = EDGE_LOOP('',(#5124,#5125,#5131,#5132));
#5124 = ORIENTED_EDGE('',*,*,#2263,.F.);
#5125 = ORIENTED_EDGE('',*,*,#5126,.F.);
#5126 = EDGE_CURVE('',#4784,#2264,#5127,.T.);
#5127 = LINE('',#5128,#5129);
#5128 = CARTESIAN_POINT('',(8.105231138752,-8.565612988748,
    5.949371867901));
#5129 = VECTOR('',#5130,1.);
#5130 = DIRECTION('',(0.,0.,1.));
#5131 = ORIENTED_EDGE('',*,*,#4791,.T.);
#5132 = ORIENTED_EDGE('',*,*,#667,.T.);
#5133 = CYLINDRICAL_SURFACE('',#5134,3.);
#5134 = AXIS2_PLACEMENT_3D('',#5135,#5136,#5137);
#5135 = CARTESIAN_POINT('',(6.570687676019,-5.987789030255,
    5.949371867901));
#5136 = DIRECTION('',(0.,0.,1.));
#5137 = DIRECTION('',(0.537299608347,-0.843391445813,0.));
#5138 = ADVANCED_FACE('',(#5139),#5173,.T.);
#5139 = FACE_BOUND('',#5140,.T.);
#5140 = EDGE_LOOP('',(#5141,#5142,#5159,#5165,#5166,#5167));
#5141 = ORIENTED_EDGE('',*,*,#543,.T.);
#5142 = ORIENTED_EDGE('',*,*,#5143,.T.);
#5143 = EDGE_CURVE('',#544,#5144,#5146,.T.);
#5144 = VERTEX_POINT('',#5145);
#5145 = CARTESIAN_POINT('',(-1.018080499876,-11.76356215978,
    6.678347800662));
#5146 = B_SPLINE_CURVE_WITH_KNOTS('',3,(#5147,#5148,#5149,#5150,#5151,
    #5152,#5153,#5154,#5155,#5156,#5157,#5158),.UNSPECIFIED.,.F.,.F.,(4,
    1,2,2,1,1,1,4),(0.500016002108,0.610992745061,0.624864837931,
    0.628332861148,0.631800884365,0.6387369308,0.666481116538,
    0.721969488015),.UNSPECIFIED.);
#5147 = CARTESIAN_POINT('',(-1.018101718289,-12.83284942745,
    6.757745582312));
#5148 = CARTESIAN_POINT('',(-1.018101541558,-12.66175551646,
    6.757761469451));
#5149 = CARTESIAN_POINT('',(-1.018101541558,-12.46009650587,
    6.749345009988));
#5150 = CARTESIAN_POINT('',(-1.018101541558,-12.24811183949,
    6.731439930329));
#5151 = CARTESIAN_POINT('',(-1.018101541558,-12.21851017817,
    6.728806684386));
#5152 = CARTESIAN_POINT('',(-1.018101541558,-12.21603757005,
    6.728582390752));
#5153 = CARTESIAN_POINT('',(-1.018101541558,-12.20770937392,
    6.72782433595));
#5154 = CARTESIAN_POINT('',(-1.018101541558,-12.19506480839,
    6.726660828619));
#5155 = CARTESIAN_POINT('',(-1.018101541558,-12.14702641673,
    6.722103958666));
#5156 = CARTESIAN_POINT('',(-1.018101541558,-12.02028427795,
    6.709042997376));
#5157 = CARTESIAN_POINT('',(-1.018101541558,-11.87405543736,
    6.691913100833));
#5158 = CARTESIAN_POINT('',(-1.018080499876,-11.76356215978,
    6.678347800662));
#5159 = ORIENTED_EDGE('',*,*,#5160,.T.);
#5160 = EDGE_CURVE('',#5144,#4750,#5161,.T.);
#5161 = LINE('',#5162,#5163);
#5162 = CARTESIAN_POINT('',(-1.018101541558,-11.76357628054,
    5.949371867901));
#5163 = VECTOR('',#5164,1.);
#5164 = DIRECTION('',(0.,0.,-1.));
#5165 = ORIENTED_EDGE('',*,*,#4749,.T.);
#5166 = ORIENTED_EDGE('',*,*,#634,.F.);
#5167 = ORIENTED_EDGE('',*,*,#5168,.F.);
#5168 = EDGE_CURVE('',#535,#626,#5169,.T.);
#5169 = LINE('',#5170,#5171);
#5170 = CARTESIAN_POINT('',(-1.018101541558,-8.987789030255,
    6.549371867901));
#5171 = VECTOR('',#5172,1.);
#5172 = DIRECTION('',(2.009177428755E-15,-1.,0.));
#5173 = PLANE('',#5174);
#5174 = AXIS2_PLACEMENT_3D('',#5175,#5176,#5177);
#5175 = CARTESIAN_POINT('',(-1.018101541558,-8.987789030255,
    5.949371867901));
#5176 = DIRECTION('',(-1.,-2.009177428755E-15,0.));
#5177 = DIRECTION('',(-2.009177428755E-15,1.,0.));
#5178 = ADVANCED_FACE('',(#5179),#5198,.T.);
#5179 = FACE_BOUND('',#5180,.T.);
#5180 = EDGE_LOOP('',(#5181,#5182,#5183,#5191));
#5181 = ORIENTED_EDGE('',*,*,#617,.F.);
#5182 = ORIENTED_EDGE('',*,*,#4741,.T.);
#5183 = ORIENTED_EDGE('',*,*,#5184,.T.);
#5184 = EDGE_CURVE('',#4734,#5185,#5187,.T.);
#5185 = VERTEX_POINT('',#5186);
#5186 = CARTESIAN_POINT('',(-1.81015415583E-02,-16.98778903025,
    6.549371867901));
#5187 = LINE('',#5188,#5189);
#5188 = CARTESIAN_POINT('',(-1.81015415583E-02,-16.98778903025,
    5.949371867901));
#5189 = VECTOR('',#5190,1.);
#5190 = DIRECTION('',(0.,0.,1.));
#5191 = ORIENTED_EDGE('',*,*,#5192,.T.);
#5192 = EDGE_CURVE('',#5185,#618,#5193,.T.);
#5193 = CIRCLE('',#5194,1.);
#5194 = AXIS2_PLACEMENT_3D('',#5195,#5196,#5197);
#5195 = CARTESIAN_POINT('',(-1.81015415583E-02,-15.98778903025,
    6.549371867901));
#5196 = DIRECTION('',(0.,0.,-1.));
#5197 = DIRECTION('',(-0.707106781187,-0.707106781187,-0.));
#5198 = CYLINDRICAL_SURFACE('',#5199,1.);
#5199 = AXIS2_PLACEMENT_3D('',#5200,#5201,#5202);
#5200 = CARTESIAN_POINT('',(-1.81015415583E-02,-15.98778903025,
    5.949371867901));
#5201 = DIRECTION('',(0.,0.,1.));
#5202 = DIRECTION('',(-0.707106781187,-0.707106781187,0.));
#5203 = ADVANCED_FACE('',(#5204),#5222,.T.);
#5204 = FACE_BOUND('',#5205,.T.);
#5205 = EDGE_LOOP('',(#5206,#5207,#5208,#5214,#5215,#5216));
#5206 = ORIENTED_EDGE('',*,*,#5184,.F.);
#5207 = ORIENTED_EDGE('',*,*,#4733,.T.);
#5208 = ORIENTED_EDGE('',*,*,#5209,.F.);
#5209 = EDGE_CURVE('',#2239,#4725,#5210,.T.);
#5210 = LINE('',#5211,#5212);
#5211 = CARTESIAN_POINT('',(16.537347181489,-16.98778903025,
    5.949371867901));
#5212 = VECTOR('',#5213,1.);
#5213 = DIRECTION('',(0.,0.,-1.));
#5214 = ORIENTED_EDGE('',*,*,#2305,.F.);
#5215 = ORIENTED_EDGE('',*,*,#517,.T.);
#5216 = ORIENTED_EDGE('',*,*,#5217,.F.);
#5217 = EDGE_CURVE('',#5185,#520,#5218,.T.);
#5218 = LINE('',#5219,#5220);
#5219 = CARTESIAN_POINT('',(-1.018101541558,-16.98778903025,
    6.549371867901));
#5220 = VECTOR('',#5221,1.);
#5221 = DIRECTION('',(1.,2.185806300259E-15,0.));
#5222 = PLANE('',#5223);
#5223 = AXIS2_PLACEMENT_3D('',#5224,#5225,#5226);
#5224 = CARTESIAN_POINT('',(-2.018101541558,-16.98778903025,
    5.949371867901));
#5225 = DIRECTION('',(2.185806300259E-15,-1.,0.));
#5226 = DIRECTION('',(0.,0.,-1.));
#5227 = ADVANCED_FACE('',(#5228),#5255,.T.);
#5228 = FACE_BOUND('',#5229,.T.);
#5229 = EDGE_LOOP('',(#5230,#5238,#5247,#5253,#5254));
#5230 = ORIENTED_EDGE('',*,*,#5231,.T.);
#5231 = EDGE_CURVE('',#4716,#5232,#5234,.T.);
#5232 = VERTEX_POINT('',#5233);
#5233 = CARTESIAN_POINT('',(16.932967680924,-16.90620310921,
    8.944992367336));
#5234 = LINE('',#5235,#5236);
#5235 = CARTESIAN_POINT('',(16.932967680924,-16.90620310921,
    5.949371867901));
#5236 = VECTOR('',#5237,1.);
#5237 = DIRECTION('',(0.,0.,1.));
#5238 = ORIENTED_EDGE('',*,*,#5239,.T.);
#5239 = EDGE_CURVE('',#5232,#5240,#5242,.T.);
#5240 = VERTEX_POINT('',#5241);
#5241 = CARTESIAN_POINT('',(16.537347181489,-16.98778903025,
    8.549371867901));
#5242 = ( BOUNDED_CURVE() B_SPLINE_CURVE(3,(#5243,#5244,#5245,#5246),
.UNSPECIFIED.,.F.,.F.) B_SPLINE_CURVE_WITH_KNOTS((4,4),(1.16405295341,
1.570796326795),.PIECEWISE_BEZIER_KNOTS.) CURVE() 
GEOMETRIC_REPRESENTATION_ITEM() RATIONAL_B_SPLINE_CURVE((1.,
0.986260771697,0.986260771697,1.)) REPRESENTATION_ITEM('') );
#5243 = CARTESIAN_POINT('',(16.932967680924,-16.90620310921,
    8.944992367336));
#5244 = CARTESIAN_POINT('',(16.807581946911,-16.96021487563,
    8.819606633323));
#5245 = CARTESIAN_POINT('',(16.673871366914,-16.98778903025,
    8.685896053327));
#5246 = CARTESIAN_POINT('',(16.537347181489,-16.98778903025,
    8.549371867901));
#5247 = ORIENTED_EDGE('',*,*,#5248,.T.);
#5248 = EDGE_CURVE('',#5240,#2239,#5249,.T.);
#5249 = LINE('',#5250,#5251);
#5250 = CARTESIAN_POINT('',(16.537347181489,-16.98778903025,
    10.549371867901));
#5251 = VECTOR('',#5252,1.);
#5252 = DIRECTION('',(-0.,-0.,-1.));
#5253 = ORIENTED_EDGE('',*,*,#5209,.T.);
#5254 = ORIENTED_EDGE('',*,*,#4724,.T.);
#5255 = CYLINDRICAL_SURFACE('',#5256,1.);
#5256 = AXIS2_PLACEMENT_3D('',#5257,#5258,#5259);
#5257 = CARTESIAN_POINT('',(16.537347181489,-15.98778903025,
    5.949371867901));
#5258 = DIRECTION('',(0.,0.,1.));
#5259 = DIRECTION('',(0.707106781187,-0.707106781187,0.));
#5260 = ADVANCED_FACE('',(#5261),#5268,.T.);
#5261 = FACE_BOUND('',#5262,.T.);
#5262 = EDGE_LOOP('',(#5263,#5264,#5265,#5266,#5267));
#5263 = ORIENTED_EDGE('',*,*,#534,.F.);
#5264 = ORIENTED_EDGE('',*,*,#5168,.T.);
#5265 = ORIENTED_EDGE('',*,*,#625,.F.);
#5266 = ORIENTED_EDGE('',*,*,#5192,.F.);
#5267 = ORIENTED_EDGE('',*,*,#5217,.T.);
#5268 = PLANE('',#5269);
#5269 = AXIS2_PLACEMENT_3D('',#5270,#5271,#5272);
#5270 = CARTESIAN_POINT('',(8.759622819965,-10.68778903025,
    6.549371867901));
#5271 = DIRECTION('',(0.,0.,1.));
#5272 = DIRECTION('',(1.,0.,0.));
#5273 = ADVANCED_FACE('',(#5274),#5329,.F.);
#5274 = FACE_BOUND('',#5275,.F.);
#5275 = EDGE_LOOP('',(#5276,#5283,#5284,#5285,#5306,#5327,#5328));
#5276 = ORIENTED_EDGE('',*,*,#5277,.F.);
#5277 = EDGE_CURVE('',#487,#495,#5278,.T.);
#5278 = CIRCLE('',#5279,2.902426553817);
#5279 = AXIS2_PLACEMENT_3D('',#5280,#5281,#5282);
#5280 = CARTESIAN_POINT('',(2.617977132211,-12.83284942745,
    7.944737157285));
#5281 = DIRECTION('',(0.,0.,-1.));
#5282 = DIRECTION('',(-1.,-1.531556035878E-15,-0.));
#5283 = ORIENTED_EDGE('',*,*,#574,.F.);
#5284 = ORIENTED_EDGE('',*,*,#5143,.T.);
#5285 = ORIENTED_EDGE('',*,*,#5286,.F.);
#5286 = EDGE_CURVE('',#5287,#5144,#5289,.T.);
#5287 = VERTEX_POINT('',#5288);
#5288 = CARTESIAN_POINT('',(0.98189845844,-9.76357628054,6.865156961204)
  );
#5289 = B_SPLINE_CURVE_WITH_KNOTS('',3,(#5290,#5291,#5292,#5293,#5294,
    #5295,#5296,#5297,#5298,#5299,#5300,#5301,#5302,#5303,#5304,#5305),
  .UNSPECIFIED.,.F.,.F.,(4,2,2,2,2,2,2,4),(0.,3.941727654193E-04,
    7.883455308387E-04,1.576691061677E-03,1.970863827097E-03,
    2.365036592516E-03,2.759209357935E-03,3.153382123355E-03),
  .UNSPECIFIED.);
#5290 = CARTESIAN_POINT('',(0.98189845844,-9.76357628054,6.865156961204)
  );
#5291 = CARTESIAN_POINT('',(0.856619810165,-9.76357628054,6.819341411338
    ));
#5292 = CARTESIAN_POINT('',(0.730395917822,-9.775307832085,6.78394840006
    ));
#5293 = CARTESIAN_POINT('',(0.478377467024,-9.823748565958,
    6.725964945297));
#5294 = CARTESIAN_POINT('',(0.351312940612,-9.861094720225,
    6.703344520575));
#5295 = CARTESIAN_POINT('',(-1.19522030852E-02,-10.00842455116,
    6.650321675308));
#5296 = CARTESIAN_POINT('',(-0.237623976316,-10.15678793504,
    6.632744204246));
#5297 = CARTESIAN_POINT('',(-0.517794110714,-10.43384956536,
    6.61925348944));
#5298 = CARTESIAN_POINT('',(-0.60310037977,-10.53668094385,
    6.616981683193));
#5299 = CARTESIAN_POINT('',(-0.750863361045,-10.75608932714,
    6.61642131897));
#5300 = CARTESIAN_POINT('',(-0.813095235268,-10.87175516567,
    6.618084551591));
#5301 = CARTESIAN_POINT('',(-0.914547014823,-11.11485305118,
    6.625788396636));
#5302 = CARTESIAN_POINT('',(-0.953663142768,-11.24313689228,
    6.631922384634));
#5303 = CARTESIAN_POINT('',(-1.005107065437,-11.50077423145,
    6.649978212135));
#5304 = CARTESIAN_POINT('',(-1.018099873143,-11.63134157729,
    6.661878140337));
#5305 = CARTESIAN_POINT('',(-1.018080499876,-11.76356215978,
    6.678347800662));
#5306 = ORIENTED_EDGE('',*,*,#5307,.F.);
#5307 = EDGE_CURVE('',#2290,#5287,#5308,.T.);
#5308 = B_SPLINE_CURVE_WITH_KNOTS('',3,(#5309,#5310,#5311,#5312,#5313,
    #5314,#5315,#5316,#5317,#5318,#5319,#5320,#5321,#5322,#5323,#5324,
    #5325,#5326),.UNSPECIFIED.,.F.,.F.,(4,2,2,2,2,2,2,2,4),(0.,
    1.241100024958E-03,1.861650037437E-03,2.482200049915E-03,
    3.102750062394E-03,3.413025068634E-03,3.723300074873E-03,
    4.343850087352E-03,4.964400099831E-03),.UNSPECIFIED.);
#5309 = CARTESIAN_POINT('',(5.768971101276,-9.76357628054,6.549371867901
    ));
#5310 = CARTESIAN_POINT('',(5.349430300699,-9.76357628054,6.549371867901
    ));
#5311 = CARTESIAN_POINT('',(4.943958261555,-9.76357628054,6.637086222305
    ));
#5312 = CARTESIAN_POINT('',(4.348020135271,-9.76357628054,6.828028069322
    ));
#5313 = CARTESIAN_POINT('',(4.152929484657,-9.76357628054,6.901486540871
    ));
#5314 = CARTESIAN_POINT('',(3.764657979387,-9.76357628054,7.053673612338
    ));
#5315 = CARTESIAN_POINT('',(3.571674881155,-9.76357628054,7.132947925915
    ));
#5316 = CARTESIAN_POINT('',(3.178110643698,-9.76357628054,7.270529574263
    ));
#5317 = CARTESIAN_POINT('',(2.976035482024,-9.76357628054,7.328366408688
    ));
#5318 = CARTESIAN_POINT('',(2.667245101799,-9.76357628054,7.357258563101
    ));
#5319 = CARTESIAN_POINT('',(2.562036379303,-9.76357628054,7.357088303024
    ));
#5320 = CARTESIAN_POINT('',(2.354292902553,-9.76357628054,7.336707916479
    ));
#5321 = CARTESIAN_POINT('',(2.252726764232,-9.76357628054,7.317060558747
    ));
#5322 = CARTESIAN_POINT('',(1.952402971075,-9.76357628054,7.240174559053
    ));
#5323 = CARTESIAN_POINT('',(1.757505589689,-9.76357628054,7.166207317019
    ));
#5324 = CARTESIAN_POINT('',(1.370044144529,-9.76357628054,7.014795412605
    ));
#5325 = CARTESIAN_POINT('',(1.177271360786,-9.76357628054,6.936606622199
    ));
#5326 = CARTESIAN_POINT('',(0.98189845844,-9.76357628054,6.865156961204)
  );
#5327 = ORIENTED_EDGE('',*,*,#2297,.F.);
#5328 = ORIENTED_EDGE('',*,*,#582,.T.);
#5329 = TOROIDAL_SURFACE('',#5330,4.398772629206,1.5);
#5330 = AXIS2_PLACEMENT_3D('',#5331,#5332,#5333);
#5331 = CARTESIAN_POINT('',(2.617977132211,-12.83284942745,
    8.049371867901));
#5332 = DIRECTION('',(0.,0.,-1.));
#5333 = DIRECTION('',(-1.,0.,0.));
#5334 = ADVANCED_FACE('',(#5335),#5350,.T.);
#5335 = FACE_BOUND('',#5336,.T.);
#5336 = EDGE_LOOP('',(#5337,#5338,#5348,#5349));
#5337 = ORIENTED_EDGE('',*,*,#486,.F.);
#5338 = ORIENTED_EDGE('',*,*,#5339,.T.);
#5339 = EDGE_CURVE('',#478,#476,#5340,.T.);
#5340 = ( BOUNDED_CURVE() B_SPLINE_CURVE(3,(#5341,#5342,#5343,#5344,
#5345,#5346,#5347),.UNSPECIFIED.,.F.,.F.) B_SPLINE_CURVE_WITH_KNOTS((4,3
    ,4),(4.450387311857,6.040771964483,7.631156617109),
.PIECEWISE_BEZIER_KNOTS.) CURVE() GEOMETRIC_REPRESENTATION_ITEM() 
RATIONAL_B_SPLINE_CURVE((1.,0.800098305557,0.800098305557,1.,
0.800098305557,0.800098305557,1.)) REPRESENTATION_ITEM('') );
#5341 = CARTESIAN_POINT('',(0.582858519955,-12.83284942745,
    20.347818571342));
#5342 = CARTESIAN_POINT('',(0.559139040711,-11.61599257351,
    20.008614214882));
#5343 = CARTESIAN_POINT('',(1.411210728708,-10.74699216549,
    19.706173665953));
#5344 = CARTESIAN_POINT('',(2.628081861294,-10.74699216549,
    19.621872059153));
#5345 = CARTESIAN_POINT('',(3.844952993881,-10.74699216549,
    19.537570452352));
#5346 = CARTESIAN_POINT('',(4.696859767086,-11.61599257351,
    19.721963889811));
#5347 = CARTESIAN_POINT('',(4.672909358498,-12.83284942745,
    20.064470689753));
#5348 = ORIENTED_EDGE('',*,*,#503,.T.);
#5349 = ORIENTED_EDGE('',*,*,#5277,.F.);
#5350 = CONICAL_SURFACE('',#5351,3.,6.981317007977E-02);
#5351 = AXIS2_PLACEMENT_3D('',#5352,#5353,#5354);
#5352 = CARTESIAN_POINT('',(2.617977132211,-12.83284942745,
    6.549371867901));
#5353 = DIRECTION('',(0.,0.,-1.));
#5354 = DIRECTION('',(1.,1.734723475977E-15,0.));
#5355 = ADVANCED_FACE('',(#5356),#5374,.F.);
#5356 = FACE_BOUND('',#5357,.T.);
#5357 = EDGE_LOOP('',(#5358,#5366,#5372,#5373));
#5358 = ORIENTED_EDGE('',*,*,#5359,.F.);
#5359 = EDGE_CURVE('',#5360,#306,#5362,.T.);
#5360 = VERTEX_POINT('',#5361);
#5361 = CARTESIAN_POINT('',(14.537347181489,-14.78778903025,
    6.149371867901));
#5362 = LINE('',#5363,#5364);
#5363 = CARTESIAN_POINT('',(14.537347181489,-10.48778903025,
    6.149371867901));
#5364 = VECTOR('',#5365,1.);
#5365 = DIRECTION('',(-2.034409770224E-15,1.,0.));
#5366 = ORIENTED_EDGE('',*,*,#5367,.F.);
#5367 = EDGE_CURVE('',#2173,#5360,#5368,.T.);
#5368 = LINE('',#5369,#5370);
#5369 = CARTESIAN_POINT('',(14.537347181489,-14.78778903025,
    6.549371867901));
#5370 = VECTOR('',#5371,1.);
#5371 = DIRECTION('',(0.,0.,-1.));
#5372 = ORIENTED_EDGE('',*,*,#2172,.F.);
#5373 = ORIENTED_EDGE('',*,*,#411,.F.);
#5374 = PLANE('',#5375);
#5375 = AXIS2_PLACEMENT_3D('',#5376,#5377,#5378);
#5376 = CARTESIAN_POINT('',(14.537347181489,-10.28778903025,
    6.549371867901));
#5377 = DIRECTION('',(1.,2.034409770224E-15,0.));
#5378 = DIRECTION('',(-2.034409770224E-15,1.,0.));
#5379 = ADVANCED_FACE('',(#5380),#5392,.F.);
#5380 = FACE_BOUND('',#5381,.F.);
#5381 = EDGE_LOOP('',(#5382,#5389,#5390,#5391));
#5382 = ORIENTED_EDGE('',*,*,#5383,.T.);
#5383 = EDGE_CURVE('',#283,#5360,#5384,.T.);
#5384 = CIRCLE('',#5385,1.);
#5385 = AXIS2_PLACEMENT_3D('',#5386,#5387,#5388);
#5386 = CARTESIAN_POINT('',(13.537347181489,-14.78778903025,
    6.149371867901));
#5387 = DIRECTION('',(-0.,0.,1.));
#5388 = DIRECTION('',(0.707106781187,-0.707106781187,0.));
#5389 = ORIENTED_EDGE('',*,*,#5367,.F.);
#5390 = ORIENTED_EDGE('',*,*,#2180,.F.);
#5391 = ORIENTED_EDGE('',*,*,#452,.T.);
#5392 = CYLINDRICAL_SURFACE('',#5393,1.);
#5393 = AXIS2_PLACEMENT_3D('',#5394,#5395,#5396);
#5394 = CARTESIAN_POINT('',(13.537347181489,-14.78778903025,
    6.549371867901));
#5395 = DIRECTION('',(0.,0.,-1.));
#5396 = DIRECTION('',(0.707106781187,-0.707106781187,0.));
#5397 = ADVANCED_FACE('',(#5398),#5416,.F.);
#5398 = FACE_BOUND('',#5399,.T.);
#5399 = EDGE_LOOP('',(#5400,#5408,#5414,#5415));
#5400 = ORIENTED_EDGE('',*,*,#5401,.F.);
#5401 = EDGE_CURVE('',#5402,#264,#5404,.T.);
#5402 = VERTEX_POINT('',#5403);
#5403 = CARTESIAN_POINT('',(9.537347181489,-15.78778903025,
    6.149371867901));
#5404 = LINE('',#5405,#5406);
#5405 = CARTESIAN_POINT('',(11.148485000727,-15.78778903025,
    6.149371867901));
#5406 = VECTOR('',#5407,1.);
#5407 = DIRECTION('',(1.,1.731621672599E-15,0.));
#5408 = ORIENTED_EDGE('',*,*,#5409,.F.);
#5409 = EDGE_CURVE('',#2189,#5402,#5410,.T.);
#5410 = LINE('',#5411,#5412);
#5411 = CARTESIAN_POINT('',(9.537347181489,-15.78778903025,
    6.549371867901));
#5412 = VECTOR('',#5413,1.);
#5413 = DIRECTION('',(0.,0.,-1.));
#5414 = ORIENTED_EDGE('',*,*,#2188,.F.);
#5415 = ORIENTED_EDGE('',*,*,#443,.F.);
#5416 = PLANE('',#5417);
#5417 = AXIS2_PLACEMENT_3D('',#5418,#5419,#5420);
#5418 = CARTESIAN_POINT('',(14.537347181489,-15.78778903025,
    6.549371867901));
#5419 = DIRECTION('',(1.731621672599E-15,-1.,0.));
#5420 = DIRECTION('',(0.,0.,-1.));
#5421 = ADVANCED_FACE('',(#5422),#5441,.F.);
#5422 = FACE_BOUND('',#5423,.F.);
#5423 = EDGE_LOOP('',(#5424,#5433,#5439,#5440));
#5424 = ORIENTED_EDGE('',*,*,#5425,.T.);
#5425 = EDGE_CURVE('',#325,#5426,#5428,.T.);
#5426 = VERTEX_POINT('',#5427);
#5427 = CARTESIAN_POINT('',(13.537347181489,-10.28778903025,
    6.149371867901));
#5428 = CIRCLE('',#5429,1.);
#5429 = AXIS2_PLACEMENT_3D('',#5430,#5431,#5432);
#5430 = CARTESIAN_POINT('',(13.537347181489,-11.28778903025,
    6.149371867901));
#5431 = DIRECTION('',(0.,-0.,1.));
#5432 = DIRECTION('',(0.707106781187,0.707106781187,0.));
#5433 = ORIENTED_EDGE('',*,*,#5434,.F.);
#5434 = EDGE_CURVE('',#2221,#5426,#5435,.T.);
#5435 = LINE('',#5436,#5437);
#5436 = CARTESIAN_POINT('',(13.537347181489,-10.28778903025,
    6.549371867901));
#5437 = VECTOR('',#5438,1.);
#5438 = DIRECTION('',(0.,0.,-1.));
#5439 = ORIENTED_EDGE('',*,*,#2228,.F.);
#5440 = ORIENTED_EDGE('',*,*,#420,.T.);
#5441 = CYLINDRICAL_SURFACE('',#5442,1.);
#5442 = AXIS2_PLACEMENT_3D('',#5443,#5444,#5445);
#5443 = CARTESIAN_POINT('',(13.537347181489,-11.28778903025,
    6.549371867901));
#5444 = DIRECTION('',(0.,0.,-1.));
#5445 = DIRECTION('',(0.707106781187,0.707106781187,0.));
#5446 = ADVANCED_FACE('',(#5447),#5458,.F.);
#5447 = FACE_BOUND('',#5448,.T.);
#5448 = EDGE_LOOP('',(#5449,#5455,#5456,#5457));
#5449 = ORIENTED_EDGE('',*,*,#5450,.F.);
#5450 = EDGE_CURVE('',#5426,#180,#5451,.T.);
#5451 = LINE('',#5452,#5453);
#5452 = CARTESIAN_POINT('',(8.148485000727,-10.28778903025,
    6.149371867901));
#5453 = VECTOR('',#5454,1.);
#5454 = DIRECTION('',(-1.,-1.731621672599E-15,0.));
#5455 = ORIENTED_EDGE('',*,*,#5434,.F.);
#5456 = ORIENTED_EDGE('',*,*,#2220,.F.);
#5457 = ORIENTED_EDGE('',*,*,#379,.F.);
#5458 = PLANE('',#5459);
#5459 = AXIS2_PLACEMENT_3D('',#5460,#5461,#5462);
#5460 = CARTESIAN_POINT('',(8.537347181489,-10.28778903025,
    6.549371867901));
#5461 = DIRECTION('',(-1.731621672599E-15,1.,0.));
#5462 = DIRECTION('',(1.,1.731621672599E-15,0.));
#5463 = ADVANCED_FACE('',(#5464),#5483,.F.);
#5464 = FACE_BOUND('',#5465,.F.);
#5465 = EDGE_LOOP('',(#5466,#5475,#5481,#5482));
#5466 = ORIENTED_EDGE('',*,*,#5467,.T.);
#5467 = EDGE_CURVE('',#199,#5468,#5470,.T.);
#5468 = VERTEX_POINT('',#5469);
#5469 = CARTESIAN_POINT('',(8.537347181489,-11.28778903025,
    6.149371867901));
#5470 = CIRCLE('',#5471,1.);
#5471 = AXIS2_PLACEMENT_3D('',#5472,#5473,#5474);
#5472 = CARTESIAN_POINT('',(9.537347181489,-11.28778903025,
    6.149371867901));
#5473 = DIRECTION('',(0.,0.,1.));
#5474 = DIRECTION('',(-0.707106781187,0.707106781187,0.));
#5475 = ORIENTED_EDGE('',*,*,#5476,.F.);
#5476 = EDGE_CURVE('',#2205,#5468,#5477,.T.);
#5477 = LINE('',#5478,#5479);
#5478 = CARTESIAN_POINT('',(8.537347181489,-11.28778903025,
    6.549371867901));
#5479 = VECTOR('',#5480,1.);
#5480 = DIRECTION('',(0.,0.,-1.));
#5481 = ORIENTED_EDGE('',*,*,#2212,.F.);
#5482 = ORIENTED_EDGE('',*,*,#388,.T.);
#5483 = CYLINDRICAL_SURFACE('',#5484,1.);
#5484 = AXIS2_PLACEMENT_3D('',#5485,#5486,#5487);
#5485 = CARTESIAN_POINT('',(9.537347181489,-11.28778903025,
    6.549371867901));
#5486 = DIRECTION('',(0.,0.,-1.));
#5487 = DIRECTION('',(-0.707106781187,0.707106781187,0.));
#5488 = ADVANCED_FACE('',(#5489),#5500,.F.);
#5489 = FACE_BOUND('',#5490,.T.);
#5490 = EDGE_LOOP('',(#5491,#5497,#5498,#5499));
#5491 = ORIENTED_EDGE('',*,*,#5492,.F.);
#5492 = EDGE_CURVE('',#5468,#222,#5493,.T.);
#5493 = LINE('',#5494,#5495);
#5494 = CARTESIAN_POINT('',(8.537347181489,-13.23778903025,
    6.149371867901));
#5495 = VECTOR('',#5496,1.);
#5496 = DIRECTION('',(1.933480404349E-15,-1.,0.));
#5497 = ORIENTED_EDGE('',*,*,#5476,.F.);
#5498 = ORIENTED_EDGE('',*,*,#2204,.F.);
#5499 = ORIENTED_EDGE('',*,*,#347,.F.);
#5500 = PLANE('',#5501);
#5501 = AXIS2_PLACEMENT_3D('',#5502,#5503,#5504);
#5502 = CARTESIAN_POINT('',(8.537347181489,-15.78778903025,
    6.549371867901));
#5503 = DIRECTION('',(-1.,-1.933480404349E-15,0.));
#5504 = DIRECTION('',(-1.933480404349E-15,1.,0.));
#5505 = ADVANCED_FACE('',(#5506),#5518,.F.);
#5506 = FACE_BOUND('',#5507,.F.);
#5507 = EDGE_LOOP('',(#5508,#5515,#5516,#5517));
#5508 = ORIENTED_EDGE('',*,*,#5509,.T.);
#5509 = EDGE_CURVE('',#241,#5402,#5510,.T.);
#5510 = CIRCLE('',#5511,1.);
#5511 = AXIS2_PLACEMENT_3D('',#5512,#5513,#5514);
#5512 = CARTESIAN_POINT('',(9.537347181489,-14.78778903025,
    6.149371867901));
#5513 = DIRECTION('',(0.,0.,1.));
#5514 = DIRECTION('',(-0.707106781187,-0.707106781187,0.));
#5515 = ORIENTED_EDGE('',*,*,#5409,.F.);
#5516 = ORIENTED_EDGE('',*,*,#2196,.F.);
#5517 = ORIENTED_EDGE('',*,*,#356,.T.);
#5518 = CYLINDRICAL_SURFACE('',#5519,1.);
#5519 = AXIS2_PLACEMENT_3D('',#5520,#5521,#5522);
#5520 = CARTESIAN_POINT('',(9.537347181489,-14.78778903025,
    6.549371867901));
#5521 = DIRECTION('',(0.,0.,-1.));
#5522 = DIRECTION('',(-0.707106781187,-0.707106781187,-0.));
#5523 = ADVANCED_FACE('',(#5524),#5535,.F.);
#5524 = FACE_BOUND('',#5525,.F.);
#5525 = EDGE_LOOP('',(#5526,#5527,#5533,#5534));
#5526 = ORIENTED_EDGE('',*,*,#4968,.F.);
#5527 = ORIENTED_EDGE('',*,*,#5528,.T.);
#5528 = EDGE_CURVE('',#4912,#5426,#5529,.T.);
#5529 = LINE('',#5530,#5531);
#5530 = CARTESIAN_POINT('',(13.537347181489,-10.08778903025,
    5.949371867901));
#5531 = VECTOR('',#5532,1.);
#5532 = DIRECTION('',(3.925231146709E-15,-0.707106781187,0.707106781187)
  );
#5533 = ORIENTED_EDGE('',*,*,#5425,.F.);
#5534 = ORIENTED_EDGE('',*,*,#324,.T.);
#5535 = CONICAL_SURFACE('',#5536,1.1,0.785398163397);
#5536 = AXIS2_PLACEMENT_3D('',#5537,#5538,#5539);
#5537 = CARTESIAN_POINT('',(13.537347181489,-11.28778903025,
    6.049371867901));
#5538 = DIRECTION('',(0.,0.,-1.));
#5539 = DIRECTION('',(0.707106781187,0.707106781187,0.));
#5540 = ADVANCED_FACE('',(#5541),#5552,.T.);
#5541 = FACE_BOUND('',#5542,.T.);
#5542 = EDGE_LOOP('',(#5543,#5544,#5545,#5551));
#5543 = ORIENTED_EDGE('',*,*,#305,.T.);
#5544 = ORIENTED_EDGE('',*,*,#4961,.T.);
#5545 = ORIENTED_EDGE('',*,*,#5546,.F.);
#5546 = EDGE_CURVE('',#5360,#4953,#5547,.T.);
#5547 = LINE('',#5548,#5549);
#5548 = CARTESIAN_POINT('',(14.537347181489,-14.78778903025,
    6.149371867901));
#5549 = VECTOR('',#5550,1.);
#5550 = DIRECTION('',(0.707106781187,7.850462293419E-15,-0.707106781187)
  );
#5551 = ORIENTED_EDGE('',*,*,#5359,.T.);
#5552 = PLANE('',#5553);
#5553 = AXIS2_PLACEMENT_3D('',#5554,#5555,#5556);
#5554 = CARTESIAN_POINT('',(14.637347181489,-10.48778903025,
    6.049371867901));
#5555 = DIRECTION('',(-0.707106781187,-1.438544944238E-15,
    -0.707106781187));
#5556 = DIRECTION('',(-0.707106781187,0.,0.707106781187));
#5557 = ADVANCED_FACE('',(#5558),#5564,.F.);
#5558 = FACE_BOUND('',#5559,.F.);
#5559 = EDGE_LOOP('',(#5560,#5561,#5562,#5563));
#5560 = ORIENTED_EDGE('',*,*,#4952,.F.);
#5561 = ORIENTED_EDGE('',*,*,#5546,.F.);
#5562 = ORIENTED_EDGE('',*,*,#5383,.F.);
#5563 = ORIENTED_EDGE('',*,*,#282,.T.);
#5564 = CONICAL_SURFACE('',#5565,1.1,0.785398163397);
#5565 = AXIS2_PLACEMENT_3D('',#5566,#5567,#5568);
#5566 = CARTESIAN_POINT('',(13.537347181489,-14.78778903025,
    6.049371867901));
#5567 = DIRECTION('',(0.,0.,-1.));
#5568 = DIRECTION('',(0.707106781187,-0.707106781187,0.));
#5569 = ADVANCED_FACE('',(#5570),#5581,.T.);
#5570 = FACE_BOUND('',#5571,.T.);
#5571 = EDGE_LOOP('',(#5572,#5573,#5574,#5580));
#5572 = ORIENTED_EDGE('',*,*,#263,.T.);
#5573 = ORIENTED_EDGE('',*,*,#4945,.T.);
#5574 = ORIENTED_EDGE('',*,*,#5575,.F.);
#5575 = EDGE_CURVE('',#5402,#4937,#5576,.T.);
#5576 = LINE('',#5577,#5578);
#5577 = CARTESIAN_POINT('',(9.537347181489,-15.78778903025,
    6.149371867901));
#5578 = VECTOR('',#5579,1.);
#5579 = DIRECTION('',(0.,-0.707106781187,-0.707106781187));
#5580 = ORIENTED_EDGE('',*,*,#5401,.T.);
#5581 = PLANE('',#5582);
#5582 = AXIS2_PLACEMENT_3D('',#5583,#5584,#5585);
#5583 = CARTESIAN_POINT('',(11.148485000727,-15.88778903025,
    6.049371867901));
#5584 = DIRECTION('',(-1.224441427144E-15,0.707106781187,-0.707106781187
    ));
#5585 = DIRECTION('',(-1.,9.860761315263E-32,1.731621672599E-15));
#5586 = ADVANCED_FACE('',(#5587),#5593,.F.);
#5587 = FACE_BOUND('',#5588,.F.);
#5588 = EDGE_LOOP('',(#5589,#5590,#5591,#5592));
#5589 = ORIENTED_EDGE('',*,*,#4936,.F.);
#5590 = ORIENTED_EDGE('',*,*,#5575,.F.);
#5591 = ORIENTED_EDGE('',*,*,#5509,.F.);
#5592 = ORIENTED_EDGE('',*,*,#240,.T.);
#5593 = CONICAL_SURFACE('',#5594,1.1,0.785398163397);
#5594 = AXIS2_PLACEMENT_3D('',#5595,#5596,#5597);
#5595 = CARTESIAN_POINT('',(9.537347181489,-14.78778903025,
    6.049371867901));
#5596 = DIRECTION('',(0.,0.,-1.));
#5597 = DIRECTION('',(-0.707106781187,-0.707106781187,-0.));
#5598 = ADVANCED_FACE('',(#5599),#5610,.T.);
#5599 = FACE_BOUND('',#5600,.T.);
#5600 = EDGE_LOOP('',(#5601,#5602,#5603,#5609));
#5601 = ORIENTED_EDGE('',*,*,#221,.T.);
#5602 = ORIENTED_EDGE('',*,*,#4929,.T.);
#5603 = ORIENTED_EDGE('',*,*,#5604,.F.);
#5604 = EDGE_CURVE('',#5468,#4921,#5605,.T.);
#5605 = LINE('',#5606,#5607);
#5606 = CARTESIAN_POINT('',(8.537347181489,-11.28778903025,
    6.149371867901));
#5607 = VECTOR('',#5608,1.);
#5608 = DIRECTION('',(-0.707106781187,0.,-0.707106781187));
#5609 = ORIENTED_EDGE('',*,*,#5492,.T.);
#5610 = PLANE('',#5611);
#5611 = AXIS2_PLACEMENT_3D('',#5612,#5613,#5614);
#5612 = CARTESIAN_POINT('',(8.437347181489,-13.23778903025,
    6.049371867901));
#5613 = DIRECTION('',(0.707106781187,1.367177105207E-15,-0.707106781187)
  );
#5614 = DIRECTION('',(0.,-1.,-1.933480404349E-15));
#5615 = ADVANCED_FACE('',(#5616),#5622,.F.);
#5616 = FACE_BOUND('',#5617,.F.);
#5617 = EDGE_LOOP('',(#5618,#5619,#5620,#5621));
#5618 = ORIENTED_EDGE('',*,*,#4920,.F.);
#5619 = ORIENTED_EDGE('',*,*,#5604,.F.);
#5620 = ORIENTED_EDGE('',*,*,#5467,.F.);
#5621 = ORIENTED_EDGE('',*,*,#198,.T.);
#5622 = CONICAL_SURFACE('',#5623,1.1,0.785398163397);
#5623 = AXIS2_PLACEMENT_3D('',#5624,#5625,#5626);
#5624 = CARTESIAN_POINT('',(9.537347181489,-11.28778903025,
    6.049371867901));
#5625 = DIRECTION('',(0.,0.,-1.));
#5626 = DIRECTION('',(-0.707106781187,0.707106781187,0.));
#5627 = ADVANCED_FACE('',(#5628),#5634,.T.);
#5628 = FACE_BOUND('',#5629,.T.);
#5629 = EDGE_LOOP('',(#5630,#5631,#5632,#5633));
#5630 = ORIENTED_EDGE('',*,*,#179,.T.);
#5631 = ORIENTED_EDGE('',*,*,#4911,.T.);
#5632 = ORIENTED_EDGE('',*,*,#5528,.T.);
#5633 = ORIENTED_EDGE('',*,*,#5450,.T.);
#5634 = PLANE('',#5635);
#5635 = AXIS2_PLACEMENT_3D('',#5636,#5637,#5638);
#5636 = CARTESIAN_POINT('',(8.148485000727,-10.18778903025,
    6.049371867901));
#5637 = DIRECTION('',(1.224441427144E-15,-0.707106781187,-0.707106781187
    ));
#5638 = DIRECTION('',(0.,-0.707106781187,0.707106781187));
#5639 = ADVANCED_FACE('',(#5640),#5644,.T.);
#5640 = FACE_BOUND('',#5641,.T.);
#5641 = EDGE_LOOP('',(#5642,#5643));
#5642 = ORIENTED_EDGE('',*,*,#475,.F.);
#5643 = ORIENTED_EDGE('',*,*,#5339,.F.);
#5644 = PLANE('',#5645);
#5645 = AXIS2_PLACEMENT_3D('',#5646,#5647,#5648);
#5646 = CARTESIAN_POINT('',(2.601189699579,-12.9007250366,
    20.227006228085));
#5647 = DIRECTION('',(6.656183541313E-02,0.269125435902,0.960802280294)
  );
#5648 = DIRECTION('',(0.970750098046,-0.240092163853,-1.387778780781E-17
    ));
#5649 = ADVANCED_FACE('',(#5650),#5661,.F.);
#5650 = FACE_BOUND('',#5651,.T.);
#5651 = EDGE_LOOP('',(#5652,#5653,#5659,#5660));
#5652 = ORIENTED_EDGE('',*,*,#4783,.F.);
#5653 = ORIENTED_EDGE('',*,*,#5654,.T.);
#5654 = EDGE_CURVE('',#4775,#2273,#5655,.T.);
#5655 = LINE('',#5656,#5657);
#5656 = CARTESIAN_POINT('',(7.799703389358,-9.19838494019,6.549371867901
    ));
#5657 = VECTOR('',#5658,1.);
#5658 = DIRECTION('',(0.,0.,1.));
#5659 = ORIENTED_EDGE('',*,*,#2272,.F.);
#5660 = ORIENTED_EDGE('',*,*,#5126,.F.);
#5661 = PLANE('',#5662);
#5662 = AXIS2_PLACEMENT_3D('',#5663,#5664,#5665);
#5663 = CARTESIAN_POINT('',(9.048896792499,-6.611207346665,
    5.949346867901));
#5664 = DIRECTION('',(0.900522864504,-0.43480865965,0.));
#5665 = DIRECTION('',(0.43480865965,0.900522864504,0.));
#5666 = ADVANCED_FACE('',(#5667),#5684,.F.);
#5667 = FACE_BOUND('',#5668,.T.);
#5668 = EDGE_LOOP('',(#5669,#5670,#5676,#5677,#5683));
#5669 = ORIENTED_EDGE('',*,*,#2289,.F.);
#5670 = ORIENTED_EDGE('',*,*,#5671,.T.);
#5671 = EDGE_CURVE('',#2281,#4767,#5672,.T.);
#5672 = LINE('',#5673,#5674);
#5673 = CARTESIAN_POINT('',(6.899180524854,-9.76357628054,5.949371867901
    ));
#5674 = VECTOR('',#5675,1.);
#5675 = DIRECTION('',(-0.,-0.,-1.));
#5676 = ORIENTED_EDGE('',*,*,#4766,.F.);
#5677 = ORIENTED_EDGE('',*,*,#5678,.T.);
#5678 = EDGE_CURVE('',#4758,#5287,#5679,.T.);
#5679 = LINE('',#5680,#5681);
#5680 = CARTESIAN_POINT('',(0.981898458442,-9.76357628054,6.549371867901
    ));
#5681 = VECTOR('',#5682,1.);
#5682 = DIRECTION('',(0.,0.,1.));
#5683 = ORIENTED_EDGE('',*,*,#5307,.F.);
#5684 = PLANE('',#5685);
#5685 = AXIS2_PLACEMENT_3D('',#5686,#5687,#5688);
#5686 = CARTESIAN_POINT('',(-5.88877640114,-9.76357628054,5.949346867901
    ));
#5687 = DIRECTION('',(0.,-1.,0.));
#5688 = DIRECTION('',(0.,0.,-1.));
#5689 = ADVANCED_FACE('',(#5690),#5696,.T.);
#5690 = FACE_BOUND('',#5691,.T.);
#5691 = EDGE_LOOP('',(#5692,#5693,#5694,#5695));
#5692 = ORIENTED_EDGE('',*,*,#5286,.F.);
#5693 = ORIENTED_EDGE('',*,*,#5678,.F.);
#5694 = ORIENTED_EDGE('',*,*,#4757,.F.);
#5695 = ORIENTED_EDGE('',*,*,#5160,.F.);
#5696 = CYLINDRICAL_SURFACE('',#5697,2.);
#5697 = AXIS2_PLACEMENT_3D('',#5698,#5699,#5700);
#5698 = CARTESIAN_POINT('',(0.981898458442,-11.76357628054,
    5.949371867901));
#5699 = DIRECTION('',(0.,0.,1.));
#5700 = DIRECTION('',(1.,0.,0.));
#5701 = ADVANCED_FACE('',(#5702),#5708,.F.);
#5702 = FACE_BOUND('',#5703,.F.);
#5703 = EDGE_LOOP('',(#5704,#5705,#5706,#5707));
#5704 = ORIENTED_EDGE('',*,*,#5654,.T.);
#5705 = ORIENTED_EDGE('',*,*,#2280,.T.);
#5706 = ORIENTED_EDGE('',*,*,#5671,.T.);
#5707 = ORIENTED_EDGE('',*,*,#4774,.T.);
#5708 = CYLINDRICAL_SURFACE('',#5709,1.);
#5709 = AXIS2_PLACEMENT_3D('',#5710,#5711,#5712);
#5710 = CARTESIAN_POINT('',(6.899180524854,-8.76357628054,5.949346867901
    ));
#5711 = DIRECTION('',(0.,0.,-1.));
#5712 = DIRECTION('',(-1.,0.,0.));
#5713 = ADVANCED_FACE('',(#5714),#5733,.T.);
#5714 = FACE_BOUND('',#5715,.T.);
#5715 = EDGE_LOOP('',(#5716,#5717,#5726,#5732));
#5716 = ORIENTED_EDGE('',*,*,#3393,.F.);
#5717 = ORIENTED_EDGE('',*,*,#5718,.F.);
#5718 = EDGE_CURVE('',#5719,#3386,#5721,.T.);
#5719 = VERTEX_POINT('',#5720);
#5720 = CARTESIAN_POINT('',(20.359786220998,-15.78398778971,
    10.549371867901));
#5721 = CIRCLE('',#5722,8.);
#5722 = AXIS2_PLACEMENT_3D('',#5723,#5724,#5725);
#5723 = CARTESIAN_POINT('',(18.565549641544,-7.987789030255,
    10.549371867901));
#5724 = DIRECTION('',(0.,0.,1.));
#5725 = DIRECTION('',(1.,0.,0.));
#5726 = ORIENTED_EDGE('',*,*,#5727,.T.);
#5727 = EDGE_CURVE('',#5719,#4707,#5728,.T.);
#5728 = LINE('',#5729,#5730);
#5729 = CARTESIAN_POINT('',(20.359786220998,-15.78398778971,
    -22.57790335004));
#5730 = VECTOR('',#5731,1.);
#5731 = DIRECTION('',(0.,0.,-1.));
#5732 = ORIENTED_EDGE('',*,*,#4706,.F.);
#5733 = CYLINDRICAL_SURFACE('',#5734,8.);
#5734 = AXIS2_PLACEMENT_3D('',#5735,#5736,#5737);
#5735 = CARTESIAN_POINT('',(18.565549641544,-7.987789030255,
    -22.57790335004));
#5736 = DIRECTION('',(0.,0.,-1.));
#5737 = DIRECTION('',(-1.,0.,0.));
#5738 = ADVANCED_FACE('',(#5739),#5760,.F.);
#5739 = FACE_BOUND('',#5740,.F.);
#5740 = EDGE_LOOP('',(#5741,#5742,#5743,#5744,#5753));
#5741 = ORIENTED_EDGE('',*,*,#5727,.T.);
#5742 = ORIENTED_EDGE('',*,*,#4715,.T.);
#5743 = ORIENTED_EDGE('',*,*,#5231,.T.);
#5744 = ORIENTED_EDGE('',*,*,#5745,.F.);
#5745 = EDGE_CURVE('',#5746,#5232,#5748,.T.);
#5746 = VERTEX_POINT('',#5747);
#5747 = CARTESIAN_POINT('',(18.537347181489,-16.29531844321,
    10.549371867901));
#5748 = ( BOUNDED_CURVE() B_SPLINE_CURVE(3,(#5749,#5750,#5751,#5752),
.UNSPECIFIED.,.F.,.F.) B_SPLINE_CURVE_WITH_KNOTS((4,4),(5.033268725928,
5.119132353769),.PIECEWISE_BEZIER_KNOTS.) CURVE() 
GEOMETRIC_REPRESENTATION_ITEM() RATIONAL_B_SPLINE_CURVE((1.,
0.999385714144,0.999385714144,1.)) REPRESENTATION_ITEM('') );
#5749 = CARTESIAN_POINT('',(18.537347181489,-16.29531844321,
    10.549371867901));
#5750 = CARTESIAN_POINT('',(17.993973558032,-16.47591738728,
    10.005998244444));
#5751 = CARTESIAN_POINT('',(17.458851673373,-16.6796707721,
    9.470876359785));
#5752 = CARTESIAN_POINT('',(16.932967680924,-16.90620310921,
    8.944992367336));
#5753 = ORIENTED_EDGE('',*,*,#5754,.F.);
#5754 = EDGE_CURVE('',#5719,#5746,#5755,.T.);
#5755 = CIRCLE('',#5756,20.);
#5756 = AXIS2_PLACEMENT_3D('',#5757,#5758,#5759);
#5757 = CARTESIAN_POINT('',(24.845377669633,-35.27448468835,
    10.549371867901));
#5758 = DIRECTION('',(0.,0.,1.));
#5759 = DIRECTION('',(1.,0.,0.));
#5760 = CYLINDRICAL_SURFACE('',#5761,20.);
#5761 = AXIS2_PLACEMENT_3D('',#5762,#5763,#5764);
#5762 = CARTESIAN_POINT('',(24.845377669633,-35.27448468835,
    -22.57790335004));
#5763 = DIRECTION('',(-0.,-0.,-1.));
#5764 = DIRECTION('',(-1.,0.,0.));
#5765 = ADVANCED_FACE('',(#5766),#5778,.F.);
#5766 = FACE_BOUND('',#5767,.F.);
#5767 = EDGE_LOOP('',(#5768,#5769,#5776,#5777));
#5768 = ORIENTED_EDGE('',*,*,#3506,.T.);
#5769 = ORIENTED_EDGE('',*,*,#5770,.F.);
#5770 = EDGE_CURVE('',#4992,#3459,#5771,.T.);
#5771 = CIRCLE('',#5772,2.);
#5772 = AXIS2_PLACEMENT_3D('',#5773,#5774,#5775);
#5773 = CARTESIAN_POINT('',(13.637347181508,1.512210969731,
    10.549371867901));
#5774 = DIRECTION('',(0.,0.,1.));
#5775 = DIRECTION('',(1.,0.,0.));
#5776 = ORIENTED_EDGE('',*,*,#4999,.T.);
#5777 = ORIENTED_EDGE('',*,*,#4848,.T.);
#5778 = CYLINDRICAL_SURFACE('',#5779,2.);
#5779 = AXIS2_PLACEMENT_3D('',#5780,#5781,#5782);
#5780 = CARTESIAN_POINT('',(13.637347181508,1.512210969731,
    5.949371867901));
#5781 = DIRECTION('',(0.,0.,-1.));
#5782 = DIRECTION('',(-1.,0.,0.));
#5783 = ADVANCED_FACE('',(#5784),#5802,.T.);
#5784 = FACE_BOUND('',#5785,.T.);
#5785 = EDGE_LOOP('',(#5786,#5794,#5800,#5801));
#5786 = ORIENTED_EDGE('',*,*,#5787,.F.);
#5787 = EDGE_CURVE('',#5788,#2241,#5790,.T.);
#5788 = VERTEX_POINT('',#5789);
#5789 = CARTESIAN_POINT('',(16.537347181489,-9.76357628054,
    8.549371867901));
#5790 = LINE('',#5791,#5792);
#5791 = CARTESIAN_POINT('',(16.537347181489,-9.76357628054,
    10.549371867901));
#5792 = VECTOR('',#5793,1.);
#5793 = DIRECTION('',(-0.,-0.,-1.));
#5794 = ORIENTED_EDGE('',*,*,#5795,.T.);
#5795 = EDGE_CURVE('',#5788,#5083,#5796,.T.);
#5796 = LINE('',#5797,#5798);
#5797 = CARTESIAN_POINT('',(12.556095386778,-7.110996240912,
    8.549371867901));
#5798 = VECTOR('',#5799,1.);
#5799 = DIRECTION('',(-0.832203448933,0.554470395588,0.));
#5800 = ORIENTED_EDGE('',*,*,#5082,.T.);
#5801 = ORIENTED_EDGE('',*,*,#2248,.F.);
#5802 = PLANE('',#5803);
#5803 = AXIS2_PLACEMENT_3D('',#5804,#5805,#5806);
#5804 = CARTESIAN_POINT('',(12.556095386778,-7.110996240912,
    10.549371867901));
#5805 = DIRECTION('',(-0.554470395588,-0.832203448933,0.));
#5806 = DIRECTION('',(0.832203448933,-0.554470395588,0.));
#5807 = ADVANCED_FACE('',(#5808),#5819,.T.);
#5808 = FACE_BOUND('',#5809,.T.);
#5809 = EDGE_LOOP('',(#5810,#5811,#5817,#5818));
#5810 = ORIENTED_EDGE('',*,*,#5248,.F.);
#5811 = ORIENTED_EDGE('',*,*,#5812,.T.);
#5812 = EDGE_CURVE('',#5240,#5788,#5813,.T.);
#5813 = LINE('',#5814,#5815);
#5814 = CARTESIAN_POINT('',(16.537347181489,-12.63081571942,
    8.549371867901));
#5815 = VECTOR('',#5816,1.);
#5816 = DIRECTION('',(0.,1.,0.));
#5817 = ORIENTED_EDGE('',*,*,#5787,.T.);
#5818 = ORIENTED_EDGE('',*,*,#2238,.F.);
#5819 = PLANE('',#5820);
#5820 = AXIS2_PLACEMENT_3D('',#5821,#5822,#5823);
#5821 = CARTESIAN_POINT('',(16.537347181489,-12.63081571942,
    10.549371867901));
#5822 = DIRECTION('',(-1.,0.,0.));
#5823 = DIRECTION('',(0.,0.,1.));
#5824 = ADVANCED_FACE('',(#5825),#5836,.T.);
#5825 = FACE_BOUND('',#5826,.T.);
#5826 = EDGE_LOOP('',(#5827,#5828,#5834,#5835));
#5827 = ORIENTED_EDGE('',*,*,#3474,.F.);
#5828 = ORIENTED_EDGE('',*,*,#5829,.T.);
#5829 = EDGE_CURVE('',#3467,#3368,#5830,.T.);
#5830 = LINE('',#5831,#5832);
#5831 = CARTESIAN_POINT('',(16.267540155566,14.341423853485,
    8.549371867901));
#5832 = VECTOR('',#5833,1.);
#5833 = DIRECTION('',(0.964463131843,-0.26421746217,0.));
#5834 = ORIENTED_EDGE('',*,*,#3367,.T.);
#5835 = ORIENTED_EDGE('',*,*,#3858,.F.);
#5836 = PLANE('',#5837);
#5837 = AXIS2_PLACEMENT_3D('',#5838,#5839,#5840);
#5838 = CARTESIAN_POINT('',(16.267540155566,14.341423853485,
    10.549371867901));
#5839 = DIRECTION('',(0.26421746217,0.964463131843,0.));
#5840 = DIRECTION('',(-0.964463131843,0.26421746217,0.));
#5841 = ADVANCED_FACE('',(#5842,#5852,#5862,#5872),#5903,.T.);
#5842 = FACE_BOUND('',#5843,.T.);
#5843 = EDGE_LOOP('',(#5844,#5851));
#5844 = ORIENTED_EDGE('',*,*,#5845,.F.);
#5845 = EDGE_CURVE('',#24,#32,#5846,.T.);
#5846 = CIRCLE('',#5847,1.);
#5847 = AXIS2_PLACEMENT_3D('',#5848,#5849,#5850);
#5848 = CARTESIAN_POINT('',(18.120702247602,3.127373584055,
    10.549371867901));
#5849 = DIRECTION('',(0.,0.,1.));
#5850 = DIRECTION('',(1.,0.,0.));
#5851 = ORIENTED_EDGE('',*,*,#31,.F.);
#5852 = FACE_BOUND('',#5853,.T.);
#5853 = EDGE_LOOP('',(#5854,#5861));
#5854 = ORIENTED_EDGE('',*,*,#5855,.F.);
#5855 = EDGE_CURVE('',#66,#74,#5856,.T.);
#5856 = CIRCLE('',#5857,1.);
#5857 = AXIS2_PLACEMENT_3D('',#5858,#5859,#5860);
#5858 = CARTESIAN_POINT('',(21.720702247602,3.127373584055,
    10.549371867901));
#5859 = DIRECTION('',(0.,0.,1.));
#5860 = DIRECTION('',(1.,0.,0.));
#5861 = ORIENTED_EDGE('',*,*,#73,.F.);
#5862 = FACE_BOUND('',#5863,.T.);
#5863 = EDGE_LOOP('',(#5864,#5871));
#5864 = ORIENTED_EDGE('',*,*,#5865,.F.);
#5865 = EDGE_CURVE('',#148,#156,#5866,.T.);
#5866 = CIRCLE('',#5867,2.7);
#5867 = AXIS2_PLACEMENT_3D('',#5868,#5869,#5870);
#5868 = CARTESIAN_POINT('',(18.737347181489,-3.687789030255,
    10.549371867901));
#5869 = DIRECTION('',(0.,0.,1.));
#5870 = DIRECTION('',(1.,0.,0.));
#5871 = ORIENTED_EDGE('',*,*,#155,.F.);
#5872 = FACE_BOUND('',#5873,.T.);
#5873 = EDGE_LOOP('',(#5874,#5875,#5881,#5882,#5883,#5884,#5885,#5886,
    #5887,#5895,#5901,#5902));
#5874 = ORIENTED_EDGE('',*,*,#3385,.T.);
#5875 = ORIENTED_EDGE('',*,*,#5876,.T.);
#5876 = EDGE_CURVE('',#3378,#3457,#5877,.T.);
#5877 = LINE('',#5878,#5879);
#5878 = CARTESIAN_POINT('',(15.739105231226,12.412497589799,
    10.549371867901));
#5879 = VECTOR('',#5880,1.);
#5880 = DIRECTION('',(-0.964463131843,0.26421746217,0.));
#5881 = ORIENTED_EDGE('',*,*,#3456,.T.);
#5882 = ORIENTED_EDGE('',*,*,#5770,.F.);
#5883 = ORIENTED_EDGE('',*,*,#4991,.T.);
#5884 = ORIENTED_EDGE('',*,*,#5015,.T.);
#5885 = ORIENTED_EDGE('',*,*,#732,.T.);
#5886 = ORIENTED_EDGE('',*,*,#5048,.T.);
#5887 = ORIENTED_EDGE('',*,*,#5888,.T.);
#5888 = EDGE_CURVE('',#5041,#5889,#5891,.T.);
#5889 = VERTEX_POINT('',#5890);
#5890 = CARTESIAN_POINT('',(18.537347181489,-8.692853478363,
    10.549371867901));
#5891 = LINE('',#5892,#5893);
#5892 = CARTESIAN_POINT('',(13.665036177954,-5.446589343045,
    10.549371867901));
#5893 = VECTOR('',#5894,1.);
#5894 = DIRECTION('',(0.832203448933,-0.554470395588,0.));
#5895 = ORIENTED_EDGE('',*,*,#5896,.T.);
#5896 = EDGE_CURVE('',#5889,#5746,#5897,.T.);
#5897 = LINE('',#5898,#5899);
#5898 = CARTESIAN_POINT('',(18.537347181489,-12.63081571942,
    10.549371867901));
#5899 = VECTOR('',#5900,1.);
#5900 = DIRECTION('',(0.,-1.,0.));
#5901 = ORIENTED_EDGE('',*,*,#5754,.F.);
#5902 = ORIENTED_EDGE('',*,*,#5718,.T.);
#5903 = PLANE('',#5904);
#5904 = AXIS2_PLACEMENT_3D('',#5905,#5906,#5907);
#5905 = CARTESIAN_POINT('',(8.878417177497,-12.63081571942,
    10.549371867901));
#5906 = DIRECTION('',(0.,0.,1.));
#5907 = DIRECTION('',(1.,0.,0.));
#5908 = ADVANCED_FACE('',(#5909),#5915,.F.);
#5909 = FACE_BOUND('',#5910,.T.);
#5910 = EDGE_LOOP('',(#5911,#5912,#5913,#5914));
#5911 = ORIENTED_EDGE('',*,*,#3466,.F.);
#5912 = ORIENTED_EDGE('',*,*,#5876,.F.);
#5913 = ORIENTED_EDGE('',*,*,#3377,.F.);
#5914 = ORIENTED_EDGE('',*,*,#5829,.F.);
#5915 = PLANE('',#5916);
#5916 = AXIS2_PLACEMENT_3D('',#5917,#5918,#5919);
#5917 = CARTESIAN_POINT('',(16.267540155566,14.341423853485,
    8.549371867901));
#5918 = DIRECTION('',(-0.186829959208,-0.681978420731,-0.707106781187));
#5919 = DIRECTION('',(0.964463131843,-0.26421746217,0.));
#5920 = ADVANCED_FACE('',(#5921),#5935,.F.);
#5921 = FACE_BOUND('',#5922,.T.);
#5922 = EDGE_LOOP('',(#5923,#5924,#5925,#5931,#5932,#5933,#5934));
#5923 = ORIENTED_EDGE('',*,*,#5090,.F.);
#5924 = ORIENTED_EDGE('',*,*,#5795,.F.);
#5925 = ORIENTED_EDGE('',*,*,#5926,.F.);
#5926 = EDGE_CURVE('',#5889,#5788,#5927,.T.);
#5927 = LINE('',#5928,#5929);
#5928 = CARTESIAN_POINT('',(15.866044206812,-10.12296598161,
    7.878068893224));
#5929 = VECTOR('',#5930,1.);
#5930 = DIRECTION('',(-0.661308000776,-0.354038777847,-0.661308000776));
#5931 = ORIENTED_EDGE('',*,*,#5888,.F.);
#5932 = ORIENTED_EDGE('',*,*,#5040,.F.);
#5933 = ORIENTED_EDGE('',*,*,#5066,.F.);
#5934 = ORIENTED_EDGE('',*,*,#717,.F.);
#5935 = PLANE('',#5936);
#5936 = AXIS2_PLACEMENT_3D('',#5937,#5938,#5939);
#5937 = CARTESIAN_POINT('',(12.556095386778,-7.110996240912,
    8.549371867901));
#5938 = DIRECTION('',(0.392069776688,0.588456702067,-0.707106781187));
#5939 = DIRECTION('',(-0.832203448933,0.554470395588,-2.775557561563E-17
    ));
#5940 = ADVANCED_FACE('',(#5941),#5948,.F.);
#5941 = FACE_BOUND('',#5942,.T.);
#5942 = EDGE_LOOP('',(#5943,#5944,#5945,#5946,#5947));
#5943 = ORIENTED_EDGE('',*,*,#5745,.F.);
#5944 = ORIENTED_EDGE('',*,*,#5896,.F.);
#5945 = ORIENTED_EDGE('',*,*,#5926,.T.);
#5946 = ORIENTED_EDGE('',*,*,#5812,.F.);
#5947 = ORIENTED_EDGE('',*,*,#5239,.F.);
#5948 = PLANE('',#5949);
#5949 = AXIS2_PLACEMENT_3D('',#5950,#5951,#5952);
#5950 = CARTESIAN_POINT('',(16.537347181489,-12.63081571942,
    8.549371867901));
#5951 = DIRECTION('',(0.707106781187,0.,-0.707106781187));
#5952 = DIRECTION('',(0.,1.,0.));
#5953 = ADVANCED_FACE('',(#5954),#5966,.F.);
#5954 = FACE_BOUND('',#5955,.F.);
#5955 = EDGE_LOOP('',(#5956,#5957,#5958,#5965));
#5956 = ORIENTED_EDGE('',*,*,#5865,.F.);
#5957 = ORIENTED_EDGE('',*,*,#147,.F.);
#5958 = ORIENTED_EDGE('',*,*,#5959,.F.);
#5959 = EDGE_CURVE('',#116,#108,#5960,.T.);
#5960 = CIRCLE('',#5961,2.7);
#5961 = AXIS2_PLACEMENT_3D('',#5962,#5963,#5964);
#5962 = CARTESIAN_POINT('',(18.737347181489,-3.687789030255,
    8.074924478732));
#5963 = DIRECTION('',(0.,0.,-1.));
#5964 = DIRECTION('',(1.,0.,0.));
#5965 = ORIENTED_EDGE('',*,*,#164,.T.);
#5966 = CYLINDRICAL_SURFACE('',#5967,2.7);
#5967 = AXIS2_PLACEMENT_3D('',#5968,#5969,#5970);
#5968 = CARTESIAN_POINT('',(18.737347181489,-3.687789030255,
    9.549371867901));
#5969 = DIRECTION('',(0.,0.,1.));
#5970 = DIRECTION('',(1.,0.,0.));
#5971 = ADVANCED_FACE('',(#5972),#5978,.F.);
#5972 = FACE_BOUND('',#5973,.F.);
#5973 = EDGE_LOOP('',(#5974,#5975,#5976,#5977));
#5974 = ORIENTED_EDGE('',*,*,#5959,.T.);
#5975 = ORIENTED_EDGE('',*,*,#105,.F.);
#5976 = ORIENTED_EDGE('',*,*,#2148,.T.);
#5977 = ORIENTED_EDGE('',*,*,#124,.T.);
#5978 = CONICAL_SURFACE('',#5979,3.981717561012,0.715584993318);
#5979 = AXIS2_PLACEMENT_3D('',#5980,#5981,#5982);
#5980 = CARTESIAN_POINT('',(18.737347181489,-3.687789030255,
    9.549371867901));
#5981 = DIRECTION('',(0.,0.,1.));
#5982 = DIRECTION('',(1.,0.,0.));
#5983 = ADVANCED_FACE('',(#5984),#5996,.F.);
#5984 = FACE_BOUND('',#5985,.F.);
#5985 = EDGE_LOOP('',(#5986,#5987,#5988,#5995));
#5986 = ORIENTED_EDGE('',*,*,#5855,.F.);
#5987 = ORIENTED_EDGE('',*,*,#63,.F.);
#5988 = ORIENTED_EDGE('',*,*,#5989,.T.);
#5989 = EDGE_CURVE('',#64,#83,#5990,.T.);
#5990 = CIRCLE('',#5991,1.);
#5991 = AXIS2_PLACEMENT_3D('',#5992,#5993,#5994);
#5992 = CARTESIAN_POINT('',(21.720702247602,3.127373584055,
    10.149371867901));
#5993 = DIRECTION('',(0.,0.,1.));
#5994 = DIRECTION('',(1.,0.,0.));
#5995 = ORIENTED_EDGE('',*,*,#82,.T.);
#5996 = CYLINDRICAL_SURFACE('',#5997,1.);
#5997 = AXIS2_PLACEMENT_3D('',#5998,#5999,#6000);
#5998 = CARTESIAN_POINT('',(21.720702247602,3.127373584055,
    10.149371867901));
#5999 = DIRECTION('',(0.,0.,1.));
#6000 = DIRECTION('',(1.,0.,0.));
#6001 = ADVANCED_FACE('',(#6002),#6006,.T.);
#6002 = FACE_BOUND('',#6003,.T.);
#6003 = EDGE_LOOP('',(#6004,#6005));
#6004 = ORIENTED_EDGE('',*,*,#5989,.T.);
#6005 = ORIENTED_EDGE('',*,*,#90,.T.);
#6006 = PLANE('',#6007);
#6007 = AXIS2_PLACEMENT_3D('',#6008,#6009,#6010);
#6008 = CARTESIAN_POINT('',(21.720702247602,3.127373584055,
    10.149371867901));
#6009 = DIRECTION('',(0.,0.,1.));
#6010 = DIRECTION('',(1.,0.,0.));
#6011 = ADVANCED_FACE('',(#6012),#6024,.F.);
#6012 = FACE_BOUND('',#6013,.F.);
#6013 = EDGE_LOOP('',(#6014,#6015,#6016,#6023));
#6014 = ORIENTED_EDGE('',*,*,#5845,.F.);
#6015 = ORIENTED_EDGE('',*,*,#21,.F.);
#6016 = ORIENTED_EDGE('',*,*,#6017,.T.);
#6017 = EDGE_CURVE('',#22,#41,#6018,.T.);
#6018 = CIRCLE('',#6019,1.);
#6019 = AXIS2_PLACEMENT_3D('',#6020,#6021,#6022);
#6020 = CARTESIAN_POINT('',(18.120702247602,3.127373584055,
    10.149371867901));
#6021 = DIRECTION('',(0.,0.,1.));
#6022 = DIRECTION('',(1.,0.,0.));
#6023 = ORIENTED_EDGE('',*,*,#40,.T.);
#6024 = CYLINDRICAL_SURFACE('',#6025,1.);
#6025 = AXIS2_PLACEMENT_3D('',#6026,#6027,#6028);
#6026 = CARTESIAN_POINT('',(18.120702247602,3.127373584055,
    10.149371867901));
#6027 = DIRECTION('',(0.,0.,1.));
#6028 = DIRECTION('',(1.,0.,0.));
#6029 = ADVANCED_FACE('',(#6030),#6034,.T.);
#6030 = FACE_BOUND('',#6031,.T.);
#6031 = EDGE_LOOP('',(#6032,#6033));
#6032 = ORIENTED_EDGE('',*,*,#6017,.T.);
#6033 = ORIENTED_EDGE('',*,*,#48,.T.);
#6034 = PLANE('',#6035);
#6035 = AXIS2_PLACEMENT_3D('',#6036,#6037,#6038);
#6036 = CARTESIAN_POINT('',(18.120702247602,3.127373584055,
    10.149371867901));
#6037 = DIRECTION('',(0.,0.,1.));
#6038 = DIRECTION('',(1.,0.,0.));
#6039 = ( GEOMETRIC_REPRESENTATION_CONTEXT(3) 
GLOBAL_UNCERTAINTY_ASSIGNED_CONTEXT((#6043)) 
GLOBAL_UNIT_ASSIGNED_CONTEXT((#6040,#6041,#6042)) REPRESENTATION_CONTEXT
('Context #1','3D Context with UNIT and UNCERTAINTY') );
#6040 = ( LENGTH_UNIT() NAMED_UNIT(*) SI_UNIT(.MILLI.,.METRE.) );
#6041 = ( NAMED_UNIT(*) PLANE_ANGLE_UNIT() SI_UNIT($,.RADIAN.) );
#6042 = ( NAMED_UNIT(*) SI_UNIT($,.STERADIAN.) SOLID_ANGLE_UNIT() );
#6043 = UNCERTAINTY_MEASURE_WITH_UNIT(LENGTH_MEASURE(2.E-05),#6040,
  'distance_accuracy_value','confusion accuracy');
#6044 = PRODUCT_RELATED_PRODUCT_CATEGORY('part',$,(#7));
ENDSEC;
END-ISO-10303-21;
