ISO-10303-21;
HEADER;
FILE_DESCRIPTION(('FreeCAD Model'),'2;1');
FILE_NAME('Open CASCADE Shape Model','2026-10-04T21:29:05',('Author'),(
    ''),'Open CASCADE STEP processor 7.9','FreeCAD','Unknown');
FILE_SCHEMA(('AUTOMOTIVE_DESIGN { 1 0 10303 214 1 1 1 1 }'));
ENDSEC;
DATA;
#1 = APPLICATION_PROTOCOL_DEFINITION('international standard',
  'automotive_design',2000,#2);
#2 = APPLICATION_CONTEXT(
  'core data for automotive mechanical design processes');
#3 = SHAPE_DEFINITION_REPRESENTATION(#4,#10);
#4 = PRODUCT_DEFINITION_SHAPE('','',#5);
#5 = PRODUCT_DEFINITION('design','',#6,#9);
#6 = PRODUCT_DEFINITION_FORMATION('','',#7);
#7 = PRODUCT('scroll-wheel-spring','scroll-wheel-spring','',(#8));
#8 = PRODUCT_CONTEXT('',#2,'mechanical');
#9 = PRODUCT_DEFINITION_CONTEXT('part definition',#2,'design');
#10 = ADVANCED_BREP_SHAPE_REPRESENTATION('',(#11,#15),#10585);
#11 = AXIS2_PLACEMENT_3D('',#12,#13,#14);
#12 = CARTESIAN_POINT('',(0.,0.,0.));
#13 = DIRECTION('',(0.,0.,1.));
#14 = DIRECTION('',(1.,0.,-0.));
#15 = MANIFOLD_SOLID_BREP('',#16);
#16 = CLOSED_SHELL('',(#17,#59,#101,#143,#185,#227,#269,#311,#353,#395,
    #437,#470,#512,#554,#596,#629,#671,#713,#755,#797,#839,#881,#914,
    #946,#978,#1010,#1065,#1105,#1137,#1184,#1220,#1281,#1313,#1353,
    #1385,#1417,#1449,#1501,#1543,#1591,#1643,#1685,#1750,#1802,#1842,
    #1884,#1935,#1977,#2082,#2125,#2167,#2209,#2251,#2293,#2324,#2373,
    #2396,#2438,#2470,#2538,#2580,#2652,#2708,#2750,#2817,#2857,#2897,
    #2948,#2991,#3029,#3071,#3124,#3178,#3226,#3266,#3346,#3386,#3424,
    #3464,#3496,#3527,#3558,#3621,#3663,#3694,#3727,#3758,#3791,#3822,
    #3855,#3886,#3919,#3950,#3974,#4012,#4036,#4061,#4088,#4100,#4125,
    #4147,#4189,#4220,#4244,#4272,#4291,#4315,#4373,#4423,#4475,#4512,
    #4567,#4619,#4655,#4685,#4740,#4775,#4818,#4865,#4883,#4915,#4933,
    #4967,#4992,#5042,#5083,#5118,#5166,#5192,#5227,#5245,#5257,#5282,
    #5310,#5341,#5368,#5396,#5423,#5451,#5522,#5539,#5569,#5640,#5654,
    #5696,#5731,#5787,#5825,#5860,#5878,#5914,#5947,#5965,#5976,#6002,
    #6046,#6088,#6144,#6177,#6204,#6222,#6239,#6272,#6295,#6330,#6347,
    #6366,#6421,#6461,#6492,#6524,#6580,#6613,#6637,#6668,#6686,#6748,
    #6766,#6799,#6839,#6858,#6883,#6907,#6938,#6956,#6974,#7042,#7060,
    #7087,#7104,#7122,#7163,#7182,#7202,#7264,#7305,#7338,#7358,#7376,
    #7389,#7423,#7454,#7487,#7518,#7621,#7655,#7693,#7733,#7761,#7785,
    #7812,#7836,#7873,#7891,#7938,#7963,#7994,#8018,#8036,#8064,#8087,
    #8105,#8158,#8176,#8740,#8764,#8782,#8794,#8821,#8841,#8869,#8881,
    #8907,#8931,#8949,#8974,#9013,#9031,#9053,#9065,#9096,#9122,#9147,
    #9165,#9189,#9207,#9240,#9258,#9291,#9315,#9340,#9364,#9389,#9413,
    #9438,#9462,#9487,#9511,#9529,#9545,#9562,#9579,#9591,#9608,#9620,
    #9637,#9654,#9666,#9683,#9695,#9707,#9724,#9741,#9753,#9770,#9787,
    #9804,#9816,#9828,#9845,#9862,#9874,#9891,#9903,#9920,#9932,#9949,
    #9961,#9978,#9995,#10012,#10029,#10046,#10063,#10080,#10097,#10114,
    #10131,#10148,#10165,#10177,#10194,#10211,#10223,#10240,#10252,
    #10270,#10282,#10299,#10311,#10323,#10340,#10357,#10369,#10386,
    #10403,#10420,#10437,#10454,#10471,#10488,#10505,#10522,#10539,
    #10556,#10573));
#17 = ADVANCED_FACE('',(#18),#54,.F.);
#18 = FACE_BOUND('',#19,.F.);
#19 = EDGE_LOOP('',(#20,#30,#39,#47));
#20 = ORIENTED_EDGE('',*,*,#21,.T.);
#21 = EDGE_CURVE('',#22,#24,#26,.T.);
#22 = VERTEX_POINT('',#23);
#23 = CARTESIAN_POINT('',(-2.162652818512,-2.814718635122,8.549371867938
    ));
#24 = VERTEX_POINT('',#25);
#25 = CARTESIAN_POINT('',(-1.962652818512,-3.014718635122,8.549371867945
    ));
#26 = LINE('',#27,#28);
#27 = CARTESIAN_POINT('',(-2.162652818512,-2.814718635122,8.549371867938
    ));
#28 = VECTOR('',#29,1.);
#29 = DIRECTION('',(0.707106781186,-0.707106781187,2.601643204039E-11));
#30 = ORIENTED_EDGE('',*,*,#31,.F.);
#31 = EDGE_CURVE('',#32,#24,#34,.T.);
#32 = VERTEX_POINT('',#33);
#33 = CARTESIAN_POINT('',(-1.962652818512,-2.663246772531,9.39790000534)
  );
#34 = CIRCLE('',#35,1.2);
#35 = AXIS2_PLACEMENT_3D('',#36,#37,#38);
#36 = CARTESIAN_POINT('',(-1.962652818512,-1.814718635122,8.549371867901
    ));
#37 = DIRECTION('',(1.,-2.665319655793E-13,-3.53409685539E-28));
#38 = DIRECTION('',(-1.884665602607E-13,-0.707106781174,0.7071067812));
#39 = ORIENTED_EDGE('',*,*,#40,.F.);
#40 = EDGE_CURVE('',#41,#32,#43,.T.);
#41 = VERTEX_POINT('',#42);
#42 = CARTESIAN_POINT('',(-2.162652818512,-2.521825416296,9.256478649101
    ));
#43 = LINE('',#44,#45);
#44 = CARTESIAN_POINT('',(-2.062652818512,-2.592536094413,9.327189327221
    ));
#45 = VECTOR('',#46,1.);
#46 = DIRECTION('',(0.707106781186,-0.499999999991,0.500000000009));
#47 = ORIENTED_EDGE('',*,*,#48,.F.);
#48 = EDGE_CURVE('',#22,#41,#49,.T.);
#49 = CIRCLE('',#50,1.);
#50 = AXIS2_PLACEMENT_3D('',#51,#52,#53);
#51 = CARTESIAN_POINT('',(-2.162652818512,-1.814718635122,8.549371867901
    ));
#52 = DIRECTION('',(-1.,2.664927457447E-13,3.921983464537E-17));
#53 = DIRECTION('',(-1.884110950386E-13,-0.707106781174,0.7071067812));
#54 = CONICAL_SURFACE('',#55,1.1,0.785398163397);
#55 = AXIS2_PLACEMENT_3D('',#56,#57,#58);
#56 = CARTESIAN_POINT('',(-2.062652818512,-1.814718635122,8.549371867901
    ));
#57 = DIRECTION('',(1.,-2.664749185471E-13,2.139263707896E-17));
#58 = DIRECTION('',(-1.884413487961E-13,-0.707106781174,0.7071067812));
#59 = ADVANCED_FACE('',(#60),#96,.T.);
#60 = FACE_BOUND('',#61,.T.);
#61 = EDGE_LOOP('',(#62,#73,#81,#90));
#62 = ORIENTED_EDGE('',*,*,#63,.T.);
#63 = EDGE_CURVE('',#64,#66,#68,.T.);
#64 = VERTEX_POINT('',#65);
#65 = CARTESIAN_POINT('',(-1.962652818511,2.212210969749,12.349371867901
    ));
#66 = VERTEX_POINT('',#67);
#67 = CARTESIAN_POINT('',(-1.962652818511,3.131449785291,11.968610683444
    ));
#68 = CIRCLE('',#69,1.3);
#69 = AXIS2_PLACEMENT_3D('',#70,#71,#72);
#70 = CARTESIAN_POINT('',(-1.962652818511,2.212210969749,11.049371867901
    ));
#71 = DIRECTION('',(-1.,2.665319655793E-13,3.281661365719E-28));
#72 = DIRECTION('',(1.884665602641E-13,0.707106781187,0.707106781187));
#73 = ORIENTED_EDGE('',*,*,#74,.T.);
#74 = EDGE_CURVE('',#66,#75,#77,.T.);
#75 = VERTEX_POINT('',#76);
#76 = CARTESIAN_POINT('',(-2.162652818511,3.272871141529,12.110032039681
    ));
#77 = LINE('',#78,#79);
#78 = CARTESIAN_POINT('',(-2.062652818511,3.20216046341,12.039321361562)
  );
#79 = VECTOR('',#80,1.);
#80 = DIRECTION('',(-0.707106781186,0.5,0.5));
#81 = ORIENTED_EDGE('',*,*,#82,.T.);
#82 = EDGE_CURVE('',#75,#83,#85,.T.);
#83 = VERTEX_POINT('',#84);
#84 = CARTESIAN_POINT('',(-2.162652818511,2.212210969749,12.549371867901
    ));
#85 = CIRCLE('',#86,1.5);
#86 = AXIS2_PLACEMENT_3D('',#87,#88,#89);
#87 = CARTESIAN_POINT('',(-2.162652818511,2.212210969749,11.049371867901
    ));
#88 = DIRECTION('',(1.,-2.664927457447E-13,3.92198346456E-17));
#89 = DIRECTION('',(1.884110950421E-13,0.707106781187,0.707106781187));
#90 = ORIENTED_EDGE('',*,*,#91,.T.);
#91 = EDGE_CURVE('',#83,#64,#92,.T.);
#92 = LINE('',#93,#94);
#93 = CARTESIAN_POINT('',(-2.162652818511,2.212210969749,12.549371867901
    ));
#94 = VECTOR('',#95,1.);
#95 = DIRECTION('',(0.707106781187,-1.884110950421E-13,-0.707106781187)
  );
#96 = CONICAL_SURFACE('',#97,1.4,0.785398163397);
#97 = AXIS2_PLACEMENT_3D('',#98,#99,#100);
#98 = CARTESIAN_POINT('',(-2.062652818511,2.212210969749,11.049371867901
    ));
#99 = DIRECTION('',(-1.,2.66471735119E-13,1.820920894199E-17));
#100 = DIRECTION('',(1.884368467523E-13,0.707106781187,0.707106781187));
#101 = ADVANCED_FACE('',(#102),#138,.F.);
#102 = FACE_BOUND('',#103,.F.);
#103 = EDGE_LOOP('',(#104,#114,#123,#131));
#104 = ORIENTED_EDGE('',*,*,#105,.T.);
#105 = EDGE_CURVE('',#106,#108,#110,.T.);
#106 = VERTEX_POINT('',#107);
#107 = CARTESIAN_POINT('',(-2.162652818513,-4.314718635179,
    12.549371867901));
#108 = VERTEX_POINT('',#109);
#109 = CARTESIAN_POINT('',(-1.962652818513,-4.314718635179,
    12.349371867901));
#110 = LINE('',#111,#112);
#111 = CARTESIAN_POINT('',(-2.162652818513,-4.314718635179,
    12.549371867901));
#112 = VECTOR('',#113,1.);
#113 = DIRECTION('',(0.707106781187,-1.884110950421E-13,-0.707106781187)
  );
#114 = ORIENTED_EDGE('',*,*,#115,.F.);
#115 = EDGE_CURVE('',#116,#108,#118,.T.);
#116 = VERTEX_POINT('',#117);
#117 = CARTESIAN_POINT('',(-1.962652818513,-4.80969338201,
    13.544346614732));
#118 = CIRCLE('',#119,0.7);
#119 = AXIS2_PLACEMENT_3D('',#120,#121,#122);
#120 = CARTESIAN_POINT('',(-1.962652818513,-4.314718635179,
    13.049371867901));
#121 = DIRECTION('',(1.,-2.665319655793E-13,3.281661365719E-28));
#122 = DIRECTION('',(-1.884665602641E-13,-0.707106781187,0.707106781187)
  );
#123 = ORIENTED_EDGE('',*,*,#124,.F.);
#124 = EDGE_CURVE('',#125,#116,#127,.T.);
#125 = VERTEX_POINT('',#126);
#126 = CARTESIAN_POINT('',(-2.162652818513,-4.668272025772,
    13.402925258494));
#127 = LINE('',#128,#129);
#128 = CARTESIAN_POINT('',(-2.062652818513,-4.738982703891,
    13.473635936613));
#129 = VECTOR('',#130,1.);
#130 = DIRECTION('',(0.707106781186,-0.5,0.5));
#131 = ORIENTED_EDGE('',*,*,#132,.F.);
#132 = EDGE_CURVE('',#106,#125,#133,.T.);
#133 = CIRCLE('',#134,0.5);
#134 = AXIS2_PLACEMENT_3D('',#135,#136,#137);
#135 = CARTESIAN_POINT('',(-2.162652818513,-4.314718635179,
    13.049371867901));
#136 = DIRECTION('',(-1.,2.664927457447E-13,3.921983464557E-17));
#137 = DIRECTION('',(-1.884110950421E-13,-0.707106781187,0.707106781187)
  );
#138 = CONICAL_SURFACE('',#139,0.6,0.785398163397);
#139 = AXIS2_PLACEMENT_3D('',#140,#141,#142);
#140 = CARTESIAN_POINT('',(-2.062652818513,-4.314718635179,
    13.049371867901));
#141 = DIRECTION('',(1.,-2.664764041469E-13,2.287823687493E-17));
#142 = DIRECTION('',(-1.884434497549E-13,-0.707106781187,0.707106781187)
  );
#143 = ADVANCED_FACE('',(#144),#180,.F.);
#144 = FACE_BOUND('',#145,.F.);
#145 = EDGE_LOOP('',(#146,#156,#165,#173));
#146 = ORIENTED_EDGE('',*,*,#147,.T.);
#147 = EDGE_CURVE('',#148,#150,#152,.T.);
#148 = VERTEX_POINT('',#149);
#149 = CARTESIAN_POINT('',(-2.162652818511,3.231408348027,
    13.549371867901));
#150 = VERTEX_POINT('',#151);
#151 = CARTESIAN_POINT('',(-1.962652818511,3.231408348027,
    13.749371867901));
#152 = LINE('',#153,#154);
#153 = CARTESIAN_POINT('',(-2.162652818511,3.231408348027,
    13.549371867901));
#154 = VECTOR('',#155,1.);
#155 = DIRECTION('',(0.707106781187,-1.884110950421E-13,0.707106781187)
  );
#156 = ORIENTED_EDGE('',*,*,#157,.F.);
#157 = EDGE_CURVE('',#158,#150,#160,.T.);
#158 = VERTEX_POINT('',#159);
#159 = CARTESIAN_POINT('',(-1.96265281851,4.625658837082,13.2511549251)
  );
#160 = CIRCLE('',#161,2.2);
#161 = AXIS2_PLACEMENT_3D('',#162,#163,#164);
#162 = CARTESIAN_POINT('',(-1.962652818511,3.231408348027,
    11.549371867901));
#163 = DIRECTION('',(1.,-2.665319655793E-13,-1.009741958683E-28));
#164 = DIRECTION('',(1.689146924353E-13,0.633750222298,0.773537753272));
#165 = ORIENTED_EDGE('',*,*,#166,.F.);
#166 = EDGE_CURVE('',#167,#158,#169,.T.);
#167 = VERTEX_POINT('',#168);
#168 = CARTESIAN_POINT('',(-2.16265281851,4.498908792622,13.096447374446
    ));
#169 = LINE('',#170,#171);
#170 = CARTESIAN_POINT('',(-2.06265281851,4.562283814852,13.173801149773
    ));
#171 = VECTOR('',#172,1.);
#172 = DIRECTION('',(0.707106781187,0.448129079765,0.546973790843));
#173 = ORIENTED_EDGE('',*,*,#174,.F.);
#174 = EDGE_CURVE('',#148,#167,#175,.T.);
#175 = CIRCLE('',#176,2.);
#176 = AXIS2_PLACEMENT_3D('',#177,#178,#179);
#177 = CARTESIAN_POINT('',(-2.162652818511,3.231408348027,
    11.549371867901));
#178 = DIRECTION('',(-1.,2.668141490432E-13,3.444252246497E-16));
#179 = DIRECTION('',(1.693599521828E-13,0.633750222298,0.773537753272));
#180 = CONICAL_SURFACE('',#181,2.1,0.785398163397);
#181 = AXIS2_PLACEMENT_3D('',#182,#183,#184);
#182 = CARTESIAN_POINT('',(-2.062652818511,3.231408348027,
    11.549371867901));
#183 = DIRECTION('',(1.,-2.666194034454E-13,-2.024654690933E-16));
#184 = DIRECTION('',(1.691267208865E-13,0.633750222298,0.773537753272));
#185 = ADVANCED_FACE('',(#186),#222,.T.);
#186 = FACE_BOUND('',#187,.T.);
#187 = EDGE_LOOP('',(#188,#199,#207,#216));
#188 = ORIENTED_EDGE('',*,*,#189,.T.);
#189 = EDGE_CURVE('',#190,#192,#194,.T.);
#190 = VERTEX_POINT('',#191);
#191 = CARTESIAN_POINT('',(-1.962652818508,13.069529147001,
    12.173962031835));
#192 = VERTEX_POINT('',#193);
#193 = CARTESIAN_POINT('',(-1.962652818508,13.037249024639,
    11.988396258145));
#194 = CIRCLE('',#195,3.9);
#195 = AXIS2_PLACEMENT_3D('',#196,#197,#198);
#196 = CARTESIAN_POINT('',(-1.962652818509,9.212210969749,
    12.749371867901));
#197 = DIRECTION('',(-1.,2.665319655793E-13,6.310887241768E-30));
#198 = DIRECTION('',(2.61408951586E-13,0.980778988433,-0.19512195122));
#199 = ORIENTED_EDGE('',*,*,#200,.T.);
#200 = EDGE_CURVE('',#192,#201,#203,.T.);
#201 = VERTEX_POINT('',#202);
#202 = CARTESIAN_POINT('',(-2.162652818508,13.233404822326,
    11.949371867901));
#203 = LINE('',#204,#205);
#204 = CARTESIAN_POINT('',(-2.062652818508,13.135326923482,
    11.968884063023));
#205 = VECTOR('',#206,1.);
#206 = DIRECTION('',(-0.707106781186,0.693515473567,-0.137972054866));
#207 = ORIENTED_EDGE('',*,*,#208,.T.);
#208 = EDGE_CURVE('',#201,#209,#211,.T.);
#209 = VERTEX_POINT('',#210);
#210 = CARTESIAN_POINT('',(-2.162652818508,13.267340335578,
    12.144453835114));
#211 = CIRCLE('',#212,4.1);
#212 = AXIS2_PLACEMENT_3D('',#213,#214,#215);
#213 = CARTESIAN_POINT('',(-2.162652818509,9.212210969749,
    12.749371867901));
#214 = DIRECTION('',(1.,-2.664565123103E-13,-1.501111795159E-17));
#215 = DIRECTION('',(2.613320196065E-13,0.980778988433,-0.19512195122));
#216 = ORIENTED_EDGE('',*,*,#217,.T.);
#217 = EDGE_CURVE('',#209,#190,#218,.T.);
#218 = LINE('',#219,#220);
#219 = CARTESIAN_POINT('',(-2.162652818508,13.267340335578,
    12.144453835114));
#220 = VECTOR('',#221,1.);
#221 = DIRECTION('',(0.707106781186,-0.699368164187,0.104327230011));
#222 = CONICAL_SURFACE('',#223,4.,0.785398163397);
#223 = AXIS2_PLACEMENT_3D('',#224,#225,#226);
#224 = CARTESIAN_POINT('',(-2.062652818509,9.212210969749,
    12.749371867901));
#225 = DIRECTION('',(-1.,2.664903093787E-13,-7.317920001024E-18));
#226 = DIRECTION('',(2.613695239465E-13,0.980778988433,-0.19512195122));
#227 = ADVANCED_FACE('',(#228),#264,.F.);
#228 = FACE_BOUND('',#229,.F.);
#229 = EDGE_LOOP('',(#230,#240,#249,#257));
#230 = ORIENTED_EDGE('',*,*,#231,.T.);
#231 = EDGE_CURVE('',#232,#234,#236,.T.);
#232 = VERTEX_POINT('',#233);
#233 = CARTESIAN_POINT('',(-2.162652818504,26.796869408176,
    13.849371867901));
#234 = VERTEX_POINT('',#235);
#235 = CARTESIAN_POINT('',(-1.962652818504,26.796869408176,
    14.049371867901));
#236 = LINE('',#237,#238);
#237 = CARTESIAN_POINT('',(-2.162652818504,26.796869408176,
    13.849371867901));
#238 = VECTOR('',#239,1.);
#239 = DIRECTION('',(0.707106781187,-1.884110950421E-13,0.707106781187)
  );
#240 = ORIENTED_EDGE('',*,*,#241,.F.);
#241 = EDGE_CURVE('',#242,#234,#244,.T.);
#242 = VERTEX_POINT('',#243);
#243 = CARTESIAN_POINT('',(-1.962652818504,27.291844155006,
    13.844346614732));
#244 = CIRCLE('',#245,0.7);
#245 = AXIS2_PLACEMENT_3D('',#246,#247,#248);
#246 = CARTESIAN_POINT('',(-1.962652818504,26.796869408176,
    13.349371867901));
#247 = DIRECTION('',(1.,-2.665319655793E-13,4.543838814073E-28));
#248 = DIRECTION('',(1.884665602641E-13,0.707106781187,0.707106781187));
#249 = ORIENTED_EDGE('',*,*,#250,.F.);
#250 = EDGE_CURVE('',#251,#242,#253,.T.);
#251 = VERTEX_POINT('',#252);
#252 = CARTESIAN_POINT('',(-2.162652818504,27.150422798769,
    13.702925258494));
#253 = LINE('',#254,#255);
#254 = CARTESIAN_POINT('',(-2.062652818504,27.221133476887,
    13.773635936613));
#255 = VECTOR('',#256,1.);
#256 = DIRECTION('',(0.707106781187,0.5,0.5));
#257 = ORIENTED_EDGE('',*,*,#258,.F.);
#258 = EDGE_CURVE('',#232,#251,#259,.T.);
#259 = CIRCLE('',#260,0.5);
#260 = AXIS2_PLACEMENT_3D('',#261,#262,#263);
#261 = CARTESIAN_POINT('',(-2.162652818504,26.796869408176,
    13.349371867901));
#262 = DIRECTION('',(-1.,2.664927457447E-13,-3.92198346483E-17));
#263 = DIRECTION('',(1.88411095042E-13,0.707106781187,0.707106781187));
#264 = CONICAL_SURFACE('',#265,0.6,0.785398163397);
#265 = AXIS2_PLACEMENT_3D('',#266,#267,#268);
#266 = CARTESIAN_POINT('',(-2.062652818504,26.796869408176,
    13.349371867901));
#267 = DIRECTION('',(1.,-2.664764041469E-13,-2.287823687915E-17));
#268 = DIRECTION('',(1.884434497549E-13,0.707106781187,0.707106781187));
#269 = ADVANCED_FACE('',(#270),#306,.T.);
#270 = FACE_BOUND('',#271,.T.);
#271 = EDGE_LOOP('',(#272,#283,#291,#300));
#272 = ORIENTED_EDGE('',*,*,#273,.T.);
#273 = EDGE_CURVE('',#274,#276,#278,.T.);
#274 = VERTEX_POINT('',#275);
#275 = CARTESIAN_POINT('',(-1.962652818507,16.496869408176,
    11.349371867901));
#276 = VERTEX_POINT('',#277);
#277 = CARTESIAN_POINT('',(-1.962652818507,16.877630592633,
    12.268610683444));
#278 = CIRCLE('',#279,1.3);
#279 = AXIS2_PLACEMENT_3D('',#280,#281,#282);
#280 = CARTESIAN_POINT('',(-1.962652818507,17.796869408176,
    11.349371867901));
#281 = DIRECTION('',(-1.,2.665319655793E-13,-3.281661365719E-28));
#282 = DIRECTION('',(-1.884665602641E-13,-0.707106781187,0.707106781187)
  );
#283 = ORIENTED_EDGE('',*,*,#284,.T.);
#284 = EDGE_CURVE('',#276,#285,#287,.T.);
#285 = VERTEX_POINT('',#286);
#286 = CARTESIAN_POINT('',(-2.162652818507,16.736209236396,
    12.410032039681));
#287 = LINE('',#288,#289);
#288 = CARTESIAN_POINT('',(-2.062652818507,16.806919914514,
    12.339321361562));
#289 = VECTOR('',#290,1.);
#290 = DIRECTION('',(-0.707106781187,-0.5,0.5));
#291 = ORIENTED_EDGE('',*,*,#292,.T.);
#292 = EDGE_CURVE('',#285,#293,#295,.T.);
#293 = VERTEX_POINT('',#294);
#294 = CARTESIAN_POINT('',(-2.162652818507,16.296869408176,
    11.349371867901));
#295 = CIRCLE('',#296,1.5);
#296 = AXIS2_PLACEMENT_3D('',#297,#298,#299);
#297 = CARTESIAN_POINT('',(-2.162652818507,17.796869408176,
    11.349371867901));
#298 = DIRECTION('',(1.,-2.664927457447E-13,-3.921983464633E-17));
#299 = DIRECTION('',(-1.884110950421E-13,-0.707106781187,0.707106781187)
  );
#300 = ORIENTED_EDGE('',*,*,#301,.T.);
#301 = EDGE_CURVE('',#293,#274,#302,.T.);
#302 = LINE('',#303,#304);
#303 = CARTESIAN_POINT('',(-2.162652818507,16.296869408176,
    11.349371867901));
#304 = VECTOR('',#305,1.);
#305 = DIRECTION('',(0.707106781187,0.707106781186,0.));
#306 = CONICAL_SURFACE('',#307,1.4,0.785398163397);
#307 = AXIS2_PLACEMENT_3D('',#308,#309,#310);
#308 = CARTESIAN_POINT('',(-2.062652818507,17.796869408176,
    11.349371867901));
#309 = DIRECTION('',(-1.,2.66471735119E-13,-1.820920894449E-17));
#310 = DIRECTION('',(-1.884368467523E-13,-0.707106781187,0.707106781187)
  );
#311 = ADVANCED_FACE('',(#312),#348,.F.);
#312 = FACE_BOUND('',#313,.F.);
#313 = EDGE_LOOP('',(#314,#324,#333,#341));
#314 = ORIENTED_EDGE('',*,*,#315,.T.);
#315 = EDGE_CURVE('',#316,#318,#320,.T.);
#316 = VERTEX_POINT('',#317);
#317 = CARTESIAN_POINT('',(-2.162652818506,18.596869408176,
    11.349371867901));
#318 = VERTEX_POINT('',#319);
#319 = CARTESIAN_POINT('',(-1.962652818507,18.396869408176,
    11.349371867901));
#320 = LINE('',#321,#322);
#321 = CARTESIAN_POINT('',(-2.162652818506,18.596869408176,
    11.349371867901));
#322 = VECTOR('',#323,1.);
#323 = DIRECTION('',(0.707106781186,-0.707106781187,0.));
#324 = ORIENTED_EDGE('',*,*,#325,.F.);
#325 = EDGE_CURVE('',#326,#318,#328,.T.);
#326 = VERTEX_POINT('',#327);
#327 = CARTESIAN_POINT('',(-1.962652818506,18.601894661345,
    11.844346614732));
#328 = CIRCLE('',#329,0.7);
#329 = AXIS2_PLACEMENT_3D('',#330,#331,#332);
#330 = CARTESIAN_POINT('',(-1.962652818506,19.096869408176,
    11.349371867901));
#331 = DIRECTION('',(1.,-2.665319655793E-13,-4.543838814073E-28));
#332 = DIRECTION('',(-1.884665602641E-13,-0.707106781187,0.707106781187)
  );
#333 = ORIENTED_EDGE('',*,*,#334,.F.);
#334 = EDGE_CURVE('',#335,#326,#337,.T.);
#335 = VERTEX_POINT('',#336);
#336 = CARTESIAN_POINT('',(-2.162652818506,18.743316017582,
    11.702925258494));
#337 = LINE('',#338,#339);
#338 = CARTESIAN_POINT('',(-2.062652818506,18.672605339464,
    11.773635936613));
#339 = VECTOR('',#340,1.);
#340 = DIRECTION('',(0.707106781186,-0.5,0.5));
#341 = ORIENTED_EDGE('',*,*,#342,.F.);
#342 = EDGE_CURVE('',#316,#335,#343,.T.);
#343 = CIRCLE('',#344,0.5);
#344 = AXIS2_PLACEMENT_3D('',#345,#346,#347);
#345 = CARTESIAN_POINT('',(-2.162652818506,19.096869408176,
    11.349371867901));
#346 = DIRECTION('',(-1.,2.664927457447E-13,3.92198346483E-17));
#347 = DIRECTION('',(-1.88411095042E-13,-0.707106781187,0.707106781187)
  );
#348 = CONICAL_SURFACE('',#349,0.6,0.785398163397);
#349 = AXIS2_PLACEMENT_3D('',#350,#351,#352);
#350 = CARTESIAN_POINT('',(-2.062652818506,19.096869408176,
    11.349371867901));
#351 = DIRECTION('',(1.,-2.664764041469E-13,2.287823687768E-17));
#352 = DIRECTION('',(-1.884434497549E-13,-0.707106781187,0.707106781187)
  );
#353 = ADVANCED_FACE('',(#354),#390,.F.);
#354 = FACE_BOUND('',#355,.F.);
#355 = EDGE_LOOP('',(#356,#366,#375,#383));
#356 = ORIENTED_EDGE('',*,*,#357,.T.);
#357 = EDGE_CURVE('',#358,#360,#362,.T.);
#358 = VERTEX_POINT('',#359);
#359 = CARTESIAN_POINT('',(-2.162652818506,21.716869408176,
    11.849371867901));
#360 = VERTEX_POINT('',#361);
#361 = CARTESIAN_POINT('',(-1.962652818506,21.716869408175,
    12.049371867901));
#362 = LINE('',#363,#364);
#363 = CARTESIAN_POINT('',(-2.162652818506,21.716869408176,
    11.849371867901));
#364 = VECTOR('',#365,1.);
#365 = DIRECTION('',(0.707106781187,-1.884110950421E-13,0.707106781187)
  );
#366 = ORIENTED_EDGE('',*,*,#367,.F.);
#367 = EDGE_CURVE('',#368,#360,#370,.T.);
#368 = VERTEX_POINT('',#369);
#369 = CARTESIAN_POINT('',(-1.962652818506,21.99971212065,
    11.932214580376));
#370 = CIRCLE('',#371,0.4);
#371 = AXIS2_PLACEMENT_3D('',#372,#373,#374);
#372 = CARTESIAN_POINT('',(-1.962652818506,21.716869408175,
    11.649371867901));
#373 = DIRECTION('',(1.,-2.665319655793E-13,4.796274303744E-28));
#374 = DIRECTION('',(1.884665602641E-13,0.707106781187,0.707106781187));
#375 = ORIENTED_EDGE('',*,*,#376,.F.);
#376 = EDGE_CURVE('',#377,#368,#379,.T.);
#377 = VERTEX_POINT('',#378);
#378 = CARTESIAN_POINT('',(-2.162652818506,21.858290764413,
    11.790793224138));
#379 = LINE('',#380,#381);
#380 = CARTESIAN_POINT('',(-2.062652818506,21.929001442531,
    11.861503902257));
#381 = VECTOR('',#382,1.);
#382 = DIRECTION('',(0.707106781187,0.5,0.5));
#383 = ORIENTED_EDGE('',*,*,#384,.F.);
#384 = EDGE_CURVE('',#358,#377,#385,.T.);
#385 = CIRCLE('',#386,0.2);
#386 = AXIS2_PLACEMENT_3D('',#387,#388,#389);
#387 = CARTESIAN_POINT('',(-2.162652818506,21.716869408176,
    11.649371867901));
#388 = DIRECTION('',(-1.,2.664927457447E-13,-3.921983464338E-17));
#389 = DIRECTION('',(1.884110950421E-13,0.707106781187,0.707106781187));
#390 = CONICAL_SURFACE('',#391,0.3,0.785398163397);
#391 = AXIS2_PLACEMENT_3D('',#392,#393,#394);
#392 = CARTESIAN_POINT('',(-2.062652818506,21.716869408175,
    11.649371867901));
#393 = DIRECTION('',(1.,-2.664796724665E-13,-2.614655642291E-17));
#394 = DIRECTION('',(1.884480718568E-13,0.707106781187,0.707106781187));
#395 = ADVANCED_FACE('',(#396),#432,.T.);
#396 = FACE_BOUND('',#397,.T.);
#397 = EDGE_LOOP('',(#398,#409,#417,#426));
#398 = ORIENTED_EDGE('',*,*,#399,.T.);
#399 = EDGE_CURVE('',#400,#402,#404,.T.);
#400 = VERTEX_POINT('',#401);
#401 = CARTESIAN_POINT('',(-1.962652818505,23.216869408176,
    10.849371867901));
#402 = VERTEX_POINT('',#403);
#403 = CARTESIAN_POINT('',(-1.962652818505,22.982554833125,
    10.283686442952));
#404 = CIRCLE('',#405,0.8);
#405 = AXIS2_PLACEMENT_3D('',#406,#407,#408);
#406 = CARTESIAN_POINT('',(-1.962652818505,22.416869408176,
    10.849371867901));
#407 = DIRECTION('',(-1.,2.665319655793E-13,2.019483917366E-28));
#408 = DIRECTION('',(1.884665602641E-13,0.707106781187,-0.707106781187)
  );
#409 = ORIENTED_EDGE('',*,*,#410,.T.);
#410 = EDGE_CURVE('',#402,#411,#413,.T.);
#411 = VERTEX_POINT('',#412);
#412 = CARTESIAN_POINT('',(-2.162652818505,23.123976189362,
    10.142265086715));
#413 = LINE('',#414,#415);
#414 = CARTESIAN_POINT('',(-2.062652818505,23.053265511243,
    10.212975764833));
#415 = VECTOR('',#416,1.);
#416 = DIRECTION('',(-0.707106781186,0.5,-0.5));
#417 = ORIENTED_EDGE('',*,*,#418,.T.);
#418 = EDGE_CURVE('',#411,#419,#421,.T.);
#419 = VERTEX_POINT('',#420);
#420 = CARTESIAN_POINT('',(-2.162652818505,23.416869408176,
    10.849371867901));
#421 = CIRCLE('',#422,1.);
#422 = AXIS2_PLACEMENT_3D('',#423,#424,#425);
#423 = CARTESIAN_POINT('',(-2.162652818505,22.416869408176,
    10.849371867901));
#424 = DIRECTION('',(1.,-2.664927457447E-13,-3.921983464593E-17));
#425 = DIRECTION('',(1.884110950421E-13,0.707106781187,-0.707106781187)
  );
#426 = ORIENTED_EDGE('',*,*,#427,.T.);
#427 = EDGE_CURVE('',#419,#400,#428,.T.);
#428 = LINE('',#429,#430);
#429 = CARTESIAN_POINT('',(-2.162652818505,23.416869408176,
    10.849371867901));
#430 = VECTOR('',#431,1.);
#431 = DIRECTION('',(0.707106781186,-0.707106781187,0.));
#432 = CONICAL_SURFACE('',#433,0.9,0.785398163397);
#433 = AXIS2_PLACEMENT_3D('',#434,#435,#436);
#434 = CARTESIAN_POINT('',(-2.062652818505,22.416869408176,
    10.849371867901));
#435 = DIRECTION('',(-1.,2.664709569477E-13,-1.743103761196E-17));
#436 = DIRECTION('',(1.884357462519E-13,0.707106781187,-0.707106781187)
  );
#437 = ADVANCED_FACE('',(#438),#465,.F.);
#438 = FACE_BOUND('',#439,.F.);
#439 = EDGE_LOOP('',(#440,#441,#450,#458));
#440 = ORIENTED_EDGE('',*,*,#427,.T.);
#441 = ORIENTED_EDGE('',*,*,#442,.F.);
#442 = EDGE_CURVE('',#443,#400,#445,.T.);
#443 = VERTEX_POINT('',#444);
#444 = CARTESIAN_POINT('',(-1.962652818505,23.568341270752,
    11.697900005325));
#445 = CIRCLE('',#446,1.2);
#446 = AXIS2_PLACEMENT_3D('',#447,#448,#449);
#447 = CARTESIAN_POINT('',(-1.962652818505,24.416869408176,
    10.849371867901));
#448 = DIRECTION('',(1.,-2.665319655793E-13,-2.019483917366E-28));
#449 = DIRECTION('',(-1.884665602641E-13,-0.707106781187,0.707106781187)
  );
#450 = ORIENTED_EDGE('',*,*,#451,.F.);
#451 = EDGE_CURVE('',#452,#443,#454,.T.);
#452 = VERTEX_POINT('',#453);
#453 = CARTESIAN_POINT('',(-2.162652818505,23.709762626989,
    11.556478649088));
#454 = LINE('',#455,#456);
#455 = CARTESIAN_POINT('',(-2.062652818505,23.63905194887,
    11.627189327206));
#456 = VECTOR('',#457,1.);
#457 = DIRECTION('',(0.707106781186,-0.5,0.5));
#458 = ORIENTED_EDGE('',*,*,#459,.F.);
#459 = EDGE_CURVE('',#419,#452,#460,.T.);
#460 = CIRCLE('',#461,1.);
#461 = AXIS2_PLACEMENT_3D('',#462,#463,#464);
#462 = CARTESIAN_POINT('',(-2.162652818505,24.416869408176,
    10.849371867901));
#463 = DIRECTION('',(-1.,2.676029687693E-13,-1.071003189979E-15));
#464 = DIRECTION('',(-1.899811875007E-13,-0.707106781187,0.707106781187)
  );
#465 = CONICAL_SURFACE('',#466,1.1,0.785398163397);
#466 = AXIS2_PLACEMENT_3D('',#467,#468,#469);
#467 = CARTESIAN_POINT('',(-2.062652818505,24.416869408176,
    10.849371867901));
#468 = DIRECTION('',(1.,-2.669795653765E-13,5.260394664454E-16));
#469 = DIRECTION('',(-1.891550271899E-13,-0.707106781187,0.707106781187)
  );
#470 = ADVANCED_FACE('',(#471),#507,.T.);
#471 = FACE_BOUND('',#472,.T.);
#472 = EDGE_LOOP('',(#473,#484,#492,#501));
#473 = ORIENTED_EDGE('',*,*,#474,.T.);
#474 = EDGE_CURVE('',#475,#477,#479,.T.);
#475 = VERTEX_POINT('',#476);
#476 = CARTESIAN_POINT('',(-1.962652818504,26.796869408176,
    14.649371867901));
#477 = VERTEX_POINT('',#478);
#478 = CARTESIAN_POINT('',(-1.962652818504,27.716108223718,
    14.268610683444));
#479 = CIRCLE('',#480,1.3);
#480 = AXIS2_PLACEMENT_3D('',#481,#482,#483);
#481 = CARTESIAN_POINT('',(-1.962652818504,26.796869408176,
    13.349371867901));
#482 = DIRECTION('',(-1.,2.665319655793E-13,-7.573064690122E-29));
#483 = DIRECTION('',(1.884665602641E-13,0.707106781187,0.707106781187));
#484 = ORIENTED_EDGE('',*,*,#485,.T.);
#485 = EDGE_CURVE('',#477,#486,#488,.T.);
#486 = VERTEX_POINT('',#487);
#487 = CARTESIAN_POINT('',(-2.162652818504,27.857529579956,
    14.410032039681));
#488 = LINE('',#489,#490);
#489 = CARTESIAN_POINT('',(-2.062652818504,27.786818901837,
    14.339321361562));
#490 = VECTOR('',#491,1.);
#491 = DIRECTION('',(-0.707106781186,0.5,0.5));
#492 = ORIENTED_EDGE('',*,*,#493,.T.);
#493 = EDGE_CURVE('',#486,#494,#496,.T.);
#494 = VERTEX_POINT('',#495);
#495 = CARTESIAN_POINT('',(-2.162652818504,26.796869408176,
    14.849371867901));
#496 = CIRCLE('',#497,1.5);
#497 = AXIS2_PLACEMENT_3D('',#498,#499,#500);
#498 = CARTESIAN_POINT('',(-2.162652818504,26.796869408176,
    13.349371867901));
#499 = DIRECTION('',(1.,-2.664927457447E-13,3.921983464656E-17));
#500 = DIRECTION('',(1.884110950421E-13,0.707106781187,0.707106781187));
#501 = ORIENTED_EDGE('',*,*,#502,.T.);
#502 = EDGE_CURVE('',#494,#475,#503,.T.);
#503 = LINE('',#504,#505);
#504 = CARTESIAN_POINT('',(-2.162652818504,26.796869408176,
    14.849371867901));
#505 = VECTOR('',#506,1.);
#506 = DIRECTION('',(0.707106781187,-1.884110950421E-13,-0.707106781187)
  );
#507 = CONICAL_SURFACE('',#508,1.4,0.785398163397);
#508 = AXIS2_PLACEMENT_3D('',#509,#510,#511);
#509 = CARTESIAN_POINT('',(-2.062652818504,26.796869408176,
    13.349371867901));
#510 = DIRECTION('',(-1.,2.66471735119E-13,1.820920894578E-17));
#511 = DIRECTION('',(1.884368467523E-13,0.707106781187,0.707106781187));
#512 = ADVANCED_FACE('',(#513),#549,.F.);
#513 = FACE_BOUND('',#514,.F.);
#514 = EDGE_LOOP('',(#515,#525,#534,#542));
#515 = ORIENTED_EDGE('',*,*,#516,.T.);
#516 = EDGE_CURVE('',#517,#519,#521,.T.);
#517 = VERTEX_POINT('',#518);
#518 = CARTESIAN_POINT('',(-2.162652818508,13.579455704415,
    14.849371867901));
#519 = VERTEX_POINT('',#520);
#520 = CARTESIAN_POINT('',(-1.962652818508,13.579455704415,
    14.649371867901));
#521 = LINE('',#522,#523);
#522 = CARTESIAN_POINT('',(-2.162652818508,13.579455704415,
    14.849371867901));
#523 = VECTOR('',#524,1.);
#524 = DIRECTION('',(0.707106781187,-1.884110950421E-13,-0.707106781187)
  );
#525 = ORIENTED_EDGE('',*,*,#526,.F.);
#526 = EDGE_CURVE('',#527,#519,#529,.T.);
#527 = VERTEX_POINT('',#528);
#528 = CARTESIAN_POINT('',(-1.962652818508,12.729455704415,
    14.877128681467));
#529 = CIRCLE('',#530,1.7);
#530 = AXIS2_PLACEMENT_3D('',#531,#532,#533);
#531 = CARTESIAN_POINT('',(-1.962652818508,13.579455704415,
    16.349371867901));
#532 = DIRECTION('',(1.,-2.665319655793E-13,2.524354896707E-29));
#533 = DIRECTION('',(-1.332659827897E-13,-0.5,-0.866025403784));
#534 = ORIENTED_EDGE('',*,*,#535,.F.);
#535 = EDGE_CURVE('',#536,#527,#538,.T.);
#536 = VERTEX_POINT('',#537);
#537 = CARTESIAN_POINT('',(-2.162652818508,12.829455704416,
    15.050333762224));
#538 = LINE('',#539,#540);
#539 = CARTESIAN_POINT('',(-2.062652818508,12.779455704415,
    14.963731221846));
#540 = VECTOR('',#541,1.);
#541 = DIRECTION('',(0.707106781186,-0.353553390593,-0.612372435696));
#542 = ORIENTED_EDGE('',*,*,#543,.F.);
#543 = EDGE_CURVE('',#517,#536,#544,.T.);
#544 = CIRCLE('',#545,1.5);
#545 = AXIS2_PLACEMENT_3D('',#546,#547,#548);
#546 = CARTESIAN_POINT('',(-2.162652818508,13.579455704415,
    16.349371867901));
#547 = DIRECTION('',(-1.,2.665616806458E-13,5.146800486592E-17));
#548 = DIRECTION('',(-1.333254129226E-13,-0.5,-0.866025403784));
#549 = CONICAL_SURFACE('',#550,1.6,0.785398163397);
#550 = AXIS2_PLACEMENT_3D('',#551,#552,#553);
#551 = CARTESIAN_POINT('',(-2.062652818508,13.579455704415,
    16.349371867901));
#552 = DIRECTION('',(1.,-2.664870647648E-13,-5.809100041701E-17));
#553 = DIRECTION('',(-1.332938406645E-13,-0.5,-0.866025403784));
#554 = ADVANCED_FACE('',(#555),#591,.T.);
#555 = FACE_BOUND('',#556,.T.);
#556 = EDGE_LOOP('',(#557,#568,#576,#585));
#557 = ORIENTED_EDGE('',*,*,#558,.T.);
#558 = EDGE_CURVE('',#559,#561,#563,.T.);
#559 = VERTEX_POINT('',#560);
#560 = CARTESIAN_POINT('',(-1.96265281851,7.130002347769,15.199371867901
    ));
#561 = VERTEX_POINT('',#562);
#562 = CARTESIAN_POINT('',(-1.962652818509,7.605835372689,
    15.675204892821));
#563 = CIRCLE('',#564,1.3);
#564 = AXIS2_PLACEMENT_3D('',#565,#566,#567);
#565 = CARTESIAN_POINT('',(-1.962652818509,8.255835372689,
    14.549371867901));
#566 = DIRECTION('',(-1.,2.665319655793E-13,2.776790386378E-28));
#567 = DIRECTION('',(-1.332659827897E-13,-0.5,0.866025403784));
#568 = ORIENTED_EDGE('',*,*,#569,.T.);
#569 = EDGE_CURVE('',#561,#570,#572,.T.);
#570 = VERTEX_POINT('',#571);
#571 = CARTESIAN_POINT('',(-2.162652818509,7.505835372689,
    15.848409973578));
#572 = LINE('',#573,#574);
#573 = CARTESIAN_POINT('',(-2.062652818509,7.555835372689,
    15.761807433199));
#574 = VECTOR('',#575,1.);
#575 = DIRECTION('',(-0.707106781187,-0.353553390593,0.612372435696));
#576 = ORIENTED_EDGE('',*,*,#577,.T.);
#577 = EDGE_CURVE('',#570,#578,#580,.T.);
#578 = VERTEX_POINT('',#579);
#579 = CARTESIAN_POINT('',(-2.16265281851,6.956797267012,15.299371867901
    ));
#580 = CIRCLE('',#581,1.5);
#581 = AXIS2_PLACEMENT_3D('',#582,#583,#584);
#582 = CARTESIAN_POINT('',(-2.162652818509,8.255835372689,
    14.549371867901));
#583 = DIRECTION('',(1.,-2.665616806458E-13,5.146800486658E-17));
#584 = DIRECTION('',(-1.333254129226E-13,-0.5,0.866025403784));
#585 = ORIENTED_EDGE('',*,*,#586,.T.);
#586 = EDGE_CURVE('',#578,#559,#587,.T.);
#587 = LINE('',#588,#589);
#588 = CARTESIAN_POINT('',(-2.16265281851,6.956797267012,15.299371867901
    ));
#589 = VECTOR('',#590,1.);
#590 = DIRECTION('',(0.707106781187,0.612372435696,-0.353553390593));
#591 = CONICAL_SURFACE('',#592,1.4,0.785398163397);
#592 = AXIS2_PLACEMENT_3D('',#593,#594,#595);
#593 = CARTESIAN_POINT('',(-2.062652818509,8.255835372689,
    14.549371867901));
#594 = DIRECTION('',(-1.,2.66489054613E-13,-6.153751859896E-17));
#595 = DIRECTION('',(-1.332978203609E-13,-0.5,0.866025403784));
#596 = ADVANCED_FACE('',(#597),#624,.F.);
#597 = FACE_BOUND('',#598,.F.);
#598 = EDGE_LOOP('',(#599,#600,#609,#617));
#599 = ORIENTED_EDGE('',*,*,#586,.T.);
#600 = ORIENTED_EDGE('',*,*,#601,.F.);
#601 = EDGE_CURVE('',#602,#559,#604,.T.);
#602 = VERTEX_POINT('',#603);
#603 = CARTESIAN_POINT('',(-1.96265281851,6.507759161336,14.577128681467
    ));
#604 = CIRCLE('',#605,1.7);
#605 = AXIS2_PLACEMENT_3D('',#606,#607,#608);
#606 = CARTESIAN_POINT('',(-1.96265281851,5.657759161336,16.049371867901
    ));
#607 = DIRECTION('',(1.,-2.665319655793E-13,-2.524354896707E-28));
#608 = DIRECTION('',(1.332659827897E-13,0.5,-0.866025403784));
#609 = ORIENTED_EDGE('',*,*,#610,.F.);
#610 = EDGE_CURVE('',#611,#602,#613,.T.);
#611 = VERTEX_POINT('',#612);
#612 = CARTESIAN_POINT('',(-2.16265281851,6.407759161336,14.750333762225
    ));
#613 = LINE('',#614,#615);
#614 = CARTESIAN_POINT('',(-2.06265281851,6.457759161336,14.663731221846
    ));
#615 = VECTOR('',#616,1.);
#616 = DIRECTION('',(0.707106781187,0.353553390593,-0.612372435696));
#617 = ORIENTED_EDGE('',*,*,#618,.F.);
#618 = EDGE_CURVE('',#578,#611,#619,.T.);
#619 = CIRCLE('',#620,1.5);
#620 = AXIS2_PLACEMENT_3D('',#621,#622,#623);
#621 = CARTESIAN_POINT('',(-2.16265281851,5.657759161336,16.049371867901
    ));
#622 = DIRECTION('',(-1.,2.665616806458E-13,-5.146800486658E-17));
#623 = DIRECTION('',(1.333254129226E-13,0.5,-0.866025403784));
#624 = CONICAL_SURFACE('',#625,1.6,0.785398163397);
#625 = AXIS2_PLACEMENT_3D('',#626,#627,#628);
#626 = CARTESIAN_POINT('',(-2.06265281851,5.657759161336,16.049371867901
    ));
#627 = DIRECTION('',(1.,-2.664870647648E-13,5.809100041762E-17));
#628 = DIRECTION('',(1.332938406645E-13,0.5,-0.866025403784));
#629 = ADVANCED_FACE('',(#630),#666,.T.);
#630 = FACE_BOUND('',#631,.T.);
#631 = EDGE_LOOP('',(#632,#643,#651,#660));
#632 = ORIENTED_EDGE('',*,*,#633,.T.);
#633 = EDGE_CURVE('',#634,#636,#638,.T.);
#634 = VERTEX_POINT('',#635);
#635 = CARTESIAN_POINT('',(-1.962652818513,-4.314718635179,
    11.749371867901));
#636 = VERTEX_POINT('',#637);
#637 = CARTESIAN_POINT('',(-1.962652818513,-5.233957450722,
    13.968610683444));
#638 = CIRCLE('',#639,1.3);
#639 = AXIS2_PLACEMENT_3D('',#640,#641,#642);
#640 = CARTESIAN_POINT('',(-1.962652818513,-4.314718635179,
    13.049371867901));
#641 = DIRECTION('',(-1.,2.665319655793E-13,7.573064690122E-29));
#642 = DIRECTION('',(-1.884665602641E-13,-0.707106781187,0.707106781187)
  );
#643 = ORIENTED_EDGE('',*,*,#644,.T.);
#644 = EDGE_CURVE('',#636,#645,#647,.T.);
#645 = VERTEX_POINT('',#646);
#646 = CARTESIAN_POINT('',(-2.162652818513,-5.375378806959,
    14.110032039681));
#647 = LINE('',#648,#649);
#648 = CARTESIAN_POINT('',(-2.062652818513,-5.30466812884,
    14.039321361562));
#649 = VECTOR('',#650,1.);
#650 = DIRECTION('',(-0.707106781187,-0.5,0.5));
#651 = ORIENTED_EDGE('',*,*,#652,.T.);
#652 = EDGE_CURVE('',#645,#653,#655,.T.);
#653 = VERTEX_POINT('',#654);
#654 = CARTESIAN_POINT('',(-2.162652818513,-4.314718635179,
    11.549371867901));
#655 = CIRCLE('',#656,1.5);
#656 = AXIS2_PLACEMENT_3D('',#657,#658,#659);
#657 = CARTESIAN_POINT('',(-2.162652818513,-4.314718635179,
    13.049371867901));
#658 = DIRECTION('',(1.,-2.664927457447E-13,-3.921983464656E-17));
#659 = DIRECTION('',(-1.884110950421E-13,-0.707106781187,0.707106781187)
  );
#660 = ORIENTED_EDGE('',*,*,#661,.T.);
#661 = EDGE_CURVE('',#653,#634,#662,.T.);
#662 = LINE('',#663,#664);
#663 = CARTESIAN_POINT('',(-2.162652818513,-4.314718635179,
    11.549371867901));
#664 = VECTOR('',#665,1.);
#665 = DIRECTION('',(0.707106781187,-1.884110950421E-13,0.707106781187)
  );
#666 = CONICAL_SURFACE('',#667,1.4,0.785398163397);
#667 = AXIS2_PLACEMENT_3D('',#668,#669,#670);
#668 = CARTESIAN_POINT('',(-2.062652818513,-4.314718635179,
    13.049371867901));
#669 = DIRECTION('',(-1.,2.66471735119E-13,-1.820920894029E-17));
#670 = DIRECTION('',(-1.884368467523E-13,-0.707106781187,0.707106781187)
  );
#671 = ADVANCED_FACE('',(#672),#708,.F.);
#672 = FACE_BOUND('',#673,.F.);
#673 = EDGE_LOOP('',(#674,#684,#693,#701));
#674 = ORIENTED_EDGE('',*,*,#675,.T.);
#675 = EDGE_CURVE('',#676,#678,#680,.T.);
#676 = VERTEX_POINT('',#677);
#677 = CARTESIAN_POINT('',(-2.162652818511,2.212210969749,
    11.549371867901));
#678 = VERTEX_POINT('',#679);
#679 = CARTESIAN_POINT('',(-1.962652818511,2.212210969749,
    11.749371867901));
#680 = LINE('',#681,#682);
#681 = CARTESIAN_POINT('',(-2.162652818511,2.212210969749,
    11.549371867901));
#682 = VECTOR('',#683,1.);
#683 = DIRECTION('',(0.707106781187,-1.884110950421E-13,0.707106781187)
  );
#684 = ORIENTED_EDGE('',*,*,#685,.F.);
#685 = EDGE_CURVE('',#686,#678,#688,.T.);
#686 = VERTEX_POINT('',#687);
#687 = CARTESIAN_POINT('',(-1.962652818511,2.70718571658,11.544346614732
    ));
#688 = CIRCLE('',#689,0.7);
#689 = AXIS2_PLACEMENT_3D('',#690,#691,#692);
#690 = CARTESIAN_POINT('',(-1.962652818511,2.212210969749,
    11.049371867901));
#691 = DIRECTION('',(1.,-2.665319655793E-13,-3.281661365719E-28));
#692 = DIRECTION('',(1.884665602641E-13,0.707106781187,0.707106781187));
#693 = ORIENTED_EDGE('',*,*,#694,.F.);
#694 = EDGE_CURVE('',#695,#686,#697,.T.);
#695 = VERTEX_POINT('',#696);
#696 = CARTESIAN_POINT('',(-2.162652818511,2.565764360342,
    11.402925258494));
#697 = LINE('',#698,#699);
#698 = CARTESIAN_POINT('',(-2.062652818511,2.636475038461,
    11.473635936613));
#699 = VECTOR('',#700,1.);
#700 = DIRECTION('',(0.707106781187,0.5,0.5));
#701 = ORIENTED_EDGE('',*,*,#702,.F.);
#702 = EDGE_CURVE('',#676,#695,#703,.T.);
#703 = CIRCLE('',#704,0.5);
#704 = AXIS2_PLACEMENT_3D('',#705,#706,#707);
#705 = CARTESIAN_POINT('',(-2.162652818511,2.212210969749,
    11.049371867901));
#706 = DIRECTION('',(-1.,2.664927457447E-13,-3.921983464557E-17));
#707 = DIRECTION('',(1.884110950421E-13,0.707106781187,0.707106781187));
#708 = CONICAL_SURFACE('',#709,0.6,0.785398163397);
#709 = AXIS2_PLACEMENT_3D('',#710,#711,#712);
#710 = CARTESIAN_POINT('',(-2.062652818511,2.212210969749,
    11.049371867901));
#711 = DIRECTION('',(1.,-2.664764041469E-13,-2.287823687644E-17));
#712 = DIRECTION('',(1.884434497549E-13,0.707106781187,0.707106781187));
#713 = ADVANCED_FACE('',(#714),#750,.F.);
#714 = FACE_BOUND('',#715,.F.);
#715 = EDGE_LOOP('',(#716,#726,#735,#743));
#716 = ORIENTED_EDGE('',*,*,#717,.T.);
#717 = EDGE_CURVE('',#718,#720,#722,.T.);
#718 = VERTEX_POINT('',#719);
#719 = CARTESIAN_POINT('',(-2.162652818513,-5.114718635161,
    10.549371867901));
#720 = VERTEX_POINT('',#721);
#721 = CARTESIAN_POINT('',(-1.962652818513,-5.114718635162,
    10.349371867901));
#722 = LINE('',#723,#724);
#723 = CARTESIAN_POINT('',(-2.162652818513,-5.114718635161,
    10.549371867901));
#724 = VECTOR('',#725,1.);
#725 = DIRECTION('',(0.707106781187,-1.884110950421E-13,-0.707106781187)
  );
#726 = ORIENTED_EDGE('',*,*,#727,.F.);
#727 = EDGE_CURVE('',#728,#720,#730,.T.);
#728 = VERTEX_POINT('',#729);
#729 = CARTESIAN_POINT('',(-1.962652818513,-6.670353553772,
    10.993736949291));
#730 = CIRCLE('',#731,2.2);
#731 = AXIS2_PLACEMENT_3D('',#732,#733,#734);
#732 = CARTESIAN_POINT('',(-1.962652818513,-5.114718635162,
    12.549371867901));
#733 = DIRECTION('',(1.,-2.665319655793E-13,4.038967834732E-28));
#734 = DIRECTION('',(-1.884665602641E-13,-0.707106781187,-0.707106781187
    ));
#735 = ORIENTED_EDGE('',*,*,#736,.F.);
#736 = EDGE_CURVE('',#737,#728,#739,.T.);
#737 = VERTEX_POINT('',#738);
#738 = CARTESIAN_POINT('',(-2.162652818513,-6.528932197534,
    11.135158305528));
#739 = LINE('',#740,#741);
#740 = CARTESIAN_POINT('',(-2.062652818513,-6.599642875653,
    11.064447627409));
#741 = VECTOR('',#742,1.);
#742 = DIRECTION('',(0.707106781186,-0.5,-0.5));
#743 = ORIENTED_EDGE('',*,*,#744,.F.);
#744 = EDGE_CURVE('',#718,#737,#745,.T.);
#745 = CIRCLE('',#746,2.);
#746 = AXIS2_PLACEMENT_3D('',#747,#748,#749);
#747 = CARTESIAN_POINT('',(-2.162652818513,-5.114718635161,
    12.549371867901));
#748 = DIRECTION('',(-1.,2.664927457447E-13,-3.921983464615E-17));
#749 = DIRECTION('',(-1.884110950421E-13,-0.707106781187,-0.707106781187
    ));
#750 = CONICAL_SURFACE('',#751,2.1,0.785398163397);
#751 = AXIS2_PLACEMENT_3D('',#752,#753,#754);
#752 = CARTESIAN_POINT('',(-2.062652818513,-5.114718635162,
    12.549371867901));
#753 = DIRECTION('',(1.,-2.66474069633E-13,-2.054372290742E-17));
#754 = DIRECTION('',(-1.884401482536E-13,-0.707106781187,-0.707106781187
    ));
#755 = ADVANCED_FACE('',(#756),#792,.T.);
#756 = FACE_BOUND('',#757,.T.);
#757 = EDGE_LOOP('',(#758,#769,#777,#786));
#758 = ORIENTED_EDGE('',*,*,#759,.T.);
#759 = EDGE_CURVE('',#760,#762,#764,.T.);
#760 = VERTEX_POINT('',#761);
#761 = CARTESIAN_POINT('',(-1.962652818514,-8.114718635161,
    16.349371867901));
#762 = VERTEX_POINT('',#763);
#763 = CARTESIAN_POINT('',(-1.962652818513,-7.549033210212,
    16.11505729285));
#764 = CIRCLE('',#765,0.8);
#765 = AXIS2_PLACEMENT_3D('',#766,#767,#768);
#766 = CARTESIAN_POINT('',(-1.962652818514,-8.114718635161,
    15.549371867901));
#767 = DIRECTION('',(-1.,2.665319655793E-13,-7.573064690122E-29));
#768 = DIRECTION('',(1.884665602641E-13,0.707106781187,0.707106781187));
#769 = ORIENTED_EDGE('',*,*,#770,.T.);
#770 = EDGE_CURVE('',#762,#771,#773,.T.);
#771 = VERTEX_POINT('',#772);
#772 = CARTESIAN_POINT('',(-2.162652818513,-7.407611853975,
    16.256478649087));
#773 = LINE('',#774,#775);
#774 = CARTESIAN_POINT('',(-2.062652818513,-7.478322532094,
    16.185767970969));
#775 = VECTOR('',#776,1.);
#776 = DIRECTION('',(-0.707106781186,0.5,0.5));
#777 = ORIENTED_EDGE('',*,*,#778,.T.);
#778 = EDGE_CURVE('',#771,#779,#781,.T.);
#779 = VERTEX_POINT('',#780);
#780 = CARTESIAN_POINT('',(-2.162652818514,-8.114718635161,
    16.549371867901));
#781 = CIRCLE('',#782,1.);
#782 = AXIS2_PLACEMENT_3D('',#783,#784,#785);
#783 = CARTESIAN_POINT('',(-2.162652818514,-8.114718635161,
    15.549371867901));
#784 = DIRECTION('',(1.,-2.664927457447E-13,3.921983464651E-17));
#785 = DIRECTION('',(1.884110950421E-13,0.707106781187,0.707106781187));
#786 = ORIENTED_EDGE('',*,*,#787,.T.);
#787 = EDGE_CURVE('',#779,#760,#788,.T.);
#788 = LINE('',#789,#790);
#789 = CARTESIAN_POINT('',(-2.162652818514,-8.114718635161,
    16.549371867901));
#790 = VECTOR('',#791,1.);
#791 = DIRECTION('',(0.707106781187,-1.884110950421E-13,-0.707106781187)
  );
#792 = CONICAL_SURFACE('',#793,0.9,0.785398163397);
#793 = AXIS2_PLACEMENT_3D('',#794,#795,#796);
#794 = CARTESIAN_POINT('',(-2.062652818514,-8.114718635161,
    15.549371867901));
#795 = DIRECTION('',(-1.,2.664709569477E-13,1.743103761738E-17));
#796 = DIRECTION('',(1.884357462519E-13,0.707106781187,0.707106781187));
#797 = ADVANCED_FACE('',(#798),#834,.T.);
#798 = FACE_BOUND('',#799,.T.);
#799 = EDGE_LOOP('',(#800,#811,#819,#828));
#800 = ORIENTED_EDGE('',*,*,#801,.T.);
#801 = EDGE_CURVE('',#802,#804,#806,.T.);
#802 = VERTEX_POINT('',#803);
#803 = CARTESIAN_POINT('',(-1.962652818514,-11.41471863516,
    15.549371867901));
#804 = VERTEX_POINT('',#805);
#805 = CARTESIAN_POINT('',(-1.962652818514,-11.18040406011,
    16.11505729285));
#806 = CIRCLE('',#807,0.8);
#807 = AXIS2_PLACEMENT_3D('',#808,#809,#810);
#808 = CARTESIAN_POINT('',(-1.962652818514,-10.61471863516,
    15.549371867901));
#809 = DIRECTION('',(-1.,2.665319655793E-13,2.271919407037E-28));
#810 = DIRECTION('',(-1.884665602641E-13,-0.707106781187,0.707106781187)
  );
#811 = ORIENTED_EDGE('',*,*,#812,.T.);
#812 = EDGE_CURVE('',#804,#813,#815,.T.);
#813 = VERTEX_POINT('',#814);
#814 = CARTESIAN_POINT('',(-2.162652818514,-11.32182541634,
    16.256478649088));
#815 = LINE('',#816,#817);
#816 = CARTESIAN_POINT('',(-2.062652818514,-11.25111473822,
    16.185767970969));
#817 = VECTOR('',#818,1.);
#818 = DIRECTION('',(-0.707106781187,-0.5,0.5));
#819 = ORIENTED_EDGE('',*,*,#820,.T.);
#820 = EDGE_CURVE('',#813,#821,#823,.T.);
#821 = VERTEX_POINT('',#822);
#822 = CARTESIAN_POINT('',(-2.162652818515,-11.61471863516,
    15.549371867901));
#823 = CIRCLE('',#824,1.);
#824 = AXIS2_PLACEMENT_3D('',#825,#826,#827);
#825 = CARTESIAN_POINT('',(-2.162652818514,-10.61471863516,
    15.549371867901));
#826 = DIRECTION('',(1.,-2.664927457447E-13,-3.921983464663E-17));
#827 = DIRECTION('',(-1.884110950421E-13,-0.707106781187,0.707106781187)
  );
#828 = ORIENTED_EDGE('',*,*,#829,.T.);
#829 = EDGE_CURVE('',#821,#802,#830,.T.);
#830 = LINE('',#831,#832);
#831 = CARTESIAN_POINT('',(-2.162652818515,-11.61471863516,
    15.549371867901));
#832 = VECTOR('',#833,1.);
#833 = DIRECTION('',(0.707106781187,0.707106781186,0.));
#834 = CONICAL_SURFACE('',#835,0.9,0.785398163397);
#835 = AXIS2_PLACEMENT_3D('',#836,#837,#838);
#836 = CARTESIAN_POINT('',(-2.062652818514,-10.61471863516,
    15.549371867901));
#837 = DIRECTION('',(-1.,2.664709569477E-13,-1.743103761799E-17));
#838 = DIRECTION('',(-1.884357462519E-13,-0.707106781187,0.707106781187)
  );
#839 = ADVANCED_FACE('',(#840),#876,.T.);
#840 = FACE_BOUND('',#841,.T.);
#841 = EDGE_LOOP('',(#842,#853,#861,#870));
#842 = ORIENTED_EDGE('',*,*,#843,.T.);
#843 = EDGE_CURVE('',#844,#846,#848,.T.);
#844 = VERTEX_POINT('',#845);
#845 = CARTESIAN_POINT('',(-1.962652818514,-10.61471863514,
    9.049371867827));
#846 = VERTEX_POINT('',#847);
#847 = CARTESIAN_POINT('',(-1.962652818514,-11.1804040601,9.283686442872
    ));
#848 = CIRCLE('',#849,0.8);
#849 = AXIS2_PLACEMENT_3D('',#850,#851,#852);
#850 = CARTESIAN_POINT('',(-1.962652818514,-10.61471863516,
    9.849371867827));
#851 = DIRECTION('',(-1.,2.665319655793E-13,1.262177448354E-28));
#852 = DIRECTION('',(-1.884665602622E-13,-0.707106781179,-0.707106781194
    ));
#853 = ORIENTED_EDGE('',*,*,#854,.T.);
#854 = EDGE_CURVE('',#846,#855,#857,.T.);
#855 = VERTEX_POINT('',#856);
#856 = CARTESIAN_POINT('',(-2.162652818514,-11.32182541634,
    9.142265086633));
#857 = LINE('',#858,#859);
#858 = CARTESIAN_POINT('',(-2.062652818514,-11.25111473822,
    9.212975764753));
#859 = VECTOR('',#860,1.);
#860 = DIRECTION('',(-0.707106781187,-0.499999999995,-0.500000000005));
#861 = ORIENTED_EDGE('',*,*,#862,.T.);
#862 = EDGE_CURVE('',#855,#863,#865,.T.);
#863 = VERTEX_POINT('',#864);
#864 = CARTESIAN_POINT('',(-2.162652818514,-10.61471863514,
    8.849371867827));
#865 = CIRCLE('',#866,1.);
#866 = AXIS2_PLACEMENT_3D('',#867,#868,#869);
#867 = CARTESIAN_POINT('',(-2.162652818514,-10.61471863516,
    9.849371867827));
#868 = DIRECTION('',(1.,-2.664927457474E-13,3.921983190526E-17));
#869 = DIRECTION('',(-1.88411095044E-13,-0.707106781179,-0.707106781194)
  );
#870 = ORIENTED_EDGE('',*,*,#871,.T.);
#871 = EDGE_CURVE('',#863,#844,#872,.T.);
#872 = LINE('',#873,#874);
#873 = CARTESIAN_POINT('',(-2.162652818514,-10.61471863514,
    8.849371867827));
#874 = VECTOR('',#875,1.);
#875 = DIRECTION('',(0.707106781187,-1.473531772475E-11,0.707106781187)
  );
#876 = CONICAL_SURFACE('',#877,0.9,0.785398163397);
#877 = AXIS2_PLACEMENT_3D('',#878,#879,#880);
#878 = CARTESIAN_POINT('',(-2.062652818514,-10.61471863516,
    9.849371867827));
#879 = DIRECTION('',(-1.,2.664709569492E-13,1.743103914052E-17));
#880 = DIRECTION('',(-1.884357462521E-13,-0.707106781179,-0.707106781194
    ));
#881 = ADVANCED_FACE('',(#882),#909,.T.);
#882 = FACE_BOUND('',#883,.T.);
#883 = EDGE_LOOP('',(#884,#894,#902));
#884 = ORIENTED_EDGE('',*,*,#885,.F.);
#885 = EDGE_CURVE('',#886,#888,#890,.T.);
#886 = VERTEX_POINT('',#887);
#887 = CARTESIAN_POINT('',(-1.962652818506,22.116869408176,
    10.049371867901));
#888 = VERTEX_POINT('',#889);
#889 = CARTESIAN_POINT('',(-2.162652818506,22.116869408176,
    9.849371867901));
#890 = LINE('',#891,#892);
#891 = CARTESIAN_POINT('',(-1.962652818506,22.116869408176,
    10.049371867901));
#892 = VECTOR('',#893,1.);
#893 = DIRECTION('',(-0.707106781187,1.884110950421E-13,-0.707106781187)
  );
#894 = ORIENTED_EDGE('',*,*,#895,.T.);
#895 = EDGE_CURVE('',#886,#896,#898,.T.);
#896 = VERTEX_POINT('',#897);
#897 = CARTESIAN_POINT('',(-2.162652818506,21.975448051939,
    9.907950511663));
#898 = LINE('',#899,#900);
#899 = CARTESIAN_POINT('',(-2.162652818506,21.975448051938,
    9.907950511664));
#900 = VECTOR('',#901,1.);
#901 = DIRECTION('',(-0.707106781187,-0.5,-0.5));
#902 = ORIENTED_EDGE('',*,*,#903,.T.);
#903 = EDGE_CURVE('',#896,#888,#904,.T.);
#904 = CIRCLE('',#905,0.2);
#905 = AXIS2_PLACEMENT_3D('',#906,#907,#908);
#906 = CARTESIAN_POINT('',(-2.162652818506,22.116869408176,
    10.049371867901));
#907 = DIRECTION('',(1.,-2.670135769133E-13,9.785893707428E-17));
#908 = DIRECTION('',(-1.887379141863E-13,-0.707106781187,-0.707106781187
    ));
#909 = CONICAL_SURFACE('',#910,0.2,0.785398163397);
#910 = AXIS2_PLACEMENT_3D('',#911,#912,#913);
#911 = CARTESIAN_POINT('',(-2.162652818506,22.116869408176,
    10.049371867901));
#912 = DIRECTION('',(-1.,2.670135769133E-13,-9.785893707426E-17));
#913 = DIRECTION('',(-1.887379141863E-13,-0.707106781187,-0.707106781187
    ));
#914 = ADVANCED_FACE('',(#915),#941,.T.);
#915 = FACE_BOUND('',#916,.T.);
#916 = EDGE_LOOP('',(#917,#918,#926,#935));
#917 = ORIENTED_EDGE('',*,*,#862,.F.);
#918 = ORIENTED_EDGE('',*,*,#919,.T.);
#919 = EDGE_CURVE('',#855,#920,#922,.T.);
#920 = VERTEX_POINT('',#921);
#921 = CARTESIAN_POINT('',(-7.569759599757,-11.32182541633,
    9.142265086634));
#922 = LINE('',#923,#924);
#923 = CARTESIAN_POINT('',(-1.962652818514,-11.32182541634,
    9.142265086634));
#924 = VECTOR('',#925,1.);
#925 = DIRECTION('',(-1.,2.664535259122E-13,3.33174456687E-24));
#926 = ORIENTED_EDGE('',*,*,#927,.T.);
#927 = EDGE_CURVE('',#920,#928,#930,.T.);
#928 = VERTEX_POINT('',#929);
#929 = CARTESIAN_POINT('',(-7.862652818514,-10.61471863513,8.84937186793
    ));
#930 = ( BOUNDED_CURVE() B_SPLINE_CURVE(3,(#931,#932,#933,#934),
.UNSPECIFIED.,.F.,.F.) B_SPLINE_CURVE_WITH_KNOTS((4,4),(5.497787143792,
6.2831853072),.PIECEWISE_BEZIER_KNOTS.) CURVE() 
GEOMETRIC_REPRESENTATION_ITEM() RATIONAL_B_SPLINE_CURVE((1.,
0.949253021673,0.949253021673,1.)) REPRESENTATION_ITEM('') );
#931 = CARTESIAN_POINT('',(-7.569759599757,-11.32182541633,
    9.142265086634));
#932 = CARTESIAN_POINT('',(-7.759802397547,-11.13178261854,
    8.952222288844));
#933 = CARTESIAN_POINT('',(-7.862652818569,-10.8834797372,8.849371867822
    ));
#934 = CARTESIAN_POINT('',(-7.862652818514,-10.61471863513,8.84937186793
    ));
#935 = ORIENTED_EDGE('',*,*,#936,.T.);
#936 = EDGE_CURVE('',#928,#863,#937,.T.);
#937 = LINE('',#938,#939);
#938 = CARTESIAN_POINT('',(-1.962652818514,-10.61471863514,
    8.849371867827));
#939 = VECTOR('',#940,1.);
#940 = DIRECTION('',(1.,-2.664535259089E-13,0.));
#941 = CYLINDRICAL_SURFACE('',#942,1.);
#942 = AXIS2_PLACEMENT_3D('',#943,#944,#945);
#943 = CARTESIAN_POINT('',(-1.962652818514,-10.61471863516,
    9.849371867827));
#944 = DIRECTION('',(-1.,2.664535259122E-13,3.33174456687E-24));
#945 = DIRECTION('',(-1.88411095044E-13,-0.707106781179,-0.707106781194)
  );
#946 = ADVANCED_FACE('',(#947),#973,.T.);
#947 = FACE_BOUND('',#948,.T.);
#948 = EDGE_LOOP('',(#949,#950,#958,#967));
#949 = ORIENTED_EDGE('',*,*,#820,.F.);
#950 = ORIENTED_EDGE('',*,*,#951,.T.);
#951 = EDGE_CURVE('',#813,#952,#954,.T.);
#952 = VERTEX_POINT('',#953);
#953 = CARTESIAN_POINT('',(-2.962652818514,-11.32182541634,
    16.256478649087));
#954 = LINE('',#955,#956);
#955 = CARTESIAN_POINT('',(-1.962652818514,-11.32182541634,
    16.256478649088));
#956 = VECTOR('',#957,1.);
#957 = DIRECTION('',(-1.,2.664535259094E-13,-5.90345636144E-25));
#958 = ORIENTED_EDGE('',*,*,#959,.T.);
#959 = EDGE_CURVE('',#952,#960,#962,.T.);
#960 = VERTEX_POINT('',#961);
#961 = CARTESIAN_POINT('',(-2.962652818515,-11.61471863516,
    15.549371867901));
#962 = CIRCLE('',#963,1.);
#963 = AXIS2_PLACEMENT_3D('',#964,#965,#966);
#964 = CARTESIAN_POINT('',(-2.962652818514,-10.61471863516,
    15.549371867901));
#965 = DIRECTION('',(1.,-2.6645352591E-13,-6.310887241768E-28));
#966 = DIRECTION('',(-1.884110950421E-13,-0.707106781187,0.707106781187)
  );
#967 = ORIENTED_EDGE('',*,*,#968,.T.);
#968 = EDGE_CURVE('',#960,#821,#969,.T.);
#969 = LINE('',#970,#971);
#970 = CARTESIAN_POINT('',(-1.962652818515,-11.61471863516,
    15.549371867901));
#971 = VECTOR('',#972,1.);
#972 = DIRECTION('',(1.,-2.664535259089E-13,0.));
#973 = CYLINDRICAL_SURFACE('',#974,1.);
#974 = AXIS2_PLACEMENT_3D('',#975,#976,#977);
#975 = CARTESIAN_POINT('',(-1.962652818514,-10.61471863516,
    15.549371867901));
#976 = DIRECTION('',(-1.,2.664535259094E-13,-5.90345636144E-25));
#977 = DIRECTION('',(-1.884110950421E-13,-0.707106781187,0.707106781187)
  );
#978 = ADVANCED_FACE('',(#979),#1005,.T.);
#979 = FACE_BOUND('',#980,.T.);
#980 = EDGE_LOOP('',(#981,#982,#990,#999));
#981 = ORIENTED_EDGE('',*,*,#778,.F.);
#982 = ORIENTED_EDGE('',*,*,#983,.T.);
#983 = EDGE_CURVE('',#771,#984,#986,.T.);
#984 = VERTEX_POINT('',#985);
#985 = CARTESIAN_POINT('',(-2.962652818513,-7.407611853975,
    16.256478649088));
#986 = LINE('',#987,#988);
#987 = CARTESIAN_POINT('',(-1.962652818513,-7.407611853975,
    16.256478649088));
#988 = VECTOR('',#989,1.);
#989 = DIRECTION('',(-1.,2.6645352591E-13,-5.048709793414E-28));
#990 = ORIENTED_EDGE('',*,*,#991,.T.);
#991 = EDGE_CURVE('',#984,#992,#994,.T.);
#992 = VERTEX_POINT('',#993);
#993 = CARTESIAN_POINT('',(-2.962652818514,-8.114718635161,
    16.549371867901));
#994 = CIRCLE('',#995,1.);
#995 = AXIS2_PLACEMENT_3D('',#996,#997,#998);
#996 = CARTESIAN_POINT('',(-2.962652818514,-8.114718635161,
    15.549371867901));
#997 = DIRECTION('',(1.,-2.6645352591E-13,5.048709793414E-28));
#998 = DIRECTION('',(1.884110950421E-13,0.707106781187,0.707106781187));
#999 = ORIENTED_EDGE('',*,*,#1000,.T.);
#1000 = EDGE_CURVE('',#992,#779,#1001,.T.);
#1001 = LINE('',#1002,#1003);
#1002 = CARTESIAN_POINT('',(-1.962652818514,-8.114718635161,
    16.549371867901));
#1003 = VECTOR('',#1004,1.);
#1004 = DIRECTION('',(1.,-2.6645352591E-13,0.));
#1005 = CYLINDRICAL_SURFACE('',#1006,1.);
#1006 = AXIS2_PLACEMENT_3D('',#1007,#1008,#1009);
#1007 = CARTESIAN_POINT('',(-1.962652818514,-8.114718635161,
    15.549371867901));
#1008 = DIRECTION('',(-1.,2.6645352591E-13,-5.048709793414E-28));
#1009 = DIRECTION('',(1.884110950421E-13,0.707106781187,0.707106781187)
  );
#1010 = ADVANCED_FACE('',(#1011),#1060,.F.);
#1011 = FACE_BOUND('',#1012,.F.);
#1012 = EDGE_LOOP('',(#1013,#1021,#1022,#1030));
#1013 = ORIENTED_EDGE('',*,*,#1014,.F.);
#1014 = EDGE_CURVE('',#718,#1015,#1017,.T.);
#1015 = VERTEX_POINT('',#1016);
#1016 = CARTESIAN_POINT('',(-6.962652818513,-5.11471863516,
    10.549371867901));
#1017 = LINE('',#1018,#1019);
#1018 = CARTESIAN_POINT('',(-1.962652818513,-5.114718635162,
    10.549371867901));
#1019 = VECTOR('',#1020,1.);
#1020 = DIRECTION('',(-1.,2.6645352591E-13,0.));
#1021 = ORIENTED_EDGE('',*,*,#744,.T.);
#1022 = ORIENTED_EDGE('',*,*,#1023,.F.);
#1023 = EDGE_CURVE('',#1024,#737,#1026,.T.);
#1024 = VERTEX_POINT('',#1025);
#1025 = CARTESIAN_POINT('',(-4.878468153264,-6.528419675692,
    11.135276133659));
#1026 = LINE('',#1027,#1028);
#1027 = CARTESIAN_POINT('',(-1.962652818513,-6.528932197535,
    11.135158305528));
#1028 = VECTOR('',#1029,1.);
#1029 = DIRECTION('',(1.,-2.6645352591E-13,1.262177448354E-28));
#1030 = ORIENTED_EDGE('',*,*,#1031,.F.);
#1031 = EDGE_CURVE('',#1015,#1024,#1032,.T.);
#1032 = B_SPLINE_CURVE_WITH_KNOTS('',3,(#1033,#1034,#1035,#1036,#1037,
    #1038,#1039,#1040,#1041,#1042,#1043,#1044,#1045,#1046,#1047,#1048,
    #1049,#1050,#1051,#1052,#1053,#1054,#1055,#1056,#1057,#1058,#1059),
  .UNSPECIFIED.,.F.,.F.,(4,2,2,2,2,2,1,1,2,2,2,2,2,1,4),(0.,
    0.137801381683,0.206702072525,0.241152417946,0.249765004301,
    0.25191815089,0.254071297478,0.258377590656,0.275602763366,
    0.41340414505,0.482304835891,0.499530008601,0.508142594957,
    0.516755181312,0.551205526733),.UNSPECIFIED.);
#1033 = CARTESIAN_POINT('',(-6.962652818513,-5.11471863516,
    10.549371867901));
#1034 = CARTESIAN_POINT('',(-6.724707598561,-5.282971313739,
    10.549371867901));
#1035 = CARTESIAN_POINT('',(-6.521021160874,-5.427286859507,
    10.570215312237));
#1036 = CARTESIAN_POINT('',(-6.266879677741,-5.605234487119,
    10.609504838785));
#1037 = CARTESIAN_POINT('',(-6.190730545596,-5.658231700722,
    10.624014810586));
#1038 = CARTESIAN_POINT('',(-6.089353890729,-5.728533170628,
    10.645735012118));
#1039 = CARTESIAN_POINT('',(-6.057702846331,-5.750437194663,
    10.652973004868));
#1040 = CARTESIAN_POINT('',(-6.020815508198,-5.775947670387,
    10.661832375894));
#1041 = CARTESIAN_POINT('',(-6.01357186394,-5.780956306881,
    10.663594946882));
#1042 = CARTESIAN_POINT('',(-6.004684587827,-5.787100985786,
    10.665783888403));
#1043 = CARTESIAN_POINT('',(-6.000647689713,-5.789891830372,
    10.666781519322));
#1044 = CARTESIAN_POINT('',(-5.994400768867,-5.794209391121,
    10.668335563982));
#1045 = CARTESIAN_POINT('',(-5.9850410258,-5.800677058933,
    10.670676097222));
#1046 = CARTESIAN_POINT('',(-5.950838988111,-5.824296212813,
    10.679361501677));
#1047 = CARTESIAN_POINT('',(-5.92010083331,-5.845476951401,
    10.687566668956));
#1048 = CARTESIAN_POINT('',(-5.700828653531,-5.996272275033,
    10.748331230702));
#1049 = CARTESIAN_POINT('',(-5.520444741125,-6.118043896714,
    10.814294035536));
#1050 = CARTESIAN_POINT('',(-5.27165591028,-6.281338220679,
    10.923552717782));
#1051 = CARTESIAN_POINT('',(-5.192357472959,-6.332568655011,
    10.961700970386));
#1052 = CARTESIAN_POINT('',(-5.097773392509,-6.392673173298,
    11.0108422792));
#1053 = CARTESIAN_POINT('',(-5.079083524729,-6.404497766318,
    11.020743604016));
#1054 = CARTESIAN_POINT('',(-5.051389145524,-6.421942506769,
    11.035692775895));
#1055 = CARTESIAN_POINT('',(-5.039851861652,-6.429193274886,
    11.041979549873));
#1056 = CARTESIAN_POINT('',(-5.019074387049,-6.442213583116,
    11.053433252154));
#1057 = CARTESIAN_POINT('',(-4.967468634553,-6.474467134646,
    11.082181529151));
#1058 = CARTESIAN_POINT('',(-4.917552552129,-6.505238993816,
    11.111465307011));
#1059 = CARTESIAN_POINT('',(-4.878468153264,-6.528419675692,
    11.135276133659));
#1060 = CYLINDRICAL_SURFACE('',#1061,2.);
#1061 = AXIS2_PLACEMENT_3D('',#1062,#1063,#1064);
#1062 = CARTESIAN_POINT('',(-1.962652818513,-5.114718635162,
    12.549371867901));
#1063 = DIRECTION('',(1.,-2.6645352591E-13,1.262177448354E-28));
#1064 = DIRECTION('',(-1.884110950421E-13,-0.707106781187,
    -0.707106781187));
#1065 = ADVANCED_FACE('',(#1066),#1100,.F.);
#1066 = FACE_BOUND('',#1067,.F.);
#1067 = EDGE_LOOP('',(#1068,#1078,#1087,#1093));
#1068 = ORIENTED_EDGE('',*,*,#1069,.F.);
#1069 = EDGE_CURVE('',#1070,#1072,#1074,.T.);
#1070 = VERTEX_POINT('',#1071);
#1071 = CARTESIAN_POINT('',(-3.462652818511,2.212210969749,
    10.549371867901));
#1072 = VERTEX_POINT('',#1073);
#1073 = CARTESIAN_POINT('',(-2.162652818511,2.212210969749,
    10.549371867901));
#1074 = LINE('',#1075,#1076);
#1075 = CARTESIAN_POINT('',(-1.962652818511,2.212210969749,
    10.549371867901));
#1076 = VECTOR('',#1077,1.);
#1077 = DIRECTION('',(1.,-2.6645352591E-13,0.));
#1078 = ORIENTED_EDGE('',*,*,#1079,.F.);
#1079 = EDGE_CURVE('',#1080,#1070,#1082,.T.);
#1080 = VERTEX_POINT('',#1081);
#1081 = CARTESIAN_POINT('',(-3.462652818511,2.565764360343,
    11.402925258494));
#1082 = CIRCLE('',#1083,0.5);
#1083 = AXIS2_PLACEMENT_3D('',#1084,#1085,#1086);
#1084 = CARTESIAN_POINT('',(-3.462652818511,2.212210969749,
    11.049371867901));
#1085 = DIRECTION('',(-1.,2.664927457447E-13,-3.921983464557E-17));
#1086 = DIRECTION('',(1.884110950421E-13,0.707106781187,0.707106781187)
  );
#1087 = ORIENTED_EDGE('',*,*,#1088,.F.);
#1088 = EDGE_CURVE('',#695,#1080,#1089,.T.);
#1089 = LINE('',#1090,#1091);
#1090 = CARTESIAN_POINT('',(-1.962652818511,2.565764360342,
    11.402925258494));
#1091 = VECTOR('',#1092,1.);
#1092 = DIRECTION('',(-1.,2.6645352591E-13,4.038967834732E-28));
#1093 = ORIENTED_EDGE('',*,*,#1094,.T.);
#1094 = EDGE_CURVE('',#695,#1072,#1095,.T.);
#1095 = CIRCLE('',#1096,0.5);
#1096 = AXIS2_PLACEMENT_3D('',#1097,#1098,#1099);
#1097 = CARTESIAN_POINT('',(-2.162652818511,2.212210969749,
    11.049371867901));
#1098 = DIRECTION('',(-1.,2.664927457447E-13,-3.921983464557E-17));
#1099 = DIRECTION('',(1.884110950421E-13,0.707106781187,0.707106781187)
  );
#1100 = CYLINDRICAL_SURFACE('',#1101,0.5);
#1101 = AXIS2_PLACEMENT_3D('',#1102,#1103,#1104);
#1102 = CARTESIAN_POINT('',(-1.962652818511,2.212210969749,
    11.049371867901));
#1103 = DIRECTION('',(-1.,2.6645352591E-13,4.038967834732E-28));
#1104 = DIRECTION('',(1.884110950421E-13,0.707106781187,0.707106781187)
  );
#1105 = ADVANCED_FACE('',(#1106),#1132,.T.);
#1106 = FACE_BOUND('',#1107,.T.);
#1107 = EDGE_LOOP('',(#1108,#1109,#1117,#1126));
#1108 = ORIENTED_EDGE('',*,*,#652,.F.);
#1109 = ORIENTED_EDGE('',*,*,#1110,.T.);
#1110 = EDGE_CURVE('',#645,#1111,#1113,.T.);
#1111 = VERTEX_POINT('',#1112);
#1112 = CARTESIAN_POINT('',(-3.462652818513,-5.375378806959,
    14.110032039681));
#1113 = LINE('',#1114,#1115);
#1114 = CARTESIAN_POINT('',(-1.962652818513,-5.375378806959,
    14.110032039681));
#1115 = VECTOR('',#1116,1.);
#1116 = DIRECTION('',(-1.,2.6645352591E-13,5.160903344379E-28));
#1117 = ORIENTED_EDGE('',*,*,#1118,.T.);
#1118 = EDGE_CURVE('',#1111,#1119,#1121,.T.);
#1119 = VERTEX_POINT('',#1120);
#1120 = CARTESIAN_POINT('',(-3.462652818513,-4.314718635179,
    11.549371867901));
#1121 = CIRCLE('',#1122,1.5);
#1122 = AXIS2_PLACEMENT_3D('',#1123,#1124,#1125);
#1123 = CARTESIAN_POINT('',(-3.462652818513,-4.314718635179,
    13.049371867901));
#1124 = DIRECTION('',(1.,-2.664927457447E-13,3.92198346461E-17));
#1125 = DIRECTION('',(-1.884110950421E-13,-0.707106781187,
    -0.707106781187));
#1126 = ORIENTED_EDGE('',*,*,#1127,.T.);
#1127 = EDGE_CURVE('',#1119,#653,#1128,.T.);
#1128 = LINE('',#1129,#1130);
#1129 = CARTESIAN_POINT('',(-1.962652818513,-4.314718635179,
    11.549371867901));
#1130 = VECTOR('',#1131,1.);
#1131 = DIRECTION('',(1.,-2.6645352591E-13,0.));
#1132 = CYLINDRICAL_SURFACE('',#1133,1.5);
#1133 = AXIS2_PLACEMENT_3D('',#1134,#1135,#1136);
#1134 = CARTESIAN_POINT('',(-1.962652818513,-4.314718635179,
    13.049371867901));
#1135 = DIRECTION('',(-1.,2.6645352591E-13,5.160903344379E-28));
#1136 = DIRECTION('',(-1.884110950421E-13,-0.707106781187,0.707106781187
    ));
#1137 = ADVANCED_FACE('',(#1138),#1179,.F.);
#1138 = FACE_BOUND('',#1139,.F.);
#1139 = EDGE_LOOP('',(#1140,#1157,#1163,#1164,#1172));
#1140 = ORIENTED_EDGE('',*,*,#1141,.T.);
#1141 = EDGE_CURVE('',#1142,#1144,#1146,.T.);
#1142 = VERTEX_POINT('',#1143);
#1143 = CARTESIAN_POINT('',(-3.897899967691,6.523784565121,
    14.824626996509));
#1144 = VERTEX_POINT('',#1145);
#1145 = CARTESIAN_POINT('',(-3.532169516384,6.956797270772,
    15.299371874413));
#1146 = B_SPLINE_CURVE_WITH_KNOTS('',3,(#1147,#1148,#1149,#1150,#1151,
    #1152,#1153,#1154,#1155,#1156),.UNSPECIFIED.,.F.,.F.,(4,2,2,2,4),(0.
    ,0.25,0.375,0.5,1.),.UNSPECIFIED.);
#1147 = CARTESIAN_POINT('',(-3.897899967691,6.523784565121,
    14.824626996509));
#1148 = CARTESIAN_POINT('',(-3.865590310717,6.561571922258,
    14.851346692984));
#1149 = CARTESIAN_POINT('',(-3.832585758594,6.598702642912,
    14.880037577568));
#1150 = CARTESIAN_POINT('',(-3.783261526163,6.653741871503,
    14.927280466924));
#1151 = CARTESIAN_POINT('',(-3.766853675084,6.671978215289,
    14.943727187147));
#1152 = CARTESIAN_POINT('',(-3.734347782386,6.708269560727,
    14.978199892219));
#1153 = CARTESIAN_POINT('',(-3.71922789986,6.725212609173,
    14.995056799554));
#1154 = CARTESIAN_POINT('',(-3.635293733419,6.820646392275,
    15.095380909656));
#1155 = CARTESIAN_POINT('',(-3.575428483549,6.893106593342,
    15.189056383858));
#1156 = CARTESIAN_POINT('',(-3.532169516384,6.956797270772,
    15.299371874413));
#1157 = ORIENTED_EDGE('',*,*,#1158,.F.);
#1158 = EDGE_CURVE('',#578,#1144,#1159,.T.);
#1159 = LINE('',#1160,#1161);
#1160 = CARTESIAN_POINT('',(-1.96265281851,6.956797267012,
    15.299371867901));
#1161 = VECTOR('',#1162,1.);
#1162 = DIRECTION('',(-1.,2.6645352591E-13,0.));
#1163 = ORIENTED_EDGE('',*,*,#618,.T.);
#1164 = ORIENTED_EDGE('',*,*,#1165,.F.);
#1165 = EDGE_CURVE('',#1166,#611,#1168,.T.);
#1166 = VERTEX_POINT('',#1167);
#1167 = CARTESIAN_POINT('',(-3.997851350078,6.407697228506,
    14.750353215398));
#1168 = LINE('',#1169,#1170);
#1169 = CARTESIAN_POINT('',(-1.96265281851,6.407759161336,
    14.750333762224));
#1170 = VECTOR('',#1171,1.);
#1171 = DIRECTION('',(1.,-2.665028508938E-13,8.543337800223E-17));
#1172 = ORIENTED_EDGE('',*,*,#1173,.T.);
#1173 = EDGE_CURVE('',#1166,#1142,#1174,.T.);
#1174 = B_SPLINE_CURVE_WITH_KNOTS('',3,(#1175,#1176,#1177,#1178),
  .UNSPECIFIED.,.F.,.F.,(4,4),(0.842807870376,1.),
  .PIECEWISE_BEZIER_KNOTS.);
#1175 = CARTESIAN_POINT('',(-3.997851350078,6.407697228506,
    14.750353215398));
#1176 = CARTESIAN_POINT('',(-3.961938978669,6.44906857346,
    14.774252966097));
#1177 = CARTESIAN_POINT('',(-3.928671614066,6.487774935929,
    14.79917898429));
#1178 = CARTESIAN_POINT('',(-3.897899967691,6.523784565121,
    14.824626996509));
#1179 = CYLINDRICAL_SURFACE('',#1180,1.5);
#1180 = AXIS2_PLACEMENT_3D('',#1181,#1182,#1183);
#1181 = CARTESIAN_POINT('',(-1.96265281851,5.657759161336,
    16.049371867901));
#1182 = DIRECTION('',(1.,-2.665028508938E-13,8.543337800223E-17));
#1183 = DIRECTION('',(1.333254129226E-13,0.5,-0.866025403784));
#1184 = ADVANCED_FACE('',(#1185),#1215,.T.);
#1185 = FACE_BOUND('',#1186,.T.);
#1186 = EDGE_LOOP('',(#1187,#1188,#1196,#1205,#1214));
#1187 = ORIENTED_EDGE('',*,*,#577,.F.);
#1188 = ORIENTED_EDGE('',*,*,#1189,.T.);
#1189 = EDGE_CURVE('',#570,#1190,#1192,.T.);
#1190 = VERTEX_POINT('',#1191);
#1191 = CARTESIAN_POINT('',(-3.462652818509,7.505835372689,
    15.848409973578));
#1192 = LINE('',#1193,#1194);
#1193 = CARTESIAN_POINT('',(-1.962652818509,7.505835372689,
    15.848409973578));
#1194 = VECTOR('',#1195,1.);
#1195 = DIRECTION('',(-1.,2.665028508938E-13,-8.543337800223E-17));
#1196 = ORIENTED_EDGE('',*,*,#1197,.T.);
#1197 = EDGE_CURVE('',#1190,#1198,#1200,.T.);
#1198 = VERTEX_POINT('',#1199);
#1199 = CARTESIAN_POINT('',(-3.46265281851,7.229491206208,
    15.643272069899));
#1200 = CIRCLE('',#1201,1.5);
#1201 = AXIS2_PLACEMENT_3D('',#1202,#1203,#1204);
#1202 = CARTESIAN_POINT('',(-3.462652818509,8.255835372689,
    14.549371867901));
#1203 = DIRECTION('',(1.,-2.665616806458E-13,5.146800486658E-17));
#1204 = DIRECTION('',(-1.333254129226E-13,-0.5,0.866025403784));
#1205 = ORIENTED_EDGE('',*,*,#1206,.F.);
#1206 = EDGE_CURVE('',#1144,#1198,#1207,.T.);
#1207 = B_SPLINE_CURVE_WITH_KNOTS('',3,(#1208,#1209,#1210,#1211,#1212,
    #1213),.UNSPECIFIED.,.F.,.F.,(4,2,4),(0.199920570018,0.208133703954,
    0.213716470124),.UNSPECIFIED.);
#1208 = CARTESIAN_POINT('',(-3.532169516384,6.956797270772,
    15.299371874413));
#1209 = CARTESIAN_POINT('',(-3.50374538259,6.9986464524,15.371856782407)
  );
#1210 = CARTESIAN_POINT('',(-3.484467796468,7.047960527122,
    15.443204642942));
#1211 = CARTESIAN_POINT('',(-3.466100368525,7.143704581792,
    15.557744129978));
#1212 = CARTESIAN_POINT('',(-3.46265281851,7.185319664585,
    15.601828431816));
#1213 = CARTESIAN_POINT('',(-3.46265281851,7.229491206208,
    15.643272069899));
#1214 = ORIENTED_EDGE('',*,*,#1158,.F.);
#1215 = CYLINDRICAL_SURFACE('',#1216,1.5);
#1216 = AXIS2_PLACEMENT_3D('',#1217,#1218,#1219);
#1217 = CARTESIAN_POINT('',(-1.962652818509,8.255835372689,
    14.549371867901));
#1218 = DIRECTION('',(-1.,2.665028508938E-13,-8.543337800223E-17));
#1219 = DIRECTION('',(-1.333254129226E-13,-0.5,0.866025403784));
#1220 = ADVANCED_FACE('',(#1221),#1276,.F.);
#1221 = FACE_BOUND('',#1222,.F.);
#1222 = EDGE_LOOP('',(#1223,#1233,#1251,#1263,#1269));
#1223 = ORIENTED_EDGE('',*,*,#1224,.T.);
#1224 = EDGE_CURVE('',#1225,#1227,#1229,.T.);
#1225 = VERTEX_POINT('',#1226);
#1226 = CARTESIAN_POINT('',(-2.162652818508,12.379455704415,
    15.449371867901));
#1227 = VERTEX_POINT('',#1228);
#1228 = CARTESIAN_POINT('',(-3.61137828719,12.379455698497,
    15.449371875792));
#1229 = LINE('',#1230,#1231);
#1230 = CARTESIAN_POINT('',(-1.962652818508,12.379455704415,
    15.449371867901));
#1231 = VECTOR('',#1232,1.);
#1232 = DIRECTION('',(-1.,2.6645352591E-13,0.));
#1233 = ORIENTED_EDGE('',*,*,#1234,.F.);
#1234 = EDGE_CURVE('',#1235,#1227,#1237,.T.);
#1235 = VERTEX_POINT('',#1236);
#1236 = CARTESIAN_POINT('',(-3.89789996769,12.713430300631,
    15.124626996509));
#1237 = B_SPLINE_CURVE_WITH_KNOTS('',3,(#1238,#1239,#1240,#1241,#1242,
    #1243,#1244,#1245,#1246,#1247,#1248,#1249,#1250),.UNSPECIFIED.,.F.,
  .F.,(4,2,2,1,2,2,4),(0.,0.25,0.375,0.4375,0.46875,0.5,1.),
  .UNSPECIFIED.);
#1238 = CARTESIAN_POINT('',(-3.89789996769,12.713430300631,
    15.124626996509));
#1239 = CARTESIAN_POINT('',(-3.865528000723,12.675570069618,
    15.151398222596));
#1240 = CARTESIAN_POINT('',(-3.836736672042,12.642556544262,
    15.177352504976));
#1241 = CARTESIAN_POINT('',(-3.798920636449,12.599463575032,
    15.21360438193));
#1242 = CARTESIAN_POINT('',(-3.787210450823,12.586170165791,
    15.225246332536));
#1243 = CARTESIAN_POINT('',(-3.770987911741,12.567733601986,
    15.241903140315));
#1244 = CARTESIAN_POINT('',(-3.763212327039,12.558891275963,
    15.250030396217));
#1245 = CARTESIAN_POINT('',(-3.755940269597,12.55059442617,
    15.257832421399));
#1246 = CARTESIAN_POINT('',(-3.751204126248,12.545182431597,
    15.262959105515));
#1247 = CARTESIAN_POINT('',(-3.749986658625,12.543791575186,
    15.264278217309));
#1248 = CARTESIAN_POINT('',(-3.693022492417,12.478456091891,
    15.327082696492));
#1249 = CARTESIAN_POINT('',(-3.647936646375,12.425266306965,
    15.388291063665));
#1250 = CARTESIAN_POINT('',(-3.61137828719,12.379455698497,
    15.449371875792));
#1251 = ORIENTED_EDGE('',*,*,#1252,.F.);
#1252 = EDGE_CURVE('',#1253,#1235,#1255,.T.);
#1253 = VERTEX_POINT('',#1254);
#1254 = CARTESIAN_POINT('',(-3.997850738122,12.829517070125,
    15.05036005682));
#1255 = B_SPLINE_CURVE_WITH_KNOTS('',3,(#1256,#1257,#1258,#1259,#1260,
    #1261,#1262),.UNSPECIFIED.,.F.,.F.,(4,2,1,4),(0.857297754595,
    0.892973315946,0.928648877297,1.),.UNSPECIFIED.);
#1256 = CARTESIAN_POINT('',(-3.997850738122,12.829517070125,
    15.05036005682));
#1257 = CARTESIAN_POINT('',(-3.990240647441,12.820634902022,
    15.05542644109));
#1258 = CARTESIAN_POINT('',(-3.980454833232,12.809347092128,
    15.062100853305));
#1259 = CARTESIAN_POINT('',(-3.963349801315,12.789576105132,
    15.074136925479));
#1260 = CARTESIAN_POINT('',(-3.938034374882,12.760259796874,
    15.092454362353));
#1261 = CARTESIAN_POINT('',(-3.913745312782,12.731970998143,
    15.111519956954));
#1262 = CARTESIAN_POINT('',(-3.89789996769,12.713430300631,
    15.124626996509));
#1263 = ORIENTED_EDGE('',*,*,#1264,.F.);
#1264 = EDGE_CURVE('',#536,#1253,#1265,.T.);
#1265 = LINE('',#1266,#1267);
#1266 = CARTESIAN_POINT('',(-1.962652818508,12.829455704415,
    15.050333762224));
#1267 = VECTOR('',#1268,1.);
#1268 = DIRECTION('',(-1.,2.665028508938E-13,8.543337800247E-17));
#1269 = ORIENTED_EDGE('',*,*,#1270,.T.);
#1270 = EDGE_CURVE('',#536,#1225,#1271,.T.);
#1271 = CIRCLE('',#1272,1.5);
#1272 = AXIS2_PLACEMENT_3D('',#1273,#1274,#1275);
#1273 = CARTESIAN_POINT('',(-2.162652818508,13.579455704415,
    16.349371867901));
#1274 = DIRECTION('',(-1.,2.665616806458E-13,5.146800486592E-17));
#1275 = DIRECTION('',(-1.333254129226E-13,-0.5,-0.866025403784));
#1276 = CYLINDRICAL_SURFACE('',#1277,1.5);
#1277 = AXIS2_PLACEMENT_3D('',#1278,#1279,#1280);
#1278 = CARTESIAN_POINT('',(-1.962652818508,13.579455704415,
    16.349371867901));
#1279 = DIRECTION('',(-1.,2.665028508938E-13,8.543337800247E-17));
#1280 = DIRECTION('',(-1.333254129226E-13,-0.5,-0.866025403784));
#1281 = ADVANCED_FACE('',(#1282),#1308,.T.);
#1282 = FACE_BOUND('',#1283,.T.);
#1283 = EDGE_LOOP('',(#1284,#1285,#1293,#1302));
#1284 = ORIENTED_EDGE('',*,*,#493,.F.);
#1285 = ORIENTED_EDGE('',*,*,#1286,.T.);
#1286 = EDGE_CURVE('',#486,#1287,#1289,.T.);
#1287 = VERTEX_POINT('',#1288);
#1288 = CARTESIAN_POINT('',(-3.462652818504,27.857529579956,
    14.410032039681));
#1289 = LINE('',#1290,#1291);
#1290 = CARTESIAN_POINT('',(-1.962652818504,27.857529579955,
    14.410032039681));
#1291 = VECTOR('',#1292,1.);
#1292 = DIRECTION('',(-1.,2.6645352591E-13,-5.160903344379E-28));
#1293 = ORIENTED_EDGE('',*,*,#1294,.T.);
#1294 = EDGE_CURVE('',#1287,#1295,#1297,.T.);
#1295 = VERTEX_POINT('',#1296);
#1296 = CARTESIAN_POINT('',(-3.462652818504,26.796869408176,
    14.849371867901));
#1297 = CIRCLE('',#1298,1.5);
#1298 = AXIS2_PLACEMENT_3D('',#1299,#1300,#1301);
#1299 = CARTESIAN_POINT('',(-3.462652818504,26.796869408176,
    13.349371867901));
#1300 = DIRECTION('',(1.,-2.664927457447E-13,-3.921983464633E-17));
#1301 = DIRECTION('',(1.884110950421E-13,0.707106781187,-0.707106781187)
  );
#1302 = ORIENTED_EDGE('',*,*,#1303,.T.);
#1303 = EDGE_CURVE('',#1295,#494,#1304,.T.);
#1304 = LINE('',#1305,#1306);
#1305 = CARTESIAN_POINT('',(-1.962652818504,26.796869408176,
    14.849371867901));
#1306 = VECTOR('',#1307,1.);
#1307 = DIRECTION('',(1.,-2.6645352591E-13,0.));
#1308 = CYLINDRICAL_SURFACE('',#1309,1.5);
#1309 = AXIS2_PLACEMENT_3D('',#1310,#1311,#1312);
#1310 = CARTESIAN_POINT('',(-1.962652818504,26.796869408176,
    13.349371867901));
#1311 = DIRECTION('',(-1.,2.6645352591E-13,-5.160903344379E-28));
#1312 = DIRECTION('',(1.884110950421E-13,0.707106781187,0.707106781187)
  );
#1313 = ADVANCED_FACE('',(#1314),#1348,.F.);
#1314 = FACE_BOUND('',#1315,.F.);
#1315 = EDGE_LOOP('',(#1316,#1326,#1335,#1341));
#1316 = ORIENTED_EDGE('',*,*,#1317,.F.);
#1317 = EDGE_CURVE('',#1318,#1320,#1322,.T.);
#1318 = VERTEX_POINT('',#1319);
#1319 = CARTESIAN_POINT('',(-6.462652818505,24.416869408177,
    11.849371867901));
#1320 = VERTEX_POINT('',#1321);
#1321 = CARTESIAN_POINT('',(-2.162652818505,24.416869408176,
    11.849371867901));
#1322 = LINE('',#1323,#1324);
#1323 = CARTESIAN_POINT('',(-1.962652818505,24.416869408176,
    11.849371867901));
#1324 = VECTOR('',#1325,1.);
#1325 = DIRECTION('',(1.,-2.671114358504E-13,-2.259051847168E-31));
#1326 = ORIENTED_EDGE('',*,*,#1327,.F.);
#1327 = EDGE_CURVE('',#1328,#1318,#1330,.T.);
#1328 = VERTEX_POINT('',#1329);
#1329 = CARTESIAN_POINT('',(-6.462652818505,23.70976262699,
    11.556478649087));
#1330 = CIRCLE('',#1331,1.);
#1331 = AXIS2_PLACEMENT_3D('',#1332,#1333,#1334);
#1332 = CARTESIAN_POINT('',(-6.462652818505,24.416869408177,
    10.849371867901));
#1333 = DIRECTION('',(-1.,2.675637489347E-13,-1.110223024625E-15));
#1334 = DIRECTION('',(-1.899811875007E-13,-0.707106781187,0.707106781187
    ));
#1335 = ORIENTED_EDGE('',*,*,#1336,.F.);
#1336 = EDGE_CURVE('',#452,#1328,#1337,.T.);
#1337 = LINE('',#1338,#1339);
#1338 = CARTESIAN_POINT('',(-1.962652818505,23.709762626989,
    11.556478649088));
#1339 = VECTOR('',#1340,1.);
#1340 = DIRECTION('',(-1.,2.678927039048E-13,-7.812680544454E-16));
#1341 = ORIENTED_EDGE('',*,*,#1342,.T.);
#1342 = EDGE_CURVE('',#452,#1320,#1343,.T.);
#1343 = CIRCLE('',#1344,1.);
#1344 = AXIS2_PLACEMENT_3D('',#1345,#1346,#1347);
#1345 = CARTESIAN_POINT('',(-2.162652818505,24.416869408176,
    10.849371867901));
#1346 = DIRECTION('',(-1.,2.676029687693E-13,-1.071003189979E-15));
#1347 = DIRECTION('',(-1.899811875007E-13,-0.707106781187,0.707106781187
    ));
#1348 = CYLINDRICAL_SURFACE('',#1349,1.);
#1349 = AXIS2_PLACEMENT_3D('',#1350,#1351,#1352);
#1350 = CARTESIAN_POINT('',(-1.962652818505,24.416869408176,
    10.849371867901));
#1351 = DIRECTION('',(-1.,2.678927039048E-13,-7.812680544454E-16));
#1352 = DIRECTION('',(-1.899811875007E-13,-0.707106781187,0.707106781187
    ));
#1353 = ADVANCED_FACE('',(#1354),#1380,.T.);
#1354 = FACE_BOUND('',#1355,.T.);
#1355 = EDGE_LOOP('',(#1356,#1357,#1365,#1374));
#1356 = ORIENTED_EDGE('',*,*,#418,.F.);
#1357 = ORIENTED_EDGE('',*,*,#1358,.T.);
#1358 = EDGE_CURVE('',#411,#1359,#1361,.T.);
#1359 = VERTEX_POINT('',#1360);
#1360 = CARTESIAN_POINT('',(-6.462652818505,23.123976189363,
    10.142265086714));
#1361 = LINE('',#1362,#1363);
#1362 = CARTESIAN_POINT('',(-1.962652818505,23.123976189362,
    10.142265086714));
#1363 = VECTOR('',#1364,1.);
#1364 = DIRECTION('',(-1.,2.667824808802E-13,3.289549701799E-16));
#1365 = ORIENTED_EDGE('',*,*,#1366,.T.);
#1366 = EDGE_CURVE('',#1359,#1367,#1369,.T.);
#1367 = VERTEX_POINT('',#1368);
#1368 = CARTESIAN_POINT('',(-6.462652818505,23.416869408177,
    10.849371867901));
#1369 = CIRCLE('',#1370,1.);
#1370 = AXIS2_PLACEMENT_3D('',#1371,#1372,#1373);
#1371 = CARTESIAN_POINT('',(-6.462652818506,22.416869408177,
    10.849371867901));
#1372 = DIRECTION('',(1.,-2.6645352591E-13,5.048709793414E-29));
#1373 = DIRECTION('',(1.884110950421E-13,0.707106781187,-0.707106781187)
  );
#1374 = ORIENTED_EDGE('',*,*,#1375,.F.);
#1375 = EDGE_CURVE('',#419,#1367,#1376,.T.);
#1376 = LINE('',#1377,#1378);
#1377 = CARTESIAN_POINT('',(-1.962652818505,23.416869408176,
    10.849371867901));
#1378 = VECTOR('',#1379,1.);
#1379 = DIRECTION('',(-1.,2.671114358504E-13,2.259051847168E-31));
#1380 = CYLINDRICAL_SURFACE('',#1381,1.);
#1381 = AXIS2_PLACEMENT_3D('',#1382,#1383,#1384);
#1382 = CARTESIAN_POINT('',(-1.962652818505,22.416869408176,
    10.849371867901));
#1383 = DIRECTION('',(-1.,2.667824808802E-13,3.289549701799E-16));
#1384 = DIRECTION('',(1.884110950421E-13,0.707106781187,-0.707106781187)
  );
#1385 = ADVANCED_FACE('',(#1386),#1412,.T.);
#1386 = FACE_BOUND('',#1387,.T.);
#1387 = EDGE_LOOP('',(#1388,#1389,#1397,#1406));
#1388 = ORIENTED_EDGE('',*,*,#903,.F.);
#1389 = ORIENTED_EDGE('',*,*,#1390,.T.);
#1390 = EDGE_CURVE('',#896,#1391,#1393,.T.);
#1391 = VERTEX_POINT('',#1392);
#1392 = CARTESIAN_POINT('',(-6.462652818506,21.975448051939,
    9.907950511664));
#1393 = LINE('',#1394,#1395);
#1394 = CARTESIAN_POINT('',(-1.962652818506,21.975448051938,
    9.907950511664));
#1395 = VECTOR('',#1396,1.);
#1396 = DIRECTION('',(-1.,2.667824808802E-13,-3.289549701774E-16));
#1397 = ORIENTED_EDGE('',*,*,#1398,.T.);
#1398 = EDGE_CURVE('',#1391,#1399,#1401,.T.);
#1399 = VERTEX_POINT('',#1400);
#1400 = CARTESIAN_POINT('',(-6.462652818506,22.116869408177,
    9.849371867901));
#1401 = CIRCLE('',#1402,0.2);
#1402 = AXIS2_PLACEMENT_3D('',#1403,#1404,#1405);
#1403 = CARTESIAN_POINT('',(-6.462652818506,22.116869408177,
    10.049371867901));
#1404 = DIRECTION('',(1.,-2.6645352591E-13,-2.625329092576E-27));
#1405 = DIRECTION('',(-1.884110950421E-13,-0.707106781187,
    -0.707106781187));
#1406 = ORIENTED_EDGE('',*,*,#1407,.T.);
#1407 = EDGE_CURVE('',#1399,#888,#1408,.T.);
#1408 = LINE('',#1409,#1410);
#1409 = CARTESIAN_POINT('',(-1.962652818506,22.116869408176,
    9.849371867901));
#1410 = VECTOR('',#1411,1.);
#1411 = DIRECTION('',(1.,-2.671114358504E-13,0.));
#1412 = CYLINDRICAL_SURFACE('',#1413,0.2);
#1413 = AXIS2_PLACEMENT_3D('',#1414,#1415,#1416);
#1414 = CARTESIAN_POINT('',(-1.962652818506,22.116869408176,
    10.049371867901));
#1415 = DIRECTION('',(-1.,2.667824808802E-13,-3.289549701774E-16));
#1416 = DIRECTION('',(-1.884110950421E-13,-0.707106781187,
    -0.707106781187));
#1417 = ADVANCED_FACE('',(#1418),#1444,.F.);
#1418 = FACE_BOUND('',#1419,.F.);
#1419 = EDGE_LOOP('',(#1420,#1428,#1429,#1437));
#1420 = ORIENTED_EDGE('',*,*,#1421,.F.);
#1421 = EDGE_CURVE('',#358,#1422,#1424,.T.);
#1422 = VERTEX_POINT('',#1423);
#1423 = CARTESIAN_POINT('',(-5.262652818506,21.716869408176,
    11.849371867901));
#1424 = LINE('',#1425,#1426);
#1425 = CARTESIAN_POINT('',(-1.962652818506,21.716869408175,
    11.849371867901));
#1426 = VECTOR('',#1427,1.);
#1427 = DIRECTION('',(-1.,2.671114358504E-13,2.259051847168E-31));
#1428 = ORIENTED_EDGE('',*,*,#384,.T.);
#1429 = ORIENTED_EDGE('',*,*,#1430,.F.);
#1430 = EDGE_CURVE('',#1431,#377,#1433,.T.);
#1431 = VERTEX_POINT('',#1432);
#1432 = CARTESIAN_POINT('',(-5.321231462268,21.858290764414,
    11.790793224138));
#1433 = LINE('',#1434,#1435);
#1434 = CARTESIAN_POINT('',(-1.962652818506,21.858290764413,
    11.790793224138));
#1435 = VECTOR('',#1436,1.);
#1436 = DIRECTION('',(1.,-2.667824808802E-13,3.289549701774E-16));
#1437 = ORIENTED_EDGE('',*,*,#1438,.T.);
#1438 = EDGE_CURVE('',#1431,#1422,#1439,.T.);
#1439 = ( BOUNDED_CURVE() B_SPLINE_CURVE(3,(#1440,#1441,#1442,#1443),
.UNSPECIFIED.,.F.,.F.) B_SPLINE_CURVE_WITH_KNOTS((4,4),(5.497787143782,
6.283185307179),.PIECEWISE_BEZIER_KNOTS.) CURVE() 
GEOMETRIC_REPRESENTATION_ITEM() RATIONAL_B_SPLINE_CURVE((1.,
0.949253021674,0.949253021674,1.)) REPRESENTATION_ITEM('') );
#1440 = CARTESIAN_POINT('',(-5.321231462268,21.858290764414,
    11.790793224138));
#1441 = CARTESIAN_POINT('',(-5.28322290271,21.820282204856,
    11.828801783696));
#1442 = CARTESIAN_POINT('',(-5.262652818506,21.770621628589,
    11.849371867901));
#1443 = CARTESIAN_POINT('',(-5.262652818506,21.716869408176,
    11.849371867901));
#1444 = CYLINDRICAL_SURFACE('',#1445,0.2);
#1445 = AXIS2_PLACEMENT_3D('',#1446,#1447,#1448);
#1446 = CARTESIAN_POINT('',(-1.962652818506,21.716869408175,
    11.649371867901));
#1447 = DIRECTION('',(1.,-2.667824808802E-13,3.289549701774E-16));
#1448 = DIRECTION('',(1.884110950421E-13,0.707106781187,0.707106781187)
  );
#1449 = ADVANCED_FACE('',(#1450),#1496,.F.);
#1450 = FACE_BOUND('',#1451,.F.);
#1451 = EDGE_LOOP('',(#1452,#1462,#1471,#1479));
#1452 = ORIENTED_EDGE('',*,*,#1453,.F.);
#1453 = EDGE_CURVE('',#1454,#1456,#1458,.T.);
#1454 = VERTEX_POINT('',#1455);
#1455 = CARTESIAN_POINT('',(-3.462652818506,18.596869408176,
    11.349371867901));
#1456 = VERTEX_POINT('',#1457);
#1457 = CARTESIAN_POINT('',(-3.462652818507,16.596869408176,
    11.349371867901));
#1458 = LINE('',#1459,#1460);
#1459 = CARTESIAN_POINT('',(-3.462652818506,19.568972397337,
    11.349371867901));
#1460 = VECTOR('',#1461,1.);
#1461 = DIRECTION('',(-2.665319655793E-13,-1.,-3.433679457604E-16));
#1462 = ORIENTED_EDGE('',*,*,#1463,.F.);
#1463 = EDGE_CURVE('',#1464,#1454,#1466,.T.);
#1464 = VERTEX_POINT('',#1465);
#1465 = CARTESIAN_POINT('',(-3.609099427913,18.743316017583,
    11.702925258494));
#1466 = ( BOUNDED_CURVE() B_SPLINE_CURVE(3,(#1467,#1468,#1469,#1470),
.UNSPECIFIED.,.F.,.F.) B_SPLINE_CURVE_WITH_KNOTS((4,4),(5.497787143782,
6.28318530718),.PIECEWISE_BEZIER_KNOTS.) CURVE() 
GEOMETRIC_REPRESENTATION_ITEM() RATIONAL_B_SPLINE_CURVE((1.,
0.949253021674,0.949253021674,1.)) REPRESENTATION_ITEM('') );
#1467 = CARTESIAN_POINT('',(-3.609099427913,18.743316017583,
    11.702925258494));
#1468 = CARTESIAN_POINT('',(-3.514078029019,18.648294618688,
    11.6079038596));
#1469 = CARTESIAN_POINT('',(-3.462652818506,18.596869408176,
    11.483752418933));
#1470 = CARTESIAN_POINT('',(-3.462652818506,18.596869408176,
    11.349371867901));
#1471 = ORIENTED_EDGE('',*,*,#1472,.F.);
#1472 = EDGE_CURVE('',#1473,#1464,#1475,.T.);
#1473 = VERTEX_POINT('',#1474);
#1474 = CARTESIAN_POINT('',(-3.609113478307,17.171411395507,
    11.702842359102));
#1475 = LINE('',#1476,#1477);
#1476 = CARTESIAN_POINT('',(-3.609099427913,19.568972397337,
    11.702925258494));
#1477 = VECTOR('',#1478,1.);
#1478 = DIRECTION('',(2.574392775748E-13,1.,-8.749320058768E-15));
#1479 = ORIENTED_EDGE('',*,*,#1480,.F.);
#1480 = EDGE_CURVE('',#1456,#1473,#1481,.T.);
#1481 = B_SPLINE_CURVE_WITH_KNOTS('',3,(#1482,#1483,#1484,#1485,#1486,
    #1487,#1488,#1489,#1490,#1491,#1492,#1493,#1494,#1495),
  .UNSPECIFIED.,.F.,.F.,(4,2,2,2,2,2,4),(0.,0.275313035485,
    0.412969553227,0.481797812098,0.499004876816,0.516211941534,
    0.550626070969),.UNSPECIFIED.);
#1482 = CARTESIAN_POINT('',(-3.462652818507,16.596869408176,
    11.349371867901));
#1483 = CARTESIAN_POINT('',(-3.462652818507,16.729740109077,
    11.435139536532));
#1484 = CARTESIAN_POINT('',(-3.484440195838,16.842507165593,
    11.50841607546));
#1485 = CARTESIAN_POINT('',(-3.525325391101,16.98150228379,
    11.593790186258));
#1486 = CARTESIAN_POINT('',(-3.540387414168,17.02280807876,
    11.618373906638));
#1487 = CARTESIAN_POINT('',(-3.562916417838,17.07722790457,
    11.650001793418));
#1488 = CARTESIAN_POINT('',(-3.570422395958,17.094111368732,
    11.659675232127));
#1489 = CARTESIAN_POINT('',(-3.57962062938,17.113645101718,
    11.670766714206));
#1490 = CARTESIAN_POINT('',(-3.581451192207,17.117473318454,
    11.672935034632));
#1491 = CARTESIAN_POINT('',(-3.585090164111,17.124972692205,
    11.677174010609));
#1492 = CARTESIAN_POINT('',(-3.588774637436,17.132454312028,
    11.68138608545));
#1493 = CARTESIAN_POINT('',(-3.597386238628,17.149516166496,
    11.690917860946));
#1494 = CARTESIAN_POINT('',(-3.603205786953,17.160599802622,
    11.697031052822));
#1495 = CARTESIAN_POINT('',(-3.609113478307,17.171411395507,
    11.702842359102));
#1496 = CYLINDRICAL_SURFACE('',#1497,0.5);
#1497 = AXIS2_PLACEMENT_3D('',#1498,#1499,#1500);
#1498 = CARTESIAN_POINT('',(-3.962652818506,19.568972397337,
    11.349371867901));
#1499 = DIRECTION('',(2.574392775748E-13,1.,-8.749320058768E-15));
#1500 = DIRECTION('',(0.707106781187,-1.758503553726E-13,0.707106781187)
  );
#1501 = ADVANCED_FACE('',(#1502),#1538,.F.);
#1502 = FACE_BOUND('',#1503,.F.);
#1503 = EDGE_LOOP('',(#1504,#1514,#1523,#1531));
#1504 = ORIENTED_EDGE('',*,*,#1505,.F.);
#1505 = EDGE_CURVE('',#1506,#1508,#1510,.T.);
#1506 = VERTEX_POINT('',#1507);
#1507 = CARTESIAN_POINT('',(-6.462652818506,21.916869408177,
    10.749371867901));
#1508 = VERTEX_POINT('',#1509);
#1509 = CARTESIAN_POINT('',(-6.362652818506,21.916869408177,
    10.749371867901));
#1510 = LINE('',#1511,#1512);
#1511 = CARTESIAN_POINT('',(-4.212652818506,21.916869408176,
    10.749371867901));
#1512 = VECTOR('',#1513,1.);
#1513 = DIRECTION('',(1.,-2.671114358504E-13,0.));
#1514 = ORIENTED_EDGE('',*,*,#1515,.F.);
#1515 = EDGE_CURVE('',#1516,#1506,#1518,.T.);
#1516 = VERTEX_POINT('',#1517);
#1517 = CARTESIAN_POINT('',(-6.462652818506,21.77042279877,
    11.102925258494));
#1518 = CIRCLE('',#1519,0.5);
#1519 = AXIS2_PLACEMENT_3D('',#1520,#1521,#1522);
#1520 = CARTESIAN_POINT('',(-6.462652818506,21.416869408177,
    10.749371867901));
#1521 = DIRECTION('',(-1.,2.6645352591E-13,-2.297162956004E-27));
#1522 = DIRECTION('',(1.88411095042E-13,0.707106781187,0.707106781187));
#1523 = ORIENTED_EDGE('',*,*,#1524,.F.);
#1524 = EDGE_CURVE('',#1525,#1516,#1527,.T.);
#1525 = VERTEX_POINT('',#1526);
#1526 = CARTESIAN_POINT('',(-6.009099427912,21.77042279877,
    11.102925258494));
#1527 = LINE('',#1528,#1529);
#1528 = CARTESIAN_POINT('',(-4.212652818506,21.770422798769,
    11.102925258494));
#1529 = VECTOR('',#1530,1.);
#1530 = DIRECTION('',(-1.,2.667824808802E-13,-3.289549701823E-16));
#1531 = ORIENTED_EDGE('',*,*,#1532,.F.);
#1532 = EDGE_CURVE('',#1508,#1525,#1533,.T.);
#1533 = ( BOUNDED_CURVE() B_SPLINE_CURVE(3,(#1534,#1535,#1536,#1537),
.UNSPECIFIED.,.F.,.F.) B_SPLINE_CURVE_WITH_KNOTS((4,4),(4.712388980385,
5.497787143782),.PIECEWISE_BEZIER_KNOTS.) CURVE() 
GEOMETRIC_REPRESENTATION_ITEM() RATIONAL_B_SPLINE_CURVE((1.,
0.949253021674,0.949253021674,1.)) REPRESENTATION_ITEM('') );
#1534 = CARTESIAN_POINT('',(-6.362652818506,21.916869408177,
    10.749371867901));
#1535 = CARTESIAN_POINT('',(-6.228272267473,21.916869408177,
    10.883752418933));
#1536 = CARTESIAN_POINT('',(-6.104120826807,21.865444197664,
    11.0079038596));
#1537 = CARTESIAN_POINT('',(-6.009099427912,21.77042279877,
    11.102925258494));
#1538 = CYLINDRICAL_SURFACE('',#1539,0.5);
#1539 = AXIS2_PLACEMENT_3D('',#1540,#1541,#1542);
#1540 = CARTESIAN_POINT('',(-4.212652818506,21.416869408176,
    10.749371867901));
#1541 = DIRECTION('',(-1.,2.667824808802E-13,-3.289549701823E-16));
#1542 = DIRECTION('',(1.88411095042E-13,0.707106781187,0.707106781187));
#1543 = ADVANCED_FACE('',(#1544),#1586,.F.);
#1544 = FACE_BOUND('',#1545,.F.);
#1545 = EDGE_LOOP('',(#1546,#1556,#1565,#1573));
#1546 = ORIENTED_EDGE('',*,*,#1547,.F.);
#1547 = EDGE_CURVE('',#1548,#1550,#1552,.T.);
#1548 = VERTEX_POINT('',#1549);
#1549 = CARTESIAN_POINT('',(-5.262652818507,18.396869408176,
    11.849371867901));
#1550 = VERTEX_POINT('',#1551);
#1551 = CARTESIAN_POINT('',(-6.301883303048,18.396869408177,
    11.849371867901));
#1552 = LINE('',#1553,#1554);
#1553 = CARTESIAN_POINT('',(-3.912652818507,18.396869408176,
    11.849371867901));
#1554 = VECTOR('',#1555,1.);
#1555 = DIRECTION('',(-1.,2.671114358504E-13,2.259051847168E-31));
#1556 = ORIENTED_EDGE('',*,*,#1557,.F.);
#1557 = EDGE_CURVE('',#1558,#1548,#1560,.T.);
#1558 = VERTEX_POINT('',#1559);
#1559 = CARTESIAN_POINT('',(-5.438388749794,18.821133476888,
    11.673635936613));
#1560 = ( BOUNDED_CURVE() B_SPLINE_CURVE(3,(#1561,#1562,#1563,#1564),
.UNSPECIFIED.,.F.,.F.) B_SPLINE_CURVE_WITH_KNOTS((4,4),(5.497787143782,
6.28318530718),.PIECEWISE_BEZIER_KNOTS.) CURVE() 
GEOMETRIC_REPRESENTATION_ITEM() RATIONAL_B_SPLINE_CURVE((1.,
0.949253021674,0.949253021674,1.)) REPRESENTATION_ITEM('') );
#1561 = CARTESIAN_POINT('',(-5.438388749794,18.821133476888,
    11.673635936613));
#1562 = CARTESIAN_POINT('',(-5.324363071121,18.707107798215,
    11.787661615286));
#1563 = CARTESIAN_POINT('',(-5.262652818506,18.558126069415,
    11.849371867901));
#1564 = CARTESIAN_POINT('',(-5.262652818507,18.396869408176,
    11.849371867901));
#1565 = ORIENTED_EDGE('',*,*,#1566,.F.);
#1566 = EDGE_CURVE('',#1567,#1558,#1569,.T.);
#1567 = VERTEX_POINT('',#1568);
#1568 = CARTESIAN_POINT('',(-6.449712923404,18.82113068604,
    11.673630594595));
#1569 = LINE('',#1570,#1571);
#1570 = CARTESIAN_POINT('',(-3.912652818506,18.821133476888,
    11.673635936613));
#1571 = VECTOR('',#1572,1.);
#1572 = DIRECTION('',(1.,-2.667824808802E-13,3.289549701814E-16));
#1573 = ORIENTED_EDGE('',*,*,#1574,.T.);
#1574 = EDGE_CURVE('',#1567,#1550,#1575,.T.);
#1575 = B_SPLINE_CURVE_WITH_KNOTS('',3,(#1576,#1577,#1578,#1579,#1580,
    #1581,#1582,#1583,#1584,#1585),.UNSPECIFIED.,.F.,.F.,(4,2,2,2,4),(
    0.486476241363,0.743238120682,0.807428590511,0.871619060341,1.),
  .UNSPECIFIED.);
#1576 = CARTESIAN_POINT('',(-6.449712923404,18.82113068604,
    11.673630594595));
#1577 = CARTESIAN_POINT('',(-6.441029044559,18.762463154282,
    11.732286678379));
#1578 = CARTESIAN_POINT('',(-6.426846442982,18.695080330788,
    11.775890575823));
#1579 = CARTESIAN_POINT('',(-6.395300620331,18.599993581024,
    11.814179195395));
#1580 = CARTESIAN_POINT('',(-6.389196899247,18.583014654754,
    11.820030504133));
#1581 = CARTESIAN_POINT('',(-6.37521177933,18.546769550953,
    11.83069996314));
#1582 = CARTESIAN_POINT('',(-6.367630376457,18.528430828449,
    11.835146076711));
#1583 = CARTESIAN_POINT('',(-6.342977340428,18.472904377341,
    11.845818569623));
#1584 = CARTESIAN_POINT('',(-6.323994528782,18.43519970409,
    11.849379101166));
#1585 = CARTESIAN_POINT('',(-6.301883303048,18.396869408177,
    11.849371867901));
#1586 = CYLINDRICAL_SURFACE('',#1587,0.6);
#1587 = AXIS2_PLACEMENT_3D('',#1588,#1589,#1590);
#1588 = CARTESIAN_POINT('',(-3.912652818507,18.396869408176,
    11.249371867901));
#1589 = DIRECTION('',(1.,-2.667824808802E-13,3.289549701814E-16));
#1590 = DIRECTION('',(1.884110950421E-13,0.707106781187,0.707106781187)
  );
#1591 = ADVANCED_FACE('',(#1592),#1638,.T.);
#1592 = FACE_BOUND('',#1593,.T.);
#1593 = EDGE_LOOP('',(#1594,#1603,#1611,#1620,#1628,#1637));
#1594 = ORIENTED_EDGE('',*,*,#1595,.T.);
#1595 = EDGE_CURVE('',#1550,#1596,#1598,.T.);
#1596 = VERTEX_POINT('',#1597);
#1597 = CARTESIAN_POINT('',(-6.11118095593,18.148341270753,
    11.849371867901));
#1598 = CIRCLE('',#1599,1.2);
#1599 = AXIS2_PLACEMENT_3D('',#1600,#1601,#1602);
#1600 = CARTESIAN_POINT('',(-5.262652818506,18.996869408176,
    11.849371867901));
#1601 = DIRECTION('',(-1.678687734829E-15,-2.022055680588E-15,1.));
#1602 = DIRECTION('',(-0.707106781187,-0.707106781186,
    -2.616820764473E-15));
#1603 = ORIENTED_EDGE('',*,*,#1604,.T.);
#1604 = EDGE_CURVE('',#1596,#1605,#1607,.T.);
#1605 = VERTEX_POINT('',#1606);
#1606 = CARTESIAN_POINT('',(-6.11118095593,18.148341270753,
    12.849371867901));
#1607 = LINE('',#1608,#1609);
#1608 = CARTESIAN_POINT('',(-6.11118095593,18.148341270753,
    12.099371867901));
#1609 = VECTOR('',#1610,1.);
#1610 = DIRECTION('',(-1.01770443924E-15,-2.683038976177E-15,1.));
#1611 = ORIENTED_EDGE('',*,*,#1612,.T.);
#1612 = EDGE_CURVE('',#1605,#1613,#1615,.T.);
#1613 = VERTEX_POINT('',#1614);
#1614 = CARTESIAN_POINT('',(-6.462652818506,18.996869408177,
    12.849371867901));
#1615 = CIRCLE('',#1616,1.2);
#1616 = AXIS2_PLACEMENT_3D('',#1617,#1618,#1619);
#1617 = CARTESIAN_POINT('',(-5.262652818506,18.996869408176,
    12.849371867901));
#1618 = DIRECTION('',(1.850371707709E-15,1.850371707708E-15,-1.));
#1619 = DIRECTION('',(-0.707106781187,-0.707106781186,
    -2.616820764473E-15));
#1620 = ORIENTED_EDGE('',*,*,#1621,.T.);
#1621 = EDGE_CURVE('',#1613,#1622,#1624,.T.);
#1622 = VERTEX_POINT('',#1623);
#1623 = CARTESIAN_POINT('',(-6.462652818506,18.996869408177,
    11.249371867901));
#1624 = LINE('',#1625,#1626);
#1625 = CARTESIAN_POINT('',(-6.462652818506,18.996869408177,
    12.099371867901));
#1626 = VECTOR('',#1627,1.);
#1627 = DIRECTION('',(4.437342591868E-28,1.665334536938E-15,-1.));
#1628 = ORIENTED_EDGE('',*,*,#1629,.T.);
#1629 = EDGE_CURVE('',#1622,#1567,#1630,.T.);
#1630 = B_SPLINE_CURVE_WITH_KNOTS('',3,(#1631,#1632,#1633,#1634,#1635,
    #1636),.UNSPECIFIED.,.F.,.F.,(4,2,4),(0.,0.243238120682,
    0.486476241363),.UNSPECIFIED.);
#1631 = CARTESIAN_POINT('',(-6.462652818506,18.996869408177,
    11.249371867901));
#1632 = CARTESIAN_POINT('',(-6.46265281761,18.996453105356,
    11.330367344052));
#1633 = CARTESIAN_POINT('',(-6.462930013976,18.981125620476,
    11.407115540032));
#1634 = CARTESIAN_POINT('',(-6.460616161764,18.920731106198,
    11.552117367818));
#1635 = CARTESIAN_POINT('',(-6.457941673882,18.876700088345,
    11.618056199933));
#1636 = CARTESIAN_POINT('',(-6.449712923404,18.82113068604,
    11.673630594595));
#1637 = ORIENTED_EDGE('',*,*,#1574,.T.);
#1638 = CYLINDRICAL_SURFACE('',#1639,1.2);
#1639 = AXIS2_PLACEMENT_3D('',#1640,#1641,#1642);
#1640 = CARTESIAN_POINT('',(-5.262652818506,18.996869408176,
    12.099371867901));
#1641 = DIRECTION('',(-1.01770443924E-15,-2.683038976177E-15,1.));
#1642 = DIRECTION('',(-0.707106781187,-0.707106781186,
    -2.616820764473E-15));
#1643 = ADVANCED_FACE('',(#1644),#1680,.T.);
#1644 = FACE_BOUND('',#1645,.T.);
#1645 = EDGE_LOOP('',(#1646,#1657,#1665,#1674));
#1646 = ORIENTED_EDGE('',*,*,#1647,.T.);
#1647 = EDGE_CURVE('',#1648,#1650,#1652,.T.);
#1648 = VERTEX_POINT('',#1649);
#1649 = CARTESIAN_POINT('',(-6.462652818505,25.596869408177,
    12.849371867901));
#1650 = VERTEX_POINT('',#1651);
#1651 = CARTESIAN_POINT('',(-6.111180955928,26.4453975456,
    12.849371867901));
#1652 = CIRCLE('',#1653,1.2);
#1653 = AXIS2_PLACEMENT_3D('',#1654,#1655,#1656);
#1654 = CARTESIAN_POINT('',(-5.262652818505,25.596869408176,
    12.849371867901));
#1655 = DIRECTION('',(3.700743415416E-15,-3.700743415418E-15,-1.));
#1656 = DIRECTION('',(-0.707106781186,0.707106781187,-5.233641528946E-15
    ));
#1657 = ORIENTED_EDGE('',*,*,#1658,.T.);
#1658 = EDGE_CURVE('',#1650,#1659,#1661,.T.);
#1659 = VERTEX_POINT('',#1660);
#1660 = CARTESIAN_POINT('',(-6.111180955928,26.4453975456,
    11.849371867901));
#1661 = LINE('',#1662,#1663);
#1662 = CARTESIAN_POINT('',(-6.111180955928,26.4453975456,
    12.599371867901));
#1663 = VECTOR('',#1664,1.);
#1664 = DIRECTION('',(-7.401486830856E-16,-8.141635513918E-15,-1.));
#1665 = ORIENTED_EDGE('',*,*,#1666,.T.);
#1666 = EDGE_CURVE('',#1659,#1667,#1669,.T.);
#1667 = VERTEX_POINT('',#1668);
#1668 = CARTESIAN_POINT('',(-6.462652818505,25.596869408177,
    11.849371867901));
#1669 = CIRCLE('',#1670,1.2);
#1670 = AXIS2_PLACEMENT_3D('',#1671,#1672,#1673);
#1671 = CARTESIAN_POINT('',(-5.262652818505,25.596869408176,
    11.849371867901));
#1672 = DIRECTION('',(-3.872427388296E-15,3.529059442538E-15,1.));
#1673 = DIRECTION('',(-0.707106781186,0.707106781187,-5.233641528946E-15
    ));
#1674 = ORIENTED_EDGE('',*,*,#1675,.T.);
#1675 = EDGE_CURVE('',#1667,#1648,#1676,.T.);
#1676 = LINE('',#1677,#1678);
#1677 = CARTESIAN_POINT('',(-6.462652818505,25.596869408177,
    12.599371867901));
#1678 = VECTOR('',#1679,1.);
#1679 = DIRECTION('',(2.366582715663E-27,8.881784197001E-15,1.));
#1680 = CYLINDRICAL_SURFACE('',#1681,1.2);
#1681 = AXIS2_PLACEMENT_3D('',#1682,#1683,#1684);
#1682 = CARTESIAN_POINT('',(-5.262652818505,25.596869408176,
    12.599371867901));
#1683 = DIRECTION('',(-7.401486830856E-16,-8.141635513918E-15,-1.));
#1684 = DIRECTION('',(-0.707106781186,0.707106781187,-5.233641528946E-15
    ));
#1685 = ADVANCED_FACE('',(#1686),#1745,.F.);
#1686 = FACE_BOUND('',#1687,.F.);
#1687 = EDGE_LOOP('',(#1688,#1699,#1705,#1706,#1721,#1729));
#1688 = ORIENTED_EDGE('',*,*,#1689,.T.);
#1689 = EDGE_CURVE('',#1690,#1692,#1694,.T.);
#1690 = VERTEX_POINT('',#1691);
#1691 = CARTESIAN_POINT('',(-3.470763129157,16.736147956127,
    12.410078827808));
#1692 = VERTEX_POINT('',#1693);
#1693 = CARTESIAN_POINT('',(-3.462652818507,16.596869408176,
    12.249371867901));
#1694 = B_SPLINE_CURVE_WITH_KNOTS('',3,(#1695,#1696,#1697,#1698),
  .UNSPECIFIED.,.F.,.F.,(4,4),(0.895818672089,1.),
  .PIECEWISE_BEZIER_KNOTS.);
#1695 = CARTESIAN_POINT('',(-3.470763129157,16.736147956127,
    12.410078827808));
#1696 = CARTESIAN_POINT('',(-3.465375107321,16.690035737316,
    12.36385788278));
#1697 = CARTESIAN_POINT('',(-3.462676049005,16.642837808377,
    12.310660304024));
#1698 = CARTESIAN_POINT('',(-3.462652818507,16.596869408176,
    12.249371867901));
#1699 = ORIENTED_EDGE('',*,*,#1700,.F.);
#1700 = EDGE_CURVE('',#1456,#1692,#1701,.T.);
#1701 = LINE('',#1702,#1703);
#1702 = CARTESIAN_POINT('',(-3.462652818507,16.596869408176,
    10.999371867889));
#1703 = VECTOR('',#1704,1.);
#1704 = DIRECTION('',(-4.438648874772E-28,-1.665334536938E-15,1.));
#1705 = ORIENTED_EDGE('',*,*,#1480,.T.);
#1706 = ORIENTED_EDGE('',*,*,#1707,.T.);
#1707 = EDGE_CURVE('',#1473,#1708,#1710,.T.);
#1708 = VERTEX_POINT('',#1709);
#1709 = CARTESIAN_POINT('',(-3.814164842235,17.445293313187,
    11.82669926666));
#1710 = B_SPLINE_CURVE_WITH_KNOTS('',3,(#1711,#1712,#1713,#1714,#1715,
    #1716,#1717,#1718,#1719,#1720),.UNSPECIFIED.,.F.,.F.,(4,2,1,1,2,4),(
    0.550626070969,0.567672235226,0.584718399483,0.618810727997,
    0.686995385024,0.823364699078),.UNSPECIFIED.);
#1711 = CARTESIAN_POINT('',(-3.609113478307,17.171411395507,
    11.702842359102));
#1712 = CARTESIAN_POINT('',(-3.611993330286,17.176738396132,
    11.705819439366));
#1713 = CARTESIAN_POINT('',(-3.616425926965,17.184722847794,
    11.710139674918));
#1714 = CARTESIAN_POINT('',(-3.623923051764,17.197874382427,
    11.717187876428));
#1715 = CARTESIAN_POINT('',(-3.635315857026,17.217414984731,
    11.727571520464));
#1716 = CARTESIAN_POINT('',(-3.662881471922,17.261702825929,
    11.750455405318));
#1717 = CARTESIAN_POINT('',(-3.688028890165,17.297423436938,
    11.767688092873));
#1718 = CARTESIAN_POINT('',(-3.739905697266,17.365877464645,
    11.798827966255));
#1719 = CARTESIAN_POINT('',(-3.776596537921,17.407530557368,
    11.815134813077));
#1720 = CARTESIAN_POINT('',(-3.814164842235,17.445293313187,
    11.82669926666));
#1721 = ORIENTED_EDGE('',*,*,#1722,.F.);
#1722 = EDGE_CURVE('',#1723,#1708,#1725,.T.);
#1723 = VERTEX_POINT('',#1724);
#1724 = CARTESIAN_POINT('',(-3.814087951497,17.445448581528,
    12.807641431326));
#1725 = LINE('',#1726,#1727);
#1726 = CARTESIAN_POINT('',(-3.814124681083,17.4453975456,
    10.999371867889));
#1727 = VECTOR('',#1728,1.);
#1728 = DIRECTION('',(-8.326672684686E-16,8.326672684691E-16,-1.));
#1729 = ORIENTED_EDGE('',*,*,#1730,.T.);
#1730 = EDGE_CURVE('',#1723,#1690,#1731,.T.);
#1731 = B_SPLINE_CURVE_WITH_KNOTS('',3,(#1732,#1733,#1734,#1735,#1736,
    #1737,#1738,#1739,#1740,#1741,#1742,#1743,#1744),.UNSPECIFIED.,.F.,
  .F.,(4,2,2,2,1,2,4),(0.458007964225,0.676913318157,0.786365995123,
    0.841092333606,0.868455502847,0.882137087468,0.895818672089),
  .UNSPECIFIED.);
#1732 = CARTESIAN_POINT('',(-3.814087951497,17.445448581528,
    12.807641431326));
#1733 = CARTESIAN_POINT('',(-3.709948630338,17.341111541887,
    12.782484865551));
#1734 = CARTESIAN_POINT('',(-3.63369806135,17.227992563097,
    12.744028593508));
#1735 = CARTESIAN_POINT('',(-3.548620914029,17.04593574996,
    12.649668258246));
#1736 = CARTESIAN_POINT('',(-3.525590507715,16.983605259342,
    12.612107250333));
#1737 = CARTESIAN_POINT('',(-3.499037862433,16.890062784674,
    12.544853592156));
#1738 = CARTESIAN_POINT('',(-3.491519141371,16.858882097381,
    12.520619666452));
#1739 = CARTESIAN_POINT('',(-3.482239300825,16.812487416281,
    12.48136236885));
#1740 = CARTESIAN_POINT('',(-3.478098940814,16.78938494683,
    12.461007601546));
#1741 = CARTESIAN_POINT('',(-3.474707921196,16.766502398357,
    12.439534520938));
#1742 = CARTESIAN_POINT('',(-3.472613761537,16.751305349323,
    12.424967788233));
#1743 = CARTESIAN_POINT('',(-3.47147802639,16.742264410345,
    12.416087299957));
#1744 = CARTESIAN_POINT('',(-3.470763129157,16.736147956127,
    12.410078827808));
#1745 = CYLINDRICAL_SURFACE('',#1746,1.2);
#1746 = AXIS2_PLACEMENT_3D('',#1747,#1748,#1749);
#1747 = CARTESIAN_POINT('',(-4.662652818507,16.596869408176,
    10.999371867889));
#1748 = DIRECTION('',(-8.326672684686E-16,8.326672684691E-16,-1.));
#1749 = DIRECTION('',(0.707106781187,0.707106781186,2.958228394579E-31)
  );
#1750 = ADVANCED_FACE('',(#1751),#1797,.F.);
#1751 = FACE_BOUND('',#1752,.F.);
#1752 = EDGE_LOOP('',(#1753,#1763,#1772,#1780));
#1753 = ORIENTED_EDGE('',*,*,#1754,.F.);
#1754 = EDGE_CURVE('',#1755,#1757,#1759,.T.);
#1755 = VERTEX_POINT('',#1756);
#1756 = CARTESIAN_POINT('',(-3.462652818504,27.996869408176,
    12.849371867901));
#1757 = VERTEX_POINT('',#1758);
#1758 = CARTESIAN_POINT('',(-3.462652818504,27.996869408176,
    12.449371867901));
#1759 = LINE('',#1760,#1761);
#1760 = CARTESIAN_POINT('',(-3.462652818504,27.996869408176,
    11.499371867889));
#1761 = VECTOR('',#1762,1.);
#1762 = DIRECTION('',(-2.367279399878E-27,-8.881784197001E-15,-1.));
#1763 = ORIENTED_EDGE('',*,*,#1764,.T.);
#1764 = EDGE_CURVE('',#1755,#1765,#1767,.T.);
#1765 = VERTEX_POINT('',#1766);
#1766 = CARTESIAN_POINT('',(-3.81412468108,27.148341270752,
    12.849371867901));
#1767 = CIRCLE('',#1768,1.2);
#1768 = AXIS2_PLACEMENT_3D('',#1769,#1770,#1771);
#1769 = CARTESIAN_POINT('',(-4.662652818504,27.996869408176,
    12.849371867901));
#1770 = DIRECTION('',(3.700743415416E-15,-3.700743415418E-15,-1.));
#1771 = DIRECTION('',(0.707106781186,-0.707106781187,5.233641528946E-15)
  );
#1772 = ORIENTED_EDGE('',*,*,#1773,.F.);
#1773 = EDGE_CURVE('',#1774,#1765,#1776,.T.);
#1774 = VERTEX_POINT('',#1775);
#1775 = CARTESIAN_POINT('',(-3.814084795331,27.148293395302,
    11.891103065896));
#1776 = LINE('',#1777,#1778);
#1777 = CARTESIAN_POINT('',(-3.81412468108,27.148341270752,
    11.499371867889));
#1778 = VECTOR('',#1779,1.);
#1779 = DIRECTION('',(7.401486830856E-16,8.141635513918E-15,1.));
#1780 = ORIENTED_EDGE('',*,*,#1781,.T.);
#1781 = EDGE_CURVE('',#1774,#1757,#1782,.T.);
#1782 = B_SPLINE_CURVE_WITH_KNOTS('',3,(#1783,#1784,#1785,#1786,#1787,
    #1788,#1789,#1790,#1791,#1792,#1793,#1794,#1795,#1796),
  .UNSPECIFIED.,.F.,.F.,(4,2,2,2,2,2,4),(0.458010175149,0.729005087574,
    0.745942269601,0.762879451628,0.796753815681,0.864502543787,1.),
  .UNSPECIFIED.);
#1783 = CARTESIAN_POINT('',(-3.814084795331,27.148293395302,
    11.891103065896));
#1784 = CARTESIAN_POINT('',(-3.685175805461,27.277469002743,
    11.922244909481));
#1785 = CARTESIAN_POINT('',(-3.589491492417,27.433909838497,
    11.978177492378));
#1786 = CARTESIAN_POINT('',(-3.528532865583,27.604620959582,
    12.085378974402));
#1787 = CARTESIAN_POINT('',(-3.525090544544,27.614678895202,
    12.091861080328));
#1788 = CARTESIAN_POINT('',(-3.518492863545,27.634812871452,
    12.105186797148));
#1789 = CARTESIAN_POINT('',(-3.516179374704,27.642234973031,
    12.110237806709));
#1790 = CARTESIAN_POINT('',(-3.508884762083,27.666427729033,
    12.126975464918));
#1791 = CARTESIAN_POINT('',(-3.504368960207,27.682736157741,
    12.138725891725));
#1792 = CARTESIAN_POINT('',(-3.491863374195,27.732059174127,
    12.175866685926));
#1793 = CARTESIAN_POINT('',(-3.484915409674,27.765476950418,
    12.203148604334));
#1794 = CARTESIAN_POINT('',(-3.46823879457,27.866011919736,
    12.293413699556));
#1795 = CARTESIAN_POINT('',(-3.462677422447,27.933503320093,
    12.364887560972));
#1796 = CARTESIAN_POINT('',(-3.462652818504,27.996869408176,
    12.449371867901));
#1797 = CYLINDRICAL_SURFACE('',#1798,1.2);
#1798 = AXIS2_PLACEMENT_3D('',#1799,#1800,#1801);
#1799 = CARTESIAN_POINT('',(-4.662652818504,27.996869408176,
    11.499371867889));
#1800 = DIRECTION('',(7.401486830856E-16,8.141635513918E-15,1.));
#1801 = DIRECTION('',(0.707106781186,-0.707106781187,5.233641528946E-15)
  );
#1802 = ADVANCED_FACE('',(#1803),#1837,.F.);
#1803 = FACE_BOUND('',#1804,.F.);
#1804 = EDGE_LOOP('',(#1805,#1815,#1824,#1830));
#1805 = ORIENTED_EDGE('',*,*,#1806,.F.);
#1806 = EDGE_CURVE('',#1807,#1809,#1811,.T.);
#1807 = VERTEX_POINT('',#1808);
#1808 = CARTESIAN_POINT('',(-3.962652818512,-1.814718635122,
    9.549371867901));
#1809 = VERTEX_POINT('',#1810);
#1810 = CARTESIAN_POINT('',(-2.162652818512,-1.814718635122,
    9.549371867901));
#1811 = LINE('',#1812,#1813);
#1812 = CARTESIAN_POINT('',(-1.962652818512,-1.814718635122,
    9.549371867901));
#1813 = VECTOR('',#1814,1.);
#1814 = DIRECTION('',(1.,-2.6645352591E-13,0.));
#1815 = ORIENTED_EDGE('',*,*,#1816,.T.);
#1816 = EDGE_CURVE('',#1807,#1817,#1819,.T.);
#1817 = VERTEX_POINT('',#1818);
#1818 = CARTESIAN_POINT('',(-3.962652818512,-2.521825416295,
    9.256478649101));
#1819 = CIRCLE('',#1820,1.);
#1820 = AXIS2_PLACEMENT_3D('',#1821,#1822,#1823);
#1821 = CARTESIAN_POINT('',(-3.962652818512,-1.814718635122,
    8.549371867901));
#1822 = DIRECTION('',(1.,-2.664927457447E-13,-3.921983464537E-17));
#1823 = DIRECTION('',(-1.884110950386E-13,-0.707106781174,0.7071067812)
  );
#1824 = ORIENTED_EDGE('',*,*,#1825,.F.);
#1825 = EDGE_CURVE('',#41,#1817,#1826,.T.);
#1826 = LINE('',#1827,#1828);
#1827 = CARTESIAN_POINT('',(-1.962652818512,-2.521825416296,
    9.256478649101));
#1828 = VECTOR('',#1829,1.);
#1829 = DIRECTION('',(-1.,2.6645352591E-13,-6.310887241768E-28));
#1830 = ORIENTED_EDGE('',*,*,#1831,.T.);
#1831 = EDGE_CURVE('',#41,#1809,#1832,.T.);
#1832 = CIRCLE('',#1833,1.);
#1833 = AXIS2_PLACEMENT_3D('',#1834,#1835,#1836);
#1834 = CARTESIAN_POINT('',(-2.162652818512,-1.814718635122,
    8.549371867901));
#1835 = DIRECTION('',(-1.,2.664927457447E-13,3.921983464537E-17));
#1836 = DIRECTION('',(-1.884110950386E-13,-0.707106781174,0.7071067812)
  );
#1837 = CYLINDRICAL_SURFACE('',#1838,1.);
#1838 = AXIS2_PLACEMENT_3D('',#1839,#1840,#1841);
#1839 = CARTESIAN_POINT('',(-1.962652818512,-1.814718635122,
    8.549371867901));
#1840 = DIRECTION('',(-1.,2.6645352591E-13,-6.310887241768E-28));
#1841 = DIRECTION('',(-1.884110950386E-13,-0.707106781174,0.7071067812)
  );
#1842 = ADVANCED_FACE('',(#1843),#1879,.F.);
#1843 = FACE_BOUND('',#1844,.F.);
#1844 = EDGE_LOOP('',(#1845,#1855,#1864,#1872));
#1845 = ORIENTED_EDGE('',*,*,#1846,.F.);
#1846 = EDGE_CURVE('',#1847,#1849,#1851,.T.);
#1847 = VERTEX_POINT('',#1848);
#1848 = CARTESIAN_POINT('',(-4.662652818508,11.299216738259,
    14.263585430274));
#1849 = VERTEX_POINT('',#1850);
#1850 = CARTESIAN_POINT('',(-4.662652818509,10.838556566479,
    13.802925258494));
#1851 = LINE('',#1852,#1853);
#1852 = CARTESIAN_POINT('',(-4.662652818509,10.749347602097,
    13.713716294112));
#1853 = VECTOR('',#1854,1.);
#1854 = DIRECTION('',(-1.884665602641E-13,-0.707106781187,
    -0.707106781187));
#1855 = ORIENTED_EDGE('',*,*,#1856,.F.);
#1856 = EDGE_CURVE('',#1857,#1847,#1859,.T.);
#1857 = VERTEX_POINT('',#1858);
#1858 = CARTESIAN_POINT('',(-3.814124681085,11.050688600834,
    14.512113567698));
#1859 = CIRCLE('',#1860,1.2);
#1860 = AXIS2_PLACEMENT_3D('',#1861,#1862,#1863);
#1861 = CARTESIAN_POINT('',(-4.662652818509,10.450688600835,
    15.112113567698));
#1862 = DIRECTION('',(1.884110950421E-13,0.707106781187,0.707106781187)
  );
#1863 = DIRECTION('',(1.,-2.662222294466E-13,-2.312964634638E-16));
#1864 = ORIENTED_EDGE('',*,*,#1865,.F.);
#1865 = EDGE_CURVE('',#1866,#1857,#1868,.T.);
#1866 = VERTEX_POINT('',#1867);
#1867 = CARTESIAN_POINT('',(-3.814124681085,10.590028429055,
    14.051453395918));
#1868 = LINE('',#1869,#1870);
#1869 = CARTESIAN_POINT('',(-3.814124681085,10.500819464672,
    13.962244431536));
#1870 = VECTOR('',#1871,1.);
#1871 = DIRECTION('',(1.883138706699E-13,0.707106781187,0.707106781187)
  );
#1872 = ORIENTED_EDGE('',*,*,#1873,.T.);
#1873 = EDGE_CURVE('',#1866,#1849,#1874,.T.);
#1874 = CIRCLE('',#1875,1.2);
#1875 = AXIS2_PLACEMENT_3D('',#1876,#1877,#1878);
#1876 = CARTESIAN_POINT('',(-4.662652818509,9.990028429055,
    14.651453395918));
#1877 = DIRECTION('',(1.88411095042E-13,0.707106781186,0.707106781187));
#1878 = DIRECTION('',(1.,-2.662222294466E-13,-2.312964634636E-16));
#1879 = CYLINDRICAL_SURFACE('',#1880,1.2);
#1880 = AXIS2_PLACEMENT_3D('',#1881,#1882,#1883);
#1881 = CARTESIAN_POINT('',(-4.662652818509,9.900819464673,
    14.562244431536));
#1882 = DIRECTION('',(1.883138706699E-13,0.707106781187,0.707106781187)
  );
#1883 = DIRECTION('',(0.707106781187,0.5,-0.5));
#1884 = ADVANCED_FACE('',(#1885),#1930,.T.);
#1885 = FACE_BOUND('',#1886,.T.);
#1886 = EDGE_LOOP('',(#1887,#1898,#1906,#1915,#1923));
#1887 = ORIENTED_EDGE('',*,*,#1888,.F.);
#1888 = EDGE_CURVE('',#1889,#1891,#1893,.T.);
#1889 = VERTEX_POINT('',#1890);
#1890 = CARTESIAN_POINT('',(-4.66265281851,7.212076288742,
    14.332354321048));
#1891 = VERTEX_POINT('',#1892);
#1892 = CARTESIAN_POINT('',(-4.66265281851,6.876637885665,14.4963219689)
  );
#1893 = CIRCLE('',#1894,1.2);
#1894 = AXIS2_PLACEMENT_3D('',#1895,#1896,#1897);
#1895 = CARTESIAN_POINT('',(-4.66265281851,6.523784565121,
    13.349371867901));
#1896 = DIRECTION('',(1.,-2.665379923527E-13,-8.607124433906E-18));
#1897 = DIRECTION('',(1.528869623494E-13,0.573576436351,0.819152044289)
  );
#1898 = ORIENTED_EDGE('',*,*,#1899,.T.);
#1899 = EDGE_CURVE('',#1889,#1900,#1902,.T.);
#1900 = VERTEX_POINT('',#1901);
#1901 = CARTESIAN_POINT('',(-5.36265281851,7.212076288742,
    14.332354321048));
#1902 = LINE('',#1903,#1904);
#1903 = CARTESIAN_POINT('',(-1.96265281851,7.212076288741,
    14.332354321048));
#1904 = VECTOR('',#1905,1.);
#1905 = DIRECTION('',(-1.,2.662489842461E-13,-2.921157696944E-16));
#1906 = ORIENTED_EDGE('',*,*,#1907,.F.);
#1907 = EDGE_CURVE('',#1908,#1900,#1910,.T.);
#1908 = VERTEX_POINT('',#1909);
#1909 = CARTESIAN_POINT('',(-5.36265281851,6.523784565121,
    14.549371867901));
#1910 = CIRCLE('',#1911,1.2);
#1911 = AXIS2_PLACEMENT_3D('',#1912,#1913,#1914);
#1912 = CARTESIAN_POINT('',(-5.36265281851,6.523784565121,
    13.349371867901));
#1913 = DIRECTION('',(-1.,2.663016180542E-13,-3.289703588997E-16));
#1914 = DIRECTION('',(1.52474856336E-13,0.573576436351,0.819152044289));
#1915 = ORIENTED_EDGE('',*,*,#1916,.T.);
#1916 = EDGE_CURVE('',#1908,#1917,#1919,.T.);
#1917 = VERTEX_POINT('',#1918);
#1918 = CARTESIAN_POINT('',(-4.66265281851,6.523784565121,
    14.549371867901));
#1919 = LINE('',#1920,#1921);
#1920 = CARTESIAN_POINT('',(-1.96265281851,6.52378456512,14.549371867901
    ));
#1921 = VECTOR('',#1922,1.);
#1922 = DIRECTION('',(1.,-2.6645352591E-13,0.));
#1923 = ORIENTED_EDGE('',*,*,#1924,.F.);
#1924 = EDGE_CURVE('',#1891,#1917,#1925,.T.);
#1925 = CIRCLE('',#1926,1.2);
#1926 = AXIS2_PLACEMENT_3D('',#1927,#1928,#1929);
#1927 = CARTESIAN_POINT('',(-4.66265281851,6.523784565121,
    13.349371867901));
#1928 = DIRECTION('',(1.,-2.665319655793E-13,2.090667923584E-29));
#1929 = DIRECTION('',(-2.090667923584E-29,5.572298310464E-42,1.));
#1930 = CYLINDRICAL_SURFACE('',#1931,1.2);
#1931 = AXIS2_PLACEMENT_3D('',#1932,#1933,#1934);
#1932 = CARTESIAN_POINT('',(-1.96265281851,6.52378456512,13.349371867901
    ));
#1933 = DIRECTION('',(-1.,2.662489842461E-13,-2.921157696944E-16));
#1934 = DIRECTION('',(1.52474856336E-13,0.573576436351,0.819152044289));
#1935 = ADVANCED_FACE('',(#1936),#1972,.F.);
#1936 = FACE_BOUND('',#1937,.F.);
#1937 = EDGE_LOOP('',(#1938,#1948,#1957,#1965));
#1938 = ORIENTED_EDGE('',*,*,#1939,.T.);
#1939 = EDGE_CURVE('',#1940,#1942,#1944,.T.);
#1940 = VERTEX_POINT('',#1941);
#1941 = CARTESIAN_POINT('',(-2.362652818509,9.21221096975,
    14.499371867901));
#1942 = VERTEX_POINT('',#1943);
#1943 = CARTESIAN_POINT('',(-1.962652818509,9.212210969749,
    14.899371867901));
#1944 = LINE('',#1945,#1946);
#1945 = CARTESIAN_POINT('',(-2.162652818509,9.212210969749,
    14.699371867901));
#1946 = VECTOR('',#1947,1.);
#1947 = DIRECTION('',(0.707106781187,-1.884110950421E-13,0.707106781187)
  );
#1948 = ORIENTED_EDGE('',*,*,#1949,.F.);
#1949 = EDGE_CURVE('',#1950,#1942,#1952,.T.);
#1950 = VERTEX_POINT('',#1951);
#1951 = CARTESIAN_POINT('',(-1.962652818509,9.212210969749,
    10.599371867901));
#1952 = CIRCLE('',#1953,2.15);
#1953 = AXIS2_PLACEMENT_3D('',#1954,#1955,#1956);
#1954 = CARTESIAN_POINT('',(-1.962652818509,9.212210969749,
    12.749371867901));
#1955 = DIRECTION('',(1.,-2.665319655793E-13,0.));
#1956 = DIRECTION('',(0.,0.,1.));
#1957 = ORIENTED_EDGE('',*,*,#1958,.F.);
#1958 = EDGE_CURVE('',#1959,#1950,#1961,.T.);
#1959 = VERTEX_POINT('',#1960);
#1960 = CARTESIAN_POINT('',(-2.362652818509,9.21221096975,
    10.999371867901));
#1961 = LINE('',#1962,#1963);
#1962 = CARTESIAN_POINT('',(-2.162652818509,9.212210969749,
    10.799371867901));
#1963 = VECTOR('',#1964,1.);
#1964 = DIRECTION('',(0.707106781187,-1.884976906477E-13,-0.707106781187
    ));
#1965 = ORIENTED_EDGE('',*,*,#1966,.F.);
#1966 = EDGE_CURVE('',#1940,#1959,#1967,.T.);
#1967 = CIRCLE('',#1968,1.75);
#1968 = AXIS2_PLACEMENT_3D('',#1969,#1970,#1971);
#1969 = CARTESIAN_POINT('',(-2.362652818509,9.212210969749,
    12.749371867901));
#1970 = DIRECTION('',(-1.,2.665319655793E-13,0.));
#1971 = DIRECTION('',(0.,0.,1.));
#1972 = CONICAL_SURFACE('',#1973,1.95,0.785398163397);
#1973 = AXIS2_PLACEMENT_3D('',#1974,#1975,#1976);
#1974 = CARTESIAN_POINT('',(-2.162652818509,9.212210969749,
    12.749371867901));
#1975 = DIRECTION('',(1.,-2.6645352591E-13,0.));
#1976 = DIRECTION('',(0.,0.,1.));
#1977 = ADVANCED_FACE('',(#1978),#2077,.F.);
#1978 = FACE_BOUND('',#1979,.F.);
#1979 = EDGE_LOOP('',(#1980,#1988,#1997,#2006,#2014,#2061,#2070,#2076));
#1980 = ORIENTED_EDGE('',*,*,#1981,.T.);
#1981 = EDGE_CURVE('',#1959,#1982,#1984,.T.);
#1982 = VERTEX_POINT('',#1983);
#1983 = CARTESIAN_POINT('',(-5.562652818509,9.21221096975,
    10.999371867901));
#1984 = LINE('',#1985,#1986);
#1985 = CARTESIAN_POINT('',(-1.962652818509,9.212210969749,
    10.999371867901));
#1986 = VECTOR('',#1987,1.);
#1987 = DIRECTION('',(-1.,2.664535259097E-13,0.));
#1988 = ORIENTED_EDGE('',*,*,#1989,.T.);
#1989 = EDGE_CURVE('',#1982,#1990,#1992,.T.);
#1990 = VERTEX_POINT('',#1991);
#1991 = CARTESIAN_POINT('',(-5.562652818518,10.597485226415,
    13.818724585119));
#1992 = CIRCLE('',#1993,1.75);
#1993 = AXIS2_PLACEMENT_3D('',#1994,#1995,#1996);
#1994 = CARTESIAN_POINT('',(-5.562652818509,9.21221096975,
    12.749371867901));
#1995 = DIRECTION('',(1.,-2.665319655793E-13,0.));
#1996 = DIRECTION('',(0.,0.,-1.));
#1997 = ORIENTED_EDGE('',*,*,#1998,.T.);
#1998 = EDGE_CURVE('',#1990,#1999,#2001,.T.);
#1999 = VERTEX_POINT('',#2000);
#2000 = CARTESIAN_POINT('',(-5.362652818509,10.725324657382,
    13.628568642406));
#2001 = B_SPLINE_CURVE_WITH_KNOTS('',3,(#2002,#2003,#2004,#2005),
  .UNSPECIFIED.,.F.,.F.,(4,4),(0.,1.),.PIECEWISE_BEZIER_KNOTS.);
#2002 = CARTESIAN_POINT('',(-5.562652818518,10.597485226415,
    13.818724585119));
#2003 = CARTESIAN_POINT('',(-5.480426218187,10.651123118325,
    13.749240317067));
#2004 = CARTESIAN_POINT('',(-5.413759551516,10.692360492226,
    13.685300571987));
#2005 = CARTESIAN_POINT('',(-5.362652818509,10.725324657382,
    13.628568642406));
#2006 = ORIENTED_EDGE('',*,*,#2007,.T.);
#2007 = EDGE_CURVE('',#1999,#2008,#2010,.T.);
#2008 = VERTEX_POINT('',#2009);
#2009 = CARTESIAN_POINT('',(-4.662652818509,10.725324657382,
    13.628568642406));
#2010 = LINE('',#2011,#2012);
#2011 = CARTESIAN_POINT('',(-1.962652818509,10.725324657381,
    13.628568642406));
#2012 = VECTOR('',#2013,1.);
#2013 = DIRECTION('',(1.,-2.664535259097E-13,0.));
#2014 = ORIENTED_EDGE('',*,*,#2015,.T.);
#2015 = EDGE_CURVE('',#2008,#2016,#2018,.T.);
#2016 = VERTEX_POINT('',#2017);
#2017 = CARTESIAN_POINT('',(-3.462652818509,9.784805116605,
    14.403045337177));
#2018 = B_SPLINE_CURVE_WITH_KNOTS('',3,(#2019,#2020,#2021,#2022,#2023,
    #2024,#2025,#2026,#2027,#2028,#2029,#2030,#2031,#2032,#2033,#2034,
    #2035,#2036,#2037,#2038,#2039,#2040,#2041,#2042,#2043,#2044,#2045,
    #2046,#2047,#2048,#2049,#2050,#2051,#2052,#2053,#2054,#2055,#2056,
    #2057,#2058,#2059,#2060),.UNSPECIFIED.,.F.,.F.,(4,2,2,1,1,2,2,2,2,2,
    2,2,2,1,2,2,2,2,2,1,2,2,4),(0.,6.249999999994E-02,9.374999999991E-02
    ,0.109375,0.1171875,0.12109375,0.125,0.1875,0.21875,0.234375,0.25,
    0.3125,0.34375,0.359375,0.3671875,0.375,0.5,0.625,0.6875,0.71875,
    0.734375,0.75,1.),.UNSPECIFIED.);
#2019 = CARTESIAN_POINT('',(-4.662652818509,10.725324657382,
    13.628568642406));
#2020 = CARTESIAN_POINT('',(-4.624086806977,10.725324657382,
    13.628568642406));
#2021 = CARTESIAN_POINT('',(-4.583461575877,10.72417335527,
    13.630772619259));
#2022 = CARTESIAN_POINT('',(-4.519795943593,10.7200033669,13.6378674591)
  );
#2023 = CARTESIAN_POINT('',(-4.498121401472,10.718208619845,
    13.640867494967));
#2024 = CARTESIAN_POINT('',(-4.464995210465,10.714848075514,
    13.646418519729));
#2025 = CARTESIAN_POINT('',(-4.448278738045,10.713001044321,
    13.649457214596));
#2026 = CARTESIAN_POINT('',(-4.4285243053,10.710545082973,
    13.653489308959));
#2027 = CARTESIAN_POINT('',(-4.42000607594,10.70942731929,
    13.655324848861));
#2028 = CARTESIAN_POINT('',(-4.4143159102,10.708667586113,
    13.656572790578));
#2029 = CARTESIAN_POINT('',(-4.409945583328,10.708070589251,
    13.6575538371));
#2030 = CARTESIAN_POINT('',(-4.387220879385,10.704932336639,
    13.662712491297));
#2031 = CARTESIAN_POINT('',(-4.358337851706,10.700689379073,
    13.669985547037));
#2032 = CARTESIAN_POINT('',(-4.304530180381,10.690620421894,
    13.686068660544));
#2033 = CARTESIAN_POINT('',(-4.284853788018,10.686639509928,
    13.692303090487));
#2034 = CARTESIAN_POINT('',(-4.252906510066,10.679473723164,
    13.703278154407));
#2035 = CARTESIAN_POINT('',(-4.241852672888,10.676885962913,
    13.707208021304));
#2036 = CARTESIAN_POINT('',(-4.218974770517,10.671269795421,
    13.715675080255));
#2037 = CARTESIAN_POINT('',(-4.205473339993,10.667791388233,
    13.720883604327));
#2038 = CARTESIAN_POINT('',(-4.15293077533,10.653696767513,
    13.741913573729));
#2039 = CARTESIAN_POINT('',(-4.115957796829,10.641907687895,
    13.758669489261));
#2040 = CARTESIAN_POINT('',(-4.067498623461,10.624797532618,
    13.782395049167));
#2041 = CARTESIAN_POINT('',(-4.052509969073,10.619182802913,
    13.790068514012));
#2042 = CARTESIAN_POINT('',(-4.031687633256,10.61100782826,
    13.801070105497));
#2043 = CARTESIAN_POINT('',(-4.021691571422,10.606981630214,
    13.806443906313));
#2044 = CARTESIAN_POINT('',(-4.01230189401,10.603064741691,
    13.811599714204));
#2045 = CARTESIAN_POINT('',(-4.006175068681,10.600479459077,
    13.814985567613));
#2046 = CARTESIAN_POINT('',(-4.004339167947,10.599701182349,
    13.816003194351));
#2047 = CARTESIAN_POINT('',(-3.934768793511,10.569658815697,
    13.854929013095));
#2048 = CARTESIAN_POINT('',(-3.873922599748,10.536402960007,
    13.894733588406));
#2049 = CARTESIAN_POINT('',(-3.767974133339,10.464144678199,
    13.973309414329));
#2050 = CARTESIAN_POINT('',(-3.718119380494,10.422069743885,
    14.015288221168));
#2051 = CARTESIAN_POINT('',(-3.650956126401,10.348591385699,
    14.08042557747));
#2052 = CARTESIAN_POINT('',(-3.629841509592,10.322369031207,
    14.102482303611));
#2053 = CARTESIAN_POINT('',(-3.600468471268,10.280259239322,
    14.135684341772));
#2054 = CARTESIAN_POINT('',(-3.586356832775,10.258510403859,
    14.152312780785));
#2055 = CARTESIAN_POINT('',(-3.573181433532,10.235688896107,
    14.168890660341));
#2056 = CARTESIAN_POINT('',(-3.564614124336,10.220232923932,
    14.179919970824));
#2057 = CARTESIAN_POINT('',(-3.559798629054,10.211128602386,
    14.186287490632));
#2058 = CARTESIAN_POINT('',(-3.501603039224,10.096961779524,
    14.264864048114));
#2059 = CARTESIAN_POINT('',(-3.462652818509,9.957889029941,
    14.343114016071));
#2060 = CARTESIAN_POINT('',(-3.462652818509,9.784805116605,
    14.403045337177));
#2061 = ORIENTED_EDGE('',*,*,#2062,.T.);
#2062 = EDGE_CURVE('',#2016,#2063,#2065,.T.);
#2063 = VERTEX_POINT('',#2064);
#2064 = CARTESIAN_POINT('',(-3.462652818509,9.212210969749,
    14.499371867901));
#2065 = CIRCLE('',#2066,1.75);
#2066 = AXIS2_PLACEMENT_3D('',#2067,#2068,#2069);
#2067 = CARTESIAN_POINT('',(-3.462652818509,9.212210969749,
    12.749371867901));
#2068 = DIRECTION('',(1.,-2.665319655793E-13,0.));
#2069 = DIRECTION('',(0.,0.,-1.));
#2070 = ORIENTED_EDGE('',*,*,#2071,.F.);
#2071 = EDGE_CURVE('',#1940,#2063,#2072,.T.);
#2072 = LINE('',#2073,#2074);
#2073 = CARTESIAN_POINT('',(-1.962652818509,9.212210969749,
    14.499371867901));
#2074 = VECTOR('',#2075,1.);
#2075 = DIRECTION('',(-1.,2.664535259097E-13,0.));
#2076 = ORIENTED_EDGE('',*,*,#1966,.T.);
#2077 = CYLINDRICAL_SURFACE('',#2078,1.75);
#2078 = AXIS2_PLACEMENT_3D('',#2079,#2080,#2081);
#2079 = CARTESIAN_POINT('',(-1.962652818509,9.212210969749,
    12.749371867901));
#2080 = DIRECTION('',(-1.,2.664535259097E-13,0.));
#2081 = DIRECTION('',(0.,0.,-1.));
#2082 = ADVANCED_FACE('',(#2083),#2120,.F.);
#2083 = FACE_BOUND('',#2084,.F.);
#2084 = EDGE_LOOP('',(#2085,#2104,#2105,#2113));
#2085 = ORIENTED_EDGE('',*,*,#2086,.F.);
#2086 = EDGE_CURVE('',#1990,#2087,#2089,.T.);
#2087 = VERTEX_POINT('',#2088);
#2088 = CARTESIAN_POINT('',(-5.962652818509,10.130825332482,
    13.738638087168));
#2089 = B_SPLINE_CURVE_WITH_KNOTS('',3,(#2090,#2091,#2092,#2093,#2094,
    #2095,#2096,#2097,#2098,#2099,#2100,#2101,#2102,#2103),
  .UNSPECIFIED.,.F.,.F.,(4,2,2,1,1,2,2,4),(0.,0.25,0.375,0.4375,0.46875,
    0.484375,0.5,1.),.UNSPECIFIED.);
#2090 = CARTESIAN_POINT('',(-5.562652818518,10.597485226415,
    13.818724585119));
#2091 = CARTESIAN_POINT('',(-5.612456082017,10.53693034254,
    13.815665438815));
#2092 = CARTESIAN_POINT('',(-5.654044791771,10.487315781364,
    13.810294946509));
#2093 = CARTESIAN_POINT('',(-5.704095794188,10.4281503386,
    13.802493190453));
#2094 = CARTESIAN_POINT('',(-5.718724117958,10.410971231023,
    13.799917728338));
#2095 = CARTESIAN_POINT('',(-5.73758358806,10.388891842635,
    13.796406356686));
#2096 = CARTESIAN_POINT('',(-5.746242569222,10.378774800503,
    13.794737156519));
#2097 = CARTESIAN_POINT('',(-5.754995894608,10.368563175382,
    13.792994665034));
#2098 = CARTESIAN_POINT('',(-5.758458287064,10.364525671782,
    13.792296588723));
#2099 = CARTESIAN_POINT('',(-5.760702319212,10.361909087311,
    13.79184253655));
#2100 = CARTESIAN_POINT('',(-5.760563745045,10.362070668071,
    13.791871393886));
#2101 = CARTESIAN_POINT('',(-5.836010393609,10.274104227014,
    13.776504474455));
#2102 = CARTESIAN_POINT('',(-5.902599759012,10.198157864438,
    13.758069824231));
#2103 = CARTESIAN_POINT('',(-5.962652818509,10.130825332482,
    13.738638087168));
#2104 = ORIENTED_EDGE('',*,*,#1989,.F.);
#2105 = ORIENTED_EDGE('',*,*,#2106,.F.);
#2106 = EDGE_CURVE('',#2107,#1982,#2109,.T.);
#2107 = VERTEX_POINT('',#2108);
#2108 = CARTESIAN_POINT('',(-5.962652818509,9.21221096975,
    11.399371867901));
#2109 = LINE('',#2110,#2111);
#2110 = CARTESIAN_POINT('',(-5.762652818509,9.21221096975,
    11.199371867901));
#2111 = VECTOR('',#2112,1.);
#2112 = DIRECTION('',(0.707106781187,-1.884110950421E-13,-0.707106781187
    ));
#2113 = ORIENTED_EDGE('',*,*,#2114,.F.);
#2114 = EDGE_CURVE('',#2087,#2107,#2115,.T.);
#2115 = CIRCLE('',#2116,1.35);
#2116 = AXIS2_PLACEMENT_3D('',#2117,#2118,#2119);
#2117 = CARTESIAN_POINT('',(-5.962652818509,9.21221096975,
    12.749371867901));
#2118 = DIRECTION('',(-1.,2.665319655793E-13,0.));
#2119 = DIRECTION('',(0.,0.,-1.));
#2120 = CONICAL_SURFACE('',#2121,1.55,0.785398163397);
#2121 = AXIS2_PLACEMENT_3D('',#2122,#2123,#2124);
#2122 = CARTESIAN_POINT('',(-5.762652818509,9.21221096975,
    12.749371867901));
#2123 = DIRECTION('',(1.,-2.6645352591E-13,0.));
#2124 = DIRECTION('',(0.,0.,-1.));
#2125 = ADVANCED_FACE('',(#2126),#2162,.T.);
#2126 = FACE_BOUND('',#2127,.T.);
#2127 = EDGE_LOOP('',(#2128,#2139,#2147,#2156));
#2128 = ORIENTED_EDGE('',*,*,#2129,.T.);
#2129 = EDGE_CURVE('',#2130,#2132,#2134,.T.);
#2130 = VERTEX_POINT('',#2131);
#2131 = CARTESIAN_POINT('',(-7.855546037328,-11.61471863516,
    10.256478649088));
#2132 = VERTEX_POINT('',#2133);
#2133 = CARTESIAN_POINT('',(-7.531122688505,-11.61471863516,
    10.473251400413));
#2134 = CIRCLE('',#2135,1.);
#2135 = AXIS2_PLACEMENT_3D('',#2136,#2137,#2138);
#2136 = CARTESIAN_POINT('',(-7.148439256141,-11.61471863516,
    9.549371867901));
#2137 = DIRECTION('',(2.66061342936E-13,1.,9.468134520961E-16));
#2138 = DIRECTION('',(-0.382683432365,1.009425263649E-13,0.923879532511)
  );
#2139 = ORIENTED_EDGE('',*,*,#2140,.T.);
#2140 = EDGE_CURVE('',#2132,#2141,#2143,.T.);
#2141 = VERTEX_POINT('',#2142);
#2142 = CARTESIAN_POINT('',(-7.531122688505,-1.814718635121,
    10.473251400412));
#2143 = LINE('',#2144,#2145);
#2144 = CARTESIAN_POINT('',(-7.531122688505,-6.52385243458,
    10.473251400412));
#2145 = VECTOR('',#2146,1.);
#2146 = DIRECTION('',(2.66061342937E-13,1.,9.46813452514E-16));
#2147 = ORIENTED_EDGE('',*,*,#2148,.T.);
#2148 = EDGE_CURVE('',#2141,#2149,#2151,.T.);
#2149 = VERTEX_POINT('',#2150);
#2150 = CARTESIAN_POINT('',(-7.855546037325,-1.814718635121,
    10.256478649088));
#2151 = CIRCLE('',#2152,1.);
#2152 = AXIS2_PLACEMENT_3D('',#2153,#2154,#2155);
#2153 = CARTESIAN_POINT('',(-7.148439256139,-1.814718635121,
    9.549371867901));
#2154 = DIRECTION('',(-2.66061342937E-13,-1.,-9.46813452514E-16));
#2155 = DIRECTION('',(-0.382683432365,1.009425263649E-13,0.923879532511)
  );
#2156 = ORIENTED_EDGE('',*,*,#2157,.T.);
#2157 = EDGE_CURVE('',#2149,#2130,#2158,.T.);
#2158 = LINE('',#2159,#2160);
#2159 = CARTESIAN_POINT('',(-7.855546037327,-6.52385243458,
    10.256478649088));
#2160 = VECTOR('',#2161,1.);
#2161 = DIRECTION('',(-2.6645352591E-13,-1.,0.));
#2162 = CYLINDRICAL_SURFACE('',#2163,1.);
#2163 = AXIS2_PLACEMENT_3D('',#2164,#2165,#2166);
#2164 = CARTESIAN_POINT('',(-7.14843925614,-6.52385243458,9.549371867901
    ));
#2165 = DIRECTION('',(2.66061342937E-13,1.,9.46813452514E-16));
#2166 = DIRECTION('',(-0.382683432365,1.009425263649E-13,0.923879532511)
  );
#2167 = ADVANCED_FACE('',(#2168),#2204,.T.);
#2168 = FACE_BOUND('',#2169,.T.);
#2169 = EDGE_LOOP('',(#2170,#2181,#2189,#2198));
#2170 = ORIENTED_EDGE('',*,*,#2171,.T.);
#2171 = EDGE_CURVE('',#2172,#2174,#2176,.T.);
#2172 = VERTEX_POINT('',#2173);
#2173 = CARTESIAN_POINT('',(-9.062652818512,-2.81471863512,
    9.049371867901));
#2174 = VERTEX_POINT('',#2175);
#2175 = CARTESIAN_POINT('',(-8.769759599699,-2.107611853934,
    9.342265086714));
#2176 = ( BOUNDED_CURVE() B_SPLINE_CURVE(3,(#2177,#2178,#2179,#2180),
.UNSPECIFIED.,.F.,.F.) B_SPLINE_CURVE_WITH_KNOTS((4,4),(
3.538835890993E-14,0.785398163397),.PIECEWISE_BEZIER_KNOTS.) CURVE() 
GEOMETRIC_REPRESENTATION_ITEM() RATIONAL_B_SPLINE_CURVE((1.,
0.949253021674,0.949253021674,1.)) REPRESENTATION_ITEM('') );
#2177 = CARTESIAN_POINT('',(-9.062652818512,-2.81471863512,
    9.049371867901));
#2178 = CARTESIAN_POINT('',(-9.062652818512,-2.545957533056,
    9.049371867901));
#2179 = CARTESIAN_POINT('',(-8.959802397488,-2.297654651723,
    9.152222288925));
#2180 = CARTESIAN_POINT('',(-8.769759599699,-2.107611853934,
    9.342265086714));
#2181 = ORIENTED_EDGE('',*,*,#2182,.T.);
#2182 = EDGE_CURVE('',#2174,#2183,#2185,.T.);
#2183 = VERTEX_POINT('',#2184);
#2184 = CARTESIAN_POINT('',(-8.769759599699,-2.107611853934,
    8.84937186793));
#2185 = LINE('',#2186,#2187);
#2186 = CARTESIAN_POINT('',(-8.769759599699,-2.107611853934,
    9.974371867895));
#2187 = VECTOR('',#2188,1.);
#2188 = DIRECTION('',(0.,0.,-1.));
#2189 = ORIENTED_EDGE('',*,*,#2190,.T.);
#2190 = EDGE_CURVE('',#2183,#2191,#2193,.T.);
#2191 = VERTEX_POINT('',#2192);
#2192 = CARTESIAN_POINT('',(-9.062652818512,-2.81471863512,8.84937186793
    ));
#2193 = CIRCLE('',#2194,1.);
#2194 = AXIS2_PLACEMENT_3D('',#2195,#2196,#2197);
#2195 = CARTESIAN_POINT('',(-8.062652818512,-2.814718635121,
    8.84937186793));
#2196 = DIRECTION('',(-1.028588460084E-11,-1.028588460084E-11,1.));
#2197 = DIRECTION('',(-0.707106781186,0.707106781187,8.885729236409E-27)
  );
#2198 = ORIENTED_EDGE('',*,*,#2199,.T.);
#2199 = EDGE_CURVE('',#2191,#2172,#2200,.T.);
#2200 = LINE('',#2201,#2202);
#2201 = CARTESIAN_POINT('',(-9.062652818512,-2.81471863512,
    9.974371867895));
#2202 = VECTOR('',#2203,1.);
#2203 = DIRECTION('',(0.,0.,1.));
#2204 = CYLINDRICAL_SURFACE('',#2205,1.);
#2205 = AXIS2_PLACEMENT_3D('',#2206,#2207,#2208);
#2206 = CARTESIAN_POINT('',(-8.062652818512,-2.814718635121,
    9.974371867895));
#2207 = DIRECTION('',(0.,0.,-1.));
#2208 = DIRECTION('',(-0.707106781186,0.707106781187,0.));
#2209 = ADVANCED_FACE('',(#2210),#2246,.F.);
#2210 = FACE_BOUND('',#2211,.F.);
#2211 = EDGE_LOOP('',(#2212,#2222,#2231,#2239));
#2212 = ORIENTED_EDGE('',*,*,#2213,.F.);
#2213 = EDGE_CURVE('',#2214,#2216,#2218,.T.);
#2214 = VERTEX_POINT('',#2215);
#2215 = CARTESIAN_POINT('',(-3.872703324851,-1.324769141461,
    9.549371867901));
#2216 = VERTEX_POINT('',#2217);
#2217 = CARTESIAN_POINT('',(-3.872703324851,-1.324769141461,
    10.549371867901));
#2218 = LINE('',#2219,#2220);
#2219 = CARTESIAN_POINT('',(-3.872703324851,-1.324769141461,
    10.249371867884));
#2220 = VECTOR('',#2221,1.);
#2221 = DIRECTION('',(0.,0.,1.));
#2222 = ORIENTED_EDGE('',*,*,#2223,.F.);
#2223 = EDGE_CURVE('',#2224,#2214,#2226,.T.);
#2224 = VERTEX_POINT('',#2225);
#2225 = CARTESIAN_POINT('',(-3.569221472996,-0.870576453111,
    9.549371867901));
#2226 = CIRCLE('',#2227,1.4);
#2227 = AXIS2_PLACEMENT_3D('',#2228,#2229,#2230);
#2228 = CARTESIAN_POINT('',(-4.862652818512,-0.334819647799,
    9.549371867901));
#2229 = DIRECTION('',(0.,0.,-1.));
#2230 = DIRECTION('',(0.923879532511,-0.382683432365,0.));
#2231 = ORIENTED_EDGE('',*,*,#2232,.F.);
#2232 = EDGE_CURVE('',#2233,#2224,#2235,.T.);
#2233 = VERTEX_POINT('',#2234);
#2234 = CARTESIAN_POINT('',(-3.569221472996,-0.870576453111,
    10.549371867901));
#2235 = LINE('',#2236,#2237);
#2236 = CARTESIAN_POINT('',(-3.569221472996,-0.870576453111,
    10.249371867884));
#2237 = VECTOR('',#2238,1.);
#2238 = DIRECTION('',(0.,0.,-1.));
#2239 = ORIENTED_EDGE('',*,*,#2240,.F.);
#2240 = EDGE_CURVE('',#2216,#2233,#2241,.T.);
#2241 = CIRCLE('',#2242,1.4);
#2242 = AXIS2_PLACEMENT_3D('',#2243,#2244,#2245);
#2243 = CARTESIAN_POINT('',(-4.862652818512,-0.334819647799,
    10.549371867901));
#2244 = DIRECTION('',(-0.,0.,1.));
#2245 = DIRECTION('',(0.923879532511,-0.382683432365,0.));
#2246 = CYLINDRICAL_SURFACE('',#2247,1.4);
#2247 = AXIS2_PLACEMENT_3D('',#2248,#2249,#2250);
#2248 = CARTESIAN_POINT('',(-4.862652818512,-0.334819647799,
    10.249371867884));
#2249 = DIRECTION('',(0.,0.,-1.));
#2250 = DIRECTION('',(0.923879532511,-0.382683432365,0.));
#2251 = ADVANCED_FACE('',(#2252),#2288,.F.);
#2252 = FACE_BOUND('',#2253,.F.);
#2253 = EDGE_LOOP('',(#2254,#2264,#2273,#2281));
#2254 = ORIENTED_EDGE('',*,*,#2255,.F.);
#2255 = EDGE_CURVE('',#2256,#2258,#2260,.T.);
#2256 = VERTEX_POINT('',#2257);
#2257 = CARTESIAN_POINT('',(-4.942551805834,-1.814718635122,
    9.549371867901));
#2258 = VERTEX_POINT('',#2259);
#2259 = CARTESIAN_POINT('',(-4.942551805834,-1.814718635122,
    10.549371867901));
#2260 = LINE('',#2261,#2262);
#2261 = CARTESIAN_POINT('',(-4.942551805834,-1.814718635122,
    10.449371867895));
#2262 = VECTOR('',#2263,1.);
#2263 = DIRECTION('',(0.,0.,1.));
#2264 = ORIENTED_EDGE('',*,*,#2265,.F.);
#2265 = EDGE_CURVE('',#2266,#2256,#2268,.T.);
#2266 = VERTEX_POINT('',#2267);
#2267 = CARTESIAN_POINT('',(-4.406795000523,-1.708149980638,
    9.549371867901));
#2268 = CIRCLE('',#2269,1.4);
#2269 = AXIS2_PLACEMENT_3D('',#2270,#2271,#2272);
#2270 = CARTESIAN_POINT('',(-4.942551805834,-0.414718635122,
    9.549371867901));
#2271 = DIRECTION('',(0.,0.,-1.));
#2272 = DIRECTION('',(0.382683432365,-0.923879532511,0.));
#2273 = ORIENTED_EDGE('',*,*,#2274,.F.);
#2274 = EDGE_CURVE('',#2275,#2266,#2277,.T.);
#2275 = VERTEX_POINT('',#2276);
#2276 = CARTESIAN_POINT('',(-4.406795000523,-1.708149980638,
    10.549371867901));
#2277 = LINE('',#2278,#2279);
#2278 = CARTESIAN_POINT('',(-4.406795000523,-1.708149980638,
    10.449371867895));
#2279 = VECTOR('',#2280,1.);
#2280 = DIRECTION('',(0.,0.,-1.));
#2281 = ORIENTED_EDGE('',*,*,#2282,.F.);
#2282 = EDGE_CURVE('',#2258,#2275,#2283,.T.);
#2283 = CIRCLE('',#2284,1.4);
#2284 = AXIS2_PLACEMENT_3D('',#2285,#2286,#2287);
#2285 = CARTESIAN_POINT('',(-4.942551805834,-0.414718635122,
    10.549371867901));
#2286 = DIRECTION('',(-0.,0.,1.));
#2287 = DIRECTION('',(0.382683432365,-0.923879532511,0.));
#2288 = CYLINDRICAL_SURFACE('',#2289,1.4);
#2289 = AXIS2_PLACEMENT_3D('',#2290,#2291,#2292);
#2290 = CARTESIAN_POINT('',(-4.942551805834,-0.414718635122,
    10.449371867895));
#2291 = DIRECTION('',(0.,0.,-1.));
#2292 = DIRECTION('',(0.382683432365,-0.923879532511,0.));
#2293 = ADVANCED_FACE('',(#2294),#2319,.F.);
#2294 = FACE_BOUND('',#2295,.F.);
#2295 = EDGE_LOOP('',(#2296,#2305,#2313));
#2296 = ORIENTED_EDGE('',*,*,#2297,.F.);
#2297 = EDGE_CURVE('',#1817,#2298,#2300,.T.);
#2298 = VERTEX_POINT('',#2299);
#2299 = CARTESIAN_POINT('',(-3.962652818512,-2.768657836511,
    8.849371867989));
#2300 = CIRCLE('',#2301,1.);
#2301 = AXIS2_PLACEMENT_3D('',#2302,#2303,#2304);
#2302 = CARTESIAN_POINT('',(-3.962652818512,-1.814718635122,
    8.549371867901));
#2303 = DIRECTION('',(1.,-2.664927457447E-13,-3.921983464537E-17));
#2304 = DIRECTION('',(-1.884110950386E-13,-0.707106781174,0.7071067812)
  );
#2305 = ORIENTED_EDGE('',*,*,#2306,.F.);
#2306 = EDGE_CURVE('',#2307,#1817,#2309,.T.);
#2307 = VERTEX_POINT('',#2308);
#2308 = CARTESIAN_POINT('',(-4.538388749665,-2.114718635212,
    8.849371868002));
#2309 = LINE('',#2310,#2311);
#2310 = CARTESIAN_POINT('',(-4.162652818512,-2.380404060061,
    9.115057292861));
#2311 = VECTOR('',#2312,1.);
#2312 = DIRECTION('',(0.707106781186,-0.499999999991,0.500000000009));
#2313 = ORIENTED_EDGE('',*,*,#2314,.F.);
#2314 = EDGE_CURVE('',#2298,#2307,#2315,.T.);
#2315 = ( BOUNDED_CURVE() B_SPLINE_CURVE(2,(#2316,#2317,#2318),
.UNSPECIFIED.,.F.,.F.) B_SPLINE_CURVE_WITH_KNOTS((3,3),(
3.061752698834E-02,0.11848910056),.PIECEWISE_BEZIER_KNOTS.) CURVE() 
GEOMETRIC_REPRESENTATION_ITEM() RATIONAL_B_SPLINE_CURVE((1.615384615333,
2.436176197766,2.899494935789)) REPRESENTATION_ITEM('') );
#2316 = CARTESIAN_POINT('',(-3.962652818512,-2.768657836511,
    8.849371867989));
#2317 = CARTESIAN_POINT('',(-4.400646202664,-2.309516013304,
    8.849371867998));
#2318 = CARTESIAN_POINT('',(-4.538388749665,-2.114718635212,
    8.849371868002));
#2319 = CONICAL_SURFACE('',#2320,0.8,0.785398163397);
#2320 = AXIS2_PLACEMENT_3D('',#2321,#2322,#2323);
#2321 = CARTESIAN_POINT('',(-4.162652818512,-1.814718635122,
    8.549371867901));
#2322 = DIRECTION('',(1.,-2.66468233348E-13,1.470743799263E-17));
#2323 = DIRECTION('',(-1.884318944969E-13,-0.707106781174,0.7071067812)
  );
#2324 = ADVANCED_FACE('',(#2325),#2368,.F.);
#2325 = FACE_BOUND('',#2326,.F.);
#2326 = EDGE_LOOP('',(#2327,#2335,#2336,#2353,#2361));
#2327 = ORIENTED_EDGE('',*,*,#2328,.F.);
#2328 = EDGE_CURVE('',#1015,#2329,#2331,.T.);
#2329 = VERTEX_POINT('',#2330);
#2330 = CARTESIAN_POINT('',(-6.962652818515,-11.61471863516,
    10.549371867901));
#2331 = LINE('',#2332,#2333);
#2332 = CARTESIAN_POINT('',(-6.962652818513,-7.489718635169,
    10.549371867901));
#2333 = VECTOR('',#2334,1.);
#2334 = DIRECTION('',(-2.6645352591E-13,-1.,0.));
#2335 = ORIENTED_EDGE('',*,*,#1031,.T.);
#2336 = ORIENTED_EDGE('',*,*,#2337,.T.);
#2337 = EDGE_CURVE('',#1024,#2338,#2340,.T.);
#2338 = VERTEX_POINT('',#2339);
#2339 = CARTESIAN_POINT('',(-4.13477723613,-6.935064439774,
    11.721312485293));
#2340 = B_SPLINE_CURVE_WITH_KNOTS('',3,(#2341,#2342,#2343,#2344,#2345,
    #2346,#2347,#2348,#2349,#2350,#2351,#2352),.UNSPECIFIED.,.F.,.F.,(4,
    2,1,1,1,1,2,4),(0.551205526733,0.554348772476,0.557492018218,
    0.563778509704,0.576351492676,0.601497458619,0.651789390506,
    0.752373254279),.UNSPECIFIED.);
#2341 = CARTESIAN_POINT('',(-4.878468153264,-6.528419675692,
    11.135276133659));
#2342 = CARTESIAN_POINT('',(-4.87515627052,-6.531087279084,
    11.137313368385));
#2343 = CARTESIAN_POINT('',(-4.869912421314,-6.534281136697,
    11.140522450403));
#2344 = CARTESIAN_POINT('',(-4.861146088253,-6.539612840481,
    11.145915106688));
#2345 = CARTESIAN_POINT('',(-4.848021332024,-6.547585526396,
    11.154024946336));
#2346 = CARTESIAN_POINT('',(-4.817570104361,-6.566013695647,
    11.173092752145));
#2347 = CARTESIAN_POINT('',(-4.757360463186,-6.60216566628,
    11.211798600963));
#2348 = CARTESIAN_POINT('',(-4.639712437444,-6.671611181617,
    11.291417645414));
#2349 = CARTESIAN_POINT('',(-4.543621998133,-6.726100745914,
    11.363192099121));
#2350 = CARTESIAN_POINT('',(-4.357775420326,-6.828070542844,
    11.510755363453));
#2351 = CARTESIAN_POINT('',(-4.242323436208,-6.886681597337,
    11.614483591128));
#2352 = CARTESIAN_POINT('',(-4.13477723613,-6.935064439774,
    11.721312485293));
#2353 = ORIENTED_EDGE('',*,*,#2354,.F.);
#2354 = EDGE_CURVE('',#2355,#2338,#2357,.T.);
#2355 = VERTEX_POINT('',#2356);
#2356 = CARTESIAN_POINT('',(-4.134225693768,-11.61471863516,
    11.720944743155));
#2357 = LINE('',#2358,#2359);
#2358 = CARTESIAN_POINT('',(-4.134225693767,-7.48971863517,
    11.720944743155));
#2359 = VECTOR('',#2360,1.);
#2360 = DIRECTION('',(2.6645352591E-13,1.,3.029225876049E-28));
#2361 = ORIENTED_EDGE('',*,*,#2362,.F.);
#2362 = EDGE_CURVE('',#2329,#2355,#2363,.T.);
#2363 = CIRCLE('',#2364,4.);
#2364 = AXIS2_PLACEMENT_3D('',#2365,#2366,#2367);
#2365 = CARTESIAN_POINT('',(-6.962652818515,-11.61471863516,
    14.549371867901));
#2366 = DIRECTION('',(-2.664535259094E-13,-1.,5.906990458295E-25));
#2367 = DIRECTION('',(0.707106781187,-1.884110950421E-13,-0.707106781187
    ));
#2368 = CYLINDRICAL_SURFACE('',#2369,4.);
#2369 = AXIS2_PLACEMENT_3D('',#2370,#2371,#2372);
#2370 = CARTESIAN_POINT('',(-6.962652818513,-7.489718635169,
    14.549371867901));
#2371 = DIRECTION('',(2.6645352591E-13,1.,3.029225876049E-28));
#2372 = DIRECTION('',(0.707106781187,-1.884110950421E-13,-0.707106781187
    ));
#2373 = ADVANCED_FACE('',(#2374),#2391,.T.);
#2374 = FACE_BOUND('',#2375,.T.);
#2375 = EDGE_LOOP('',(#2376,#2377,#2385));
#2376 = ORIENTED_EDGE('',*,*,#1907,.T.);
#2377 = ORIENTED_EDGE('',*,*,#2378,.T.);
#2378 = EDGE_CURVE('',#1900,#2379,#2381,.T.);
#2379 = VERTEX_POINT('',#2380);
#2380 = CARTESIAN_POINT('',(-5.627582325023,7.364033610973,
    14.549371867901));
#2381 = LINE('',#2382,#2383);
#2382 = CARTESIAN_POINT('',(-5.662652818509,7.384149219648,
    14.578099934334));
#2383 = VECTOR('',#2384,1.);
#2384 = DIRECTION('',(-0.707106781186,0.405579787673,0.57922796534));
#2385 = ORIENTED_EDGE('',*,*,#2386,.T.);
#2386 = EDGE_CURVE('',#2379,#1908,#2387,.T.);
#2387 = ( BOUNDED_CURVE() B_SPLINE_CURVE(2,(#2388,#2389,#2390),
.UNSPECIFIED.,.F.,.F.) B_SPLINE_CURVE_WITH_KNOTS((3,3),(
4.743218876773E-02,0.148834281165),.PIECEWISE_BEZIER_KNOTS.) CURVE() 
GEOMETRIC_REPRESENTATION_ITEM() RATIONAL_B_SPLINE_CURVE((1.051256767388,
1.080417584844,1.)) REPRESENTATION_ITEM('') );
#2388 = CARTESIAN_POINT('',(-5.627582325023,7.364033610973,
    14.549371867901));
#2389 = CARTESIAN_POINT('',(-5.36265281851,6.902143111776,
    14.549371867901));
#2390 = CARTESIAN_POINT('',(-5.36265281851,6.523784565121,
    14.549371867901));
#2391 = CONICAL_SURFACE('',#2392,1.5,0.785398163397);
#2392 = AXIS2_PLACEMENT_3D('',#2393,#2394,#2395);
#2393 = CARTESIAN_POINT('',(-5.66265281851,6.523784565121,
    13.349371867901));
#2394 = DIRECTION('',(-1.,2.663871927612E-13,-9.473355435441E-17));
#2395 = DIRECTION('',(1.527158155288E-13,0.573576436351,0.819152044289)
  );
#2396 = ADVANCED_FACE('',(#2397),#2433,.T.);
#2397 = FACE_BOUND('',#2398,.T.);
#2398 = EDGE_LOOP('',(#2399,#2410,#2418,#2427));
#2399 = ORIENTED_EDGE('',*,*,#2400,.T.);
#2400 = EDGE_CURVE('',#2401,#2403,#2405,.T.);
#2401 = VERTEX_POINT('',#2402);
#2402 = CARTESIAN_POINT('',(-7.96265281851,5.157571227599,
    14.149371867901));
#2403 = VERTEX_POINT('',#2404);
#2404 = CARTESIAN_POINT('',(-7.845495530985,4.812341342639,
    14.432214580376));
#2405 = ( BOUNDED_CURVE() B_SPLINE_CURVE(3,(#2406,#2407,#2408,#2409),
.UNSPECIFIED.,.F.,.F.) B_SPLINE_CURVE_WITH_KNOTS((4,4),(4.712388980385,
5.497787143782),.PIECEWISE_BEZIER_KNOTS.) CURVE() 
GEOMETRIC_REPRESENTATION_ITEM() RATIONAL_B_SPLINE_CURVE((1.,
0.949253021674,0.949253021674,1.)) REPRESENTATION_ITEM('') );
#2406 = CARTESIAN_POINT('',(-7.96265281851,5.157571227599,
    14.149371867901));
#2407 = CARTESIAN_POINT('',(-7.96265281851,5.026354321163,
    14.256876308727));
#2408 = CARTESIAN_POINT('',(-7.9215126501,4.905125706986,14.35619746126)
  );
#2409 = CARTESIAN_POINT('',(-7.845495530985,4.812341342639,
    14.432214580376));
#2410 = ORIENTED_EDGE('',*,*,#2411,.T.);
#2411 = EDGE_CURVE('',#2403,#2412,#2414,.T.);
#2412 = VERTEX_POINT('',#2413);
#2413 = CARTESIAN_POINT('',(-7.845495530985,5.212210969751,
    14.432214580376));
#2414 = LINE('',#2415,#2416);
#2415 = CARTESIAN_POINT('',(-7.845495530986,1.677686931459,
    14.432214580376));
#2416 = VECTOR('',#2417,1.);
#2417 = DIRECTION('',(2.666612325641E-13,1.,2.077066540186E-16));
#2418 = ORIENTED_EDGE('',*,*,#2419,.T.);
#2419 = EDGE_CURVE('',#2412,#2420,#2422,.T.);
#2420 = VERTEX_POINT('',#2421);
#2421 = CARTESIAN_POINT('',(-7.96265281851,5.212210969752,
    14.149371867901));
#2422 = CIRCLE('',#2423,0.4);
#2423 = AXIS2_PLACEMENT_3D('',#2424,#2425,#2426);
#2424 = CARTESIAN_POINT('',(-7.56265281851,5.212210969751,
    14.149371867901));
#2425 = DIRECTION('',(-2.6645352591E-13,-1.,0.));
#2426 = DIRECTION('',(0.,0.,1.));
#2427 = ORIENTED_EDGE('',*,*,#2428,.T.);
#2428 = EDGE_CURVE('',#2420,#2401,#2429,.T.);
#2429 = LINE('',#2430,#2431);
#2430 = CARTESIAN_POINT('',(-7.962652818511,1.677686931459,
    14.149371867901));
#2431 = VECTOR('',#2432,1.);
#2432 = DIRECTION('',(-2.665319655793E-13,-1.,-3.369736387447E-16));
#2433 = CYLINDRICAL_SURFACE('',#2434,0.4);
#2434 = AXIS2_PLACEMENT_3D('',#2435,#2436,#2437);
#2435 = CARTESIAN_POINT('',(-7.562652818511,1.677686931459,
    14.149371867901));
#2436 = DIRECTION('',(2.666612325641E-13,1.,2.077066540186E-16));
#2437 = DIRECTION('',(-0.707106781187,1.884110950421E-13,0.707106781187)
  );
#2438 = ADVANCED_FACE('',(#2439),#2465,.T.);
#2439 = FACE_BOUND('',#2440,.T.);
#2440 = EDGE_LOOP('',(#2441,#2452,#2458,#2459));
#2441 = ORIENTED_EDGE('',*,*,#2442,.T.);
#2442 = EDGE_CURVE('',#2443,#2445,#2447,.T.);
#2443 = VERTEX_POINT('',#2444);
#2444 = CARTESIAN_POINT('',(-7.96265281851,5.212210969752,
    13.877047273637));
#2445 = VERTEX_POINT('',#2446);
#2446 = CARTESIAN_POINT('',(-7.84551957121,4.934870954676,
    13.821401227589));
#2447 = B_SPLINE_CURVE_WITH_KNOTS('',3,(#2448,#2449,#2450,#2451),
  .UNSPECIFIED.,.F.,.F.,(4,4),(0.,0.500000364624),
  .PIECEWISE_BEZIER_KNOTS.);
#2448 = CARTESIAN_POINT('',(-7.96265281851,5.212210969752,
    13.877047273637));
#2449 = CARTESIAN_POINT('',(-7.96265281851,5.109537421768,13.85644665105
    ));
#2450 = CARTESIAN_POINT('',(-7.919543514366,5.007496122134,
    13.835972884015));
#2451 = CARTESIAN_POINT('',(-7.84551957121,4.934870954676,
    13.821401227589));
#2452 = ORIENTED_EDGE('',*,*,#2453,.T.);
#2453 = EDGE_CURVE('',#2445,#2403,#2454,.T.);
#2454 = LINE('',#2455,#2456);
#2455 = CARTESIAN_POINT('',(-7.845495530985,5.402818866545,
    11.489273311172));
#2456 = VECTOR('',#2457,1.);
#2457 = DIRECTION('',(-4.768321154591E-14,-0.196721311475,0.980459446184
    ));
#2458 = ORIENTED_EDGE('',*,*,#2400,.F.);
#2459 = ORIENTED_EDGE('',*,*,#2460,.T.);
#2460 = EDGE_CURVE('',#2401,#2443,#2461,.T.);
#2461 = LINE('',#2462,#2463);
#2462 = CARTESIAN_POINT('',(-7.96265281851,5.680134675775,
    11.544914500511));
#2463 = VECTOR('',#2464,1.);
#2464 = DIRECTION('',(5.243251781888E-14,0.196721311475,-0.980459446184)
  );
#2465 = CYLINDRICAL_SURFACE('',#2466,0.4);
#2466 = AXIS2_PLACEMENT_3D('',#2467,#2468,#2469);
#2467 = CARTESIAN_POINT('',(-7.56265281851,5.680134675775,
    11.544914500511));
#2468 = DIRECTION('',(-4.768321154591E-14,-0.196721311475,0.980459446184
    ));
#2469 = DIRECTION('',(-0.707106781187,-0.693289523075,-0.139102973348));
#2470 = ADVANCED_FACE('',(#2471),#2533,.T.);
#2471 = FACE_BOUND('',#2472,.T.);
#2472 = EDGE_LOOP('',(#2473,#2482,#2490,#2499,#2507,#2518,#2526,#2532));
#2473 = ORIENTED_EDGE('',*,*,#2474,.F.);
#2474 = EDGE_CURVE('',#2475,#201,#2477,.T.);
#2475 = VERTEX_POINT('',#2476);
#2476 = CARTESIAN_POINT('',(-2.162652818509,9.314559246494,
    8.650649526702));
#2477 = CIRCLE('',#2478,4.1);
#2478 = AXIS2_PLACEMENT_3D('',#2479,#2480,#2481);
#2479 = CARTESIAN_POINT('',(-2.162652818509,9.212210969749,
    12.749371867901));
#2480 = DIRECTION('',(1.,-2.664565123103E-13,-1.501111795159E-17));
#2481 = DIRECTION('',(2.613320196065E-13,0.980778988433,-0.19512195122)
  );
#2482 = ORIENTED_EDGE('',*,*,#2483,.T.);
#2483 = EDGE_CURVE('',#2475,#2484,#2486,.T.);
#2484 = VERTEX_POINT('',#2485);
#2485 = CARTESIAN_POINT('',(-3.405798569017,9.314559246493,
    8.650649526702));
#2486 = LINE('',#2487,#2488);
#2487 = CARTESIAN_POINT('',(-1.962652818509,9.314559246493,
    8.650649526702));
#2488 = VECTOR('',#2489,1.);
#2489 = DIRECTION('',(-1.,2.6645352591E-13,3.754245830915E-30));
#2490 = ORIENTED_EDGE('',*,*,#2491,.F.);
#2491 = EDGE_CURVE('',#2492,#2484,#2494,.T.);
#2492 = VERTEX_POINT('',#2493);
#2493 = CARTESIAN_POINT('',(-3.405798569016,12.249248006787,
    9.995028745546));
#2494 = CIRCLE('',#2495,4.1);
#2495 = AXIS2_PLACEMENT_3D('',#2496,#2497,#2498);
#2496 = CARTESIAN_POINT('',(-3.405798569017,9.212210969749,
    12.749371867901));
#2497 = DIRECTION('',(-1.,2.6645352591E-13,4.605853239066E-26));
#2498 = DIRECTION('',(-6.168845056571E-29,1.72626141024E-13,-1.));
#2499 = ORIENTED_EDGE('',*,*,#2500,.F.);
#2500 = EDGE_CURVE('',#2501,#2492,#2503,.T.);
#2501 = VERTEX_POINT('',#2502);
#2502 = CARTESIAN_POINT('',(-7.919550736387,12.249248006788,
    9.995028745546));
#2503 = LINE('',#2504,#2505);
#2504 = CARTESIAN_POINT('',(-1.962652818508,12.249248006787,
    9.995028745546));
#2505 = VECTOR('',#2506,1.);
#2506 = DIRECTION('',(1.,-2.6645352591E-13,0.));
#2507 = ORIENTED_EDGE('',*,*,#2508,.F.);
#2508 = EDGE_CURVE('',#2509,#2501,#2511,.T.);
#2509 = VERTEX_POINT('',#2510);
#2510 = CARTESIAN_POINT('',(-7.586928821652,13.26734033558,
    12.144453835114));
#2511 = B_SPLINE_CURVE_WITH_KNOTS('',3,(#2512,#2513,#2514,#2515,#2516,
    #2517),.UNSPECIFIED.,.F.,.F.,(4,1,1,4),(0.,0.285714285714,
    0.571428571429,1.),.UNSPECIFIED.);
#2512 = CARTESIAN_POINT('',(-7.586928821652,13.26734033558,
    12.144453835114));
#2513 = CARTESIAN_POINT('',(-7.591389668737,13.23285080758,
    11.913249787253));
#2514 = CARTESIAN_POINT('',(-7.606355582512,13.123931901104,
    11.456835755101));
#2515 = CARTESIAN_POINT('',(-7.675875272871,12.802474827692,
    10.704689369366));
#2516 = CARTESIAN_POINT('',(-7.798473677588,12.466928197216,
    10.235050693137));
#2517 = CARTESIAN_POINT('',(-7.919550736387,12.249248006788,
    9.995028745546));
#2518 = ORIENTED_EDGE('',*,*,#2519,.F.);
#2519 = EDGE_CURVE('',#2520,#2509,#2522,.T.);
#2520 = VERTEX_POINT('',#2521);
#2521 = CARTESIAN_POINT('',(-3.462652818508,13.267340335578,
    12.144453835114));
#2522 = LINE('',#2523,#2524);
#2523 = CARTESIAN_POINT('',(-3.462652818508,13.267340335578,
    12.144453835114));
#2524 = VECTOR('',#2525,1.);
#2525 = DIRECTION('',(-1.,2.6645352591E-13,0.));
#2526 = ORIENTED_EDGE('',*,*,#2527,.F.);
#2527 = EDGE_CURVE('',#209,#2520,#2528,.T.);
#2528 = LINE('',#2529,#2530);
#2529 = CARTESIAN_POINT('',(-1.962652818508,13.267340335578,
    12.144453835114));
#2530 = VECTOR('',#2531,1.);
#2531 = DIRECTION('',(-1.,2.665956058859E-13,0.));
#2532 = ORIENTED_EDGE('',*,*,#208,.F.);
#2533 = CYLINDRICAL_SURFACE('',#2534,4.1);
#2534 = AXIS2_PLACEMENT_3D('',#2535,#2536,#2537);
#2535 = CARTESIAN_POINT('',(-1.962652818509,9.212210969749,
    12.749371867901));
#2536 = DIRECTION('',(-1.,2.6645352591E-13,3.754245830915E-30));
#2537 = DIRECTION('',(6.651477855905E-15,2.496299432776E-02,
    -0.999688375902));
#2538 = ADVANCED_FACE('',(#2539),#2575,.T.);
#2539 = FACE_BOUND('',#2540,.T.);
#2540 = EDGE_LOOP('',(#2541,#2552,#2560,#2569));
#2541 = ORIENTED_EDGE('',*,*,#2542,.T.);
#2542 = EDGE_CURVE('',#2543,#2545,#2547,.T.);
#2543 = VERTEX_POINT('',#2544);
#2544 = CARTESIAN_POINT('',(-7.962652818508,13.266416492117,
    14.849371867901));
#2545 = VERTEX_POINT('',#2546);
#2546 = CARTESIAN_POINT('',(-7.845495530982,13.552388902989,
    14.849371867901));
#2547 = ( BOUNDED_CURVE() B_SPLINE_CURVE(3,(#2548,#2549,#2550,#2551),
.UNSPECIFIED.,.F.,.F.) B_SPLINE_CURVE_WITH_KNOTS((4,4),(4.712388980385,
5.497787143782),.PIECEWISE_BEZIER_KNOTS.) CURVE() 
GEOMETRIC_REPRESENTATION_ITEM() RATIONAL_B_SPLINE_CURVE((1.,
0.949253021674,0.949253021674,1.)) REPRESENTATION_ITEM('') );
#2548 = CARTESIAN_POINT('',(-7.962652818508,13.266416492117,
    14.849371867901));
#2549 = CARTESIAN_POINT('',(-7.962652818508,13.375110486222,
    14.849371867901));
#2550 = CARTESIAN_POINT('',(-7.921512650098,13.475530642683,
    14.849371867901));
#2551 = CARTESIAN_POINT('',(-7.845495530982,13.552388902989,
    14.849371867901));
#2552 = ORIENTED_EDGE('',*,*,#2553,.T.);
#2553 = EDGE_CURVE('',#2545,#2554,#2556,.T.);
#2554 = VERTEX_POINT('',#2555);
#2555 = CARTESIAN_POINT('',(-7.845519084475,13.4448830249,
    14.128531371823));
#2556 = LINE('',#2557,#2558);
#2557 = CARTESIAN_POINT('',(-7.845495530983,13.279794765357,
    13.022009427783));
#2558 = VECTOR('',#2559,1.);
#2559 = DIRECTION('',(-4.101536818513E-14,-0.147540983607,
    -0.989055942885));
#2560 = ORIENTED_EDGE('',*,*,#2561,.T.);
#2561 = EDGE_CURVE('',#2554,#2562,#2564,.T.);
#2562 = VERTEX_POINT('',#2563);
#2563 = CARTESIAN_POINT('',(-7.962652818508,13.165111835999,
    14.170265834267));
#2564 = B_SPLINE_CURVE_WITH_KNOTS('',3,(#2565,#2566,#2567,#2568),
  .UNSPECIFIED.,.F.,.F.,(4,4),(0.49999964288,1.),
  .PIECEWISE_BEZIER_KNOTS.);
#2565 = CARTESIAN_POINT('',(-7.845519084475,13.4448830249,
    14.128531371823));
#2566 = CARTESIAN_POINT('',(-7.919543515714,13.371621584483,
    14.139460042507));
#2567 = CARTESIAN_POINT('',(-7.962652818508,13.268685606113,
    14.154815367558));
#2568 = CARTESIAN_POINT('',(-7.962652818508,13.165111835999,
    14.170265834267));
#2569 = ORIENTED_EDGE('',*,*,#2570,.T.);
#2570 = EDGE_CURVE('',#2562,#2543,#2571,.T.);
#2571 = LINE('',#2572,#2573);
#2572 = CARTESIAN_POINT('',(-7.962652818508,13.000047499682,
    13.063740319788));
#2573 = VECTOR('',#2574,1.);
#2574 = DIRECTION('',(3.932438836416E-14,0.147540983607,0.989055942885)
  );
#2575 = CYLINDRICAL_SURFACE('',#2576,0.4);
#2576 = AXIS2_PLACEMENT_3D('',#2577,#2578,#2579);
#2577 = CARTESIAN_POINT('',(-7.562652818508,13.000047499682,
    13.063740319788));
#2578 = DIRECTION('',(-4.101536818513E-14,-0.147540983607,
    -0.989055942885));
#2579 = DIRECTION('',(-0.707106781186,0.699368164187,-0.104327230011));
#2580 = ADVANCED_FACE('',(#2581),#2647,.F.);
#2581 = FACE_BOUND('',#2582,.F.);
#2582 = EDGE_LOOP('',(#2583,#2592,#2600,#2609,#2617,#2629,#2637));
#2583 = ORIENTED_EDGE('',*,*,#2584,.T.);
#2584 = EDGE_CURVE('',#2585,#2562,#2587,.T.);
#2585 = VERTEX_POINT('',#2586);
#2586 = CARTESIAN_POINT('',(-7.963122308328,13.154073122335,
    14.101748115501));
#2587 = ( BOUNDED_CURVE() B_SPLINE_CURVE(3,(#2588,#2589,#2590,#2591),
.UNSPECIFIED.,.F.,.F.) B_SPLINE_CURVE_WITH_KNOTS((4,4),(1.557092354114,
1.570796326795),.PIECEWISE_BEZIER_KNOTS.) CURVE() 
GEOMETRIC_REPRESENTATION_ITEM() RATIONAL_B_SPLINE_CURVE((1.,
0.999984350156,0.999984350156,1.)) REPRESENTATION_ITEM('') );
#2588 = CARTESIAN_POINT('',(-7.963122308328,13.154073122335,
    14.101748115501));
#2589 = CARTESIAN_POINT('',(-7.962809317564,13.157752492004,
    14.12458610405));
#2590 = CARTESIAN_POINT('',(-7.962652818508,13.161432120811,
    14.147425701075));
#2591 = CARTESIAN_POINT('',(-7.962652818508,13.165111835999,
    14.170265834267));
#2592 = ORIENTED_EDGE('',*,*,#2593,.F.);
#2593 = EDGE_CURVE('',#2594,#2562,#2596,.T.);
#2594 = VERTEX_POINT('',#2595);
#2595 = CARTESIAN_POINT('',(-7.962652818508,11.211684939521,
    14.170265834267));
#2596 = LINE('',#2597,#2598);
#2597 = CARTESIAN_POINT('',(-7.962652818509,8.191151733923,
    14.170265834267));
#2598 = VECTOR('',#2599,1.);
#2599 = DIRECTION('',(2.665319655793E-13,1.,0.));
#2600 = ORIENTED_EDGE('',*,*,#2601,.T.);
#2601 = EDGE_CURVE('',#2594,#2602,#2604,.T.);
#2602 = VERTEX_POINT('',#2603);
#2603 = CARTESIAN_POINT('',(-7.962690246446,11.194887057432,
    14.150919569113));
#2604 = B_SPLINE_CURVE_WITH_KNOTS('',3,(#2605,#2606,#2607,#2608),
  .UNSPECIFIED.,.F.,.F.,(4,4),(0.788520000788,0.791028923808),
  .PIECEWISE_BEZIER_KNOTS.);
#2605 = CARTESIAN_POINT('',(-7.962652818508,11.211684939521,
    14.170265834267));
#2606 = CARTESIAN_POINT('',(-7.962652818508,11.206054376458,
    14.163864357557));
#2607 = CARTESIAN_POINT('',(-7.962665118943,11.200453168633,
    14.157413668828));
#2608 = CARTESIAN_POINT('',(-7.962690246446,11.194887057432,
    14.150919569113));
#2609 = ORIENTED_EDGE('',*,*,#2610,.T.);
#2610 = EDGE_CURVE('',#2602,#2611,#2613,.T.);
#2611 = VERTEX_POINT('',#2612);
#2612 = CARTESIAN_POINT('',(-7.962690246448,5.228626789368,
    14.150919569113));
#2613 = LINE('',#2614,#2615);
#2614 = CARTESIAN_POINT('',(-7.962690246447,8.191151733923,
    14.150919569113));
#2615 = VECTOR('',#2616,1.);
#2616 = DIRECTION('',(-2.664555204862E-13,-1.,0.));
#2617 = ORIENTED_EDGE('',*,*,#2618,.T.);
#2618 = EDGE_CURVE('',#2611,#2619,#2621,.T.);
#2619 = VERTEX_POINT('',#2620);
#2620 = CARTESIAN_POINT('',(-9.427118087224,7.942798562712,
    10.634735634385));
#2621 = B_SPLINE_CURVE_WITH_KNOTS('',3,(#2622,#2623,#2624,#2625,#2626,
    #2627,#2628),.UNSPECIFIED.,.F.,.F.,(4,1,1,1,4),(0.,0.428339823548,
    0.642712389718,0.714169911774,0.772769241067),.UNSPECIFIED.);
#2622 = CARTESIAN_POINT('',(-7.962690246448,5.228626789368,
    14.150919569113));
#2623 = CARTESIAN_POINT('',(-7.965323836873,5.806916004903,
    13.469398526304));
#2624 = CARTESIAN_POINT('',(-8.175694212056,6.681798507562,
    12.440227544274));
#2625 = CARTESIAN_POINT('',(-8.793679130155,7.484935651401,
    11.370968948597));
#2626 = CARTESIAN_POINT('',(-9.186265431229,7.798397562569,
    10.886955103045));
#2627 = CARTESIAN_POINT('',(-9.35008048054,7.900664878134,
    10.711826429377));
#2628 = CARTESIAN_POINT('',(-9.427118087224,7.942798562712,
    10.634735634385));
#2629 = ORIENTED_EDGE('',*,*,#2630,.F.);
#2630 = EDGE_CURVE('',#2631,#2619,#2633,.T.);
#2631 = VERTEX_POINT('',#2632);
#2632 = CARTESIAN_POINT('',(-9.42710188544,10.481567292596,
    10.634715978064));
#2633 = LINE('',#2634,#2635);
#2634 = CARTESIAN_POINT('',(-9.427118912576,8.191151733923,
    10.634731928334));
#2635 = VECTOR('',#2636,1.);
#2636 = DIRECTION('',(-2.664927457447E-13,-1.,-3.92198346461E-17));
#2637 = ORIENTED_EDGE('',*,*,#2638,.T.);
#2638 = EDGE_CURVE('',#2631,#2585,#2639,.T.);
#2639 = B_SPLINE_CURVE_WITH_KNOTS('',3,(#2640,#2641,#2642,#2643,#2644,
    #2645,#2646),.UNSPECIFIED.,.F.,.F.,(4,1,1,1,4),(0.229582902975,
    0.285714285714,0.428571428571,0.714285714286,1.),.UNSPECIFIED.);
#2640 = CARTESIAN_POINT('',(-9.42710188544,10.481567292596,
    10.634715978064));
#2641 = CARTESIAN_POINT('',(-9.354015478579,10.521505082257,
    10.707796440534));
#2642 = CARTESIAN_POINT('',(-9.105361658692,10.675652729474,
    10.97267450591));
#2643 = CARTESIAN_POINT('',(-8.588895686394,11.141862120417,
    11.659847958018));
#2644 = CARTESIAN_POINT('',(-8.102814590456,12.007692767999,
    12.749241437748));
#2645 = CARTESIAN_POINT('',(-7.969291177508,12.772157391499,
    13.651624406939));
#2646 = CARTESIAN_POINT('',(-7.963122308328,13.154073122335,
    14.101748115501));
#2647 = CYLINDRICAL_SURFACE('',#2648,5.);
#2648 = AXIS2_PLACEMENT_3D('',#2649,#2650,#2651);
#2649 = CARTESIAN_POINT('',(-12.9626528185,8.191151733924,
    14.170265834267));
#2650 = DIRECTION('',(-2.664927457447E-13,-1.,-3.92198346461E-17));
#2651 = DIRECTION('',(0.707106781187,-1.884110950421E-13,-0.707106781187
    ));
#2652 = ADVANCED_FACE('',(#2653),#2703,.F.);
#2653 = FACE_BOUND('',#2654,.F.);
#2654 = EDGE_LOOP('',(#2655,#2668,#2677,#2687,#2695));
#2655 = ORIENTED_EDGE('',*,*,#2656,.T.);
#2656 = EDGE_CURVE('',#2657,#2659,#2661,.T.);
#2657 = VERTEX_POINT('',#2658);
#2658 = CARTESIAN_POINT('',(-8.260067750074,12.162828253702,
    10.263745147727));
#2659 = VERTEX_POINT('',#2660);
#2660 = CARTESIAN_POINT('',(-7.982882821128,12.928466793647,
    12.203470228557));
#2661 = B_SPLINE_CURVE_WITH_KNOTS('',3,(#2662,#2663,#2664,#2665,#2666,
    #2667),.UNSPECIFIED.,.F.,.F.,(4,1,1,4),(0.,0.428571428571,
    0.714285714286,1.),.UNSPECIFIED.);
#2662 = CARTESIAN_POINT('',(-8.260067750074,12.162828253702,
    10.263745147727));
#2663 = CARTESIAN_POINT('',(-8.159170201075,12.326530835934,
    10.480350319943));
#2664 = CARTESIAN_POINT('',(-8.05700486381,12.578872814138,
    10.904170588735));
#2665 = CARTESIAN_POINT('',(-7.999071788511,12.820618987232,
    11.582936839276));
#2666 = CARTESIAN_POINT('',(-7.986600193699,12.90252954698,
    11.99482267317));
#2667 = CARTESIAN_POINT('',(-7.982882821128,12.928466793647,
    12.203470228557));
#2668 = ORIENTED_EDGE('',*,*,#2669,.T.);
#2669 = EDGE_CURVE('',#2659,#2670,#2672,.T.);
#2670 = VERTEX_POINT('',#2671);
#2671 = CARTESIAN_POINT('',(-7.96336336013,13.158903731782,
    14.057179083294));
#2672 = ( BOUNDED_CURVE() B_SPLINE_CURVE(3,(#2673,#2674,#2675,#2676),
.UNSPECIFIED.,.F.,.F.) B_SPLINE_CURVE_WITH_KNOTS((4,4),(1.428443949477,
1.544139550944),.PIECEWISE_BEZIER_KNOTS.) CURVE() 
GEOMETRIC_REPRESENTATION_ITEM() RATIONAL_B_SPLINE_CURVE((1.,
0.998884855009,0.998884855009,1.)) REPRESENTATION_ITEM('') );
#2673 = CARTESIAN_POINT('',(-7.982882821128,12.928466793647,
    12.203470228557));
#2674 = CARTESIAN_POINT('',(-7.971934062637,13.004859634076,
    12.817998810162));
#2675 = CARTESIAN_POINT('',(-7.965420311862,13.08175769928,
    13.436591582372));
#2676 = CARTESIAN_POINT('',(-7.96336336013,13.158903731782,
    14.057179083294));
#2677 = ORIENTED_EDGE('',*,*,#2678,.T.);
#2678 = EDGE_CURVE('',#2670,#2679,#2681,.T.);
#2679 = VERTEX_POINT('',#2680);
#2680 = CARTESIAN_POINT('',(-8.548453189198,11.79801588341,
    11.044198446027));
#2681 = B_SPLINE_CURVE_WITH_KNOTS('',3,(#2682,#2683,#2684,#2685,#2686),
  .UNSPECIFIED.,.F.,.F.,(4,1,4),(0.,0.28180592798,0.545478884597),
  .UNSPECIFIED.);
#2682 = CARTESIAN_POINT('',(-7.96336336013,13.158903731782,
    14.057179083294));
#2683 = CARTESIAN_POINT('',(-7.970016580202,12.909139222171,
    13.527274541973));
#2684 = CARTESIAN_POINT('',(-8.073276481706,12.425720302082,
    12.499549890456));
#2685 = CARTESIAN_POINT('',(-8.360657504913,11.985445947948,
    11.505212794787));
#2686 = CARTESIAN_POINT('',(-8.548453189198,11.79801588341,
    11.044198446027));
#2687 = ORIENTED_EDGE('',*,*,#2688,.F.);
#2688 = EDGE_CURVE('',#2689,#2679,#2691,.T.);
#2689 = VERTEX_POINT('',#2690);
#2690 = CARTESIAN_POINT('',(-8.548446791819,11.798001540111,
    9.693560815918));
#2691 = LINE('',#2692,#2693);
#2692 = CARTESIAN_POINT('',(-8.548439256135,11.797997407379,
    10.459818851084));
#2693 = VECTOR('',#2694,1.);
#2694 = DIRECTION('',(-1.353930517836E-16,-1.353930517835E-16,1.));
#2695 = ORIENTED_EDGE('',*,*,#2696,.T.);
#2696 = EDGE_CURVE('',#2689,#2657,#2697,.T.);
#2697 = B_SPLINE_CURVE_WITH_KNOTS('',3,(#2698,#2699,#2700,#2701,#2702),
  .UNSPECIFIED.,.F.,.F.,(4,1,4),(0.79190089976,0.800498420663,1.),
  .UNSPECIFIED.);
#2698 = CARTESIAN_POINT('',(-8.548446791819,11.798001540111,
    9.693560815918));
#2699 = CARTESIAN_POINT('',(-8.544081063614,11.80238061863,
    9.701692506004));
#2700 = CARTESIAN_POINT('',(-8.438572855445,11.908911261107,
    9.89828308673));
#2701 = CARTESIAN_POINT('',(-8.341100139189,12.031356166677,
    10.089786168808));
#2702 = CARTESIAN_POINT('',(-8.260067750074,12.162828253702,
    10.263745147727));
#2703 = CYLINDRICAL_SURFACE('',#2704,2.);
#2704 = AXIS2_PLACEMENT_3D('',#2705,#2706,#2707);
#2705 = CARTESIAN_POINT('',(-9.962652818508,13.212210969752,
    10.459818851084));
#2706 = DIRECTION('',(-1.353930517836E-16,-1.353930517835E-16,1.));
#2707 = DIRECTION('',(0.707106781186,-0.707106781187,1.232595164408E-31)
  );
#2708 = ADVANCED_FACE('',(#2709),#2745,.T.);
#2709 = FACE_BOUND('',#2710,.T.);
#2710 = EDGE_LOOP('',(#2711,#2722,#2730,#2739));
#2711 = ORIENTED_EDGE('',*,*,#2712,.T.);
#2712 = EDGE_CURVE('',#2713,#2715,#2717,.T.);
#2713 = VERTEX_POINT('',#2714);
#2714 = CARTESIAN_POINT('',(-12.9626528185,8.212210969753,8.254186051167
    ));
#2715 = VERTEX_POINT('',#2716);
#2716 = CARTESIAN_POINT('',(-12.72641543433,8.212210969753,
    8.899683275535));
#2717 = CIRCLE('',#2718,1.);
#2718 = AXIS2_PLACEMENT_3D('',#2719,#2720,#2721);
#2719 = CARTESIAN_POINT('',(-11.9626528185,8.212210969753,8.254186051167
    ));
#2720 = DIRECTION('',(2.6645352591E-13,1.,-2.00012745131E-28));
#2721 = DIRECTION('',(-1.,2.6645352591E-13,-5.551468871571E-43));
#2722 = ORIENTED_EDGE('',*,*,#2723,.T.);
#2723 = EDGE_CURVE('',#2715,#2724,#2726,.T.);
#2724 = VERTEX_POINT('',#2725);
#2725 = CARTESIAN_POINT('',(-12.72641543433,10.212210969753,
    8.899683275535));
#2726 = LINE('',#2727,#2728);
#2727 = CARTESIAN_POINT('',(-12.72641543433,8.191151733924,
    8.899683275535));
#2728 = VECTOR('',#2729,1.);
#2729 = DIRECTION('',(2.664862091056E-13,1.,3.867127847465E-17));
#2730 = ORIENTED_EDGE('',*,*,#2731,.T.);
#2731 = EDGE_CURVE('',#2724,#2732,#2734,.T.);
#2732 = VERTEX_POINT('',#2733);
#2733 = CARTESIAN_POINT('',(-12.9626528185,10.212210969753,
    8.254186051167));
#2734 = CIRCLE('',#2735,1.);
#2735 = AXIS2_PLACEMENT_3D('',#2736,#2737,#2738);
#2736 = CARTESIAN_POINT('',(-11.9626528185,10.212210969753,
    8.254186051167));
#2737 = DIRECTION('',(-2.6645352591E-13,-1.,2.398137151872E-28));
#2738 = DIRECTION('',(-0.166666666667,4.440892098501E-14,0.986013297183)
  );
#2739 = ORIENTED_EDGE('',*,*,#2740,.T.);
#2740 = EDGE_CURVE('',#2732,#2713,#2741,.T.);
#2741 = LINE('',#2742,#2743);
#2742 = CARTESIAN_POINT('',(-12.9626528185,8.191151733924,8.254186051167
    ));
#2743 = VECTOR('',#2744,1.);
#2744 = DIRECTION('',(-2.6645352591E-13,-1.,0.));
#2745 = CYLINDRICAL_SURFACE('',#2746,1.);
#2746 = AXIS2_PLACEMENT_3D('',#2747,#2748,#2749);
#2747 = CARTESIAN_POINT('',(-11.9626528185,8.191151733924,8.254186051167
    ));
#2748 = DIRECTION('',(2.664862091056E-13,1.,3.867127847465E-17));
#2749 = DIRECTION('',(-0.763762615826,2.035072419451E-13,0.645497224368)
  );
#2750 = ADVANCED_FACE('',(#2751),#2812,.F.);
#2751 = FACE_BOUND('',#2752,.F.);
#2752 = EDGE_LOOP('',(#2753,#2762,#2768,#2777,#2787,#2796,#2804));
#2753 = ORIENTED_EDGE('',*,*,#2754,.T.);
#2754 = EDGE_CURVE('',#2755,#2420,#2757,.T.);
#2755 = VERTEX_POINT('',#2756);
#2756 = CARTESIAN_POINT('',(-7.962677071806,5.222060466928,
    14.149371865881));
#2757 = CIRCLE('',#2758,2.);
#2758 = AXIS2_PLACEMENT_3D('',#2759,#2760,#2761);
#2759 = CARTESIAN_POINT('',(-9.96265281851,5.212210969752,
    14.149371867901));
#2760 = DIRECTION('',(8.978781418227E-29,3.369736387447E-16,-1.));
#2761 = DIRECTION('',(-1.,2.671474153004E-13,2.338224327665E-31));
#2762 = ORIENTED_EDGE('',*,*,#2763,.F.);
#2763 = EDGE_CURVE('',#2443,#2420,#2764,.T.);
#2764 = LINE('',#2765,#2766);
#2765 = CARTESIAN_POINT('',(-7.96265281851,5.212210969752,8.409818851084
    ));
#2766 = VECTOR('',#2767,1.);
#2767 = DIRECTION('',(7.217315243531E-29,2.707861035671E-16,1.));
#2768 = ORIENTED_EDGE('',*,*,#2769,.T.);
#2769 = EDGE_CURVE('',#2443,#2770,#2772,.T.);
#2770 = VERTEX_POINT('',#2771);
#2771 = CARTESIAN_POINT('',(-7.986863125164,5.522461010309,
    12.02150301768));
#2772 = ( BOUNDED_CURVE() B_SPLINE_CURVE(3,(#2773,#2774,#2775,#2776),
.UNSPECIFIED.,.F.,.F.) B_SPLINE_CURVE_WITH_KNOTS((4,4),(4.712388980385,
4.868142984685),.PIECEWISE_BEZIER_KNOTS.) CURVE() 
GEOMETRIC_REPRESENTATION_ITEM() RATIONAL_B_SPLINE_CURVE((1.,
0.997979412365,0.997979412365,1.)) REPRESENTATION_ITEM('') );
#2773 = CARTESIAN_POINT('',(-7.96265281851,5.212210969752,
    13.877047273637));
#2774 = CARTESIAN_POINT('',(-7.96265281851,5.316152068633,13.25539607694
    ));
#2775 = CARTESIAN_POINT('',(-7.970739260092,5.419778134366,
    12.635629031326));
#2776 = CARTESIAN_POINT('',(-7.986863125164,5.522461010309,
    12.02150301768));
#2777 = ORIENTED_EDGE('',*,*,#2778,.T.);
#2778 = EDGE_CURVE('',#2770,#2779,#2781,.T.);
#2779 = VERTEX_POINT('',#2780);
#2780 = CARTESIAN_POINT('',(-8.260067750075,6.261593685801,
    10.263745147726));
#2781 = B_SPLINE_CURVE_WITH_KNOTS('',3,(#2782,#2783,#2784,#2785,#2786),
  .UNSPECIFIED.,.F.,.F.,(4,1,4),(0.,0.571428571429,1.),.UNSPECIFIED.);
#2782 = CARTESIAN_POINT('',(-7.986863125164,5.522461010309,
    12.02150301768));
#2783 = CARTESIAN_POINT('',(-7.996815255212,5.585839941513,
    11.642446138561));
#2784 = CARTESIAN_POINT('',(-8.030060462436,5.784857664393,
    10.999708703182));
#2785 = CARTESIAN_POINT('',(-8.167585098806,6.111543967303,
    10.462285358105));
#2786 = CARTESIAN_POINT('',(-8.260067750075,6.261593685801,
    10.263745147726));
#2787 = ORIENTED_EDGE('',*,*,#2788,.T.);
#2788 = EDGE_CURVE('',#2779,#2789,#2791,.T.);
#2789 = VERTEX_POINT('',#2790);
#2790 = CARTESIAN_POINT('',(-8.548414519246,6.626449435857,9.69337331907
    ));
#2791 = B_SPLINE_CURVE_WITH_KNOTS('',3,(#2792,#2793,#2794,#2795),
  .UNSPECIFIED.,.F.,.F.,(4,4),(0.,0.208412308893),
  .PIECEWISE_BEZIER_KNOTS.);
#2792 = CARTESIAN_POINT('',(-8.260067750075,6.261593685801,
    10.263745147726));
#2793 = CARTESIAN_POINT('',(-8.344719441912,6.398937959092,
    10.082016310201));
#2794 = CARTESIAN_POINT('',(-8.442261207242,6.520391192124,
    9.890691862121));
#2795 = CARTESIAN_POINT('',(-8.548414519246,6.626449435857,9.69337331907
    ));
#2796 = ORIENTED_EDGE('',*,*,#2797,.F.);
#2797 = EDGE_CURVE('',#2798,#2789,#2800,.T.);
#2798 = VERTEX_POINT('',#2799);
#2799 = CARTESIAN_POINT('',(-8.548414391013,6.626450924049,
    11.044250050998));
#2800 = LINE('',#2801,#2802);
#2801 = CARTESIAN_POINT('',(-8.548414391013,6.626450924049,
    8.409818851084));
#2802 = VECTOR('',#2803,1.);
#2803 = DIRECTION('',(1.353930517835E-16,-1.353930517836E-16,-1.));
#2804 = ORIENTED_EDGE('',*,*,#2805,.T.);
#2805 = EDGE_CURVE('',#2798,#2755,#2806,.T.);
#2806 = B_SPLINE_CURVE_WITH_KNOTS('',3,(#2807,#2808,#2809,#2810,#2811),
  .UNSPECIFIED.,.F.,.F.,(4,1,4),(0.447235830497,0.571428571429,1.),
  .UNSPECIFIED.);
#2807 = CARTESIAN_POINT('',(-8.548414391013,6.626450924049,
    11.044250050998));
#2808 = CARTESIAN_POINT('',(-8.458661684994,6.536650694352,
    11.26493364777));
#2809 = CARTESIAN_POINT('',(-8.109229123571,6.109831560164,
    12.268143667523));
#2810 = CARTESIAN_POINT('',(-7.964577480397,5.607945325592,
    13.330782740345));
#2811 = CARTESIAN_POINT('',(-7.962677071806,5.222060466928,
    14.149371865881));
#2812 = CYLINDRICAL_SURFACE('',#2813,2.);
#2813 = AXIS2_PLACEMENT_3D('',#2814,#2815,#2816);
#2814 = CARTESIAN_POINT('',(-9.96265281851,5.212210969752,8.409818851084
    ));
#2815 = DIRECTION('',(1.353930517835E-16,-1.353930517836E-16,-1.));
#2816 = DIRECTION('',(0.707106781187,0.707106781186,1.479114197289E-31)
  );
#2817 = ADVANCED_FACE('',(#2818),#2852,.T.);
#2818 = FACE_BOUND('',#2819,.T.);
#2819 = EDGE_LOOP('',(#2820,#2831,#2839,#2846));
#2820 = ORIENTED_EDGE('',*,*,#2821,.F.);
#2821 = EDGE_CURVE('',#2822,#2824,#2826,.T.);
#2822 = VERTEX_POINT('',#2823);
#2823 = CARTESIAN_POINT('',(-12.66975959969,7.505104188566,
    5.570265834267));
#2824 = VERTEX_POINT('',#2825);
#2825 = CARTESIAN_POINT('',(-12.9626528185,8.212210969753,5.570265834267
    ));
#2826 = CIRCLE('',#2827,1.);
#2827 = AXIS2_PLACEMENT_3D('',#2828,#2829,#2830);
#2828 = CARTESIAN_POINT('',(-11.9626528185,8.212210969753,5.570265834267
    ));
#2829 = DIRECTION('',(0.,0.,-1.));
#2830 = DIRECTION('',(-0.707106781187,-0.707106781186,-0.));
#2831 = ORIENTED_EDGE('',*,*,#2832,.T.);
#2832 = EDGE_CURVE('',#2822,#2833,#2835,.T.);
#2833 = VERTEX_POINT('',#2834);
#2834 = CARTESIAN_POINT('',(-12.66975959969,7.505104188566,
    8.254186051167));
#2835 = LINE('',#2836,#2837);
#2836 = CARTESIAN_POINT('',(-12.66975959969,7.505104188566,
    6.095265834267));
#2837 = VECTOR('',#2838,1.);
#2838 = DIRECTION('',(-1.353930517835E-16,1.353930517836E-16,1.));
#2839 = ORIENTED_EDGE('',*,*,#2840,.F.);
#2840 = EDGE_CURVE('',#2713,#2833,#2841,.T.);
#2841 = CIRCLE('',#2842,1.);
#2842 = AXIS2_PLACEMENT_3D('',#2843,#2844,#2845);
#2843 = CARTESIAN_POINT('',(-11.9626528185,8.212210969753,8.254186051167
    ));
#2844 = DIRECTION('',(-1.353930517835E-16,1.353930517836E-16,1.));
#2845 = DIRECTION('',(-0.707106781187,-0.707106781186,
    -1.479114197289E-31));
#2846 = ORIENTED_EDGE('',*,*,#2847,.T.);
#2847 = EDGE_CURVE('',#2713,#2824,#2848,.T.);
#2848 = LINE('',#2849,#2850);
#2849 = CARTESIAN_POINT('',(-12.9626528185,8.212210969753,6.095265834267
    ));
#2850 = VECTOR('',#2851,1.);
#2851 = DIRECTION('',(-7.21519120629E-29,-2.707861035671E-16,-1.));
#2852 = CYLINDRICAL_SURFACE('',#2853,1.);
#2853 = AXIS2_PLACEMENT_3D('',#2854,#2855,#2856);
#2854 = CARTESIAN_POINT('',(-11.9626528185,8.212210969753,6.095265834267
    ));
#2855 = DIRECTION('',(-1.353930517835E-16,1.353930517836E-16,1.));
#2856 = DIRECTION('',(-0.707106781187,-0.707106781186,
    -2.095411779493E-31));
#2857 = ADVANCED_FACE('',(#2858),#2892,.T.);
#2858 = FACE_BOUND('',#2859,.T.);
#2859 = EDGE_LOOP('',(#2860,#2869,#2877,#2886));
#2860 = ORIENTED_EDGE('',*,*,#2861,.F.);
#2861 = EDGE_CURVE('',#2862,#2732,#2864,.T.);
#2862 = VERTEX_POINT('',#2863);
#2863 = CARTESIAN_POINT('',(-12.66975959969,10.919317750939,
    8.254186051167));
#2864 = CIRCLE('',#2865,1.);
#2865 = AXIS2_PLACEMENT_3D('',#2866,#2867,#2868);
#2866 = CARTESIAN_POINT('',(-11.9626528185,10.212210969753,
    8.254186051167));
#2867 = DIRECTION('',(-1.353930517836E-16,-1.353930517835E-16,1.));
#2868 = DIRECTION('',(-0.707106781186,0.707106781187,3.451266460342E-31)
  );
#2869 = ORIENTED_EDGE('',*,*,#2870,.T.);
#2870 = EDGE_CURVE('',#2862,#2871,#2873,.T.);
#2871 = VERTEX_POINT('',#2872);
#2872 = CARTESIAN_POINT('',(-12.66975959969,10.919317750939,
    5.570265834267));
#2873 = LINE('',#2874,#2875);
#2874 = CARTESIAN_POINT('',(-12.66975959969,10.919317750939,
    8.145265834267));
#2875 = VECTOR('',#2876,1.);
#2876 = DIRECTION('',(1.353930517836E-16,1.353930517835E-16,-1.));
#2877 = ORIENTED_EDGE('',*,*,#2878,.F.);
#2878 = EDGE_CURVE('',#2879,#2871,#2881,.T.);
#2879 = VERTEX_POINT('',#2880);
#2880 = CARTESIAN_POINT('',(-12.9626528185,10.212210969753,
    5.570265834267));
#2881 = CIRCLE('',#2882,1.);
#2882 = AXIS2_PLACEMENT_3D('',#2883,#2884,#2885);
#2883 = CARTESIAN_POINT('',(-11.9626528185,10.212210969753,
    5.570265834267));
#2884 = DIRECTION('',(0.,0.,-1.));
#2885 = DIRECTION('',(-0.707106781186,0.707106781187,0.));
#2886 = ORIENTED_EDGE('',*,*,#2887,.T.);
#2887 = EDGE_CURVE('',#2879,#2732,#2888,.T.);
#2888 = LINE('',#2889,#2890);
#2889 = CARTESIAN_POINT('',(-12.9626528185,10.212210969753,
    8.145265834267));
#2890 = VECTOR('',#2891,1.);
#2891 = DIRECTION('',(-7.21519120629E-29,-2.707861035671E-16,1.));
#2892 = CYLINDRICAL_SURFACE('',#2893,1.);
#2893 = AXIS2_PLACEMENT_3D('',#2894,#2895,#2896);
#2894 = CARTESIAN_POINT('',(-11.9626528185,10.212210969753,
    8.145265834267));
#2895 = DIRECTION('',(1.353930517836E-16,1.353930517835E-16,-1.));
#2896 = DIRECTION('',(-0.707106781186,0.707106781187,2.095411779493E-31)
  );
#2897 = ADVANCED_FACE('',(#2898),#2943,.F.);
#2898 = FACE_BOUND('',#2899,.F.);
#2899 = EDGE_LOOP('',(#2900,#2910,#2919,#2928,#2936));
#2900 = ORIENTED_EDGE('',*,*,#2901,.F.);
#2901 = EDGE_CURVE('',#2902,#2904,#2906,.T.);
#2902 = VERTEX_POINT('',#2903);
#2903 = CARTESIAN_POINT('',(-3.462652818511,2.830124414783,
    13.549371867901));
#2904 = VERTEX_POINT('',#2905);
#2905 = CARTESIAN_POINT('',(-3.462652818511,2.629482448161,
    14.549371867901));
#2906 = LINE('',#2907,#2908);
#2907 = CARTESIAN_POINT('',(-3.46265281851,3.513666732065,10.14259546519
    ));
#2908 = VECTOR('',#2909,1.);
#2909 = DIRECTION('',(-5.243251781888E-14,-0.196721311475,0.980459446184
    ));
#2910 = ORIENTED_EDGE('',*,*,#2911,.F.);
#2911 = EDGE_CURVE('',#2912,#2902,#2914,.T.);
#2912 = VERTEX_POINT('',#2913);
#2913 = CARTESIAN_POINT('',(-3.501733926143,3.231408348027,
    13.549371867901));
#2914 = ( BOUNDED_CURVE() B_SPLINE_CURVE(3,(#2915,#2916,#2917,#2918),
.UNSPECIFIED.,.F.,.F.) B_SPLINE_CURVE_WITH_KNOTS((4,4),(1.372783567622,
1.570796326795),.PIECEWISE_BEZIER_KNOTS.) CURVE() 
GEOMETRIC_REPRESENTATION_ITEM() RATIONAL_B_SPLINE_CURVE((1.,
0.996735247072,0.996735247072,1.)) REPRESENTATION_ITEM('') );
#2915 = CARTESIAN_POINT('',(-3.501733926143,3.231408348027,
    13.549371867901));
#2916 = CARTESIAN_POINT('',(-3.475722523746,3.099183719179,
    13.549371867901));
#2917 = CARTESIAN_POINT('',(-3.462652818511,2.964984280086,
    13.549371867901));
#2918 = CARTESIAN_POINT('',(-3.462652818511,2.830124414783,
    13.549371867901));
#2919 = ORIENTED_EDGE('',*,*,#2920,.F.);
#2920 = EDGE_CURVE('',#2921,#2912,#2923,.T.);
#2921 = VERTEX_POINT('',#2922);
#2922 = CARTESIAN_POINT('',(-4.048439256137,4.339781447481,
    13.214156860748));
#2923 = ( BOUNDED_CURVE() B_SPLINE_CURVE(3,(#2924,#2925,#2926,#2927),
.UNSPECIFIED.,.F.,.F.) B_SPLINE_CURVE_WITH_KNOTS((4,4),(5.497787143782,
6.085172548007),.PIECEWISE_BEZIER_KNOTS.) CURVE() 
GEOMETRIC_REPRESENTATION_ITEM() RATIONAL_B_SPLINE_CURVE((1.,
0.971454272136,0.971454272136,1.)) REPRESENTATION_ITEM('') );
#2924 = CARTESIAN_POINT('',(-4.048439256137,4.339781447481,
    13.214156860748));
#2925 = CARTESIAN_POINT('',(-3.767486622687,4.00904941357,
    13.434350153629));
#2926 = CARTESIAN_POINT('',(-3.579896619508,3.628735372637,
    13.549371867901));
#2927 = CARTESIAN_POINT('',(-3.501733926143,3.231408348027,
    13.549371867901));
#2928 = ORIENTED_EDGE('',*,*,#2929,.F.);
#2929 = EDGE_CURVE('',#2930,#2921,#2932,.T.);
#2930 = VERTEX_POINT('',#2931);
#2931 = CARTESIAN_POINT('',(-4.048439256137,4.071881282583,
    14.549371867901));
#2932 = LINE('',#2933,#2934);
#2933 = CARTESIAN_POINT('',(-4.048439256137,4.900245778215,
    10.420801411886));
#2934 = VECTOR('',#2935,1.);
#2935 = DIRECTION('',(5.279110482093E-14,0.196721311475,-0.980459446184)
  );
#2936 = ORIENTED_EDGE('',*,*,#2937,.F.);
#2937 = EDGE_CURVE('',#2904,#2930,#2938,.T.);
#2938 = ( BOUNDED_CURVE() B_SPLINE_CURVE(3,(#2939,#2940,#2941,#2942),
.UNSPECIFIED.,.F.,.F.) B_SPLINE_CURVE_WITH_KNOTS((4,4),(4.712388980385,
5.497787143782),.PIECEWISE_BEZIER_KNOTS.) CURVE() 
GEOMETRIC_REPRESENTATION_ITEM() RATIONAL_B_SPLINE_CURVE((1.,
0.949253021674,0.949253021674,1.)) REPRESENTATION_ITEM('') );
#2939 = CARTESIAN_POINT('',(-3.462652818511,2.629482448161,
    14.549371867901));
#2940 = CARTESIAN_POINT('',(-3.462652818511,3.177717468204,
    14.549371867901));
#2941 = CARTESIAN_POINT('',(-3.668353660559,3.684220582227,
    14.549371867901));
#2942 = CARTESIAN_POINT('',(-4.048439256137,4.071881282583,
    14.549371867901));
#2943 = CYLINDRICAL_SURFACE('',#2944,2.);
#2944 = AXIS2_PLACEMENT_3D('',#2945,#2946,#2947);
#2945 = CARTESIAN_POINT('',(-5.46265281851,3.513666732065,10.14259546519
    ));
#2946 = DIRECTION('',(5.279110482093E-14,0.196721311475,-0.980459446184)
  );
#2947 = DIRECTION('',(0.707106781187,0.693289523075,0.139102973348));
#2948 = ADVANCED_FACE('',(#2949),#2986,.T.);
#2949 = FACE_BOUND('',#2950,.T.);
#2950 = EDGE_LOOP('',(#2951,#2963,#2971,#2980));
#2951 = ORIENTED_EDGE('',*,*,#2952,.F.);
#2952 = EDGE_CURVE('',#2953,#2955,#2957,.T.);
#2953 = VERTEX_POINT('',#2954);
#2954 = CARTESIAN_POINT('',(-9.664941138522,7.358637515205,
    5.216692907485));
#2955 = VERTEX_POINT('',#2956);
#2956 = CARTESIAN_POINT('',(-9.664941138522,7.712210969752,
    5.070265834267));
#2957 = B_SPLINE_CURVE_WITH_KNOTS('',3,(#2958,#2959,#2960,#2961,#2962),
  .UNSPECIFIED.,.F.,.F.,(4,1,4),(0.49991268579,0.571428571429,1.),
  .UNSPECIFIED.);
#2958 = CARTESIAN_POINT('',(-9.664941138522,7.358637515205,
    5.216692907485));
#2959 = CARTESIAN_POINT('',(-9.664941138522,7.371728789671,
    5.203386114969));
#2960 = CARTESIAN_POINT('',(-9.664941138522,7.468689786237,
    5.115763375075));
#2961 = CARTESIAN_POINT('',(-9.664941138522,7.600011232124,
    5.070265834267));
#2962 = CARTESIAN_POINT('',(-9.664941138522,7.712210969752,
    5.070265834267));
#2963 = ORIENTED_EDGE('',*,*,#2964,.T.);
#2964 = EDGE_CURVE('',#2953,#2965,#2967,.T.);
#2965 = VERTEX_POINT('',#2966);
#2966 = CARTESIAN_POINT('',(-11.9626528185,7.358657579159,5.216712443674
    ));
#2967 = LINE('',#2968,#2969);
#2968 = CARTESIAN_POINT('',(-7.962652818509,7.358657579158,
    5.216712443674));
#2969 = VECTOR('',#2970,1.);
#2970 = DIRECTION('',(-1.,2.6645352591E-13,4.038967834732E-28));
#2971 = ORIENTED_EDGE('',*,*,#2972,.T.);
#2972 = EDGE_CURVE('',#2965,#2973,#2975,.T.);
#2973 = VERTEX_POINT('',#2974);
#2974 = CARTESIAN_POINT('',(-11.9626528185,7.712210969753,5.070265834267
    ));
#2975 = CIRCLE('',#2976,0.5);
#2976 = AXIS2_PLACEMENT_3D('',#2977,#2978,#2979);
#2977 = CARTESIAN_POINT('',(-11.9626528185,7.712210969753,5.570265834267
    ));
#2978 = DIRECTION('',(1.,-2.6645352591E-13,0.));
#2979 = DIRECTION('',(-2.6645352591E-13,-1.,0.));
#2980 = ORIENTED_EDGE('',*,*,#2981,.T.);
#2981 = EDGE_CURVE('',#2973,#2955,#2982,.T.);
#2982 = LINE('',#2983,#2984);
#2983 = CARTESIAN_POINT('',(-7.962652818509,7.712210969752,
    5.070265834267));
#2984 = VECTOR('',#2985,1.);
#2985 = DIRECTION('',(1.,-2.6645352591E-13,0.));
#2986 = CYLINDRICAL_SURFACE('',#2987,0.5);
#2987 = AXIS2_PLACEMENT_3D('',#2988,#2989,#2990);
#2988 = CARTESIAN_POINT('',(-7.962652818509,7.712210969752,
    5.570265834267));
#2989 = DIRECTION('',(-1.,2.6645352591E-13,4.038967834732E-28));
#2990 = DIRECTION('',(-1.884110950421E-13,-0.707106781187,
    -0.707106781187));
#2991 = ADVANCED_FACE('',(#2992),#3024,.T.);
#2992 = FACE_BOUND('',#2993,.T.);
#2993 = EDGE_LOOP('',(#2994,#3003,#3011,#3018));
#2994 = ORIENTED_EDGE('',*,*,#2995,.T.);
#2995 = EDGE_CURVE('',#2879,#2996,#2998,.T.);
#2996 = VERTEX_POINT('',#2997);
#2997 = CARTESIAN_POINT('',(-12.8162062091,10.212210969753,
    5.216712443674));
#2998 = CIRCLE('',#2999,0.5);
#2999 = AXIS2_PLACEMENT_3D('',#3000,#3001,#3002);
#3000 = CARTESIAN_POINT('',(-12.4626528185,10.212210969753,
    5.570265834267));
#3001 = DIRECTION('',(-2.6645352591E-13,-1.,-0.));
#3002 = DIRECTION('',(-1.,2.6645352591E-13,0.));
#3003 = ORIENTED_EDGE('',*,*,#3004,.T.);
#3004 = EDGE_CURVE('',#2996,#3005,#3007,.T.);
#3005 = VERTEX_POINT('',#3006);
#3006 = CARTESIAN_POINT('',(-12.8162062091,8.212210969753,5.216712443674
    ));
#3007 = LINE('',#3008,#3009);
#3008 = CARTESIAN_POINT('',(-12.8162062091,10.212210969753,
    5.216712443674));
#3009 = VECTOR('',#3010,1.);
#3010 = DIRECTION('',(-2.6645352591E-13,-1.,-4.038967834732E-28));
#3011 = ORIENTED_EDGE('',*,*,#3012,.F.);
#3012 = EDGE_CURVE('',#2824,#3005,#3013,.T.);
#3013 = CIRCLE('',#3014,0.5);
#3014 = AXIS2_PLACEMENT_3D('',#3015,#3016,#3017);
#3015 = CARTESIAN_POINT('',(-12.4626528185,8.212210969753,5.570265834267
    ));
#3016 = DIRECTION('',(-2.6645352591E-13,-1.,-0.));
#3017 = DIRECTION('',(-1.,2.6645352591E-13,0.));
#3018 = ORIENTED_EDGE('',*,*,#3019,.T.);
#3019 = EDGE_CURVE('',#2824,#2879,#3020,.T.);
#3020 = LINE('',#3021,#3022);
#3021 = CARTESIAN_POINT('',(-12.9626528185,10.212210969753,
    5.570265834267));
#3022 = VECTOR('',#3023,1.);
#3023 = DIRECTION('',(2.6645352591E-13,1.,0.));
#3024 = CYLINDRICAL_SURFACE('',#3025,0.5);
#3025 = AXIS2_PLACEMENT_3D('',#3026,#3027,#3028);
#3026 = CARTESIAN_POINT('',(-12.4626528185,10.212210969753,
    5.570265834267));
#3027 = DIRECTION('',(-2.6645352591E-13,-1.,-4.038967834732E-28));
#3028 = DIRECTION('',(-0.707106781187,1.884110950421E-13,-0.707106781187
    ));
#3029 = ADVANCED_FACE('',(#3030),#3066,.T.);
#3030 = FACE_BOUND('',#3031,.T.);
#3031 = EDGE_LOOP('',(#3032,#3043,#3051,#3060));
#3032 = ORIENTED_EDGE('',*,*,#3033,.T.);
#3033 = EDGE_CURVE('',#3034,#3036,#3038,.T.);
#3034 = VERTEX_POINT('',#3035);
#3035 = CARTESIAN_POINT('',(-9.664941138522,11.212210969752,
    5.570265834267));
#3036 = VERTEX_POINT('',#3037);
#3037 = CARTESIAN_POINT('',(-9.664941138522,11.065784167031,
    5.216693157956));
#3038 = B_SPLINE_CURVE_WITH_KNOTS('',3,(#3039,#3040,#3041,#3042),
  .UNSPECIFIED.,.F.,.F.,(4,4),(0.,0.499999765493),
  .PIECEWISE_BEZIER_KNOTS.);
#3039 = CARTESIAN_POINT('',(-9.664941138522,11.212210969752,
    5.570265834267));
#3040 = CARTESIAN_POINT('',(-9.664941138521,11.212210969752,
    5.439366201761));
#3041 = CARTESIAN_POINT('',(-9.664941138521,11.158324474285,
    5.309272625805));
#3042 = CARTESIAN_POINT('',(-9.664941138522,11.065784167031,
    5.216693157956));
#3043 = ORIENTED_EDGE('',*,*,#3044,.T.);
#3044 = EDGE_CURVE('',#3036,#3045,#3047,.T.);
#3045 = VERTEX_POINT('',#3046);
#3046 = CARTESIAN_POINT('',(-11.9626528185,11.065764360346,
    5.216712443674));
#3047 = LINE('',#3048,#3049);
#3048 = CARTESIAN_POINT('',(-7.962652818509,11.065764360345,
    5.216712443674));
#3049 = VECTOR('',#3050,1.);
#3050 = DIRECTION('',(-1.,2.6645352591E-13,-4.038967834732E-28));
#3051 = ORIENTED_EDGE('',*,*,#3052,.F.);
#3052 = EDGE_CURVE('',#3053,#3045,#3055,.T.);
#3053 = VERTEX_POINT('',#3054);
#3054 = CARTESIAN_POINT('',(-11.9626528185,11.212210969753,
    5.570265834267));
#3055 = CIRCLE('',#3056,0.5);
#3056 = AXIS2_PLACEMENT_3D('',#3057,#3058,#3059);
#3057 = CARTESIAN_POINT('',(-11.9626528185,10.712210969753,
    5.570265834267));
#3058 = DIRECTION('',(-1.,2.6645352591E-13,0.));
#3059 = DIRECTION('',(2.6645352591E-13,1.,0.));
#3060 = ORIENTED_EDGE('',*,*,#3061,.T.);
#3061 = EDGE_CURVE('',#3053,#3034,#3062,.T.);
#3062 = LINE('',#3063,#3064);
#3063 = CARTESIAN_POINT('',(-7.962652818508,11.212210969752,
    5.570265834267));
#3064 = VECTOR('',#3065,1.);
#3065 = DIRECTION('',(1.,-2.6645352591E-13,0.));
#3066 = CYLINDRICAL_SURFACE('',#3067,0.5);
#3067 = AXIS2_PLACEMENT_3D('',#3068,#3069,#3070);
#3068 = CARTESIAN_POINT('',(-7.962652818509,10.712210969752,
    5.570265834267));
#3069 = DIRECTION('',(-1.,2.6645352591E-13,-4.038967834732E-28));
#3070 = DIRECTION('',(1.884110950421E-13,0.707106781187,-0.707106781187)
  );
#3071 = ADVANCED_FACE('',(#3072),#3119,.F.);
#3072 = FACE_BOUND('',#3073,.F.);
#3073 = EDGE_LOOP('',(#3074,#3084,#3093,#3102,#3110));
#3074 = ORIENTED_EDGE('',*,*,#3075,.F.);
#3075 = EDGE_CURVE('',#3076,#3078,#3080,.T.);
#3076 = VERTEX_POINT('',#3077);
#3077 = CARTESIAN_POINT('',(-7.314225916898,11.212210969751,
    7.307864723459));
#3078 = VERTEX_POINT('',#3079);
#3079 = CARTESIAN_POINT('',(-9.962652818508,11.212210969752,
    7.307864723737));
#3080 = LINE('',#3081,#3082);
#3081 = CARTESIAN_POINT('',(-1.962652818508,11.21221096975,
    7.307864723737));
#3082 = VECTOR('',#3083,1.);
#3083 = DIRECTION('',(-1.,2.6645352591E-13,1.367120453E-44));
#3084 = ORIENTED_EDGE('',*,*,#3085,.T.);
#3085 = EDGE_CURVE('',#3076,#3086,#3088,.T.);
#3086 = VERTEX_POINT('',#3087);
#3087 = CARTESIAN_POINT('',(-6.587779084356,11.272788777389,
    8.001372323063));
#3088 = B_SPLINE_CURVE_WITH_KNOTS('',3,(#3089,#3090,#3091,#3092),
  .UNSPECIFIED.,.F.,.F.,(4,4),(0.,1.),.PIECEWISE_BEZIER_KNOTS.);
#3089 = CARTESIAN_POINT('',(-7.314225916898,11.212210969751,
    7.307864723459));
#3090 = CARTESIAN_POINT('',(-7.066905482373,11.212210969728,
    7.535904790504));
#3091 = CARTESIAN_POINT('',(-6.822914582247,11.231523921708,
    7.76697015012));
#3092 = CARTESIAN_POINT('',(-6.587779084356,11.272788777389,
    8.001372323063));
#3093 = ORIENTED_EDGE('',*,*,#3094,.T.);
#3094 = EDGE_CURVE('',#3086,#3095,#3097,.T.);
#3095 = VERTEX_POINT('',#3096);
#3096 = CARTESIAN_POINT('',(-5.693197544905,11.480423125443,
    8.748047734269));
#3097 = B_SPLINE_CURVE_WITH_KNOTS('',3,(#3098,#3099,#3100,#3101),
  .UNSPECIFIED.,.F.,.F.,(4,4),(0.,0.306503308174),
  .PIECEWISE_BEZIER_KNOTS.);
#3098 = CARTESIAN_POINT('',(-6.587779084356,11.272788777389,
    8.001372323063));
#3099 = CARTESIAN_POINT('',(-6.313500362425,11.320923031801,
    8.274795642762));
#3100 = CARTESIAN_POINT('',(-6.010751984031,11.393265173355,
    8.522781065294));
#3101 = CARTESIAN_POINT('',(-5.693197544905,11.480423125443,
    8.748047734269));
#3102 = ORIENTED_EDGE('',*,*,#3103,.F.);
#3103 = EDGE_CURVE('',#3104,#3095,#3106,.T.);
#3104 = VERTEX_POINT('',#3105);
#3105 = CARTESIAN_POINT('',(-8.809689345077,11.480448814061,
    8.748033123827));
#3106 = LINE('',#3107,#3108);
#3107 = CARTESIAN_POINT('',(-1.962652818508,11.480465275584,
    8.748029323383));
#3108 = VECTOR('',#3109,1.);
#3109 = DIRECTION('',(1.,-2.662993282677E-13,-5.950833846274E-17));
#3110 = ORIENTED_EDGE('',*,*,#3111,.T.);
#3111 = EDGE_CURVE('',#3104,#3078,#3112,.T.);
#3112 = B_SPLINE_CURVE_WITH_KNOTS('',3,(#3113,#3114,#3115,#3116,#3117,
    #3118),.UNSPECIFIED.,.F.,.F.,(4,2,4),(0.482458771799,0.997507896691,
    1.),.UNSPECIFIED.);
#3113 = CARTESIAN_POINT('',(-8.809689345077,11.480448814061,
    8.748033123827));
#3114 = CARTESIAN_POINT('',(-9.171668402019,11.299962452368,
    8.280755503724));
#3115 = CARTESIAN_POINT('',(-9.56654222424,11.213582941803,
    7.795850752236));
#3116 = CARTESIAN_POINT('',(-9.958882245288,11.212211206863,
    7.312504611711));
#3117 = CARTESIAN_POINT('',(-9.96076651416,11.212210969752,7.31018660388
    ));
#3118 = CARTESIAN_POINT('',(-9.962652818508,11.212210969752,
    7.307864723737));
#3119 = CYLINDRICAL_SURFACE('',#3120,4.);
#3120 = AXIS2_PLACEMENT_3D('',#3121,#3122,#3123);
#3121 = CARTESIAN_POINT('',(-1.962652818507,15.21221096975,
    7.307864723737));
#3122 = DIRECTION('',(1.,-2.662993282677E-13,-5.950833846274E-17));
#3123 = DIRECTION('',(-2.48418917455E-13,-0.932936423542,0.360041149911)
  );
#3124 = ADVANCED_FACE('',(#3125),#3173,.F.);
#3125 = FACE_BOUND('',#3126,.F.);
#3126 = EDGE_LOOP('',(#3127,#3138,#3146,#3158,#3166));
#3127 = ORIENTED_EDGE('',*,*,#3128,.T.);
#3128 = EDGE_CURVE('',#3129,#3131,#3133,.T.);
#3129 = VERTEX_POINT('',#3130);
#3130 = CARTESIAN_POINT('',(-6.587779084357,7.151633162113,
    8.001372323063));
#3131 = VERTEX_POINT('',#3132);
#3132 = CARTESIAN_POINT('',(-7.314225916618,7.212210969751,
    7.307864723618));
#3133 = B_SPLINE_CURVE_WITH_KNOTS('',3,(#3134,#3135,#3136,#3137),
  .UNSPECIFIED.,.F.,.F.,(4,4),(0.,1.),.PIECEWISE_BEZIER_KNOTS.);
#3134 = CARTESIAN_POINT('',(-6.587779084357,7.151633162113,
    8.001372323063));
#3135 = CARTESIAN_POINT('',(-6.822914582186,7.192898017784,
    7.766970150181));
#3136 = CARTESIAN_POINT('',(-7.066905482245,7.212210969765,
    7.535904790626));
#3137 = CARTESIAN_POINT('',(-7.314225916618,7.212210969751,
    7.307864723618));
#3138 = ORIENTED_EDGE('',*,*,#3139,.F.);
#3139 = EDGE_CURVE('',#3140,#3131,#3142,.T.);
#3140 = VERTEX_POINT('',#3141);
#3141 = CARTESIAN_POINT('',(-9.96265281851,7.212210969752,7.307864723735
    ));
#3142 = LINE('',#3143,#3144);
#3143 = CARTESIAN_POINT('',(-1.96265281851,7.21221096975,7.307864723735)
  );
#3144 = VECTOR('',#3145,1.);
#3145 = DIRECTION('',(1.,-2.6645352591E-13,1.367120453E-44));
#3146 = ORIENTED_EDGE('',*,*,#3147,.T.);
#3147 = EDGE_CURVE('',#3140,#3148,#3150,.T.);
#3148 = VERTEX_POINT('',#3149);
#3149 = CARTESIAN_POINT('',(-8.809717123449,6.944001405695,
    8.748040103846));
#3150 = B_SPLINE_CURVE_WITH_KNOTS('',3,(#3151,#3152,#3153,#3154,#3155,
    #3156,#3157),.UNSPECIFIED.,.F.,.F.,(4,2,1,4),(0.,2.491742923422E-03,
    0.401495045756,0.517621211621),.UNSPECIFIED.);
#3151 = CARTESIAN_POINT('',(-9.96265281851,7.212210969752,7.307864723735
    ));
#3152 = CARTESIAN_POINT('',(-9.960766787068,7.212210969752,
    7.310186267963));
#3153 = CARTESIAN_POINT('',(-9.958879806207,7.212208263132,
    7.312508786445));
#3154 = CARTESIAN_POINT('',(-9.655204465524,7.211716681219,
    7.686353017331));
#3155 = CARTESIAN_POINT('',(-9.259485434433,7.143047144481,
    8.173155548072));
#3156 = CARTESIAN_POINT('',(-8.891159302594,6.984604576186,8.6429544235)
  );
#3157 = CARTESIAN_POINT('',(-8.809717123449,6.944001405695,
    8.748040103846));
#3158 = ORIENTED_EDGE('',*,*,#3159,.F.);
#3159 = EDGE_CURVE('',#3160,#3148,#3162,.T.);
#3160 = VERTEX_POINT('',#3161);
#3161 = CARTESIAN_POINT('',(-5.693252588004,6.943981283544,
    8.748040455448));
#3162 = LINE('',#3163,#3164);
#3163 = CARTESIAN_POINT('',(-1.96265281851,6.943956663916,8.748029323381
    ));
#3164 = VECTOR('',#3165,1.);
#3165 = DIRECTION('',(-1.,2.662993282677E-13,-5.950833845063E-17));
#3166 = ORIENTED_EDGE('',*,*,#3167,.T.);
#3167 = EDGE_CURVE('',#3160,#3129,#3168,.T.);
#3168 = B_SPLINE_CURVE_WITH_KNOTS('',3,(#3169,#3170,#3171,#3172),
  .UNSPECIFIED.,.F.,.F.,(4,4),(0.69348587662,1.),
  .PIECEWISE_BEZIER_KNOTS.);
#3169 = CARTESIAN_POINT('',(-5.693252588004,6.943981283544,
    8.748040455448));
#3170 = CARTESIAN_POINT('',(-6.010804084793,7.031129022323,
    8.522766974779));
#3171 = CARTESIAN_POINT('',(-6.313490684289,7.103497209246,
    8.274805290715));
#3172 = CARTESIAN_POINT('',(-6.587779084357,7.151633162113,
    8.001372323063));
#3173 = CYLINDRICAL_SURFACE('',#3174,4.);
#3174 = AXIS2_PLACEMENT_3D('',#3175,#3176,#3177);
#3175 = CARTESIAN_POINT('',(-1.962652818511,3.21221096975,7.307864723735
    ));
#3176 = DIRECTION('',(-1.,2.662993282677E-13,-5.950833845063E-17));
#3177 = DIRECTION('',(2.48418917455E-13,0.932936423541,0.360041149912));
#3178 = ADVANCED_FACE('',(#3179),#3221,.F.);
#3179 = FACE_BOUND('',#3180,.F.);
#3180 = EDGE_LOOP('',(#3181,#3196,#3205,#3214));
#3181 = ORIENTED_EDGE('',*,*,#3182,.T.);
#3182 = EDGE_CURVE('',#3183,#3185,#3187,.T.);
#3183 = VERTEX_POINT('',#3184);
#3184 = CARTESIAN_POINT('',(-6.234225693763,7.531327596434,
    7.752961990357));
#3185 = VERTEX_POINT('',#3186);
#3186 = CARTESIAN_POINT('',(-3.405798569017,6.175173932713,
    9.995028745545));
#3187 = B_SPLINE_CURVE_WITH_KNOTS('',3,(#3188,#3189,#3190,#3191,#3192,
    #3193,#3194,#3195),.UNSPECIFIED.,.F.,.F.,(4,1,1,2,4),(0.,
    0.399083431756,0.598625147633,0.997708579389,1.),.UNSPECIFIED.);
#3188 = CARTESIAN_POINT('',(-6.234225693763,7.531327596434,
    7.752961990357));
#3189 = CARTESIAN_POINT('',(-5.916780960255,7.43491267436,8.120324823069
    ));
#3190 = CARTESIAN_POINT('',(-5.376425547747,7.210072896288,
    8.616194349868));
#3191 = CARTESIAN_POINT('',(-4.414930954598,6.736340114744,
    9.340546841979));
#3192 = CARTESIAN_POINT('',(-3.813096579939,6.408563514454,
    9.737017237533));
#3193 = CARTESIAN_POINT('',(-3.41039477555,6.177811617658,9.992120950495
    ));
#3194 = CARTESIAN_POINT('',(-3.408096900958,6.176492764955,
    9.993574554043));
#3195 = CARTESIAN_POINT('',(-3.405798569017,6.175173932713,
    9.995028745545));
#3196 = ORIENTED_EDGE('',*,*,#3197,.F.);
#3197 = EDGE_CURVE('',#3198,#3185,#3200,.T.);
#3198 = VERTEX_POINT('',#3199);
#3199 = CARTESIAN_POINT('',(-3.405798569017,9.21221096975,8.649371867901
    ));
#3200 = CIRCLE('',#3201,4.1);
#3201 = AXIS2_PLACEMENT_3D('',#3202,#3203,#3204);
#3202 = CARTESIAN_POINT('',(-3.405798569017,9.212210969749,
    12.749371867901));
#3203 = DIRECTION('',(-1.,2.6645352591E-13,4.605853239066E-26));
#3204 = DIRECTION('',(-6.168845056571E-29,1.72626141024E-13,-1.));
#3205 = ORIENTED_EDGE('',*,*,#3206,.F.);
#3206 = EDGE_CURVE('',#3207,#3198,#3209,.T.);
#3207 = VERTEX_POINT('',#3208);
#3208 = CARTESIAN_POINT('',(-6.234225693763,9.212210969751,
    7.477798992647));
#3209 = CIRCLE('',#3210,4.);
#3210 = AXIS2_PLACEMENT_3D('',#3211,#3212,#3213);
#3211 = CARTESIAN_POINT('',(-3.405798569017,9.212210969751,
    4.649371867901));
#3212 = DIRECTION('',(2.6645352591E-13,1.,1.720570426262E-13));
#3213 = DIRECTION('',(-1.,2.6645352591E-13,-1.193885564202E-28));
#3214 = ORIENTED_EDGE('',*,*,#3215,.F.);
#3215 = EDGE_CURVE('',#3183,#3207,#3216,.T.);
#3216 = CIRCLE('',#3217,5.271572875254);
#3217 = AXIS2_PLACEMENT_3D('',#3218,#3219,#3220);
#3218 = CARTESIAN_POINT('',(-6.234225693763,9.21221096975,
    12.749371867901));
#3219 = DIRECTION('',(1.,-2.66205539852E-13,-4.597280011652E-26));
#3220 = DIRECTION('',(-7.008048798261E-29,1.724333748053E-13,-1.));
#3221 = TOROIDAL_SURFACE('',#3222,8.1,4.);
#3222 = AXIS2_PLACEMENT_3D('',#3223,#3224,#3225);
#3223 = CARTESIAN_POINT('',(-3.405798569017,9.212210969749,
    12.749371867901));
#3224 = DIRECTION('',(-1.,2.6645352591E-13,4.584520566541E-26));
#3225 = DIRECTION('',(-4.889633710033E-30,1.720386918324E-13,-1.));
#3226 = ADVANCED_FACE('',(#3227),#3261,.F.);
#3227 = FACE_BOUND('',#3228,.F.);
#3228 = EDGE_LOOP('',(#3229,#3239,#3248,#3254));
#3229 = ORIENTED_EDGE('',*,*,#3230,.F.);
#3230 = EDGE_CURVE('',#3231,#3233,#3235,.T.);
#3231 = VERTEX_POINT('',#3232);
#3232 = CARTESIAN_POINT('',(-5.46265281851,5.192327240396,
    11.942814490852));
#3233 = VERTEX_POINT('',#3234);
#3234 = CARTESIAN_POINT('',(-2.16265281851,5.192327240395,
    11.942814490852));
#3235 = LINE('',#3236,#3237);
#3236 = CARTESIAN_POINT('',(-1.96265281851,5.192327240395,
    11.942814490852));
#3237 = VECTOR('',#3238,1.);
#3238 = DIRECTION('',(1.,-2.6645352591E-13,0.));
#3239 = ORIENTED_EDGE('',*,*,#3240,.T.);
#3240 = EDGE_CURVE('',#3231,#3241,#3243,.T.);
#3241 = VERTEX_POINT('',#3242);
#3242 = CARTESIAN_POINT('',(-4.195152373915,4.498908792623,
    13.096447374446));
#3243 = ( BOUNDED_CURVE() B_SPLINE_CURVE(3,(#3244,#3245,#3246,#3247),
.UNSPECIFIED.,.F.,.F.) B_SPLINE_CURVE_WITH_KNOTS((4,4),(4.712388980385,
5.398780764196),.PIECEWISE_BEZIER_KNOTS.) CURVE() 
GEOMETRIC_REPRESENTATION_ITEM() RATIONAL_B_SPLINE_CURVE((1.,
0.96112270942,0.96112270942,1.)) REPRESENTATION_ITEM('') );
#3244 = CARTESIAN_POINT('',(-5.46265281851,5.192327240396,
    11.942814490852));
#3245 = CARTESIAN_POINT('',(-4.995839964963,5.100495203632,
    12.400505562712));
#3246 = CARTESIAN_POINT('',(-4.556249739846,4.860006158554,
    12.800604624739));
#3247 = CARTESIAN_POINT('',(-4.195152373915,4.498908792623,
    13.096447374446));
#3248 = ORIENTED_EDGE('',*,*,#3249,.F.);
#3249 = EDGE_CURVE('',#167,#3241,#3250,.T.);
#3250 = LINE('',#3251,#3252);
#3251 = CARTESIAN_POINT('',(-1.96265281851,4.498908792622,
    13.096447374446));
#3252 = VECTOR('',#3253,1.);
#3253 = DIRECTION('',(-1.,2.667672138313E-13,3.828786820061E-16));
#3254 = ORIENTED_EDGE('',*,*,#3255,.T.);
#3255 = EDGE_CURVE('',#167,#3233,#3256,.T.);
#3256 = CIRCLE('',#3257,2.);
#3257 = AXIS2_PLACEMENT_3D('',#3258,#3259,#3260);
#3258 = CARTESIAN_POINT('',(-2.162652818511,3.231408348027,
    11.549371867901));
#3259 = DIRECTION('',(-1.,2.668141490432E-13,3.444252246497E-16));
#3260 = DIRECTION('',(1.693599521828E-13,0.633750222298,0.773537753272)
  );
#3261 = CYLINDRICAL_SURFACE('',#3262,2.);
#3262 = AXIS2_PLACEMENT_3D('',#3263,#3264,#3265);
#3263 = CARTESIAN_POINT('',(-1.962652818511,3.231408348027,
    11.549371867901));
#3264 = DIRECTION('',(-1.,2.667672138313E-13,3.828786820061E-16));
#3265 = DIRECTION('',(1.693599521828E-13,0.633750222298,0.773537753272)
  );
#3266 = ADVANCED_FACE('',(#3267),#3341,.T.);
#3267 = FACE_BOUND('',#3268,.T.);
#3268 = EDGE_LOOP('',(#3269,#3278,#3286,#3293,#3294,#3318,#3326,#3335));
#3269 = ORIENTED_EDGE('',*,*,#3270,.F.);
#3270 = EDGE_CURVE('',#3271,#1847,#3273,.T.);
#3271 = VERTEX_POINT('',#3272);
#3272 = CARTESIAN_POINT('',(-4.662652818508,11.948063435902,
    14.697130932924));
#3273 = CIRCLE('',#3274,2.);
#3274 = AXIS2_PLACEMENT_3D('',#3275,#3276,#3277);
#3275 = CARTESIAN_POINT('',(-4.662652818508,12.713430300632,
    12.849371867901));
#3276 = DIRECTION('',(1.,-2.665336390404E-13,4.040092419616E-18));
#3277 = DIRECTION('',(-1.020017403874E-13,-0.382683432365,0.923879532511
    ));
#3278 = ORIENTED_EDGE('',*,*,#3279,.T.);
#3279 = EDGE_CURVE('',#3271,#3280,#3282,.T.);
#3280 = VERTEX_POINT('',#3281);
#3281 = CARTESIAN_POINT('',(-7.962652818508,11.948063435902,
    14.697130932923));
#3282 = LINE('',#3283,#3284);
#3283 = CARTESIAN_POINT('',(-1.962652818508,11.948063435901,
    14.697130932924));
#3284 = VECTOR('',#3285,1.);
#3285 = DIRECTION('',(-1.,2.66291277654E-13,3.917019402011E-16));
#3286 = ORIENTED_EDGE('',*,*,#3287,.T.);
#3287 = EDGE_CURVE('',#3280,#2594,#3288,.T.);
#3288 = CIRCLE('',#3289,2.);
#3289 = AXIS2_PLACEMENT_3D('',#3290,#3291,#3292);
#3290 = CARTESIAN_POINT('',(-7.962652818508,12.713430300633,
    12.849371867901));
#3291 = DIRECTION('',(1.,-2.663582300997E-13,-4.194345512363E-16));
#3292 = DIRECTION('',(-1.015433747361E-13,-0.382683432365,0.923879532511
    ));
#3293 = ORIENTED_EDGE('',*,*,#2601,.T.);
#3294 = ORIENTED_EDGE('',*,*,#3295,.T.);
#3295 = EDGE_CURVE('',#2602,#3296,#3298,.T.);
#3296 = VERTEX_POINT('',#3297);
#3297 = CARTESIAN_POINT('',(-7.562693240681,11.659864925347,
    14.549371867901));
#3298 = B_SPLINE_CURVE_WITH_KNOTS('',3,(#3299,#3300,#3301,#3302,#3303,
    #3304,#3305,#3306,#3307,#3308,#3309,#3310,#3311,#3312,#3313,#3314,
    #3315,#3316,#3317),.UNSPECIFIED.,.F.,.F.,(4,2,2,2,2,2,1,2,2,4),(0.,
    0.25,0.375,0.4375,0.5,0.625,0.6875,0.71875,0.75,1.),.UNSPECIFIED.);
#3299 = CARTESIAN_POINT('',(-7.962690246446,11.194887057432,
    14.150919569113));
#3300 = CARTESIAN_POINT('',(-7.962488055738,11.236834904667,
    14.199861009399));
#3301 = CARTESIAN_POINT('',(-7.953322195532,11.282041345177,
    14.247836696338));
#3302 = CARTESIAN_POINT('',(-7.925953312247,11.355382609147,
    14.317994018828));
#3303 = CARTESIAN_POINT('',(-7.915039968802,11.379542284954,
    14.339918282207));
#3304 = CARTESIAN_POINT('',(-7.89598438011,11.415127083335,
    14.370770967036));
#3305 = CARTESIAN_POINT('',(-7.889184921626,11.426879887741,
    14.380716300094));
#3306 = CARTESIAN_POINT('',(-7.874690813482,11.450134408233,
    14.399956023361));
#3307 = CARTESIAN_POINT('',(-7.867811065636,11.460499120114,
    14.408351434473));
#3308 = CARTESIAN_POINT('',(-7.840939624456,11.497992015659,
    14.437995518688));
#3309 = CARTESIAN_POINT('',(-7.821853375989,11.52105023035,
    14.455264833278));
#3310 = CARTESIAN_POINT('',(-7.791466071769,11.552340696373,
    14.477879326571));
#3311 = CARTESIAN_POINT('',(-7.775832936779,11.567163561033,
    14.48836315523));
#3312 = CARTESIAN_POINT('',(-7.759540577468,11.5806950041,
    14.497685760446));
#3313 = CARTESIAN_POINT('',(-7.748532510301,11.589423531888,
    14.503650177069));
#3314 = CARTESIAN_POINT('',(-7.744316832912,11.592660993146,
    14.505848001114));
#3315 = CARTESIAN_POINT('',(-7.681207651954,11.638108270198,
    14.536396421138));
#3316 = CARTESIAN_POINT('',(-7.623003831616,11.659312891473,
    14.549029748033));
#3317 = CARTESIAN_POINT('',(-7.562693240681,11.659864925347,
    14.549371867901));
#3318 = ORIENTED_EDGE('',*,*,#3319,.T.);
#3319 = EDGE_CURVE('',#3296,#3320,#3322,.T.);
#3320 = VERTEX_POINT('',#3321);
#3321 = CARTESIAN_POINT('',(-5.362652818508,11.659864925347,
    14.549371867901));
#3322 = LINE('',#3323,#3324);
#3323 = CARTESIAN_POINT('',(-1.962652818508,11.659864925346,
    14.549371867901));
#3324 = VECTOR('',#3325,1.);
#3325 = DIRECTION('',(1.,-2.6645352591E-13,0.));
#3326 = ORIENTED_EDGE('',*,*,#3327,.F.);
#3327 = EDGE_CURVE('',#3328,#3320,#3330,.T.);
#3328 = VERTEX_POINT('',#3329);
#3329 = CARTESIAN_POINT('',(-5.362652818508,11.299216738259,
    14.263585430274));
#3330 = CIRCLE('',#3331,2.);
#3331 = AXIS2_PLACEMENT_3D('',#3332,#3333,#3334);
#3332 = CARTESIAN_POINT('',(-5.362652818508,12.713430300632,
    12.849371867901));
#3333 = DIRECTION('',(-1.,2.663582300997E-13,4.194345512363E-16));
#3334 = DIRECTION('',(-1.015433747361E-13,-0.382683432365,0.923879532511
    ));
#3335 = ORIENTED_EDGE('',*,*,#3336,.T.);
#3336 = EDGE_CURVE('',#3328,#1847,#3337,.T.);
#3337 = LINE('',#3338,#3339);
#3338 = CARTESIAN_POINT('',(-1.962652818508,11.299216738258,
    14.263585430274));
#3339 = VECTOR('',#3340,1.);
#3340 = DIRECTION('',(1.,-2.6645352591E-13,0.));
#3341 = CYLINDRICAL_SURFACE('',#3342,2.);
#3342 = AXIS2_PLACEMENT_3D('',#3343,#3344,#3345);
#3343 = CARTESIAN_POINT('',(-1.962652818508,12.713430300631,
    12.849371867901));
#3344 = DIRECTION('',(-1.,2.66291277654E-13,3.917019402011E-16));
#3345 = DIRECTION('',(-1.015433747361E-13,-0.382683432365,0.923879532511
    ));
#3346 = ADVANCED_FACE('',(#3347),#3381,.F.);
#3347 = FACE_BOUND('',#3348,.F.);
#3348 = EDGE_LOOP('',(#3349,#3359,#3368,#3374));
#3349 = ORIENTED_EDGE('',*,*,#3350,.F.);
#3350 = EDGE_CURVE('',#3351,#3353,#3355,.T.);
#3351 = VERTEX_POINT('',#3352);
#3352 = CARTESIAN_POINT('',(-3.462652818513,-4.314718635179,
    13.549371867901));
#3353 = VERTEX_POINT('',#3354);
#3354 = CARTESIAN_POINT('',(-2.162652818513,-4.314718635179,
    13.549371867901));
#3355 = LINE('',#3356,#3357);
#3356 = CARTESIAN_POINT('',(-1.962652818513,-4.314718635179,
    13.549371867901));
#3357 = VECTOR('',#3358,1.);
#3358 = DIRECTION('',(1.,-2.6645352591E-13,0.));
#3359 = ORIENTED_EDGE('',*,*,#3360,.F.);
#3360 = EDGE_CURVE('',#3361,#3351,#3363,.T.);
#3361 = VERTEX_POINT('',#3362);
#3362 = CARTESIAN_POINT('',(-3.462652818513,-4.668272025772,
    13.402925258494));
#3363 = CIRCLE('',#3364,0.5);
#3364 = AXIS2_PLACEMENT_3D('',#3365,#3366,#3367);
#3365 = CARTESIAN_POINT('',(-3.462652818513,-4.314718635179,
    13.049371867901));
#3366 = DIRECTION('',(-1.,2.664927457447E-13,-3.921983464555E-17));
#3367 = DIRECTION('',(-1.884110950421E-13,-0.707106781187,
    -0.707106781187));
#3368 = ORIENTED_EDGE('',*,*,#3369,.F.);
#3369 = EDGE_CURVE('',#125,#3361,#3370,.T.);
#3370 = LINE('',#3371,#3372);
#3371 = CARTESIAN_POINT('',(-1.962652818513,-4.668272025772,
    13.402925258494));
#3372 = VECTOR('',#3373,1.);
#3373 = DIRECTION('',(-1.,2.6645352591E-13,-4.038967834732E-28));
#3374 = ORIENTED_EDGE('',*,*,#3375,.T.);
#3375 = EDGE_CURVE('',#125,#3353,#3376,.T.);
#3376 = CIRCLE('',#3377,0.5);
#3377 = AXIS2_PLACEMENT_3D('',#3378,#3379,#3380);
#3378 = CARTESIAN_POINT('',(-2.162652818513,-4.314718635179,
    13.049371867901));
#3379 = DIRECTION('',(-1.,2.664927457447E-13,3.921983464557E-17));
#3380 = DIRECTION('',(-1.884110950421E-13,-0.707106781187,0.707106781187
    ));
#3381 = CYLINDRICAL_SURFACE('',#3382,0.5);
#3382 = AXIS2_PLACEMENT_3D('',#3383,#3384,#3385);
#3383 = CARTESIAN_POINT('',(-1.962652818513,-4.314718635179,
    13.049371867901));
#3384 = DIRECTION('',(-1.,2.6645352591E-13,-4.038967834732E-28));
#3385 = DIRECTION('',(-1.884110950421E-13,-0.707106781187,0.707106781187
    ));
#3386 = ADVANCED_FACE('',(#3387),#3419,.F.);
#3387 = FACE_BOUND('',#3388,.F.);
#3388 = EDGE_LOOP('',(#3389,#3399,#3406,#3412));
#3389 = ORIENTED_EDGE('',*,*,#3390,.F.);
#3390 = EDGE_CURVE('',#3391,#3393,#3395,.T.);
#3391 = VERTEX_POINT('',#3392);
#3392 = CARTESIAN_POINT('',(-3.962652818506,19.096869408176,
    11.849371867901));
#3393 = VERTEX_POINT('',#3394);
#3394 = CARTESIAN_POINT('',(-2.162652818506,19.096869408176,
    11.849371867901));
#3395 = LINE('',#3396,#3397);
#3396 = CARTESIAN_POINT('',(-1.962652818506,19.096869408176,
    11.849371867901));
#3397 = VECTOR('',#3398,1.);
#3398 = DIRECTION('',(1.,-2.6645352591E-13,0.));
#3399 = ORIENTED_EDGE('',*,*,#3400,.T.);
#3400 = EDGE_CURVE('',#3391,#1464,#3401,.T.);
#3401 = ( BOUNDED_CURVE() B_SPLINE_CURVE(3,(#3402,#3403,#3404,#3405),
.UNSPECIFIED.,.F.,.F.) B_SPLINE_CURVE_WITH_KNOTS((4,4),(4.712388980385,
5.497787143782),.PIECEWISE_BEZIER_KNOTS.) CURVE() 
GEOMETRIC_REPRESENTATION_ITEM() RATIONAL_B_SPLINE_CURVE((1.,
0.949253021674,0.949253021674,1.)) REPRESENTATION_ITEM('') );
#3402 = CARTESIAN_POINT('',(-3.962652818506,19.096869408176,
    11.849371867901));
#3403 = CARTESIAN_POINT('',(-3.828272267474,18.962488857144,
    11.849371867901));
#3404 = CARTESIAN_POINT('',(-3.704120826808,18.838337416477,
    11.797946657389));
#3405 = CARTESIAN_POINT('',(-3.609099427913,18.743316017583,
    11.702925258494));
#3406 = ORIENTED_EDGE('',*,*,#3407,.F.);
#3407 = EDGE_CURVE('',#335,#1464,#3408,.T.);
#3408 = LINE('',#3409,#3410);
#3409 = CARTESIAN_POINT('',(-1.962652818506,18.743316017582,
    11.702925258494));
#3410 = VECTOR('',#3411,1.);
#3411 = DIRECTION('',(-1.,2.6645352591E-13,2.297162956004E-27));
#3412 = ORIENTED_EDGE('',*,*,#3413,.T.);
#3413 = EDGE_CURVE('',#335,#3393,#3414,.T.);
#3414 = CIRCLE('',#3415,0.5);
#3415 = AXIS2_PLACEMENT_3D('',#3416,#3417,#3418);
#3416 = CARTESIAN_POINT('',(-2.162652818506,19.096869408176,
    11.349371867901));
#3417 = DIRECTION('',(-1.,2.664927457447E-13,3.92198346483E-17));
#3418 = DIRECTION('',(-1.88411095042E-13,-0.707106781187,0.707106781187)
  );
#3419 = CYLINDRICAL_SURFACE('',#3420,0.5);
#3420 = AXIS2_PLACEMENT_3D('',#3421,#3422,#3423);
#3421 = CARTESIAN_POINT('',(-1.962652818506,19.096869408176,
    11.349371867901));
#3422 = DIRECTION('',(-1.,2.6645352591E-13,2.297162956004E-27));
#3423 = DIRECTION('',(-1.88411095042E-13,-0.707106781187,0.707106781187)
  );
#3424 = ADVANCED_FACE('',(#3425),#3459,.F.);
#3425 = FACE_BOUND('',#3426,.F.);
#3426 = EDGE_LOOP('',(#3427,#3437,#3446,#3452));
#3427 = ORIENTED_EDGE('',*,*,#3428,.F.);
#3428 = EDGE_CURVE('',#3429,#3431,#3433,.T.);
#3429 = VERTEX_POINT('',#3430);
#3430 = CARTESIAN_POINT('',(-3.462652818504,26.796869408176,
    12.849371867901));
#3431 = VERTEX_POINT('',#3432);
#3432 = CARTESIAN_POINT('',(-2.162652818504,26.796869408176,
    12.849371867901));
#3433 = LINE('',#3434,#3435);
#3434 = CARTESIAN_POINT('',(-1.962652818504,26.796869408176,
    12.849371867901));
#3435 = VECTOR('',#3436,1.);
#3436 = DIRECTION('',(1.,-2.6645352591E-13,0.));
#3437 = ORIENTED_EDGE('',*,*,#3438,.F.);
#3438 = EDGE_CURVE('',#3439,#3429,#3441,.T.);
#3439 = VERTEX_POINT('',#3440);
#3440 = CARTESIAN_POINT('',(-3.462652818504,27.150422798769,
    13.702925258494));
#3441 = CIRCLE('',#3442,0.5);
#3442 = AXIS2_PLACEMENT_3D('',#3443,#3444,#3445);
#3443 = CARTESIAN_POINT('',(-3.462652818504,26.796869408176,
    13.349371867901));
#3444 = DIRECTION('',(-1.,2.664927457447E-13,-3.92198346483E-17));
#3445 = DIRECTION('',(1.88411095042E-13,0.707106781187,0.707106781187));
#3446 = ORIENTED_EDGE('',*,*,#3447,.F.);
#3447 = EDGE_CURVE('',#251,#3439,#3448,.T.);
#3448 = LINE('',#3449,#3450);
#3449 = CARTESIAN_POINT('',(-1.962652818504,27.150422798769,
    13.702925258494));
#3450 = VECTOR('',#3451,1.);
#3451 = DIRECTION('',(-1.,2.6645352591E-13,-2.297162956004E-27));
#3452 = ORIENTED_EDGE('',*,*,#3453,.T.);
#3453 = EDGE_CURVE('',#251,#3431,#3454,.T.);
#3454 = CIRCLE('',#3455,0.5);
#3455 = AXIS2_PLACEMENT_3D('',#3456,#3457,#3458);
#3456 = CARTESIAN_POINT('',(-2.162652818504,26.796869408176,
    13.349371867901));
#3457 = DIRECTION('',(-1.,2.664927457447E-13,-3.92198346483E-17));
#3458 = DIRECTION('',(1.88411095042E-13,0.707106781187,0.707106781187));
#3459 = CYLINDRICAL_SURFACE('',#3460,0.5);
#3460 = AXIS2_PLACEMENT_3D('',#3461,#3462,#3463);
#3461 = CARTESIAN_POINT('',(-1.962652818504,26.796869408176,
    13.349371867901));
#3462 = DIRECTION('',(-1.,2.6645352591E-13,-2.297162956004E-27));
#3463 = DIRECTION('',(1.88411095042E-13,0.707106781187,0.707106781187));
#3464 = ADVANCED_FACE('',(#3465),#3491,.T.);
#3465 = FACE_BOUND('',#3466,.T.);
#3466 = EDGE_LOOP('',(#3467,#3468,#3476,#3485));
#3467 = ORIENTED_EDGE('',*,*,#82,.F.);
#3468 = ORIENTED_EDGE('',*,*,#3469,.T.);
#3469 = EDGE_CURVE('',#75,#3470,#3472,.T.);
#3470 = VERTEX_POINT('',#3471);
#3471 = CARTESIAN_POINT('',(-3.462652818511,3.272871141529,
    12.110032039681));
#3472 = LINE('',#3473,#3474);
#3473 = CARTESIAN_POINT('',(-1.962652818511,3.272871141529,
    12.110032039681));
#3474 = VECTOR('',#3475,1.);
#3475 = DIRECTION('',(-1.,2.6645352591E-13,3.814580732802E-28));
#3476 = ORIENTED_EDGE('',*,*,#3477,.T.);
#3477 = EDGE_CURVE('',#3470,#3478,#3480,.T.);
#3478 = VERTEX_POINT('',#3479);
#3479 = CARTESIAN_POINT('',(-3.462652818511,2.212210969749,
    12.549371867901));
#3480 = CIRCLE('',#3481,1.5);
#3481 = AXIS2_PLACEMENT_3D('',#3482,#3483,#3484);
#3482 = CARTESIAN_POINT('',(-3.462652818511,2.212210969749,
    11.049371867901));
#3483 = DIRECTION('',(1.,-2.664927457447E-13,-3.921983464633E-17));
#3484 = DIRECTION('',(1.884110950421E-13,0.707106781187,-0.707106781187)
  );
#3485 = ORIENTED_EDGE('',*,*,#3486,.T.);
#3486 = EDGE_CURVE('',#3478,#83,#3487,.T.);
#3487 = LINE('',#3488,#3489);
#3488 = CARTESIAN_POINT('',(-1.962652818511,2.212210969749,
    12.549371867901));
#3489 = VECTOR('',#3490,1.);
#3490 = DIRECTION('',(1.,-2.6645352591E-13,0.));
#3491 = CYLINDRICAL_SURFACE('',#3492,1.5);
#3492 = AXIS2_PLACEMENT_3D('',#3493,#3494,#3495);
#3493 = CARTESIAN_POINT('',(-1.962652818511,2.212210969749,
    11.049371867901));
#3494 = DIRECTION('',(-1.,2.6645352591E-13,3.814580732802E-28));
#3495 = DIRECTION('',(1.884110950421E-13,0.707106781187,0.707106781187)
  );
#3496 = ADVANCED_FACE('',(#3497),#3522,.T.);
#3497 = FACE_BOUND('',#3498,.T.);
#3498 = EDGE_LOOP('',(#3499,#3500,#3506,#3507,#3516));
#3499 = ORIENTED_EDGE('',*,*,#292,.F.);
#3500 = ORIENTED_EDGE('',*,*,#3501,.T.);
#3501 = EDGE_CURVE('',#285,#1690,#3502,.T.);
#3502 = LINE('',#3503,#3504);
#3503 = CARTESIAN_POINT('',(-1.962652818507,16.736209236396,
    12.410032039681));
#3504 = VECTOR('',#3505,1.);
#3505 = DIRECTION('',(-1.,2.6645352591E-13,3.141419427013E-28));
#3506 = ORIENTED_EDGE('',*,*,#1689,.T.);
#3507 = ORIENTED_EDGE('',*,*,#3508,.T.);
#3508 = EDGE_CURVE('',#1692,#3509,#3511,.T.);
#3509 = VERTEX_POINT('',#3510);
#3510 = CARTESIAN_POINT('',(-3.462652818507,16.296869408176,
    11.349371867901));
#3511 = CIRCLE('',#3512,1.5);
#3512 = AXIS2_PLACEMENT_3D('',#3513,#3514,#3515);
#3513 = CARTESIAN_POINT('',(-3.462652818507,17.796869408176,
    11.349371867901));
#3514 = DIRECTION('',(1.,-2.664927457447E-13,-3.921983464633E-17));
#3515 = DIRECTION('',(-1.884110950421E-13,-0.707106781187,0.707106781187
    ));
#3516 = ORIENTED_EDGE('',*,*,#3517,.T.);
#3517 = EDGE_CURVE('',#3509,#293,#3518,.T.);
#3518 = LINE('',#3519,#3520);
#3519 = CARTESIAN_POINT('',(-1.962652818507,16.296869408176,
    11.349371867901));
#3520 = VECTOR('',#3521,1.);
#3521 = DIRECTION('',(1.,-2.6645352591E-13,0.));
#3522 = CYLINDRICAL_SURFACE('',#3523,1.5);
#3523 = AXIS2_PLACEMENT_3D('',#3524,#3525,#3526);
#3524 = CARTESIAN_POINT('',(-1.962652818507,17.796869408176,
    11.349371867901));
#3525 = DIRECTION('',(-1.,2.6645352591E-13,3.141419427013E-28));
#3526 = DIRECTION('',(-1.884110950421E-13,-0.707106781187,0.707106781187
    ));
#3527 = ADVANCED_FACE('',(#3528),#3553,.T.);
#3528 = FACE_BOUND('',#3529,.T.);
#3529 = EDGE_LOOP('',(#3530,#3538,#3539,#3547));
#3530 = ORIENTED_EDGE('',*,*,#3531,.F.);
#3531 = EDGE_CURVE('',#293,#3532,#3534,.T.);
#3532 = VERTEX_POINT('',#3533);
#3533 = CARTESIAN_POINT('',(-2.162652818507,16.296869408176,
    11.280742717861));
#3534 = LINE('',#3535,#3536);
#3535 = CARTESIAN_POINT('',(-2.162652818507,16.296869408176,
    10.715057292869));
#3536 = VECTOR('',#3537,1.);
#3537 = DIRECTION('',(4.716059321242E-29,1.769416028952E-16,-1.));
#3538 = ORIENTED_EDGE('',*,*,#3517,.F.);
#3539 = ORIENTED_EDGE('',*,*,#3540,.F.);
#3540 = EDGE_CURVE('',#3541,#3509,#3543,.T.);
#3541 = VERTEX_POINT('',#3542);
#3542 = CARTESIAN_POINT('',(-3.462652818507,16.296869408176,
    11.280742717861));
#3543 = LINE('',#3544,#3545);
#3544 = CARTESIAN_POINT('',(-3.462652818507,16.296869408176,
    12.849371867901));
#3545 = VECTOR('',#3546,1.);
#3546 = DIRECTION('',(-4.716059321242E-29,-1.769416028952E-16,1.));
#3547 = ORIENTED_EDGE('',*,*,#3548,.F.);
#3548 = EDGE_CURVE('',#3532,#3541,#3549,.T.);
#3549 = LINE('',#3550,#3551);
#3550 = CARTESIAN_POINT('',(-1.962652818507,16.296869408176,
    11.280742717861));
#3551 = VECTOR('',#3552,1.);
#3552 = DIRECTION('',(-1.,2.6645352591E-13,0.));
#3553 = PLANE('',#3554);
#3554 = AXIS2_PLACEMENT_3D('',#3555,#3556,#3557);
#3555 = CARTESIAN_POINT('',(-1.962652818507,16.296869408176,
    11.280742717861));
#3556 = DIRECTION('',(-2.6645352591E-13,-1.,-1.769416028952E-16));
#3557 = DIRECTION('',(-1.,2.6645352591E-13,0.));
#3558 = ADVANCED_FACE('',(#3559),#3616,.T.);
#3559 = FACE_BOUND('',#3560,.T.);
#3560 = EDGE_LOOP('',(#3561,#3569,#3570,#3576,#3577,#3586,#3592,#3593,
    #3602,#3610));
#3561 = ORIENTED_EDGE('',*,*,#3562,.F.);
#3562 = EDGE_CURVE('',#1809,#3563,#3565,.T.);
#3563 = VERTEX_POINT('',#3564);
#3564 = CARTESIAN_POINT('',(-2.162652818511,2.212210969749,
    9.549371867901));
#3565 = LINE('',#3566,#3567);
#3566 = CARTESIAN_POINT('',(-2.162652818509,7.276643178124,
    9.549371867901));
#3567 = VECTOR('',#3568,1.);
#3568 = DIRECTION('',(2.665319655793E-13,1.,0.));
#3569 = ORIENTED_EDGE('',*,*,#1806,.F.);
#3570 = ORIENTED_EDGE('',*,*,#3571,.F.);
#3571 = EDGE_CURVE('',#2256,#1807,#3572,.T.);
#3572 = LINE('',#3573,#3574);
#3573 = CARTESIAN_POINT('',(-1.962652818512,-1.814718635122,
    9.549371867901));
#3574 = VECTOR('',#3575,1.);
#3575 = DIRECTION('',(1.,-2.6645352591E-13,0.));
#3576 = ORIENTED_EDGE('',*,*,#2265,.F.);
#3577 = ORIENTED_EDGE('',*,*,#3578,.F.);
#3578 = EDGE_CURVE('',#3579,#2266,#3581,.T.);
#3579 = VERTEX_POINT('',#3580);
#3580 = CARTESIAN_POINT('',(-3.952602312173,-1.404668128783,
    9.549371867901));
#3581 = CIRCLE('',#3582,1.4);
#3582 = AXIS2_PLACEMENT_3D('',#3583,#3584,#3585);
#3583 = CARTESIAN_POINT('',(-4.942551805834,-0.414718635122,
    9.549371867901));
#3584 = DIRECTION('',(0.,0.,-1.));
#3585 = DIRECTION('',(0.382683432365,-0.923879532511,0.));
#3586 = ORIENTED_EDGE('',*,*,#3587,.T.);
#3587 = EDGE_CURVE('',#3579,#2214,#3588,.T.);
#3588 = LINE('',#3589,#3590);
#3589 = CARTESIAN_POINT('',(-2.155920417293,0.392013766096,
    9.549371867901));
#3590 = VECTOR('',#3591,1.);
#3591 = DIRECTION('',(0.707106781187,0.707106781186,0.));
#3592 = ORIENTED_EDGE('',*,*,#2223,.F.);
#3593 = ORIENTED_EDGE('',*,*,#3594,.F.);
#3594 = EDGE_CURVE('',#3595,#2224,#3597,.T.);
#3595 = VERTEX_POINT('',#3596);
#3596 = CARTESIAN_POINT('',(-3.462652818512,-0.3348196478,9.549371867901
    ));
#3597 = CIRCLE('',#3598,1.4);
#3598 = AXIS2_PLACEMENT_3D('',#3599,#3600,#3601);
#3599 = CARTESIAN_POINT('',(-4.862652818512,-0.334819647799,
    9.549371867901));
#3600 = DIRECTION('',(0.,0.,-1.));
#3601 = DIRECTION('',(0.923879532511,-0.382683432365,0.));
#3602 = ORIENTED_EDGE('',*,*,#3603,.F.);
#3603 = EDGE_CURVE('',#3604,#3595,#3606,.T.);
#3604 = VERTEX_POINT('',#3605);
#3605 = CARTESIAN_POINT('',(-3.462652818511,2.212210969749,
    9.549371867901));
#3606 = LINE('',#3607,#3608);
#3607 = CARTESIAN_POINT('',(-3.462652818512,-2.814718635085,
    9.549371867901));
#3608 = VECTOR('',#3609,1.);
#3609 = DIRECTION('',(-2.665319655793E-13,-1.,0.));
#3610 = ORIENTED_EDGE('',*,*,#3611,.F.);
#3611 = EDGE_CURVE('',#3563,#3604,#3612,.T.);
#3612 = LINE('',#3613,#3614);
#3613 = CARTESIAN_POINT('',(-1.962652818511,2.212210969749,
    9.549371867901));
#3614 = VECTOR('',#3615,1.);
#3615 = DIRECTION('',(-1.,2.6645352591E-13,0.));
#3616 = PLANE('',#3617);
#3617 = AXIS2_PLACEMENT_3D('',#3618,#3619,#3620);
#3618 = CARTESIAN_POINT('',(-1.96265281851,3.712210969749,9.549371867901
    ));
#3619 = DIRECTION('',(0.,0.,-1.));
#3620 = DIRECTION('',(0.,-1.,0.));
#3621 = ADVANCED_FACE('',(#3622),#3658,.F.);
#3622 = FACE_BOUND('',#3623,.F.);
#3623 = EDGE_LOOP('',(#3624,#3634,#3643,#3651));
#3624 = ORIENTED_EDGE('',*,*,#3625,.T.);
#3625 = EDGE_CURVE('',#3626,#3628,#3630,.T.);
#3626 = VERTEX_POINT('',#3627);
#3627 = CARTESIAN_POINT('',(-2.162652818506,18.596869408176,
    11.280742717861));
#3628 = VERTEX_POINT('',#3629);
#3629 = CARTESIAN_POINT('',(-3.462652818506,18.596869408176,
    11.280742717861));
#3630 = LINE('',#3631,#3632);
#3631 = CARTESIAN_POINT('',(-1.962652818506,18.596869408176,
    11.280742717861));
#3632 = VECTOR('',#3633,1.);
#3633 = DIRECTION('',(-1.,2.6645352591E-13,0.));
#3634 = ORIENTED_EDGE('',*,*,#3635,.T.);
#3635 = EDGE_CURVE('',#3628,#3636,#3638,.T.);
#3636 = VERTEX_POINT('',#3637);
#3637 = CARTESIAN_POINT('',(-3.462652818506,18.860473304959,
    10.644346614933));
#3638 = CIRCLE('',#3639,0.9);
#3639 = AXIS2_PLACEMENT_3D('',#3640,#3641,#3642);
#3640 = CARTESIAN_POINT('',(-3.462652818506,19.496869408176,
    11.2807427178));
#3641 = DIRECTION('',(1.,-2.665319655793E-13,2.938735877056E-39));
#3642 = DIRECTION('',(2.665319655793E-13,1.,-6.811680849002E-11));
#3643 = ORIENTED_EDGE('',*,*,#3644,.F.);
#3644 = EDGE_CURVE('',#3645,#3636,#3647,.T.);
#3645 = VERTEX_POINT('',#3646);
#3646 = CARTESIAN_POINT('',(-2.162652818506,18.860473304959,
    10.644346614933));
#3647 = LINE('',#3648,#3649);
#3648 = CARTESIAN_POINT('',(-1.962652818506,18.860473304959,
    10.644346614933));
#3649 = VECTOR('',#3650,1.);
#3650 = DIRECTION('',(-1.,2.6645352591E-13,0.));
#3651 = ORIENTED_EDGE('',*,*,#3652,.T.);
#3652 = EDGE_CURVE('',#3645,#3626,#3653,.T.);
#3653 = CIRCLE('',#3654,0.9);
#3654 = AXIS2_PLACEMENT_3D('',#3655,#3656,#3657);
#3655 = CARTESIAN_POINT('',(-2.162652818506,19.496869408176,
    11.2807427178));
#3656 = DIRECTION('',(-1.,2.6645352591E-13,5.342987359908E-27));
#3657 = DIRECTION('',(-2.6645352591E-13,-1.,6.811680849002E-11));
#3658 = CYLINDRICAL_SURFACE('',#3659,0.9);
#3659 = AXIS2_PLACEMENT_3D('',#3660,#3661,#3662);
#3660 = CARTESIAN_POINT('',(-1.962652818506,19.496869408175,
    11.2807427178));
#3661 = DIRECTION('',(-1.,2.6645352591E-13,0.));
#3662 = DIRECTION('',(2.6645352591E-13,1.,-6.811680849002E-11));
#3663 = ADVANCED_FACE('',(#3664),#3689,.T.);
#3664 = FACE_BOUND('',#3665,.T.);
#3665 = EDGE_LOOP('',(#3666,#3674,#3682,#3688));
#3666 = ORIENTED_EDGE('',*,*,#3667,.F.);
#3667 = EDGE_CURVE('',#3668,#3645,#3670,.T.);
#3668 = VERTEX_POINT('',#3669);
#3669 = CARTESIAN_POINT('',(-2.162652818506,19.141844154802,
    10.36297576509));
#3670 = LINE('',#3671,#3672);
#3671 = CARTESIAN_POINT('',(-2.162652818507,16.979367512108,
    12.525452407785));
#3672 = VECTOR('',#3673,1.);
#3673 = DIRECTION('',(-1.884665602641E-13,-0.707106781187,0.707106781187
    ));
#3674 = ORIENTED_EDGE('',*,*,#3675,.T.);
#3675 = EDGE_CURVE('',#3668,#3676,#3678,.T.);
#3676 = VERTEX_POINT('',#3677);
#3677 = CARTESIAN_POINT('',(-3.462652818506,19.141844154802,
    10.36297576509));
#3678 = LINE('',#3679,#3680);
#3679 = CARTESIAN_POINT('',(-1.962652818506,19.141844154802,
    10.36297576509));
#3680 = VECTOR('',#3681,1.);
#3681 = DIRECTION('',(-1.,2.6645352591E-13,0.));
#3682 = ORIENTED_EDGE('',*,*,#3683,.F.);
#3683 = EDGE_CURVE('',#3636,#3676,#3684,.T.);
#3684 = LINE('',#3685,#3686);
#3685 = CARTESIAN_POINT('',(-3.462652818506,19.141844154802,
    10.36297576509));
#3686 = VECTOR('',#3687,1.);
#3687 = DIRECTION('',(1.884665602641E-13,0.707106781187,-0.707106781187)
  );
#3688 = ORIENTED_EDGE('',*,*,#3644,.F.);
#3689 = PLANE('',#3690);
#3690 = AXIS2_PLACEMENT_3D('',#3691,#3692,#3693);
#3691 = CARTESIAN_POINT('',(-1.962652818506,18.860473304959,
    10.644346614933));
#3692 = DIRECTION('',(1.884110950421E-13,0.707106781187,0.707106781187)
  );
#3693 = DIRECTION('',(1.,0.,-2.6645352591E-13));
#3694 = ADVANCED_FACE('',(#3695),#3722,.T.);
#3695 = FACE_BOUND('',#3696,.T.);
#3696 = EDGE_LOOP('',(#3697,#3706,#3714,#3721));
#3697 = ORIENTED_EDGE('',*,*,#3698,.F.);
#3698 = EDGE_CURVE('',#3699,#3668,#3701,.T.);
#3699 = VERTEX_POINT('',#3700);
#3700 = CARTESIAN_POINT('',(-2.162652818506,19.346869408176,
    9.868001017964));
#3701 = CIRCLE('',#3702,0.7);
#3702 = AXIS2_PLACEMENT_3D('',#3703,#3704,#3705);
#3703 = CARTESIAN_POINT('',(-2.162652818506,18.646869408176,
    9.868001018003));
#3704 = DIRECTION('',(1.,-2.6645352591E-13,-4.260970422928E-27));
#3705 = DIRECTION('',(2.6645352591E-13,1.,-5.432162656202E-11));
#3706 = ORIENTED_EDGE('',*,*,#3707,.T.);
#3707 = EDGE_CURVE('',#3699,#3708,#3710,.T.);
#3708 = VERTEX_POINT('',#3709);
#3709 = CARTESIAN_POINT('',(-3.462652818506,19.346869408176,
    9.868001017964));
#3710 = LINE('',#3711,#3712);
#3711 = CARTESIAN_POINT('',(-1.962652818506,19.346869408176,
    9.868001017964));
#3712 = VECTOR('',#3713,1.);
#3713 = DIRECTION('',(-1.,2.6645352591E-13,0.));
#3714 = ORIENTED_EDGE('',*,*,#3715,.F.);
#3715 = EDGE_CURVE('',#3676,#3708,#3716,.T.);
#3716 = CIRCLE('',#3717,0.7);
#3717 = AXIS2_PLACEMENT_3D('',#3718,#3719,#3720);
#3718 = CARTESIAN_POINT('',(-3.462652818506,18.646869408176,
    9.868001018003));
#3719 = DIRECTION('',(-1.,2.665319655793E-13,0.));
#3720 = DIRECTION('',(2.665319655793E-13,1.,-5.432162656202E-11));
#3721 = ORIENTED_EDGE('',*,*,#3675,.F.);
#3722 = CYLINDRICAL_SURFACE('',#3723,0.7);
#3723 = AXIS2_PLACEMENT_3D('',#3724,#3725,#3726);
#3724 = CARTESIAN_POINT('',(-1.962652818506,18.646869408176,
    9.868001018003));
#3725 = DIRECTION('',(-1.,2.6645352591E-13,0.));
#3726 = DIRECTION('',(2.6645352591E-13,1.,-5.432162656202E-11));
#3727 = ADVANCED_FACE('',(#3728),#3753,.T.);
#3728 = FACE_BOUND('',#3729,.T.);
#3729 = EDGE_LOOP('',(#3730,#3738,#3746,#3752));
#3730 = ORIENTED_EDGE('',*,*,#3731,.F.);
#3731 = EDGE_CURVE('',#3732,#3699,#3734,.T.);
#3732 = VERTEX_POINT('',#3733);
#3733 = CARTESIAN_POINT('',(-2.162652818506,19.346869408176,
    9.599371867878));
#3734 = LINE('',#3735,#3736);
#3735 = CARTESIAN_POINT('',(-2.162652818506,19.346869408176,
    10.008686442921));
#3736 = VECTOR('',#3737,1.);
#3737 = DIRECTION('',(0.,0.,1.));
#3738 = ORIENTED_EDGE('',*,*,#3739,.T.);
#3739 = EDGE_CURVE('',#3732,#3740,#3742,.T.);
#3740 = VERTEX_POINT('',#3741);
#3741 = CARTESIAN_POINT('',(-3.462652818506,19.346869408176,
    9.599371867878));
#3742 = LINE('',#3743,#3744);
#3743 = CARTESIAN_POINT('',(-1.962652818506,19.346869408176,
    9.599371867878));
#3744 = VECTOR('',#3745,1.);
#3745 = DIRECTION('',(-1.,2.6645352591E-13,0.));
#3746 = ORIENTED_EDGE('',*,*,#3747,.F.);
#3747 = EDGE_CURVE('',#3708,#3740,#3748,.T.);
#3748 = LINE('',#3749,#3750);
#3749 = CARTESIAN_POINT('',(-3.462652818506,19.346869408176,
    9.599371867878));
#3750 = VECTOR('',#3751,1.);
#3751 = DIRECTION('',(0.,0.,-1.));
#3752 = ORIENTED_EDGE('',*,*,#3707,.F.);
#3753 = PLANE('',#3754);
#3754 = AXIS2_PLACEMENT_3D('',#3755,#3756,#3757);
#3755 = CARTESIAN_POINT('',(-1.962652818506,19.346869408176,
    9.868001017964));
#3756 = DIRECTION('',(2.6645352591E-13,1.,0.));
#3757 = DIRECTION('',(1.,-2.6645352591E-13,0.));
#3758 = ADVANCED_FACE('',(#3759),#3786,.T.);
#3759 = FACE_BOUND('',#3760,.T.);
#3760 = EDGE_LOOP('',(#3761,#3770,#3778,#3785));
#3761 = ORIENTED_EDGE('',*,*,#3762,.F.);
#3762 = EDGE_CURVE('',#3763,#3732,#3765,.T.);
#3763 = VERTEX_POINT('',#3764);
#3764 = CARTESIAN_POINT('',(-2.162652818506,18.646869408113,
    8.899371867901));
#3765 = CIRCLE('',#3766,0.7);
#3766 = AXIS2_PLACEMENT_3D('',#3767,#3768,#3769);
#3767 = CARTESIAN_POINT('',(-2.162652818506,18.646869408176,
    9.599371867901));
#3768 = DIRECTION('',(1.,-2.665319655793E-13,7.003666888445E-27));
#3769 = DIRECTION('',(-2.378996681827E-23,-8.928373913213E-11,-1.));
#3770 = ORIENTED_EDGE('',*,*,#3771,.T.);
#3771 = EDGE_CURVE('',#3763,#3772,#3774,.T.);
#3772 = VERTEX_POINT('',#3773);
#3773 = CARTESIAN_POINT('',(-3.462652818506,18.646869408113,
    8.899371867901));
#3774 = LINE('',#3775,#3776);
#3775 = CARTESIAN_POINT('',(-1.962652818506,18.646869408113,
    8.899371867901));
#3776 = VECTOR('',#3777,1.);
#3777 = DIRECTION('',(-1.,2.6645352591E-13,0.));
#3778 = ORIENTED_EDGE('',*,*,#3779,.F.);
#3779 = EDGE_CURVE('',#3740,#3772,#3780,.T.);
#3780 = CIRCLE('',#3781,0.7);
#3781 = AXIS2_PLACEMENT_3D('',#3782,#3783,#3784);
#3782 = CARTESIAN_POINT('',(-3.462652818506,18.646869408176,
    9.599371867901));
#3783 = DIRECTION('',(-1.,2.665319655793E-13,-4.114230227878E-38));
#3784 = DIRECTION('',(-2.379697048516E-23,-8.928373913213E-11,-1.));
#3785 = ORIENTED_EDGE('',*,*,#3739,.F.);
#3786 = CYLINDRICAL_SURFACE('',#3787,0.7);
#3787 = AXIS2_PLACEMENT_3D('',#3788,#3789,#3790);
#3788 = CARTESIAN_POINT('',(-1.962652818506,18.646869408176,
    9.599371867901));
#3789 = DIRECTION('',(-1.,2.6645352591E-13,-2.998710078628E-39));
#3790 = DIRECTION('',(-2.378996709819E-23,-8.928373913213E-11,-1.));
#3791 = ADVANCED_FACE('',(#3792),#3817,.T.);
#3792 = FACE_BOUND('',#3793,.T.);
#3793 = EDGE_LOOP('',(#3794,#3802,#3810,#3816));
#3794 = ORIENTED_EDGE('',*,*,#3795,.F.);
#3795 = EDGE_CURVE('',#3796,#3763,#3798,.T.);
#3796 = VERTEX_POINT('',#3797);
#3797 = CARTESIAN_POINT('',(-2.162652818507,16.246869408206,
    8.899371867901));
#3798 = LINE('',#3799,#3800);
#3799 = CARTESIAN_POINT('',(-2.162652818508,14.743972397306,
    8.899371867901));
#3800 = VECTOR('',#3801,1.);
#3801 = DIRECTION('',(2.665319655793E-13,1.,0.));
#3802 = ORIENTED_EDGE('',*,*,#3803,.T.);
#3803 = EDGE_CURVE('',#3796,#3804,#3806,.T.);
#3804 = VERTEX_POINT('',#3805);
#3805 = CARTESIAN_POINT('',(-3.462652818507,16.246869408206,
    8.899371867901));
#3806 = LINE('',#3807,#3808);
#3807 = CARTESIAN_POINT('',(-1.962652818507,16.246869408206,
    8.899371867901));
#3808 = VECTOR('',#3809,1.);
#3809 = DIRECTION('',(-1.,2.6645352591E-13,0.));
#3810 = ORIENTED_EDGE('',*,*,#3811,.F.);
#3811 = EDGE_CURVE('',#3772,#3804,#3812,.T.);
#3812 = LINE('',#3813,#3814);
#3813 = CARTESIAN_POINT('',(-3.462652818507,16.246869408206,
    8.899371867901));
#3814 = VECTOR('',#3815,1.);
#3815 = DIRECTION('',(-2.665319655793E-13,-1.,0.));
#3816 = ORIENTED_EDGE('',*,*,#3771,.F.);
#3817 = PLANE('',#3818);
#3818 = AXIS2_PLACEMENT_3D('',#3819,#3820,#3821);
#3819 = CARTESIAN_POINT('',(-1.962652818506,18.646869408113,
    8.899371867901));
#3820 = DIRECTION('',(0.,0.,-1.));
#3821 = DIRECTION('',(0.,-1.,0.));
#3822 = ADVANCED_FACE('',(#3823),#3850,.T.);
#3823 = FACE_BOUND('',#3824,.T.);
#3824 = EDGE_LOOP('',(#3825,#3834,#3842,#3849));
#3825 = ORIENTED_EDGE('',*,*,#3826,.F.);
#3826 = EDGE_CURVE('',#3827,#3796,#3829,.T.);
#3827 = VERTEX_POINT('',#3828);
#3828 = CARTESIAN_POINT('',(-2.162652818507,15.546869408176,
    9.599371867878));
#3829 = CIRCLE('',#3830,0.7);
#3830 = AXIS2_PLACEMENT_3D('',#3831,#3832,#3833);
#3831 = CARTESIAN_POINT('',(-2.162652818507,16.246869408176,
    9.599371867901));
#3832 = DIRECTION('',(1.,-2.6645352591E-13,2.609331201476E-27));
#3833 = DIRECTION('',(-2.6645352591E-13,-1.,-3.326456174005E-11));
#3834 = ORIENTED_EDGE('',*,*,#3835,.T.);
#3835 = EDGE_CURVE('',#3827,#3836,#3838,.T.);
#3836 = VERTEX_POINT('',#3837);
#3837 = CARTESIAN_POINT('',(-3.462652818507,15.546869408176,
    9.599371867878));
#3838 = LINE('',#3839,#3840);
#3839 = CARTESIAN_POINT('',(-1.962652818507,15.546869408176,
    9.599371867878));
#3840 = VECTOR('',#3841,1.);
#3841 = DIRECTION('',(-1.,2.6645352591E-13,0.));
#3842 = ORIENTED_EDGE('',*,*,#3843,.F.);
#3843 = EDGE_CURVE('',#3804,#3836,#3844,.T.);
#3844 = CIRCLE('',#3845,0.7);
#3845 = AXIS2_PLACEMENT_3D('',#3846,#3847,#3848);
#3846 = CARTESIAN_POINT('',(-3.462652818507,16.246869408176,
    9.599371867901));
#3847 = DIRECTION('',(-1.,2.665319655793E-13,-1.469367938528E-39));
#3848 = DIRECTION('',(-2.665319655793E-13,-1.,-3.326456174005E-11));
#3849 = ORIENTED_EDGE('',*,*,#3803,.F.);
#3850 = CYLINDRICAL_SURFACE('',#3851,0.7);
#3851 = AXIS2_PLACEMENT_3D('',#3852,#3853,#3854);
#3852 = CARTESIAN_POINT('',(-1.962652818507,16.246869408176,
    9.599371867901));
#3853 = DIRECTION('',(-1.,2.6645352591E-13,0.));
#3854 = DIRECTION('',(-2.6645352591E-13,-1.,-3.326456174005E-11));
#3855 = ADVANCED_FACE('',(#3856),#3881,.T.);
#3856 = FACE_BOUND('',#3857,.T.);
#3857 = EDGE_LOOP('',(#3858,#3866,#3874,#3880));
#3858 = ORIENTED_EDGE('',*,*,#3859,.F.);
#3859 = EDGE_CURVE('',#3860,#3827,#3862,.T.);
#3860 = VERTEX_POINT('',#3861);
#3861 = CARTESIAN_POINT('',(-2.162652818507,15.546869408176,
    9.868001017964));
#3862 = LINE('',#3863,#3864);
#3863 = CARTESIAN_POINT('',(-2.162652818507,15.546869408176,
    9.874371867878));
#3864 = VECTOR('',#3865,1.);
#3865 = DIRECTION('',(0.,0.,-1.));
#3866 = ORIENTED_EDGE('',*,*,#3867,.T.);
#3867 = EDGE_CURVE('',#3860,#3868,#3870,.T.);
#3868 = VERTEX_POINT('',#3869);
#3869 = CARTESIAN_POINT('',(-3.462652818507,15.546869408176,
    9.868001017964));
#3870 = LINE('',#3871,#3872);
#3871 = CARTESIAN_POINT('',(-1.962652818507,15.546869408176,
    9.868001017964));
#3872 = VECTOR('',#3873,1.);
#3873 = DIRECTION('',(-1.,2.6645352591E-13,0.));
#3874 = ORIENTED_EDGE('',*,*,#3875,.F.);
#3875 = EDGE_CURVE('',#3836,#3868,#3876,.T.);
#3876 = LINE('',#3877,#3878);
#3877 = CARTESIAN_POINT('',(-3.462652818507,15.546869408176,
    9.868001017964));
#3878 = VECTOR('',#3879,1.);
#3879 = DIRECTION('',(0.,0.,1.));
#3880 = ORIENTED_EDGE('',*,*,#3835,.F.);
#3881 = PLANE('',#3882);
#3882 = AXIS2_PLACEMENT_3D('',#3883,#3884,#3885);
#3883 = CARTESIAN_POINT('',(-1.962652818507,15.546869408176,
    9.599371867878));
#3884 = DIRECTION('',(-2.6645352591E-13,-1.,0.));
#3885 = DIRECTION('',(-1.,2.6645352591E-13,0.));
#3886 = ADVANCED_FACE('',(#3887),#3914,.T.);
#3887 = FACE_BOUND('',#3888,.T.);
#3888 = EDGE_LOOP('',(#3889,#3898,#3906,#3913));
#3889 = ORIENTED_EDGE('',*,*,#3890,.F.);
#3890 = EDGE_CURVE('',#3891,#3860,#3893,.T.);
#3891 = VERTEX_POINT('',#3892);
#3892 = CARTESIAN_POINT('',(-2.162652818507,15.751894661372,
    10.362975764799));
#3893 = CIRCLE('',#3894,0.7);
#3894 = AXIS2_PLACEMENT_3D('',#3895,#3896,#3897);
#3895 = CARTESIAN_POINT('',(-2.162652818507,16.246869408176,
    9.868001018003));
#3896 = DIRECTION('',(1.,-2.664927457447E-13,-3.921983464598E-17));
#3897 = DIRECTION('',(-1.884110950435E-13,-0.707106781192,0.707106781181
    ));
#3898 = ORIENTED_EDGE('',*,*,#3899,.T.);
#3899 = EDGE_CURVE('',#3891,#3900,#3902,.T.);
#3900 = VERTEX_POINT('',#3901);
#3901 = CARTESIAN_POINT('',(-3.462652818507,15.751894661372,
    10.362975764799));
#3902 = LINE('',#3903,#3904);
#3903 = CARTESIAN_POINT('',(-1.962652818507,15.751894661372,
    10.362975764799));
#3904 = VECTOR('',#3905,1.);
#3905 = DIRECTION('',(-1.,2.6645352591E-13,0.));
#3906 = ORIENTED_EDGE('',*,*,#3907,.F.);
#3907 = EDGE_CURVE('',#3868,#3900,#3908,.T.);
#3908 = CIRCLE('',#3909,0.7);
#3909 = AXIS2_PLACEMENT_3D('',#3910,#3911,#3912);
#3910 = CARTESIAN_POINT('',(-3.462652818507,16.246869408176,
    9.868001018003));
#3911 = DIRECTION('',(-1.,2.665319655793E-13,-1.514612938024E-28));
#3912 = DIRECTION('',(-1.884665602655E-13,-0.707106781192,0.707106781181
    ));
#3913 = ORIENTED_EDGE('',*,*,#3867,.F.);
#3914 = CYLINDRICAL_SURFACE('',#3915,0.7);
#3915 = AXIS2_PLACEMENT_3D('',#3916,#3917,#3918);
#3916 = CARTESIAN_POINT('',(-1.962652818507,16.246869408176,
    9.868001018003));
#3917 = DIRECTION('',(-1.,2.6645352591E-13,-2.575872343579E-29));
#3918 = DIRECTION('',(-1.884110950435E-13,-0.707106781192,0.707106781181
    ));
#3919 = ADVANCED_FACE('',(#3920),#3945,.T.);
#3920 = FACE_BOUND('',#3921,.T.);
#3921 = EDGE_LOOP('',(#3922,#3930,#3938,#3944));
#3922 = ORIENTED_EDGE('',*,*,#3923,.F.);
#3923 = EDGE_CURVE('',#3924,#3891,#3926,.T.);
#3924 = VERTEX_POINT('',#3925);
#3925 = CARTESIAN_POINT('',(-2.162652818507,16.033265511361,
    10.644346614642));
#3926 = LINE('',#3927,#3928);
#3927 = CARTESIAN_POINT('',(-2.162652818508,14.470788867788,
    9.081869971878));
#3928 = VECTOR('',#3929,1.);
#3929 = DIRECTION('',(-1.884665603129E-13,-0.707106781369,
    -0.707106781004));
#3930 = ORIENTED_EDGE('',*,*,#3931,.T.);
#3931 = EDGE_CURVE('',#3924,#3932,#3934,.T.);
#3932 = VERTEX_POINT('',#3933);
#3933 = CARTESIAN_POINT('',(-3.462652818507,16.033265511361,
    10.644346614642));
#3934 = LINE('',#3935,#3936);
#3935 = CARTESIAN_POINT('',(-1.962652818507,16.03326551136,
    10.644346614642));
#3936 = VECTOR('',#3937,1.);
#3937 = DIRECTION('',(-1.,2.6645352591E-13,0.));
#3938 = ORIENTED_EDGE('',*,*,#3939,.F.);
#3939 = EDGE_CURVE('',#3900,#3932,#3940,.T.);
#3940 = LINE('',#3941,#3942);
#3941 = CARTESIAN_POINT('',(-3.462652818507,16.033265511361,
    10.644346614642));
#3942 = VECTOR('',#3943,1.);
#3943 = DIRECTION('',(1.884665603129E-13,0.707106781369,0.707106781004)
  );
#3944 = ORIENTED_EDGE('',*,*,#3899,.F.);
#3945 = PLANE('',#3946);
#3946 = AXIS2_PLACEMENT_3D('',#3947,#3948,#3949);
#3947 = CARTESIAN_POINT('',(-1.962652818507,15.751894661372,
    10.362975764799));
#3948 = DIRECTION('',(-1.884110949933E-13,-0.707106781004,0.707106781369
    ));
#3949 = DIRECTION('',(-1.,2.6645352591E-13,0.));
#3950 = ADVANCED_FACE('',(#3951),#3969,.F.);
#3951 = FACE_BOUND('',#3952,.F.);
#3952 = EDGE_LOOP('',(#3953,#3954,#3961,#3962));
#3953 = ORIENTED_EDGE('',*,*,#3931,.T.);
#3954 = ORIENTED_EDGE('',*,*,#3955,.T.);
#3955 = EDGE_CURVE('',#3932,#3541,#3956,.T.);
#3956 = CIRCLE('',#3957,0.9);
#3957 = AXIS2_PLACEMENT_3D('',#3958,#3959,#3960);
#3958 = CARTESIAN_POINT('',(-3.462652818507,15.396869408176,
    11.2807427178));
#3959 = DIRECTION('',(1.,-2.665319655793E-13,-5.048709793414E-29));
#3960 = DIRECTION('',(-1.884665602683E-13,-0.707106781202,0.707106781171
    ));
#3961 = ORIENTED_EDGE('',*,*,#3548,.F.);
#3962 = ORIENTED_EDGE('',*,*,#3963,.T.);
#3963 = EDGE_CURVE('',#3532,#3924,#3964,.T.);
#3964 = CIRCLE('',#3965,0.9);
#3965 = AXIS2_PLACEMENT_3D('',#3966,#3967,#3968);
#3966 = CARTESIAN_POINT('',(-2.162652818507,15.396869408176,
    11.2807427178));
#3967 = DIRECTION('',(-1.,2.664927457447E-13,3.921983464633E-17));
#3968 = DIRECTION('',(1.884110950462E-13,0.707106781202,-0.707106781171)
  );
#3969 = CYLINDRICAL_SURFACE('',#3970,0.9);
#3970 = AXIS2_PLACEMENT_3D('',#3971,#3972,#3973);
#3971 = CARTESIAN_POINT('',(-1.962652818507,15.396869408176,
    11.2807427178));
#3972 = DIRECTION('',(-1.,2.6645352591E-13,3.583960655819E-28));
#3973 = DIRECTION('',(-1.884110950462E-13,-0.707106781202,0.707106781171
    ));
#3974 = ADVANCED_FACE('',(#3975),#4007,.T.);
#3975 = FACE_BOUND('',#3976,.T.);
#3976 = EDGE_LOOP('',(#3977,#3978,#3987,#3995,#4006));
#3977 = ORIENTED_EDGE('',*,*,#3501,.F.);
#3978 = ORIENTED_EDGE('',*,*,#3979,.F.);
#3979 = EDGE_CURVE('',#3980,#285,#3982,.T.);
#3980 = VERTEX_POINT('',#3981);
#3981 = CARTESIAN_POINT('',(-2.162652818507,17.796869408176,
    12.849371867901));
#3982 = CIRCLE('',#3983,1.5);
#3983 = AXIS2_PLACEMENT_3D('',#3984,#3985,#3986);
#3984 = CARTESIAN_POINT('',(-2.162652818507,17.796869408176,
    11.349371867901));
#3985 = DIRECTION('',(1.,-2.664927457447E-13,-3.921983464633E-17));
#3986 = DIRECTION('',(-1.884110950421E-13,-0.707106781187,0.707106781187
    ));
#3987 = ORIENTED_EDGE('',*,*,#3988,.T.);
#3988 = EDGE_CURVE('',#3980,#3989,#3991,.T.);
#3989 = VERTEX_POINT('',#3990);
#3990 = CARTESIAN_POINT('',(-4.662652818507,17.796869408176,
    12.849371867901));
#3991 = LINE('',#3992,#3993);
#3992 = CARTESIAN_POINT('',(-1.962652818507,17.796869408176,
    12.849371867901));
#3993 = VECTOR('',#3994,1.);
#3994 = DIRECTION('',(-1.,2.6645352591E-13,0.));
#3995 = ORIENTED_EDGE('',*,*,#3996,.T.);
#3996 = EDGE_CURVE('',#3989,#1723,#3997,.T.);
#3997 = B_SPLINE_CURVE_WITH_KNOTS('',3,(#3998,#3999,#4000,#4001,#4002,
    #4003,#4004,#4005),.UNSPECIFIED.,.F.,.F.,(4,2,2,4),(0.,
    0.229003982113,0.343505973169,0.458007964225),.UNSPECIFIED.);
#3998 = CARTESIAN_POINT('',(-4.662652818507,17.796869408176,
    12.849371867901));
#3999 = CARTESIAN_POINT('',(-4.503666245074,17.796806544598,
    12.849371880221));
#4000 = CARTESIAN_POINT('',(-4.350503181852,17.765959992151,
    12.85030874497));
#4001 = CARTESIAN_POINT('',(-4.12949359091,17.674071324962,
    12.844651893848));
#4002 = CARTESIAN_POINT('',(-4.058101351008,17.636122076609,
    12.841376276666));
#4003 = CARTESIAN_POINT('',(-3.92819500139,17.549372697287,
    12.82946045933));
#4004 = CARTESIAN_POINT('',(-3.868493844714,17.500091567364,
    12.82079192358));
#4005 = CARTESIAN_POINT('',(-3.814087951497,17.445448581528,
    12.807641431326));
#4006 = ORIENTED_EDGE('',*,*,#1730,.T.);
#4007 = CYLINDRICAL_SURFACE('',#4008,1.5);
#4008 = AXIS2_PLACEMENT_3D('',#4009,#4010,#4011);
#4009 = CARTESIAN_POINT('',(-1.962652818507,17.796869408176,
    11.349371867901));
#4010 = DIRECTION('',(-1.,2.6645352591E-13,3.141419427013E-28));
#4011 = DIRECTION('',(-1.884110950421E-13,-0.707106781187,0.707106781187
    ));
#4012 = ADVANCED_FACE('',(#4013),#4031,.T.);
#4013 = FACE_BOUND('',#4014,.T.);
#4014 = EDGE_LOOP('',(#4015,#4016,#4023,#4024));
#4015 = ORIENTED_EDGE('',*,*,#3469,.F.);
#4016 = ORIENTED_EDGE('',*,*,#4017,.F.);
#4017 = EDGE_CURVE('',#3563,#75,#4018,.T.);
#4018 = CIRCLE('',#4019,1.5);
#4019 = AXIS2_PLACEMENT_3D('',#4020,#4021,#4022);
#4020 = CARTESIAN_POINT('',(-2.162652818511,2.212210969749,
    11.049371867901));
#4021 = DIRECTION('',(1.,-2.664927457447E-13,3.92198346456E-17));
#4022 = DIRECTION('',(1.884110950421E-13,0.707106781187,0.707106781187)
  );
#4023 = ORIENTED_EDGE('',*,*,#3611,.T.);
#4024 = ORIENTED_EDGE('',*,*,#4025,.T.);
#4025 = EDGE_CURVE('',#3604,#3470,#4026,.T.);
#4026 = CIRCLE('',#4027,1.5);
#4027 = AXIS2_PLACEMENT_3D('',#4028,#4029,#4030);
#4028 = CARTESIAN_POINT('',(-3.462652818511,2.212210969749,
    11.049371867901));
#4029 = DIRECTION('',(1.,-2.664927457447E-13,-3.921983464633E-17));
#4030 = DIRECTION('',(1.884110950421E-13,0.707106781187,-0.707106781187)
  );
#4031 = CYLINDRICAL_SURFACE('',#4032,1.5);
#4032 = AXIS2_PLACEMENT_3D('',#4033,#4034,#4035);
#4033 = CARTESIAN_POINT('',(-1.962652818511,2.212210969749,
    11.049371867901));
#4034 = DIRECTION('',(-1.,2.6645352591E-13,3.814580732802E-28));
#4035 = DIRECTION('',(1.884110950421E-13,0.707106781187,0.707106781187)
  );
#4036 = ADVANCED_FACE('',(#4037),#4056,.F.);
#4037 = FACE_BOUND('',#4038,.F.);
#4038 = EDGE_LOOP('',(#4039,#4048,#4054,#4055));
#4039 = ORIENTED_EDGE('',*,*,#4040,.F.);
#4040 = EDGE_CURVE('',#4041,#3439,#4043,.T.);
#4041 = VERTEX_POINT('',#4042);
#4042 = CARTESIAN_POINT('',(-3.462652818504,26.796869408176,
    13.849371867901));
#4043 = CIRCLE('',#4044,0.5);
#4044 = AXIS2_PLACEMENT_3D('',#4045,#4046,#4047);
#4045 = CARTESIAN_POINT('',(-3.462652818504,26.796869408176,
    13.349371867901));
#4046 = DIRECTION('',(-1.,2.664927457447E-13,-3.92198346483E-17));
#4047 = DIRECTION('',(1.88411095042E-13,0.707106781187,0.707106781187));
#4048 = ORIENTED_EDGE('',*,*,#4049,.F.);
#4049 = EDGE_CURVE('',#232,#4041,#4050,.T.);
#4050 = LINE('',#4051,#4052);
#4051 = CARTESIAN_POINT('',(-1.962652818504,26.796869408176,
    13.849371867901));
#4052 = VECTOR('',#4053,1.);
#4053 = DIRECTION('',(-1.,2.6645352591E-13,0.));
#4054 = ORIENTED_EDGE('',*,*,#258,.T.);
#4055 = ORIENTED_EDGE('',*,*,#3447,.T.);
#4056 = CYLINDRICAL_SURFACE('',#4057,0.5);
#4057 = AXIS2_PLACEMENT_3D('',#4058,#4059,#4060);
#4058 = CARTESIAN_POINT('',(-1.962652818504,26.796869408176,
    13.349371867901));
#4059 = DIRECTION('',(-1.,2.6645352591E-13,-2.297162956004E-27));
#4060 = DIRECTION('',(1.88411095042E-13,0.707106781187,0.707106781187));
#4061 = ADVANCED_FACE('',(#4062),#4083,.T.);
#4062 = FACE_BOUND('',#4063,.T.);
#4063 = EDGE_LOOP('',(#4064,#4070,#4071,#4077));
#4064 = ORIENTED_EDGE('',*,*,#4065,.F.);
#4065 = EDGE_CURVE('',#3626,#316,#4066,.T.);
#4066 = LINE('',#4067,#4068);
#4067 = CARTESIAN_POINT('',(-2.162652818506,18.596869408176,
    10.999371867889));
#4068 = VECTOR('',#4069,1.);
#4069 = DIRECTION('',(0.,0.,1.));
#4070 = ORIENTED_EDGE('',*,*,#3625,.T.);
#4071 = ORIENTED_EDGE('',*,*,#4072,.F.);
#4072 = EDGE_CURVE('',#1454,#3628,#4073,.T.);
#4073 = LINE('',#4074,#4075);
#4074 = CARTESIAN_POINT('',(-3.462652818506,18.596869408176,
    11.280742717861));
#4075 = VECTOR('',#4076,1.);
#4076 = DIRECTION('',(0.,0.,-1.));
#4077 = ORIENTED_EDGE('',*,*,#4078,.F.);
#4078 = EDGE_CURVE('',#316,#1454,#4079,.T.);
#4079 = LINE('',#4080,#4081);
#4080 = CARTESIAN_POINT('',(-1.962652818506,18.596869408176,
    11.349371867901));
#4081 = VECTOR('',#4082,1.);
#4082 = DIRECTION('',(-1.,2.6645352591E-13,0.));
#4083 = PLANE('',#4084);
#4084 = AXIS2_PLACEMENT_3D('',#4085,#4086,#4087);
#4085 = CARTESIAN_POINT('',(-1.962652818506,18.596869408176,
    11.849371867901));
#4086 = DIRECTION('',(2.6645352591E-13,1.,0.));
#4087 = DIRECTION('',(1.,-2.6645352591E-13,0.));
#4088 = ADVANCED_FACE('',(#4089),#4095,.F.);
#4089 = FACE_BOUND('',#4090,.F.);
#4090 = EDGE_LOOP('',(#4091,#4092,#4093,#4094));
#4091 = ORIENTED_EDGE('',*,*,#1463,.T.);
#4092 = ORIENTED_EDGE('',*,*,#4078,.F.);
#4093 = ORIENTED_EDGE('',*,*,#342,.T.);
#4094 = ORIENTED_EDGE('',*,*,#3407,.T.);
#4095 = CYLINDRICAL_SURFACE('',#4096,0.5);
#4096 = AXIS2_PLACEMENT_3D('',#4097,#4098,#4099);
#4097 = CARTESIAN_POINT('',(-1.962652818506,19.096869408176,
    11.349371867901));
#4098 = DIRECTION('',(-1.,2.6645352591E-13,2.297162956004E-27));
#4099 = DIRECTION('',(-1.88411095042E-13,-0.707106781187,0.707106781187)
  );
#4100 = ADVANCED_FACE('',(#4101),#4120,.F.);
#4101 = FACE_BOUND('',#4102,.F.);
#4102 = EDGE_LOOP('',(#4103,#4112,#4118,#4119));
#4103 = ORIENTED_EDGE('',*,*,#4104,.F.);
#4104 = EDGE_CURVE('',#4105,#3361,#4107,.T.);
#4105 = VERTEX_POINT('',#4106);
#4106 = CARTESIAN_POINT('',(-3.462652818513,-4.314718635179,
    12.549371867901));
#4107 = CIRCLE('',#4108,0.5);
#4108 = AXIS2_PLACEMENT_3D('',#4109,#4110,#4111);
#4109 = CARTESIAN_POINT('',(-3.462652818513,-4.314718635179,
    13.049371867901));
#4110 = DIRECTION('',(-1.,2.664927457447E-13,-3.921983464555E-17));
#4111 = DIRECTION('',(-1.884110950421E-13,-0.707106781187,
    -0.707106781187));
#4112 = ORIENTED_EDGE('',*,*,#4113,.F.);
#4113 = EDGE_CURVE('',#106,#4105,#4114,.T.);
#4114 = LINE('',#4115,#4116);
#4115 = CARTESIAN_POINT('',(-1.962652818513,-4.314718635179,
    12.549371867901));
#4116 = VECTOR('',#4117,1.);
#4117 = DIRECTION('',(-1.,2.6645352591E-13,0.));
#4118 = ORIENTED_EDGE('',*,*,#132,.T.);
#4119 = ORIENTED_EDGE('',*,*,#3369,.T.);
#4120 = CYLINDRICAL_SURFACE('',#4121,0.5);
#4121 = AXIS2_PLACEMENT_3D('',#4122,#4123,#4124);
#4122 = CARTESIAN_POINT('',(-1.962652818513,-4.314718635179,
    13.049371867901));
#4123 = DIRECTION('',(-1.,2.6645352591E-13,-4.038967834732E-28));
#4124 = DIRECTION('',(-1.884110950421E-13,-0.707106781187,0.707106781187
    ));
#4125 = ADVANCED_FACE('',(#4126),#4142,.T.);
#4126 = FACE_BOUND('',#4127,.T.);
#4127 = EDGE_LOOP('',(#4128,#4134,#4135,#4141));
#4128 = ORIENTED_EDGE('',*,*,#4129,.F.);
#4129 = EDGE_CURVE('',#83,#106,#4130,.T.);
#4130 = LINE('',#4131,#4132);
#4131 = CARTESIAN_POINT('',(-2.162652818511,3.01317837566,
    12.549371867901));
#4132 = VECTOR('',#4133,1.);
#4133 = DIRECTION('',(-2.665319655793E-13,-1.,-3.906059071897E-16));
#4134 = ORIENTED_EDGE('',*,*,#3486,.F.);
#4135 = ORIENTED_EDGE('',*,*,#4136,.F.);
#4136 = EDGE_CURVE('',#4105,#3478,#4137,.T.);
#4137 = LINE('',#4138,#4139);
#4138 = CARTESIAN_POINT('',(-3.46265281851,3.712210969749,
    12.549371867901));
#4139 = VECTOR('',#4140,1.);
#4140 = DIRECTION('',(2.665319655793E-13,1.,3.906059071897E-16));
#4141 = ORIENTED_EDGE('',*,*,#4113,.F.);
#4142 = PLANE('',#4143);
#4143 = AXIS2_PLACEMENT_3D('',#4144,#4145,#4146);
#4144 = CARTESIAN_POINT('',(-1.962652818513,-4.814718635179,
    12.549371867901));
#4145 = DIRECTION('',(-1.04078321212E-28,-3.906059071897E-16,1.));
#4146 = DIRECTION('',(0.,-1.,-3.906059071897E-16));
#4147 = ADVANCED_FACE('',(#4148),#4184,.T.);
#4148 = FACE_BOUND('',#4149,.T.);
#4149 = EDGE_LOOP('',(#4150,#4151,#4160,#4169,#4177));
#4150 = ORIENTED_EDGE('',*,*,#3279,.F.);
#4151 = ORIENTED_EDGE('',*,*,#4152,.F.);
#4152 = EDGE_CURVE('',#4153,#3271,#4155,.T.);
#4153 = VERTEX_POINT('',#4154);
#4154 = CARTESIAN_POINT('',(-4.662652818508,12.141505571621,
    14.765853567356));
#4155 = CIRCLE('',#4156,2.);
#4156 = AXIS2_PLACEMENT_3D('',#4157,#4158,#4159);
#4157 = CARTESIAN_POINT('',(-4.662652818508,12.713430300632,
    12.849371867901));
#4158 = DIRECTION('',(1.,-2.665336390404E-13,4.040092419616E-18));
#4159 = DIRECTION('',(-1.020017403874E-13,-0.382683432365,0.923879532511
    ));
#4160 = ORIENTED_EDGE('',*,*,#4161,.F.);
#4161 = EDGE_CURVE('',#4162,#4153,#4164,.T.);
#4162 = VERTEX_POINT('',#4163);
#4163 = CARTESIAN_POINT('',(-4.662652818508,12.713430300632,
    14.849371867901));
#4164 = CIRCLE('',#4165,2.);
#4165 = AXIS2_PLACEMENT_3D('',#4166,#4167,#4168);
#4166 = CARTESIAN_POINT('',(-4.662652818508,12.713430300632,
    12.849371867901));
#4167 = DIRECTION('',(1.,-2.665319655793E-13,1.25440075415E-29));
#4168 = DIRECTION('',(-1.25440075415E-29,3.343378986278E-42,1.));
#4169 = ORIENTED_EDGE('',*,*,#4170,.T.);
#4170 = EDGE_CURVE('',#4162,#4171,#4173,.T.);
#4171 = VERTEX_POINT('',#4172);
#4172 = CARTESIAN_POINT('',(-7.962652818508,12.713430300633,
    14.849371867901));
#4173 = LINE('',#4174,#4175);
#4174 = CARTESIAN_POINT('',(-1.962652818508,12.713430300631,
    14.849371867901));
#4175 = VECTOR('',#4176,1.);
#4176 = DIRECTION('',(-1.,2.6645352591E-13,0.));
#4177 = ORIENTED_EDGE('',*,*,#4178,.T.);
#4178 = EDGE_CURVE('',#4171,#3280,#4179,.T.);
#4179 = CIRCLE('',#4180,2.);
#4180 = AXIS2_PLACEMENT_3D('',#4181,#4182,#4183);
#4181 = CARTESIAN_POINT('',(-7.962652818508,12.713430300633,
    12.849371867901));
#4182 = DIRECTION('',(1.,-2.663582300997E-13,-4.194345512363E-16));
#4183 = DIRECTION('',(-1.015433747361E-13,-0.382683432365,0.923879532511
    ));
#4184 = CYLINDRICAL_SURFACE('',#4185,2.);
#4185 = AXIS2_PLACEMENT_3D('',#4186,#4187,#4188);
#4186 = CARTESIAN_POINT('',(-1.962652818508,12.713430300631,
    12.849371867901));
#4187 = DIRECTION('',(-1.,2.66291277654E-13,3.917019402011E-16));
#4188 = DIRECTION('',(-1.015433747361E-13,-0.382683432365,0.923879532511
    ));
#4189 = ADVANCED_FACE('',(#4190),#4215,.T.);
#4190 = FACE_BOUND('',#4191,.T.);
#4191 = EDGE_LOOP('',(#4192,#4200,#4208,#4214));
#4192 = ORIENTED_EDGE('',*,*,#4193,.F.);
#4193 = EDGE_CURVE('',#4194,#232,#4196,.T.);
#4194 = VERTEX_POINT('',#4195);
#4195 = CARTESIAN_POINT('',(-2.162652818507,15.245452221348,
    13.849371867901));
#4196 = LINE('',#4197,#4198);
#4197 = CARTESIAN_POINT('',(-2.162652818506,19.068972397337,
    13.849371867901));
#4198 = VECTOR('',#4199,1.);
#4199 = DIRECTION('',(2.665319655793E-13,1.,8.173357393773E-16));
#4200 = ORIENTED_EDGE('',*,*,#4201,.F.);
#4201 = EDGE_CURVE('',#4202,#4194,#4204,.T.);
#4202 = VERTEX_POINT('',#4203);
#4203 = CARTESIAN_POINT('',(-3.462652818507,15.245452221349,
    13.849371867901));
#4204 = LINE('',#4205,#4206);
#4205 = CARTESIAN_POINT('',(-1.962652818507,15.245452221348,
    13.849371867901));
#4206 = VECTOR('',#4207,1.);
#4207 = DIRECTION('',(1.,-2.665956058859E-13,0.));
#4208 = ORIENTED_EDGE('',*,*,#4209,.F.);
#4209 = EDGE_CURVE('',#4041,#4202,#4210,.T.);
#4210 = LINE('',#4211,#4212);
#4211 = CARTESIAN_POINT('',(-3.462652818508,13.713430300631,
    13.849371867901));
#4212 = VECTOR('',#4213,1.);
#4213 = DIRECTION('',(-2.665319655793E-13,-1.,-8.173357393773E-16));
#4214 = ORIENTED_EDGE('',*,*,#4049,.F.);
#4215 = PLANE('',#4216);
#4216 = AXIS2_PLACEMENT_3D('',#4217,#4218,#4219);
#4217 = CARTESIAN_POINT('',(-1.962652818504,27.296869408176,
    13.849371867901));
#4218 = DIRECTION('',(2.177819896094E-28,8.173357393773E-16,-1.));
#4219 = DIRECTION('',(-1.,0.,-2.177819896094E-28));
#4220 = ADVANCED_FACE('',(#4221),#4239,.F.);
#4221 = FACE_BOUND('',#4222,.F.);
#4222 = EDGE_LOOP('',(#4223,#4224,#4231,#4232));
#4223 = ORIENTED_EDGE('',*,*,#4201,.F.);
#4224 = ORIENTED_EDGE('',*,*,#4225,.F.);
#4225 = EDGE_CURVE('',#2520,#4202,#4226,.T.);
#4226 = CIRCLE('',#4227,2.);
#4227 = AXIS2_PLACEMENT_3D('',#4228,#4229,#4230);
#4228 = CARTESIAN_POINT('',(-3.462652818507,15.245452221349,
    11.849371867901));
#4229 = DIRECTION('',(-1.,2.665319655793E-13,0.));
#4230 = DIRECTION('',(0.,0.,-1.));
#4231 = ORIENTED_EDGE('',*,*,#2527,.F.);
#4232 = ORIENTED_EDGE('',*,*,#4233,.T.);
#4233 = EDGE_CURVE('',#209,#4194,#4234,.T.);
#4234 = CIRCLE('',#4235,2.);
#4235 = AXIS2_PLACEMENT_3D('',#4236,#4237,#4238);
#4236 = CARTESIAN_POINT('',(-2.162652818507,15.245452221348,
    11.849371867901));
#4237 = DIRECTION('',(-1.,2.665319655793E-13,0.));
#4238 = DIRECTION('',(0.,0.,1.));
#4239 = CYLINDRICAL_SURFACE('',#4240,2.);
#4240 = AXIS2_PLACEMENT_3D('',#4241,#4242,#4243);
#4241 = CARTESIAN_POINT('',(-1.962652818507,15.245452221348,
    11.849371867901));
#4242 = DIRECTION('',(1.,-2.665956058859E-13,0.));
#4243 = DIRECTION('',(0.,0.,-1.));
#4244 = ADVANCED_FACE('',(#4245),#4267,.T.);
#4245 = FACE_BOUND('',#4246,.T.);
#4246 = EDGE_LOOP('',(#4247,#4253,#4254,#4260,#4261));
#4247 = ORIENTED_EDGE('',*,*,#4248,.F.);
#4248 = EDGE_CURVE('',#3353,#148,#4249,.T.);
#4249 = LINE('',#4250,#4251);
#4250 = CARTESIAN_POINT('',(-2.162652818509,8.016046251835,
    13.549371867901));
#4251 = VECTOR('',#4252,1.);
#4252 = DIRECTION('',(2.665319655793E-13,1.,6.657519559404E-16));
#4253 = ORIENTED_EDGE('',*,*,#3350,.F.);
#4254 = ORIENTED_EDGE('',*,*,#4255,.F.);
#4255 = EDGE_CURVE('',#2902,#3351,#4256,.T.);
#4256 = LINE('',#4257,#4258);
#4257 = CARTESIAN_POINT('',(-3.462652818513,-4.814718635179,
    13.549371867901));
#4258 = VECTOR('',#4259,1.);
#4259 = DIRECTION('',(-2.665319655793E-13,-1.,-6.657519559404E-16));
#4260 = ORIENTED_EDGE('',*,*,#2911,.F.);
#4261 = ORIENTED_EDGE('',*,*,#4262,.F.);
#4262 = EDGE_CURVE('',#148,#2912,#4263,.T.);
#4263 = LINE('',#4264,#4265);
#4264 = CARTESIAN_POINT('',(-1.962652818511,3.231408348027,
    13.549371867901));
#4265 = VECTOR('',#4266,1.);
#4266 = DIRECTION('',(-1.,2.6645352591E-13,0.));
#4267 = PLANE('',#4268);
#4268 = AXIS2_PLACEMENT_3D('',#4269,#4270,#4271);
#4269 = CARTESIAN_POINT('',(-1.96265281851,5.191017117172,
    13.549371867901));
#4270 = DIRECTION('',(1.773919560418E-28,6.657519559404E-16,-1.));
#4271 = DIRECTION('',(-1.,0.,-1.773919560418E-28));
#4272 = ADVANCED_FACE('',(#4273),#4286,.F.);
#4273 = FACE_BOUND('',#4274,.F.);
#4274 = EDGE_LOOP('',(#4275,#4282,#4283,#4284,#4285));
#4275 = ORIENTED_EDGE('',*,*,#4276,.T.);
#4276 = EDGE_CURVE('',#3241,#2921,#4277,.T.);
#4277 = ( BOUNDED_CURVE() B_SPLINE_CURVE(3,(#4278,#4279,#4280,#4281),
.UNSPECIFIED.,.F.,.F.) B_SPLINE_CURVE_WITH_KNOTS((4,4),(5.398780764196,
5.497787143782),.PIECEWISE_BEZIER_KNOTS.) CURVE() 
GEOMETRIC_REPRESENTATION_ITEM() RATIONAL_B_SPLINE_CURVE((1.,
0.999183311533,0.999183311533,1.)) REPRESENTATION_ITEM('') );
#4278 = CARTESIAN_POINT('',(-4.195152373915,4.498908792623,
    13.096447374446));
#4279 = CARTESIAN_POINT('',(-4.14407472822,4.447831146927,
    13.138294678184));
#4280 = CARTESIAN_POINT('',(-4.095130383345,4.394745343984,
    13.177563243802));
#4281 = CARTESIAN_POINT('',(-4.048439256137,4.339781447481,
    13.214156860748));
#4282 = ORIENTED_EDGE('',*,*,#2920,.T.);
#4283 = ORIENTED_EDGE('',*,*,#4262,.F.);
#4284 = ORIENTED_EDGE('',*,*,#174,.T.);
#4285 = ORIENTED_EDGE('',*,*,#3249,.T.);
#4286 = CYLINDRICAL_SURFACE('',#4287,2.);
#4287 = AXIS2_PLACEMENT_3D('',#4288,#4289,#4290);
#4288 = CARTESIAN_POINT('',(-1.962652818511,3.231408348027,
    11.549371867901));
#4289 = DIRECTION('',(-1.,2.667672138313E-13,3.828786820061E-16));
#4290 = DIRECTION('',(1.693599521828E-13,0.633750222298,0.773537753272)
  );
#4291 = ADVANCED_FACE('',(#4292),#4310,.T.);
#4292 = FACE_BOUND('',#4293,.T.);
#4293 = EDGE_LOOP('',(#4294,#4295,#4296,#4304));
#4294 = ORIENTED_EDGE('',*,*,#2213,.F.);
#4295 = ORIENTED_EDGE('',*,*,#3587,.F.);
#4296 = ORIENTED_EDGE('',*,*,#4297,.F.);
#4297 = EDGE_CURVE('',#4298,#3579,#4300,.T.);
#4298 = VERTEX_POINT('',#4299);
#4299 = CARTESIAN_POINT('',(-3.952602312173,-1.404668128783,
    10.549371867901));
#4300 = LINE('',#4301,#4302);
#4301 = CARTESIAN_POINT('',(-3.952602312173,-1.404668128783,
    10.449371867895));
#4302 = VECTOR('',#4303,1.);
#4303 = DIRECTION('',(0.,0.,-1.));
#4304 = ORIENTED_EDGE('',*,*,#4305,.T.);
#4305 = EDGE_CURVE('',#4298,#2216,#4306,.T.);
#4306 = LINE('',#4307,#4308);
#4307 = CARTESIAN_POINT('',(-4.487652818526,-1.939718635136,
    10.549371867901));
#4308 = VECTOR('',#4309,1.);
#4309 = DIRECTION('',(0.707106781187,0.707106781186,0.));
#4310 = PLANE('',#4311);
#4311 = AXIS2_PLACEMENT_3D('',#4312,#4313,#4314);
#4312 = CARTESIAN_POINT('',(-3.912652818512,-1.364718635122,
    10.349371867889));
#4313 = DIRECTION('',(-0.707106781186,0.707106781187,0.));
#4314 = DIRECTION('',(0.,0.,1.));
#4315 = ADVANCED_FACE('',(#4316),#4368,.T.);
#4316 = FACE_BOUND('',#4317,.T.);
#4317 = EDGE_LOOP('',(#4318,#4328,#4336,#4342,#4343,#4352,#4361));
#4318 = ORIENTED_EDGE('',*,*,#4319,.F.);
#4319 = EDGE_CURVE('',#4320,#4322,#4324,.T.);
#4320 = VERTEX_POINT('',#4321);
#4321 = CARTESIAN_POINT('',(-7.562652818508,13.670842554037,
    14.849371867901));
#4322 = VERTEX_POINT('',#4323);
#4323 = CARTESIAN_POINT('',(-7.562652818508,13.560734213152,
    14.111249440824));
#4324 = LINE('',#4325,#4326);
#4325 = CARTESIAN_POINT('',(-7.562652818508,13.395669876836,
    13.004723926345));
#4326 = VECTOR('',#4327,1.);
#4327 = DIRECTION('',(-3.932438836416E-14,-0.147540983607,
    -0.989055942885));
#4328 = ORIENTED_EDGE('',*,*,#4329,.F.);
#4329 = EDGE_CURVE('',#4330,#4320,#4332,.T.);
#4330 = VERTEX_POINT('',#4331);
#4331 = CARTESIAN_POINT('',(-3.462652818508,13.670842554036,
    14.849371867901));
#4332 = LINE('',#4333,#4334);
#4333 = CARTESIAN_POINT('',(-3.462652818508,13.670842554036,
    14.849371867901));
#4334 = VECTOR('',#4335,1.);
#4335 = DIRECTION('',(-1.,2.6645352591E-13,0.));
#4336 = ORIENTED_EDGE('',*,*,#4337,.F.);
#4337 = EDGE_CURVE('',#2520,#4330,#4338,.T.);
#4338 = LINE('',#4339,#4340);
#4339 = CARTESIAN_POINT('',(-3.462652818508,13.297116110874,
    12.344058763793));
#4340 = VECTOR('',#4341,1.);
#4341 = DIRECTION('',(3.932438836416E-14,0.147540983607,0.989055942885)
  );
#4342 = ORIENTED_EDGE('',*,*,#2519,.T.);
#4343 = ORIENTED_EDGE('',*,*,#4344,.F.);
#4344 = EDGE_CURVE('',#4345,#2509,#4347,.T.);
#4345 = VERTEX_POINT('',#4346);
#4346 = CARTESIAN_POINT('',(-7.563505468455,13.543864661343,
    13.998162689851));
#4347 = ( BOUNDED_CURVE() B_SPLINE_CURVE(3,(#4348,#4349,#4350,#4351),
.UNSPECIFIED.,.F.,.F.) B_SPLINE_CURVE_WITH_KNOTS((4,4),(4.739045756236,
4.854741357703),.PIECEWISE_BEZIER_KNOTS.) CURVE() 
GEOMETRIC_REPRESENTATION_ITEM() RATIONAL_B_SPLINE_CURVE((1.,
0.998884855009,0.998884855009,1.)) REPRESENTATION_ITEM('') );
#4348 = CARTESIAN_POINT('',(-7.563505468455,13.543864661343,
    13.998162689851));
#4349 = CARTESIAN_POINT('',(-7.565973810532,13.451289422339,
    13.377575188929));
#4350 = CARTESIAN_POINT('',(-7.573790311463,13.359011744094,
    12.758982416719));
#4351 = CARTESIAN_POINT('',(-7.586928821652,13.26734033558,
    12.144453835114));
#4352 = ORIENTED_EDGE('',*,*,#4353,.F.);
#4353 = EDGE_CURVE('',#4354,#4345,#4356,.T.);
#4354 = VERTEX_POINT('',#4355);
#4355 = CARTESIAN_POINT('',(-7.563159867514,13.549695499489,
    14.037250304557));
#4356 = B_SPLINE_CURVE_WITH_KNOTS('',3,(#4357,#4358,#4359,#4360),
  .UNSPECIFIED.,.F.,.F.,(4,4),(1.466758211576E-14,3.95217886982E-03),
  .PIECEWISE_BEZIER_KNOTS.);
#4357 = CARTESIAN_POINT('',(-7.563159867514,13.549695499489,
    14.037250304557));
#4358 = CARTESIAN_POINT('',(-7.563338421674,13.547751983499,
    14.024221748066));
#4359 = CARTESIAN_POINT('',(-7.56345364395,13.545808340829,
    14.011192342359));
#4360 = CARTESIAN_POINT('',(-7.563505468455,13.543864661343,
    13.998162689851));
#4361 = ORIENTED_EDGE('',*,*,#4362,.F.);
#4362 = EDGE_CURVE('',#4322,#4354,#4363,.T.);
#4363 = ( BOUNDED_CURVE() B_SPLINE_CURVE(3,(#4364,#4365,#4366,#4367),
.UNSPECIFIED.,.F.,.F.) B_SPLINE_CURVE_WITH_KNOTS((4,4),(4.712388980385,
4.726092953066),.PIECEWISE_BEZIER_KNOTS.) CURVE() 
GEOMETRIC_REPRESENTATION_ITEM() RATIONAL_B_SPLINE_CURVE((1.,
0.999984350156,0.999984350156,1.)) REPRESENTATION_ITEM('') );
#4364 = CARTESIAN_POINT('',(-7.562652818508,13.560734213152,
    14.111249440824));
#4365 = CARTESIAN_POINT('',(-7.562652818508,13.557054497965,
    14.086582096977));
#4366 = CARTESIAN_POINT('',(-7.562821837488,13.553374869158,
    14.06191533219));
#4367 = CARTESIAN_POINT('',(-7.563159867514,13.549695499489,
    14.037250304557));
#4368 = PLANE('',#4369);
#4369 = AXIS2_PLACEMENT_3D('',#4370,#4371,#4372);
#4370 = CARTESIAN_POINT('',(-3.462652818508,13.670842554036,
    14.849371867901));
#4371 = DIRECTION('',(2.63537443304E-13,0.989055942885,-0.147540983607)
  );
#4372 = DIRECTION('',(-1.,0.,-1.786198226838E-12));
#4373 = ADVANCED_FACE('',(#4374),#4418,.F.);
#4374 = FACE_BOUND('',#4375,.T.);
#4375 = EDGE_LOOP('',(#4376,#4385,#4393,#4401,#4410,#4417));
#4376 = ORIENTED_EDGE('',*,*,#4377,.F.);
#4377 = EDGE_CURVE('',#4378,#2087,#4380,.T.);
#4378 = VERTEX_POINT('',#4379);
#4379 = CARTESIAN_POINT('',(-5.962652818509,10.414292497767,
    14.227189327206));
#4380 = CIRCLE('',#4381,1.1);
#4381 = AXIS2_PLACEMENT_3D('',#4382,#4383,#4384);
#4382 = CARTESIAN_POINT('',(-5.962652818508,11.192109957073,
    13.449371867901));
#4383 = DIRECTION('',(1.,-2.665319655793E-13,1.388395193189E-28));
#4384 = DIRECTION('',(-2.512887470188E-13,-0.942809041582,
    -0.333333333333));
#4385 = ORIENTED_EDGE('',*,*,#4386,.F.);
#4386 = EDGE_CURVE('',#4387,#4378,#4389,.T.);
#4387 = VERTEX_POINT('',#4388);
#4388 = CARTESIAN_POINT('',(-5.962652818509,10.736475038462,
    14.549371867901));
#4389 = LINE('',#4390,#4391);
#4390 = CARTESIAN_POINT('',(-5.962652818509,9.483788133023,
    13.296684962462));
#4391 = VECTOR('',#4392,1.);
#4392 = DIRECTION('',(-1.884665602641E-13,-0.707106781187,
    -0.707106781187));
#4393 = ORIENTED_EDGE('',*,*,#4394,.F.);
#4394 = EDGE_CURVE('',#4395,#4387,#4397,.T.);
#4395 = VERTEX_POINT('',#4396);
#4396 = CARTESIAN_POINT('',(-5.962652818509,7.865425351621,
    14.549371867901));
#4397 = LINE('',#4398,#4399);
#4398 = CARTESIAN_POINT('',(-5.96265281851,4.669342442152,
    14.549371867901));
#4399 = VECTOR('',#4400,1.);
#4400 = DIRECTION('',(2.665319655793E-13,1.,2.394732110264E-15));
#4401 = ORIENTED_EDGE('',*,*,#4402,.F.);
#4402 = EDGE_CURVE('',#4403,#4395,#4405,.T.);
#4403 = VERTEX_POINT('',#4404);
#4404 = CARTESIAN_POINT('',(-5.962652818509,8.2833014337,13.728977438442
    ));
#4405 = CIRCLE('',#4406,1.8);
#4406 = AXIS2_PLACEMENT_3D('',#4407,#4408,#4409);
#4407 = CARTESIAN_POINT('',(-5.96265281851,6.523784565121,
    13.349371867901));
#4408 = DIRECTION('',(1.,-2.665319655793E-13,4.038967834732E-28));
#4409 = DIRECTION('',(1.528764549906E-13,0.573576436351,0.819152044289)
  );
#4410 = ORIENTED_EDGE('',*,*,#4411,.F.);
#4411 = EDGE_CURVE('',#2107,#4403,#4412,.T.);
#4412 = CIRCLE('',#4413,1.35);
#4413 = AXIS2_PLACEMENT_3D('',#4414,#4415,#4416);
#4414 = CARTESIAN_POINT('',(-5.962652818509,9.21221096975,
    12.749371867901));
#4415 = DIRECTION('',(-1.,2.665319655793E-13,0.));
#4416 = DIRECTION('',(0.,0.,-1.));
#4417 = ORIENTED_EDGE('',*,*,#2114,.F.);
#4418 = PLANE('',#4419);
#4419 = AXIS2_PLACEMENT_3D('',#4420,#4421,#4422);
#4420 = CARTESIAN_POINT('',(-5.962652818509,9.170092498094,
    11.749371867901));
#4421 = DIRECTION('',(-1.,2.665319655793E-13,0.));
#4422 = DIRECTION('',(0.,0.,1.));
#4423 = ADVANCED_FACE('',(#4424),#4470,.T.);
#4424 = FACE_BOUND('',#4425,.T.);
#4425 = EDGE_LOOP('',(#4426,#4436,#4445,#4446,#4455,#4463));
#4426 = ORIENTED_EDGE('',*,*,#4427,.F.);
#4427 = EDGE_CURVE('',#4428,#4430,#4432,.T.);
#4428 = VERTEX_POINT('',#4429);
#4429 = CARTESIAN_POINT('',(-9.664941138522,10.712210969752,
    5.070265834267));
#4430 = VERTEX_POINT('',#4431);
#4431 = CARTESIAN_POINT('',(-11.9626528185,10.712210969753,
    5.070265834267));
#4432 = LINE('',#4433,#4434);
#4433 = CARTESIAN_POINT('',(-7.962652818509,10.712210969752,
    5.070265834267));
#4434 = VECTOR('',#4435,1.);
#4435 = DIRECTION('',(-1.,2.6645352591E-13,0.));
#4436 = ORIENTED_EDGE('',*,*,#4437,.F.);
#4437 = EDGE_CURVE('',#2955,#4428,#4438,.T.);
#4438 = B_SPLINE_CURVE_WITH_KNOTS('',3,(#4439,#4440,#4441,#4442,#4443,
    #4444),.UNSPECIFIED.,.F.,.F.,(4,1,1,4),(0.2780292928,0.408009005905,
    0.494662147975,0.581315290045),.UNSPECIFIED.);
#4439 = CARTESIAN_POINT('',(-9.664941138522,7.712210969752,
    5.070265834267));
#4440 = CARTESIAN_POINT('',(-9.557712326261,8.132109075987,
    5.070265834267));
#4441 = CARTESIAN_POINT('',(-9.446259200329,8.849884410742,
    5.070265834267));
#4442 = CARTESIAN_POINT('',(-9.485867128875,9.863265375865,
    5.070265834267));
#4443 = CARTESIAN_POINT('',(-9.593455263681,10.432278898929,
    5.070265834267));
#4444 = CARTESIAN_POINT('',(-9.664941138522,10.712210969752,
    5.070265834267));
#4445 = ORIENTED_EDGE('',*,*,#2981,.F.);
#4446 = ORIENTED_EDGE('',*,*,#4447,.F.);
#4447 = EDGE_CURVE('',#4448,#2973,#4450,.T.);
#4448 = VERTEX_POINT('',#4449);
#4449 = CARTESIAN_POINT('',(-12.4626528185,8.212210969753,5.070265834267
    ));
#4450 = CIRCLE('',#4451,0.5);
#4451 = AXIS2_PLACEMENT_3D('',#4452,#4453,#4454);
#4452 = CARTESIAN_POINT('',(-11.9626528185,8.212210969753,5.070265834267
    ));
#4453 = DIRECTION('',(0.,0.,1.));
#4454 = DIRECTION('',(-0.707106781187,-0.707106781186,0.));
#4455 = ORIENTED_EDGE('',*,*,#4456,.F.);
#4456 = EDGE_CURVE('',#4457,#4448,#4459,.T.);
#4457 = VERTEX_POINT('',#4458);
#4458 = CARTESIAN_POINT('',(-12.4626528185,10.212210969753,
    5.070265834267));
#4459 = LINE('',#4460,#4461);
#4460 = CARTESIAN_POINT('',(-12.4626528185,10.212210969753,
    5.070265834267));
#4461 = VECTOR('',#4462,1.);
#4462 = DIRECTION('',(-2.6645352591E-13,-1.,0.));
#4463 = ORIENTED_EDGE('',*,*,#4464,.F.);
#4464 = EDGE_CURVE('',#4430,#4457,#4465,.T.);
#4465 = CIRCLE('',#4466,0.5);
#4466 = AXIS2_PLACEMENT_3D('',#4467,#4468,#4469);
#4467 = CARTESIAN_POINT('',(-11.9626528185,10.212210969753,
    5.070265834267));
#4468 = DIRECTION('',(0.,0.,1.));
#4469 = DIRECTION('',(-0.707106781186,0.707106781187,0.));
#4470 = PLANE('',#4471);
#4471 = AXIS2_PLACEMENT_3D('',#4472,#4473,#4474);
#4472 = CARTESIAN_POINT('',(-7.962652818508,11.212210969752,
    5.070265834267));
#4473 = DIRECTION('',(0.,0.,-1.));
#4474 = DIRECTION('',(0.,-1.,0.));
#4475 = ADVANCED_FACE('',(#4476),#4507,.F.);
#4476 = FACE_BOUND('',#4477,.F.);
#4477 = EDGE_LOOP('',(#4478,#4485,#4486,#4499,#4506));
#4478 = ORIENTED_EDGE('',*,*,#4479,.F.);
#4479 = EDGE_CURVE('',#2484,#3198,#4480,.T.);
#4480 = CIRCLE('',#4481,4.1);
#4481 = AXIS2_PLACEMENT_3D('',#4482,#4483,#4484);
#4482 = CARTESIAN_POINT('',(-3.405798569017,9.212210969749,
    12.749371867901));
#4483 = DIRECTION('',(-1.,2.6645352591E-13,4.605853239066E-26));
#4484 = DIRECTION('',(-6.168845056571E-29,1.72626141024E-13,-1.));
#4485 = ORIENTED_EDGE('',*,*,#2491,.F.);
#4486 = ORIENTED_EDGE('',*,*,#4487,.T.);
#4487 = EDGE_CURVE('',#2492,#4488,#4490,.T.);
#4488 = VERTEX_POINT('',#4489);
#4489 = CARTESIAN_POINT('',(-6.234225693762,10.893094343068,
    7.752961990357));
#4490 = B_SPLINE_CURVE_WITH_KNOTS('',3,(#4491,#4492,#4493,#4494,#4495,
    #4496,#4497,#4498),.UNSPECIFIED.,.F.,.F.,(4,2,1,1,4),(0.,
    2.291420610988E-03,0.401374852367,0.600916568244,1.),.UNSPECIFIED.);
#4491 = CARTESIAN_POINT('',(-3.405798569016,12.249248006787,
    9.995028745546));
#4492 = CARTESIAN_POINT('',(-3.408096900961,12.247929174538,
    9.993574554035));
#4493 = CARTESIAN_POINT('',(-3.410394929165,12.246610364465,
    9.992120777108));
#4494 = CARTESIAN_POINT('',(-3.813057851878,12.015847624669,
    9.737061026797));
#4495 = CARTESIAN_POINT('',(-4.415047367571,11.688075764939,9.3404667806
    ));
#4496 = CARTESIAN_POINT('',(-5.376259492411,11.214359417367,
    8.616324371063));
#4497 = CARTESIAN_POINT('',(-5.916780960254,10.989509265142,
    8.12032482307));
#4498 = CARTESIAN_POINT('',(-6.234225693762,10.893094343068,
    7.752961990357));
#4499 = ORIENTED_EDGE('',*,*,#4500,.F.);
#4500 = EDGE_CURVE('',#3207,#4488,#4501,.T.);
#4501 = CIRCLE('',#4502,5.271572875254);
#4502 = AXIS2_PLACEMENT_3D('',#4503,#4504,#4505);
#4503 = CARTESIAN_POINT('',(-6.234225693763,9.21221096975,
    12.749371867901));
#4504 = DIRECTION('',(1.,-2.66205539852E-13,-4.597280011652E-26));
#4505 = DIRECTION('',(-7.008048798261E-29,1.724333748053E-13,-1.));
#4506 = ORIENTED_EDGE('',*,*,#3206,.T.);
#4507 = TOROIDAL_SURFACE('',#4508,8.1,4.);
#4508 = AXIS2_PLACEMENT_3D('',#4509,#4510,#4511);
#4509 = CARTESIAN_POINT('',(-3.405798569017,9.212210969749,
    12.749371867901));
#4510 = DIRECTION('',(-1.,2.6645352591E-13,4.584520566541E-26));
#4511 = DIRECTION('',(-4.889633710033E-30,1.720386918324E-13,-1.));
#4512 = ADVANCED_FACE('',(#4513),#4562,.T.);
#4513 = FACE_BOUND('',#4514,.T.);
#4514 = EDGE_LOOP('',(#4515,#4524,#4525,#4526,#4535,#4544,#4555));
#4515 = ORIENTED_EDGE('',*,*,#4516,.F.);
#4516 = EDGE_CURVE('',#4488,#4517,#4519,.T.);
#4517 = VERTEX_POINT('',#4518);
#4518 = CARTESIAN_POINT('',(-6.960672526305,10.806166723243,
    6.967024120574));
#4519 = B_SPLINE_CURVE_WITH_KNOTS('',3,(#4520,#4521,#4522,#4523),
  .UNSPECIFIED.,.F.,.F.,(4,4),(0.,1.),.PIECEWISE_BEZIER_KNOTS.);
#4520 = CARTESIAN_POINT('',(-6.234225693762,10.893094343068,
    7.752961990357));
#4521 = CARTESIAN_POINT('',(-6.469361191654,10.837944166974,
    7.486323552083));
#4522 = CARTESIAN_POINT('',(-6.71335209178,10.810283530096,
    7.224704030794));
#4523 = CARTESIAN_POINT('',(-6.960672526305,10.806166723243,
    6.967024120574));
#4524 = ORIENTED_EDGE('',*,*,#4500,.F.);
#4525 = ORIENTED_EDGE('',*,*,#3215,.F.);
#4526 = ORIENTED_EDGE('',*,*,#4527,.F.);
#4527 = EDGE_CURVE('',#4528,#3183,#4530,.T.);
#4528 = VERTEX_POINT('',#4529);
#4529 = CARTESIAN_POINT('',(-6.960672526025,7.618255216255,
    6.967024120866));
#4530 = B_SPLINE_CURVE_WITH_KNOTS('',3,(#4531,#4532,#4533,#4534),
  .UNSPECIFIED.,.F.,.F.,(4,4),(0.,1.),.PIECEWISE_BEZIER_KNOTS.);
#4531 = CARTESIAN_POINT('',(-6.960672526025,7.618255216255,
    6.967024120866));
#4532 = CARTESIAN_POINT('',(-6.713352091652,7.614138409391,
    7.224704030932));
#4533 = CARTESIAN_POINT('',(-6.469361191593,7.586477772514,
    7.486323552153));
#4534 = CARTESIAN_POINT('',(-6.234225693763,7.531327596434,
    7.752961990357));
#4535 = ORIENTED_EDGE('',*,*,#4536,.F.);
#4536 = EDGE_CURVE('',#4537,#4528,#4539,.T.);
#4537 = VERTEX_POINT('',#4538);
#4538 = CARTESIAN_POINT('',(-8.195968997661,7.635125450645,
    5.690075570606));
#4539 = B_SPLINE_CURVE_WITH_KNOTS('',3,(#4540,#4541,#4542,#4543),
  .UNSPECIFIED.,.F.,.F.,(4,4),(0.,1.),.PIECEWISE_BEZIER_KNOTS.);
#4540 = CARTESIAN_POINT('',(-8.195968997661,7.635125450645,
    5.690075570606));
#4541 = CARTESIAN_POINT('',(-7.783036027065,7.630498670133,
    6.114221468379));
#4542 = CARTESIAN_POINT('',(-7.371003740672,7.625085441876,
    6.539505421258));
#4543 = CARTESIAN_POINT('',(-6.960672526025,7.618255216255,
    6.967024120866));
#4544 = ORIENTED_EDGE('',*,*,#4545,.F.);
#4545 = EDGE_CURVE('',#4546,#4537,#4548,.T.);
#4546 = VERTEX_POINT('',#4547);
#4547 = CARTESIAN_POINT('',(-8.19596899766,10.789296488859,
    5.690075570606));
#4548 = B_SPLINE_CURVE_WITH_KNOTS('',3,(#4549,#4550,#4551,#4552,#4553,
    #4554),.UNSPECIFIED.,.F.,.F.,(4,1,1,4),(0.,0.245896882159,
    0.584686655126,1.),.UNSPECIFIED.);
#4549 = CARTESIAN_POINT('',(-8.19596899766,10.789296488859,
    5.690075570606));
#4550 = CARTESIAN_POINT('',(-8.151338808962,10.536974594102,
    5.679493296085));
#4551 = CARTESIAN_POINT('',(-8.068550677273,9.926979541763,
    5.659277801065));
#4552 = CARTESIAN_POINT('',(-8.035147806478,8.857959386698,
    5.650782590965));
#4553 = CARTESIAN_POINT('',(-8.120737129707,8.061496137907,
    5.672266693538));
#4554 = CARTESIAN_POINT('',(-8.195968997661,7.635125450645,
    5.690075570606));
#4555 = ORIENTED_EDGE('',*,*,#4556,.F.);
#4556 = EDGE_CURVE('',#4517,#4546,#4557,.T.);
#4557 = B_SPLINE_CURVE_WITH_KNOTS('',3,(#4558,#4559,#4560,#4561),
  .UNSPECIFIED.,.F.,.F.,(4,4),(0.,1.),.PIECEWISE_BEZIER_KNOTS.);
#4558 = CARTESIAN_POINT('',(-6.960672526305,10.806166723243,
    6.967024120574));
#4559 = CARTESIAN_POINT('',(-7.371003740859,10.799336497624,
    6.539505421065));
#4560 = CARTESIAN_POINT('',(-7.783036027158,10.793923269369,
    6.114221468283));
#4561 = CARTESIAN_POINT('',(-8.19596899766,10.789296488859,
    5.690075570606));
#4562 = CONICAL_SURFACE('',#4563,5.55,0.785398163397);
#4563 = AXIS2_PLACEMENT_3D('',#4564,#4565,#4566);
#4564 = CARTESIAN_POINT('',(-6.512652818509,9.21221096975,
    12.749371867901));
#4565 = DIRECTION('',(-1.,2.665011090527E-13,-9.466470780149E-18));
#4566 = DIRECTION('',(2.613805352693E-13,0.980778988433,-0.19512195122)
  );
#4567 = ADVANCED_FACE('',(#4568),#4588,.F.);
#4568 = FACE_BOUND('',#4569,.F.);
#4569 = EDGE_LOOP('',(#4570,#4571,#4579,#4580));
#4570 = ORIENTED_EDGE('',*,*,#4437,.F.);
#4571 = ORIENTED_EDGE('',*,*,#4572,.T.);
#4572 = EDGE_CURVE('',#2955,#4537,#4573,.T.);
#4573 = B_SPLINE_CURVE_WITH_KNOTS('',3,(#4574,#4575,#4576,#4577,#4578),
  .UNSPECIFIED.,.F.,.F.,(4,1,4),(0.,0.428571428571,1.),.UNSPECIFIED.);
#4574 = CARTESIAN_POINT('',(-9.664941138522,7.712210969752,
    5.070265834267));
#4575 = CARTESIAN_POINT('',(-9.432180033462,7.698043906577,
    5.070265834267));
#4576 = CARTESIAN_POINT('',(-8.887871419241,7.667440402627,
    5.162532632108));
#4577 = CARTESIAN_POINT('',(-8.413957095484,7.644951314459,
    5.464518660211));
#4578 = CARTESIAN_POINT('',(-8.195968997661,7.635125450645,
    5.690075570606));
#4579 = ORIENTED_EDGE('',*,*,#4545,.F.);
#4580 = ORIENTED_EDGE('',*,*,#4581,.T.);
#4581 = EDGE_CURVE('',#4546,#4428,#4582,.T.);
#4582 = B_SPLINE_CURVE_WITH_KNOTS('',3,(#4583,#4584,#4585,#4586,#4587),
  .UNSPECIFIED.,.F.,.F.,(4,1,4),(0.,0.571428571429,1.),.UNSPECIFIED.);
#4583 = CARTESIAN_POINT('',(-8.19596899766,10.789296488859,
    5.690075570606));
#4584 = CARTESIAN_POINT('',(-8.413957102629,10.779470624723,
    5.464518652818));
#4585 = CARTESIAN_POINT('',(-8.887804498148,10.756984881761,
    5.162560946895));
#4586 = CARTESIAN_POINT('',(-9.432180025832,10.726378033391,
    5.070265834267));
#4587 = CARTESIAN_POINT('',(-9.664941138522,10.712210969752,
    5.070265834267));
#4588 = B_SPLINE_SURFACE_WITH_KNOTS('',3,3,(
    (#4589,#4590,#4591,#4592,#4593,#4594)
    ,(#4595,#4596,#4597,#4598,#4599,#4600)
    ,(#4601,#4602,#4603,#4604,#4605,#4606)
    ,(#4607,#4608,#4609,#4610,#4611,#4612)
    ,(#4613,#4614,#4615,#4616,#4617,#4618
    )),.UNSPECIFIED.,.F.,.F.,.F.,(4,1,4),(4,1,1,4),(0.,0.571428571429,1.
    ),(0.2780292928,0.408009005905,0.494662147975,0.581315290045),
  .UNSPECIFIED.);
#4589 = CARTESIAN_POINT('',(-9.664941138522,7.712210969752,
    5.070265834267));
#4590 = CARTESIAN_POINT('',(-9.557712326261,8.132109075987,
    5.070265834267));
#4591 = CARTESIAN_POINT('',(-9.446259200329,8.849884410742,
    5.070265834267));
#4592 = CARTESIAN_POINT('',(-9.485867128875,9.863265375865,
    5.070265834267));
#4593 = CARTESIAN_POINT('',(-9.593455263681,10.432278898929,
    5.070265834267));
#4594 = CARTESIAN_POINT('',(-9.664941138522,10.712210969752,
    5.070265834267));
#4595 = CARTESIAN_POINT('',(-9.363001211677,7.635104978444,
    5.070265834267));
#4596 = CARTESIAN_POINT('',(-9.257255970917,8.075565205559,
    5.070306751849));
#4597 = CARTESIAN_POINT('',(-9.147410326305,8.830639698039,
    5.070275488048));
#4598 = CARTESIAN_POINT('',(-9.18644118054,9.897706516428,5.07028233354)
  );
#4599 = CARTESIAN_POINT('',(-9.292504384504,10.49567680965,
    5.070293112655));
#4600 = CARTESIAN_POINT('',(-9.363001211677,10.78931696106,
    5.070265834267));
#4601 = CARTESIAN_POINT('',(-8.834951788628,7.500257710481,
    5.200050403443));
#4602 = CARTESIAN_POINT('',(-8.731738756746,7.976636909113,
    5.194502939772));
#4603 = CARTESIAN_POINT('',(-8.624701150259,8.797008026079,
    5.188409556217));
#4604 = CARTESIAN_POINT('',(-8.662727277385,9.957928353326,5.19060045666
    ));
#4605 = CARTESIAN_POINT('',(-8.766143100706,10.606578096602,
    5.196352094329));
#4606 = CARTESIAN_POINT('',(-8.834951788627,10.924164229023,
    5.200050403443));
#4607 = CARTESIAN_POINT('',(-8.405546166536,7.390600976737,
    5.532372011722));
#4608 = CARTESIAN_POINT('',(-8.300394133762,7.895192755599,
    5.513709472007));
#4609 = CARTESIAN_POINT('',(-8.191213773642,8.768988376533,
    5.492868338596));
#4610 = CARTESIAN_POINT('',(-8.23000553526,10.007922939397,5.50036431152
    ));
#4611 = CARTESIAN_POINT('',(-8.335444811353,10.697426443526,
    5.519930318578));
#4612 = CARTESIAN_POINT('',(-8.405546166536,11.033820962766,
    5.532372011722));
#4613 = CARTESIAN_POINT('',(-8.250727576149,7.351065162413,
    5.702942278615));
#4614 = CARTESIAN_POINT('',(-8.143498763888,7.865466754894,
    5.677981443488));
#4615 = CARTESIAN_POINT('',(-8.032045637956,8.758678079587,
    5.649993629635));
#4616 = CARTESIAN_POINT('',(-8.071653566502,10.026283914301,
    5.660066945689));
#4617 = CARTESIAN_POINT('',(-8.179241701308,10.730422382103,
    5.686301721864));
#4618 = CARTESIAN_POINT('',(-8.250727576149,11.073356777091,
    5.702942278615));
#4619 = ADVANCED_FACE('',(#4620),#4650,.F.);
#4620 = FACE_BOUND('',#4621,.F.);
#4621 = EDGE_LOOP('',(#4622,#4632,#4638,#4649));
#4622 = ORIENTED_EDGE('',*,*,#4623,.T.);
#4623 = EDGE_CURVE('',#3148,#4624,#4626,.T.);
#4624 = VERTEX_POINT('',#4625);
#4625 = CARTESIAN_POINT('',(-7.919550736388,6.175173932714,
    9.995028745545));
#4626 = B_SPLINE_CURVE_WITH_KNOTS('',3,(#4627,#4628,#4629,#4630,#4631),
  .UNSPECIFIED.,.F.,.F.,(4,1,4),(0.517621211621,0.600996697171,1.),
  .UNSPECIFIED.);
#4627 = CARTESIAN_POINT('',(-8.809717123449,6.944001405695,
    8.748040103846));
#4628 = CARTESIAN_POINT('',(-8.75124468883,6.914922308232,8.823517625025
    ));
#4629 = CARTESIAN_POINT('',(-8.417685937053,6.731992855167,
    9.257704559774));
#4630 = CARTESIAN_POINT('',(-8.114028527912,6.462022207615,9.67873959921
    ));
#4631 = CARTESIAN_POINT('',(-7.919550736388,6.175173932714,
    9.995028745545));
#4632 = ORIENTED_EDGE('',*,*,#4633,.F.);
#4633 = EDGE_CURVE('',#3185,#4624,#4634,.T.);
#4634 = LINE('',#4635,#4636);
#4635 = CARTESIAN_POINT('',(-1.96265281851,6.175173932713,9.995028745545
    ));
#4636 = VECTOR('',#4637,1.);
#4637 = DIRECTION('',(-1.,2.6645352591E-13,0.));
#4638 = ORIENTED_EDGE('',*,*,#4639,.T.);
#4639 = EDGE_CURVE('',#3185,#3160,#4640,.T.);
#4640 = B_SPLINE_CURVE_WITH_KNOTS('',3,(#4641,#4642,#4643,#4644,#4645,
    #4646,#4647,#4648),.UNSPECIFIED.,.F.,.F.,(4,2,1,1,4),(0.,
    2.291420611223E-03,0.401374852367,0.600916568244,0.69348587662),
  .UNSPECIFIED.);
#4641 = CARTESIAN_POINT('',(-3.405798569017,6.175173932713,
    9.995028745545));
#4642 = CARTESIAN_POINT('',(-3.40838419245,6.176203265194,9.993893766812
    ));
#4643 = CARTESIAN_POINT('',(-3.410969301366,6.177232470106,
    9.992758645548));
#4644 = CARTESIAN_POINT('',(-3.864008831304,6.35717374818,9.793629223842
    ));
#4645 = CARTESIAN_POINT('',(-4.541072502796,6.598352037362,
    9.469905046776));
#4646 = CARTESIAN_POINT('',(-5.290441821899,6.830419633389,
    9.024257111705));
#4647 = CARTESIAN_POINT('',(-5.5973499193,6.917694853657,8.816087194188)
  );
#4648 = CARTESIAN_POINT('',(-5.693252588004,6.943981283544,
    8.748040455448));
#4649 = ORIENTED_EDGE('',*,*,#3159,.T.);
#4650 = CYLINDRICAL_SURFACE('',#4651,4.);
#4651 = AXIS2_PLACEMENT_3D('',#4652,#4653,#4654);
#4652 = CARTESIAN_POINT('',(-1.962652818511,3.21221096975,7.307864723735
    ));
#4653 = DIRECTION('',(-1.,2.662993282677E-13,-5.950833845063E-17));
#4654 = DIRECTION('',(2.48418917455E-13,0.932936423541,0.360041149912));
#4655 = ADVANCED_FACE('',(#4656),#4680,.F.);
#4656 = FACE_BOUND('',#4657,.F.);
#4657 = EDGE_LOOP('',(#4658,#4669,#4670,#4679));
#4658 = ORIENTED_EDGE('',*,*,#4659,.T.);
#4659 = EDGE_CURVE('',#3095,#2492,#4660,.T.);
#4660 = B_SPLINE_CURVE_WITH_KNOTS('',3,(#4661,#4662,#4663,#4664,#4665,
    #4666,#4667,#4668),.UNSPECIFIED.,.F.,.F.,(4,1,1,2,4),(0.306503308174
    ,0.399083431756,0.598625147633,0.997708579389,1.),.UNSPECIFIED.);
#4661 = CARTESIAN_POINT('',(-5.693197544905,11.480423125443,
    8.748047734269));
#4662 = CARTESIAN_POINT('',(-5.597280303498,11.506694021132,
    8.816112771259));
#4663 = CARTESIAN_POINT('',(-5.290364358473,11.593974810345,
    9.024290998185));
#4664 = CARTESIAN_POINT('',(-4.54120346739,11.826122038472,
    9.469856892893));
#4665 = CARTESIAN_POINT('',(-3.863965262235,12.067221478255,
    9.793651769386));
#4666 = CARTESIAN_POINT('',(-3.410969474183,12.247189575208,
    9.992758556246));
#4667 = CARTESIAN_POINT('',(-3.408384192455,12.2482186743,9.993893766806
    ));
#4668 = CARTESIAN_POINT('',(-3.405798569016,12.249248006787,
    9.995028745546));
#4669 = ORIENTED_EDGE('',*,*,#2500,.F.);
#4670 = ORIENTED_EDGE('',*,*,#4671,.T.);
#4671 = EDGE_CURVE('',#2501,#3104,#4672,.T.);
#4672 = B_SPLINE_CURVE_WITH_KNOTS('',3,(#4673,#4674,#4675,#4676,#4677,
    #4678),.UNSPECIFIED.,.F.,.F.,(4,1,1,4),(0.,0.199501579338,
    0.399003158676,0.482458771799),.UNSPECIFIED.);
#4673 = CARTESIAN_POINT('',(-7.919550736387,12.249248006788,
    9.995028745546));
#4674 = CARTESIAN_POINT('',(-8.016789603325,12.105823911852,
    9.836884219256));
#4675 = CARTESIAN_POINT('',(-8.24105922271,11.849708677089,
    9.503082004319));
#4676 = CARTESIAN_POINT('',(-8.555100857987,11.617198346628,
    9.07890235084));
#4677 = CARTESIAN_POINT('',(-8.751036329896,11.509675658784,
    8.823755113413));
#4678 = CARTESIAN_POINT('',(-8.809689345077,11.480448814061,
    8.748033123827));
#4679 = ORIENTED_EDGE('',*,*,#3103,.T.);
#4680 = CYLINDRICAL_SURFACE('',#4681,4.);
#4681 = AXIS2_PLACEMENT_3D('',#4682,#4683,#4684);
#4682 = CARTESIAN_POINT('',(-1.962652818507,15.21221096975,
    7.307864723737));
#4683 = DIRECTION('',(1.,-2.662993282677E-13,-5.950833846274E-17));
#4684 = DIRECTION('',(-2.48418917455E-13,-0.932936423542,0.360041149911)
  );
#4685 = ADVANCED_FACE('',(#4686),#4699,.F.);
#4686 = FACE_BOUND('',#4687,.F.);
#4687 = EDGE_LOOP('',(#4688,#4696,#4697,#4698));
#4688 = ORIENTED_EDGE('',*,*,#4689,.T.);
#4689 = EDGE_CURVE('',#3086,#4488,#4690,.T.);
#4690 = B_SPLINE_CURVE_WITH_KNOTS('',3,(#4691,#4692,#4693,#4694,#4695),
  .UNSPECIFIED.,.F.,.F.,(4,1,4),(0.,0.428571428571,1.),.UNSPECIFIED.);
#4691 = CARTESIAN_POINT('',(-6.587779084356,11.272788777389,
    8.001372323063));
#4692 = CARTESIAN_POINT('',(-6.521992121046,11.262772469825,
    7.944475377243));
#4693 = CARTESIAN_POINT('',(-6.368212077672,11.185654488792,
    7.820930440197));
#4694 = CARTESIAN_POINT('',(-6.263895516526,11.005804313866,
    7.759575875895));
#4695 = CARTESIAN_POINT('',(-6.234225693762,10.893094343068,
    7.752961990357));
#4696 = ORIENTED_EDGE('',*,*,#4487,.F.);
#4697 = ORIENTED_EDGE('',*,*,#4659,.F.);
#4698 = ORIENTED_EDGE('',*,*,#3094,.F.);
#4699 = B_SPLINE_SURFACE_WITH_KNOTS('',3,3,(
    (#4700,#4701,#4702,#4703,#4704,#4705,#4706,#4707)
    ,(#4708,#4709,#4710,#4711,#4712,#4713,#4714,#4715)
    ,(#4716,#4717,#4718,#4719,#4720,#4721,#4722,#4723)
    ,(#4724,#4725,#4726,#4727,#4728,#4729,#4730,#4731)
    ,(#4732,#4733,#4734,#4735,#4736,#4737,#4738,#4739
  )),.UNSPECIFIED.,.F.,.F.,.F.,(4,1,4),(4,1,1,2,4),(0.,0.571428571429,1.
    ),(0.,0.162366380185,0.243549570278,0.405915950464,0.406848210839),
  .UNSPECIFIED.);
#4700 = CARTESIAN_POINT('',(-6.587779084356,11.272788777389,
    8.001372323063));
#4701 = CARTESIAN_POINT('',(-6.230653759158,11.335462108878,
    8.357383869554));
#4702 = CARTESIAN_POINT('',(-5.622567107835,11.491033041282,
    8.82671232449));
#4703 = CARTESIAN_POINT('',(-4.54120346739,11.826122038472,
    9.469856892893));
#4704 = CARTESIAN_POINT('',(-3.863965262235,12.067221478255,
    9.793651769386));
#4705 = CARTESIAN_POINT('',(-3.410969474183,12.247189575208,
    9.992758556246));
#4706 = CARTESIAN_POINT('',(-3.408384192455,12.2482186743,9.993893766806
    ));
#4707 = CARTESIAN_POINT('',(-3.405798569016,12.249248006787,
    9.995028745546));
#4708 = CARTESIAN_POINT('',(-6.500063133276,11.259433700636,
    7.925509728637));
#4709 = CARTESIAN_POINT('',(-6.157914061901,11.315208403173,
    8.283991847501));
#4710 = CARTESIAN_POINT('',(-5.570445089985,11.465061882179,
    8.766831539333));
#4711 = CARTESIAN_POINT('',(-4.517133928006,11.805257751353,
    9.440136451047));
#4712 = CARTESIAN_POINT('',(-3.854274426532,12.057462018555,
    9.782865562883));
#4713 = CARTESIAN_POINT('',(-3.410860013817,12.247079417524,
    9.992636856396));
#4714 = CARTESIAN_POINT('',(-3.408329470266,12.248163531488,
    9.993832964373));
#4715 = CARTESIAN_POINT('',(-3.405798569016,12.249248006787,
    9.995028745546));
#4716 = CARTESIAN_POINT('',(-6.34705399272,11.162925526649,
    7.806065689567));
#4717 = CARTESIAN_POINT('',(-6.030496121664,11.224289416725,
    8.172374531717));
#4718 = CARTESIAN_POINT('',(-5.479349930022,11.387938467458,
    8.676780808591));
#4719 = CARTESIAN_POINT('',(-4.474922873681,11.763383277662,
    9.392958834508));
#4720 = CARTESIAN_POINT('',(-3.837330685888,12.040346028293,
    9.764020079467));
#4721 = CARTESIAN_POINT('',(-3.410668397665,12.246886517038,
    9.99242400674));
#4722 = CARTESIAN_POINT('',(-3.408233706434,12.248067031567,
    9.993726560117));
#4723 = CARTESIAN_POINT('',(-3.405798569016,12.249248006787,
    9.995028745546));
#4724 = CARTESIAN_POINT('',(-6.256478060835,10.977626821167,
    7.75792240451));
#4725 = CARTESIAN_POINT('',(-5.943113145591,11.063637706128,
    8.126234717143));
#4726 = CARTESIAN_POINT('',(-5.403837449548,11.269719629548,
    8.628208015103));
#4727 = CARTESIAN_POINT('',(-4.432966044503,11.71188619548,
    9.354979565922));
#4728 = CARTESIAN_POINT('',(-3.820344303467,12.023205668064,
    9.745153910723));
#4729 = CARTESIAN_POINT('',(-3.41047695141,12.246693237422,
    9.992211670217));
#4730 = CARTESIAN_POINT('',(-3.408137942603,12.247970531647,
    9.99362015586));
#4731 = CARTESIAN_POINT('',(-3.405798569016,12.249248006787,
    9.995028745546));
#4732 = CARTESIAN_POINT('',(-6.234225693762,10.893094343068,
    7.752961990357));
#4733 = CARTESIAN_POINT('',(-5.916780960254,10.989509265141,
    8.12032482307));
#4734 = CARTESIAN_POINT('',(-5.376259492411,11.214359417366,
    8.616324371063));
#4735 = CARTESIAN_POINT('',(-4.41504736757,11.688075764938,
    9.340466780599));
#4736 = CARTESIAN_POINT('',(-3.813057851877,12.015847624669,
    9.737061026797));
#4737 = CARTESIAN_POINT('',(-3.410394929165,12.246610364465,
    9.992120777108));
#4738 = CARTESIAN_POINT('',(-3.408096900961,12.247929174538,
    9.993574554035));
#4739 = CARTESIAN_POINT('',(-3.405798569016,12.249248006787,
    9.995028745546));
#4740 = ADVANCED_FACE('',(#4741),#4754,.F.);
#4741 = FACE_BOUND('',#4742,.F.);
#4742 = EDGE_LOOP('',(#4743,#4744,#4745,#4746));
#4743 = ORIENTED_EDGE('',*,*,#4516,.F.);
#4744 = ORIENTED_EDGE('',*,*,#4689,.F.);
#4745 = ORIENTED_EDGE('',*,*,#3085,.F.);
#4746 = ORIENTED_EDGE('',*,*,#4747,.T.);
#4747 = EDGE_CURVE('',#3076,#4517,#4748,.T.);
#4748 = B_SPLINE_CURVE_WITH_KNOTS('',3,(#4749,#4750,#4751,#4752,#4753),
  .UNSPECIFIED.,.F.,.F.,(4,1,4),(0.,0.571428571429,1.),.UNSPECIFIED.);
#4749 = CARTESIAN_POINT('',(-7.314225916898,11.212210969751,
    7.307864723459));
#4750 = CARTESIAN_POINT('',(-7.219485583961,11.212210969751,
    7.216530986811));
#4751 = CARTESIAN_POINT('',(-7.054553989684,11.116815130639,
    7.057529869927));
#4752 = CARTESIAN_POINT('',(-6.974024625355,10.903105740761,
    6.979896115604));
#4753 = CARTESIAN_POINT('',(-6.960672526305,10.806166723243,
    6.967024120574));
#4754 = B_SPLINE_SURFACE_WITH_KNOTS('',3,3,(
    (#4755,#4756,#4757,#4758)
    ,(#4759,#4760,#4761,#4762)
    ,(#4763,#4764,#4765,#4766)
    ,(#4767,#4768,#4769,#4770)
    ,(#4771,#4772,#4773,#4774
  )),.UNSPECIFIED.,.F.,.F.,.F.,(4,1,4),(4,4),(0.,0.571428571429,1.),(0.,
    0.106903926863),.UNSPECIFIED.);
#4755 = CARTESIAN_POINT('',(-6.234225693762,10.893094343068,
    7.752961990357));
#4756 = CARTESIAN_POINT('',(-6.469361191654,10.837944166974,
    7.486323552083));
#4757 = CARTESIAN_POINT('',(-6.71335209178,10.810283530096,
    7.224704030794));
#4758 = CARTESIAN_POINT('',(-6.960672526221,10.806166723244,
    6.967024120661));
#4759 = CARTESIAN_POINT('',(-6.263895516526,11.005804313866,
    7.759575875895));
#4760 = CARTESIAN_POINT('',(-6.495066751124,10.957109130498,
    7.496142937233));
#4761 = CARTESIAN_POINT('',(-6.735251442315,10.934773120891,
    7.23810392129));
#4762 = CARTESIAN_POINT('',(-6.978475324949,10.935418746608,
    6.98418678071));
#4763 = CARTESIAN_POINT('',(-6.368212077672,11.185654488792,
    7.820930440197));
#4764 = CARTESIAN_POINT('',(-6.597686898565,11.147597844357,
    7.568487653333));
#4765 = CARTESIAN_POINT('',(-6.835660433166,11.134509293122,
    7.32132573058));
#4766 = CARTESIAN_POINT('',(-7.076922918165,11.142505085607,
    7.079094474705));
#4767 = CARTESIAN_POINT('',(-6.521992121046,11.262772469825,
    7.944475377243));
#4768 = CARTESIAN_POINT('',(-6.75544997646,11.224189893543,
    7.705380617357));
#4769 = CARTESIAN_POINT('',(-6.997642380044,11.208280914966,
    7.470424343322));
#4770 = CARTESIAN_POINT('',(-7.243170667109,11.212210969759,
    7.239364421038));
#4771 = CARTESIAN_POINT('',(-6.587779084356,11.272788777389,
    8.001372323063));
#4772 = CARTESIAN_POINT('',(-6.822914582247,11.231523921708,
    7.76697015012));
#4773 = CARTESIAN_POINT('',(-7.066905482373,11.212210969728,
    7.535904790504));
#4774 = CARTESIAN_POINT('',(-7.314225916814,11.212210969751,
    7.307864723321));
#4775 = ADVANCED_FACE('',(#4776),#4797,.F.);
#4776 = FACE_BOUND('',#4777,.F.);
#4777 = EDGE_LOOP('',(#4778,#4787,#4795,#4796));
#4778 = ORIENTED_EDGE('',*,*,#4779,.F.);
#4779 = EDGE_CURVE('',#4780,#3076,#4782,.T.);
#4780 = VERTEX_POINT('',#4781);
#4781 = CARTESIAN_POINT('',(-8.549522388254,11.212210969752,
    6.035123136521));
#4782 = B_SPLINE_CURVE_WITH_KNOTS('',3,(#4783,#4784,#4785,#4786),
  .UNSPECIFIED.,.F.,.F.,(4,4),(0.,0.177365118455),
  .PIECEWISE_BEZIER_KNOTS.);
#4783 = CARTESIAN_POINT('',(-8.549522388254,11.212210969752,
    6.035123136521));
#4784 = CARTESIAN_POINT('',(-8.136589417751,11.212210969752,
    6.45823538605));
#4785 = CARTESIAN_POINT('',(-7.724557131452,11.212210969752,
    6.882228836312));
#4786 = CARTESIAN_POINT('',(-7.314225916898,11.212210969751,
    7.307864723459));
#4787 = ORIENTED_EDGE('',*,*,#4788,.T.);
#4788 = EDGE_CURVE('',#4780,#4546,#4789,.T.);
#4789 = B_SPLINE_CURVE_WITH_KNOTS('',3,(#4790,#4791,#4792,#4793,#4794),
  .UNSPECIFIED.,.F.,.F.,(4,1,4),(0.,0.571428571429,1.),.UNSPECIFIED.);
#4790 = CARTESIAN_POINT('',(-8.549522388254,11.212210969752,
    6.035123136521));
#4791 = CARTESIAN_POINT('',(-8.453009573456,11.212210969755,
    5.940932218397));
#4792 = CARTESIAN_POINT('',(-8.285118787216,11.111609827203,
    5.777080563693));
#4793 = CARTESIAN_POINT('',(-8.207128620605,10.889230658267,
    5.700966691466));
#4794 = CARTESIAN_POINT('',(-8.19596899766,10.789296488859,
    5.690075570606));
#4795 = ORIENTED_EDGE('',*,*,#4556,.F.);
#4796 = ORIENTED_EDGE('',*,*,#4747,.F.);
#4797 = B_SPLINE_SURFACE_WITH_KNOTS('',3,3,(
    (#4798,#4799,#4800,#4801)
    ,(#4802,#4803,#4804,#4805)
    ,(#4806,#4807,#4808,#4809)
    ,(#4810,#4811,#4812,#4813)
    ,(#4814,#4815,#4816,#4817
  )),.UNSPECIFIED.,.F.,.F.,.F.,(4,1,4),(4,4),(0.,0.571428571429,1.),(0.,
    0.177365118455),.UNSPECIFIED.);
#4798 = CARTESIAN_POINT('',(-8.549522388254,11.212210969752,
    6.035123136521));
#4799 = CARTESIAN_POINT('',(-8.136589417751,11.212210969752,
    6.45823538605));
#4800 = CARTESIAN_POINT('',(-7.724557131452,11.212210969752,
    6.882228836312));
#4801 = CARTESIAN_POINT('',(-7.314225916898,11.212210969751,
    7.307864723181));
#4802 = CARTESIAN_POINT('',(-8.453009564139,11.212210969752,
    5.940932228087));
#4803 = CARTESIAN_POINT('',(-8.040581984067,11.212185693225,
    6.364820623381));
#4804 = CARTESIAN_POINT('',(-7.629104415784,11.212246003806,
    6.789702587457));
#4805 = CARTESIAN_POINT('',(-7.219485583961,11.212210969751,
    7.216530986811));
#4806 = CARTESIAN_POINT('',(-8.285084116263,11.111797960554,
    5.777046748307));
#4807 = CARTESIAN_POINT('',(-7.87347886358,11.113203724219,
    6.202227020522));
#4808 = CARTESIAN_POINT('',(-7.463009565201,11.114787103088,
    6.628704340881));
#4809 = CARTESIAN_POINT('',(-7.054553989684,11.116815130639,
    7.057529869927));
#4810 = CARTESIAN_POINT('',(-8.207128609381,10.889230658691,
    5.700966703214));
#4811 = CARTESIAN_POINT('',(-7.794812243585,10.893058176275,
    6.125682222815));
#4812 = CARTESIAN_POINT('',(-7.383478128775,10.89749898141,
    6.551601580598));
#4813 = CARTESIAN_POINT('',(-6.974024625355,10.903105740761,
    6.979896115604));
#4814 = CARTESIAN_POINT('',(-8.19596899766,10.789296488859,
    5.690075570606));
#4815 = CARTESIAN_POINT('',(-7.783036027158,10.793923269369,
    6.114221468283));
#4816 = CARTESIAN_POINT('',(-7.371003740859,10.799336497624,
    6.539505421065));
#4817 = CARTESIAN_POINT('',(-6.960672526305,10.806166723243,
    6.967024120574));
#4818 = ADVANCED_FACE('',(#4819),#4839,.F.);
#4819 = FACE_BOUND('',#4820,.F.);
#4820 = EDGE_LOOP('',(#4821,#4829,#4830,#4837,#4838));
#4821 = ORIENTED_EDGE('',*,*,#4822,.F.);
#4822 = EDGE_CURVE('',#3034,#4780,#4823,.T.);
#4823 = B_SPLINE_CURVE_WITH_KNOTS('',3,(#4824,#4825,#4826,#4827,#4828),
  .UNSPECIFIED.,.F.,.F.,(4,1,4),(4.330793898613E-15,5.318526073429E-02,
    0.124098941713),.UNSPECIFIED.);
#4824 = CARTESIAN_POINT('',(-9.664941138522,11.212210969752,
    5.570265834267));
#4825 = CARTESIAN_POINT('',(-9.487656936074,11.212210969752,
    5.570265834267));
#4826 = CARTESIAN_POINT('',(-9.073770305043,11.212210969752,
    5.639487168738));
#4827 = CARTESIAN_POINT('',(-8.714620222546,11.212210969752,
    5.86595544818));
#4828 = CARTESIAN_POINT('',(-8.549522388254,11.212210969752,
    6.035123136521));
#4829 = ORIENTED_EDGE('',*,*,#3033,.T.);
#4830 = ORIENTED_EDGE('',*,*,#4831,.T.);
#4831 = EDGE_CURVE('',#3036,#4428,#4832,.T.);
#4832 = B_SPLINE_CURVE_WITH_KNOTS('',3,(#4833,#4834,#4835,#4836),
  .UNSPECIFIED.,.F.,.F.,(4,4),(0.499999765493,1.),
  .PIECEWISE_BEZIER_KNOTS.);
#4833 = CARTESIAN_POINT('',(-9.664941138522,11.065784167031,
    5.216693157956));
#4834 = CARTESIAN_POINT('',(-9.664941138522,10.973204420053,
    5.12415243519));
#4835 = CARTESIAN_POINT('',(-9.664941138522,10.843110725045,
    5.070265834267));
#4836 = CARTESIAN_POINT('',(-9.664941138522,10.712210969752,
    5.070265834267));
#4837 = ORIENTED_EDGE('',*,*,#4581,.F.);
#4838 = ORIENTED_EDGE('',*,*,#4788,.F.);
#4839 = B_SPLINE_SURFACE_WITH_KNOTS('',3,3,(
    (#4840,#4841,#4842,#4843,#4844)
    ,(#4845,#4846,#4847,#4848,#4849)
    ,(#4850,#4851,#4852,#4853,#4854)
    ,(#4855,#4856,#4857,#4858,#4859)
    ,(#4860,#4861,#4862,#4863,#4864
  )),.UNSPECIFIED.,.F.,.F.,.F.,(4,1,4),(4,1,4),(0.,0.571428571429,1.),(
    4.330793898613E-15,5.318526073429E-02,0.124098941713),
  .UNSPECIFIED.);
#4840 = CARTESIAN_POINT('',(-9.664941138522,11.212210969752,
    5.570265834267));
#4841 = CARTESIAN_POINT('',(-9.487656936074,11.212210969752,
    5.570265834267));
#4842 = CARTESIAN_POINT('',(-9.073770305043,11.212210969752,
    5.639487168738));
#4843 = CARTESIAN_POINT('',(-8.714620222546,11.212210969752,
    5.86595544818));
#4844 = CARTESIAN_POINT('',(-8.549522388254,11.212210969752,
    6.035123136521));
#4845 = CARTESIAN_POINT('',(-9.664941138522,11.212210969752,
    5.420666184096));
#4846 = CARTESIAN_POINT('',(-9.47098649052,11.212103484831,5.42342283609
    ));
#4847 = CARTESIAN_POINT('',(-9.020211216349,11.212132970987,
    5.50489874117));
#4848 = CARTESIAN_POINT('',(-8.631512059613,11.212267539345,
    5.755278662359));
#4849 = CARTESIAN_POINT('',(-8.453009564139,11.212210969752,
    5.940932228087));
#4850 = CARTESIAN_POINT('',(-9.664941138522,11.087006862631,
    5.161246210612));
#4851 = CARTESIAN_POINT('',(-9.442352053098,11.091834360949,
    5.168391651742));
#4852 = CARTESIAN_POINT('',(-8.927395623473,11.101792017453,
    5.270867085092));
#4853 = CARTESIAN_POINT('',(-8.486907642299,11.108618603256,
    5.563042880748));
#4854 = CARTESIAN_POINT('',(-8.285118776684,11.111609827359,
    5.777080574865));
#4855 = CARTESIAN_POINT('',(-9.664941138522,10.82441070738,
    5.070265834267));
#4856 = CARTESIAN_POINT('',(-9.432133092107,10.836588039377,
    5.073475920725));
#4857 = CARTESIAN_POINT('',(-8.890290944031,10.862494399623,
    5.172183675485));
#4858 = CARTESIAN_POINT('',(-8.422165091237,10.881104665135,
    5.475878358928));
#4859 = CARTESIAN_POINT('',(-8.207128609381,10.889230658691,
    5.700966703214));
#4860 = CARTESIAN_POINT('',(-9.664941138522,10.712210969752,
    5.070265834267));
#4861 = CARTESIAN_POINT('',(-9.432180025832,10.726378033391,
    5.070265834267));
#4862 = CARTESIAN_POINT('',(-8.887804498148,10.756984881761,
    5.162560946895));
#4863 = CARTESIAN_POINT('',(-8.413957102629,10.779470624723,
    5.464518652818));
#4864 = CARTESIAN_POINT('',(-8.19596899766,10.789296488859,
    5.690075570606));
#4865 = ADVANCED_FACE('',(#4866),#4878,.T.);
#4866 = FACE_BOUND('',#4867,.T.);
#4867 = EDGE_LOOP('',(#4868,#4869,#4870,#4871));
#4868 = ORIENTED_EDGE('',*,*,#3044,.F.);
#4869 = ORIENTED_EDGE('',*,*,#4831,.T.);
#4870 = ORIENTED_EDGE('',*,*,#4427,.T.);
#4871 = ORIENTED_EDGE('',*,*,#4872,.F.);
#4872 = EDGE_CURVE('',#3045,#4430,#4873,.T.);
#4873 = CIRCLE('',#4874,0.5);
#4874 = AXIS2_PLACEMENT_3D('',#4875,#4876,#4877);
#4875 = CARTESIAN_POINT('',(-11.9626528185,10.712210969753,
    5.570265834267));
#4876 = DIRECTION('',(-1.,2.6645352591E-13,0.));
#4877 = DIRECTION('',(2.6645352591E-13,1.,0.));
#4878 = CYLINDRICAL_SURFACE('',#4879,0.5);
#4879 = AXIS2_PLACEMENT_3D('',#4880,#4881,#4882);
#4880 = CARTESIAN_POINT('',(-7.962652818509,10.712210969752,
    5.570265834267));
#4881 = DIRECTION('',(-1.,2.6645352591E-13,-4.038967834732E-28));
#4882 = DIRECTION('',(1.884110950421E-13,0.707106781187,-0.707106781187)
  );
#4883 = ADVANCED_FACE('',(#4884),#4905,.F.);
#4884 = FACE_BOUND('',#4885,.F.);
#4885 = EDGE_LOOP('',(#4886,#4893,#4894,#4895,#4902,#4903,#4904));
#4886 = ORIENTED_EDGE('',*,*,#4887,.F.);
#4887 = EDGE_CURVE('',#2871,#3053,#4888,.T.);
#4888 = CIRCLE('',#4889,1.);
#4889 = AXIS2_PLACEMENT_3D('',#4890,#4891,#4892);
#4890 = CARTESIAN_POINT('',(-11.9626528185,10.212210969753,
    5.570265834267));
#4891 = DIRECTION('',(0.,0.,-1.));
#4892 = DIRECTION('',(-0.707106781186,0.707106781187,0.));
#4893 = ORIENTED_EDGE('',*,*,#2878,.F.);
#4894 = ORIENTED_EDGE('',*,*,#2995,.T.);
#4895 = ORIENTED_EDGE('',*,*,#4896,.T.);
#4896 = EDGE_CURVE('',#2996,#4457,#4897,.T.);
#4897 = CIRCLE('',#4898,0.5);
#4898 = AXIS2_PLACEMENT_3D('',#4899,#4900,#4901);
#4899 = CARTESIAN_POINT('',(-12.4626528185,10.212210969753,
    5.570265834267));
#4900 = DIRECTION('',(-2.6645352591E-13,-1.,-0.));
#4901 = DIRECTION('',(-1.,2.6645352591E-13,0.));
#4902 = ORIENTED_EDGE('',*,*,#4464,.F.);
#4903 = ORIENTED_EDGE('',*,*,#4872,.F.);
#4904 = ORIENTED_EDGE('',*,*,#3052,.F.);
#4905 = ( BOUNDED_SURFACE() B_SPLINE_SURFACE(2,2,(
    (#4906,#4907,#4908)
    ,(#4909,#4910,#4911)
    ,(#4912,#4913,#4914
)),.UNSPECIFIED.,.F.,.F.,.F.) B_SPLINE_SURFACE_WITH_KNOTS((3,3),(3,3),(
    -1.570796326795,0.),(1.570796326795,3.14159265359),
.PIECEWISE_BEZIER_KNOTS.) GEOMETRIC_REPRESENTATION_ITEM() 
RATIONAL_B_SPLINE_SURFACE((
    (1.,0.707106781186,1.)
    ,(0.707106781187,0.5,0.707106781187)
,(1.,0.707106781186,1.))) REPRESENTATION_ITEM('') SURFACE() );
#4906 = CARTESIAN_POINT('',(-11.9626528185,10.712210969753,
    5.070265834267));
#4907 = CARTESIAN_POINT('',(-12.4626528185,10.712210969753,
    5.070265834267));
#4908 = CARTESIAN_POINT('',(-12.4626528185,10.212210969753,
    5.070265834267));
#4909 = CARTESIAN_POINT('',(-11.9626528185,11.212210969753,
    5.070265834267));
#4910 = CARTESIAN_POINT('',(-12.9626528185,11.212210969753,
    5.070265834267));
#4911 = CARTESIAN_POINT('',(-12.9626528185,10.212210969753,
    5.070265834267));
#4912 = CARTESIAN_POINT('',(-11.9626528185,11.212210969753,
    5.570265834267));
#4913 = CARTESIAN_POINT('',(-12.9626528185,11.212210969753,
    5.570265834267));
#4914 = CARTESIAN_POINT('',(-12.9626528185,10.212210969753,
    5.570265834267));
#4915 = ADVANCED_FACE('',(#4916),#4928,.T.);
#4916 = FACE_BOUND('',#4917,.T.);
#4917 = EDGE_LOOP('',(#4918,#4919,#4920,#4921));
#4918 = ORIENTED_EDGE('',*,*,#3004,.F.);
#4919 = ORIENTED_EDGE('',*,*,#4896,.T.);
#4920 = ORIENTED_EDGE('',*,*,#4456,.T.);
#4921 = ORIENTED_EDGE('',*,*,#4922,.F.);
#4922 = EDGE_CURVE('',#3005,#4448,#4923,.T.);
#4923 = CIRCLE('',#4924,0.5);
#4924 = AXIS2_PLACEMENT_3D('',#4925,#4926,#4927);
#4925 = CARTESIAN_POINT('',(-12.4626528185,8.212210969753,5.570265834267
    ));
#4926 = DIRECTION('',(-2.6645352591E-13,-1.,-0.));
#4927 = DIRECTION('',(-1.,2.6645352591E-13,0.));
#4928 = CYLINDRICAL_SURFACE('',#4929,0.5);
#4929 = AXIS2_PLACEMENT_3D('',#4930,#4931,#4932);
#4930 = CARTESIAN_POINT('',(-12.4626528185,10.212210969753,
    5.570265834267));
#4931 = DIRECTION('',(-2.6645352591E-13,-1.,-4.038967834732E-28));
#4932 = DIRECTION('',(-0.707106781187,1.884110950421E-13,-0.707106781187
    ));
#4933 = ADVANCED_FACE('',(#4934),#4957,.F.);
#4934 = FACE_BOUND('',#4935,.F.);
#4935 = EDGE_LOOP('',(#4936,#4937,#4946,#4953,#4954,#4955,#4956));
#4936 = ORIENTED_EDGE('',*,*,#2821,.F.);
#4937 = ORIENTED_EDGE('',*,*,#4938,.F.);
#4938 = EDGE_CURVE('',#4939,#2822,#4941,.T.);
#4939 = VERTEX_POINT('',#4940);
#4940 = CARTESIAN_POINT('',(-11.9626528185,7.212210969753,5.570265834267
    ));
#4941 = CIRCLE('',#4942,1.);
#4942 = AXIS2_PLACEMENT_3D('',#4943,#4944,#4945);
#4943 = CARTESIAN_POINT('',(-11.9626528185,8.212210969753,5.570265834267
    ));
#4944 = DIRECTION('',(0.,0.,-1.));
#4945 = DIRECTION('',(-0.707106781187,-0.707106781186,-0.));
#4946 = ORIENTED_EDGE('',*,*,#4947,.T.);
#4947 = EDGE_CURVE('',#4939,#2965,#4948,.T.);
#4948 = CIRCLE('',#4949,0.5);
#4949 = AXIS2_PLACEMENT_3D('',#4950,#4951,#4952);
#4950 = CARTESIAN_POINT('',(-11.9626528185,7.712210969753,5.570265834267
    ));
#4951 = DIRECTION('',(1.,-2.6645352591E-13,0.));
#4952 = DIRECTION('',(-2.6645352591E-13,-1.,0.));
#4953 = ORIENTED_EDGE('',*,*,#2972,.T.);
#4954 = ORIENTED_EDGE('',*,*,#4447,.F.);
#4955 = ORIENTED_EDGE('',*,*,#4922,.F.);
#4956 = ORIENTED_EDGE('',*,*,#3012,.F.);
#4957 = ( BOUNDED_SURFACE() B_SPLINE_SURFACE(2,2,(
    (#4958,#4959,#4960)
    ,(#4961,#4962,#4963)
    ,(#4964,#4965,#4966
)),.UNSPECIFIED.,.F.,.F.,.F.) B_SPLINE_SURFACE_WITH_KNOTS((3,3),(3,3),(
    -1.570796326795,0.),(-3.14159265359,-1.570796326795),
.PIECEWISE_BEZIER_KNOTS.) GEOMETRIC_REPRESENTATION_ITEM() 
RATIONAL_B_SPLINE_SURFACE((
    (1.,0.707106781187,1.)
    ,(0.707106781187,0.5,0.707106781187)
,(1.,0.707106781187,1.))) REPRESENTATION_ITEM('') SURFACE() );
#4958 = CARTESIAN_POINT('',(-12.4626528185,8.212210969753,5.070265834267
    ));
#4959 = CARTESIAN_POINT('',(-12.4626528185,7.712210969753,5.070265834267
    ));
#4960 = CARTESIAN_POINT('',(-11.9626528185,7.712210969753,5.070265834267
    ));
#4961 = CARTESIAN_POINT('',(-12.9626528185,8.212210969753,5.070265834267
    ));
#4962 = CARTESIAN_POINT('',(-12.9626528185,7.212210969753,5.070265834267
    ));
#4963 = CARTESIAN_POINT('',(-11.9626528185,7.212210969753,5.070265834267
    ));
#4964 = CARTESIAN_POINT('',(-12.9626528185,8.212210969753,5.570265834267
    ));
#4965 = CARTESIAN_POINT('',(-12.9626528185,7.212210969753,5.570265834267
    ));
#4966 = CARTESIAN_POINT('',(-11.9626528185,7.212210969753,5.570265834267
    ));
#4967 = ADVANCED_FACE('',(#4968),#4987,.T.);
#4968 = FACE_BOUND('',#4969,.T.);
#4969 = EDGE_LOOP('',(#4970,#4971,#4980,#4986));
#4970 = ORIENTED_EDGE('',*,*,#2964,.F.);
#4971 = ORIENTED_EDGE('',*,*,#4972,.F.);
#4972 = EDGE_CURVE('',#4973,#2953,#4975,.T.);
#4973 = VERTEX_POINT('',#4974);
#4974 = CARTESIAN_POINT('',(-9.664941138522,7.212210969752,
    5.570265834267));
#4975 = B_SPLINE_CURVE_WITH_KNOTS('',3,(#4976,#4977,#4978,#4979),
  .UNSPECIFIED.,.F.,.F.,(4,4),(0.,0.49991268579),
  .PIECEWISE_BEZIER_KNOTS.);
#4976 = CARTESIAN_POINT('',(-9.664941138522,7.212210969752,
    5.570265834267));
#4977 = CARTESIAN_POINT('',(-9.664941138522,7.212210969752,
    5.439388999174));
#4978 = CARTESIAN_POINT('',(-9.664941138522,7.266968252419,
    5.309552277234));
#4979 = CARTESIAN_POINT('',(-9.664941138522,7.358637515205,
    5.216692907485));
#4980 = ORIENTED_EDGE('',*,*,#4981,.T.);
#4981 = EDGE_CURVE('',#4973,#4939,#4982,.T.);
#4982 = LINE('',#4983,#4984);
#4983 = CARTESIAN_POINT('',(-7.96265281851,7.212210969752,5.570265834267
    ));
#4984 = VECTOR('',#4985,1.);
#4985 = DIRECTION('',(-1.,2.6645352591E-13,0.));
#4986 = ORIENTED_EDGE('',*,*,#4947,.T.);
#4987 = CYLINDRICAL_SURFACE('',#4988,0.5);
#4988 = AXIS2_PLACEMENT_3D('',#4989,#4990,#4991);
#4989 = CARTESIAN_POINT('',(-7.962652818509,7.712210969752,
    5.570265834267));
#4990 = DIRECTION('',(-1.,2.6645352591E-13,4.038967834732E-28));
#4991 = DIRECTION('',(-1.884110950421E-13,-0.707106781187,
    -0.707106781187));
#4992 = ADVANCED_FACE('',(#4993),#5016,.F.);
#4993 = FACE_BOUND('',#4994,.F.);
#4994 = EDGE_LOOP('',(#4995,#5005,#5013,#5014,#5015));
#4995 = ORIENTED_EDGE('',*,*,#4996,.F.);
#4996 = EDGE_CURVE('',#4997,#4973,#4999,.T.);
#4997 = VERTEX_POINT('',#4998);
#4998 = CARTESIAN_POINT('',(-8.549522388254,7.212210969752,
    6.035123136521));
#4999 = B_SPLINE_CURVE_WITH_KNOTS('',3,(#5000,#5001,#5002,#5003,#5004),
  .UNSPECIFIED.,.F.,.F.,(4,1,4),(0.,7.091367865467E-02,0.124098937646),
  .UNSPECIFIED.);
#5000 = CARTESIAN_POINT('',(-8.549522388254,7.212210969752,
    6.035123136521));
#5001 = CARTESIAN_POINT('',(-8.714620217135,7.212210969752,
    5.865955453725));
#5002 = CARTESIAN_POINT('',(-9.073821083291,7.212210969752,
    5.639465932648));
#5003 = CARTESIAN_POINT('',(-9.487656941886,7.212210969752,
    5.570265834267));
#5004 = CARTESIAN_POINT('',(-9.664941138522,7.212210969752,
    5.570265834267));
#5005 = ORIENTED_EDGE('',*,*,#5006,.T.);
#5006 = EDGE_CURVE('',#4997,#4537,#5007,.T.);
#5007 = B_SPLINE_CURVE_WITH_KNOTS('',3,(#5008,#5009,#5010,#5011,#5012),
  .UNSPECIFIED.,.F.,.F.,(4,1,4),(0.,0.571428571429,1.),.UNSPECIFIED.);
#5008 = CARTESIAN_POINT('',(-8.549522388254,7.212210969752,
    6.035123136521));
#5009 = CARTESIAN_POINT('',(-8.45300956307,7.212210969752,5.940932229187
    ));
#5010 = CARTESIAN_POINT('',(-8.285083454313,7.312622907068,
    5.777046104428));
#5011 = CARTESIAN_POINT('',(-8.207128608312,7.535191280802,
    5.700966704316));
#5012 = CARTESIAN_POINT('',(-8.195968997661,7.635125450645,
    5.690075570606));
#5013 = ORIENTED_EDGE('',*,*,#4572,.F.);
#5014 = ORIENTED_EDGE('',*,*,#2952,.F.);
#5015 = ORIENTED_EDGE('',*,*,#4972,.F.);
#5016 = B_SPLINE_SURFACE_WITH_KNOTS('',3,3,(
    (#5017,#5018,#5019,#5020,#5021)
    ,(#5022,#5023,#5024,#5025,#5026)
    ,(#5027,#5028,#5029,#5030,#5031)
    ,(#5032,#5033,#5034,#5035,#5036)
    ,(#5037,#5038,#5039,#5040,#5041
  )),.UNSPECIFIED.,.F.,.F.,.F.,(4,1,4),(4,1,4),(0.,0.571428571429,1.),(
    0.,7.091367865467E-02,0.124098937646),.UNSPECIFIED.);
#5017 = CARTESIAN_POINT('',(-8.549522388254,7.212210969752,
    6.035123136521));
#5018 = CARTESIAN_POINT('',(-8.714620217135,7.212210969752,
    5.865955453725));
#5019 = CARTESIAN_POINT('',(-9.073821083291,7.212210969752,
    5.639465932648));
#5020 = CARTESIAN_POINT('',(-9.487656941886,7.212210969752,
    5.570265834267));
#5021 = CARTESIAN_POINT('',(-9.664941138522,7.212210969752,
    5.570265834267));
#5022 = CARTESIAN_POINT('',(-8.45300956414,7.212210969752,5.940932228086
    ));
#5023 = CARTESIAN_POINT('',(-8.631512053763,7.212154400161,
    5.755278668445));
#5024 = CARTESIAN_POINT('',(-9.020268428801,7.212286162761,
    5.504874093075));
#5025 = CARTESIAN_POINT('',(-9.470986496878,7.212318454669,
    5.423422835999));
#5026 = CARTESIAN_POINT('',(-9.664941138522,7.212210969752,
    5.420666184096));
#5027 = CARTESIAN_POINT('',(-8.285118249459,7.312811449055,
    5.777080060323));
#5028 = CARTESIAN_POINT('',(-8.48690710846,7.31580267306,5.563042373221)
  );
#5029 = CARTESIAN_POINT('',(-8.927455869858,7.322631262829,
    5.270839371293));
#5030 = CARTESIAN_POINT('',(-9.442352060394,7.332586699096,
    5.168390469225));
#5031 = CARTESIAN_POINT('',(-9.664941138522,7.337414197256,
    5.161245028329));
#5032 = CARTESIAN_POINT('',(-8.207128609382,7.535191280812,
    5.700966703214));
#5033 = CARTESIAN_POINT('',(-8.422165084189,7.543317274102,
    5.475878366306));
#5034 = CARTESIAN_POINT('',(-8.890358604164,7.561931297199,
    5.172154640577));
#5035 = CARTESIAN_POINT('',(-9.432133099738,7.587833900526,5.07347592062
    ));
#5036 = CARTESIAN_POINT('',(-9.664941138522,7.600011232124,
    5.070265834267));
#5037 = CARTESIAN_POINT('',(-8.195968997661,7.635125450645,
    5.690075570606));
#5038 = CARTESIAN_POINT('',(-8.413957095484,7.644951314459,
    5.464518660211));
#5039 = CARTESIAN_POINT('',(-8.887871419241,7.667440402627,
    5.162532632108));
#5040 = CARTESIAN_POINT('',(-9.432180033462,7.698043906577,
    5.070265834267));
#5041 = CARTESIAN_POINT('',(-9.664941138522,7.712210969752,
    5.070265834267));
#5042 = ADVANCED_FACE('',(#5043),#5062,.F.);
#5043 = FACE_BOUND('',#5044,.F.);
#5044 = EDGE_LOOP('',(#5045,#5052,#5060,#5061));
#5045 = ORIENTED_EDGE('',*,*,#5046,.F.);
#5046 = EDGE_CURVE('',#3131,#4997,#5047,.T.);
#5047 = B_SPLINE_CURVE_WITH_KNOTS('',3,(#5048,#5049,#5050,#5051),
  .UNSPECIFIED.,.F.,.F.,(4,4),(0.,0.177365118496),
  .PIECEWISE_BEZIER_KNOTS.);
#5048 = CARTESIAN_POINT('',(-7.314225916618,7.212210969751,
    7.307864723618));
#5049 = CARTESIAN_POINT('',(-7.724557131266,7.212210969752,
    6.882228836504));
#5050 = CARTESIAN_POINT('',(-8.136589417658,7.212210969752,
    6.458235386147));
#5051 = CARTESIAN_POINT('',(-8.549522388254,7.212210969752,
    6.035123136521));
#5052 = ORIENTED_EDGE('',*,*,#5053,.T.);
#5053 = EDGE_CURVE('',#3131,#4528,#5054,.T.);
#5054 = B_SPLINE_CURVE_WITH_KNOTS('',3,(#5055,#5056,#5057,#5058,#5059),
  .UNSPECIFIED.,.F.,.F.,(4,1,4),(0.,0.428571428571,1.),.UNSPECIFIED.);
#5055 = CARTESIAN_POINT('',(-7.314225916618,7.212210969751,
    7.307864723618));
#5056 = CARTESIAN_POINT('',(-7.24317065384,7.212210969957,7.239364433526
    ));
#5057 = CARTESIAN_POINT('',(-7.076922312248,7.281915852097,
    7.079093916236));
#5058 = CARTESIAN_POINT('',(-6.978475311804,7.48900319293,6.984186794432
    ));
#5059 = CARTESIAN_POINT('',(-6.960672526025,7.618255216255,
    6.967024120866));
#5060 = ORIENTED_EDGE('',*,*,#4536,.F.);
#5061 = ORIENTED_EDGE('',*,*,#5006,.F.);
#5062 = B_SPLINE_SURFACE_WITH_KNOTS('',3,3,(
    (#5063,#5064,#5065,#5066)
    ,(#5067,#5068,#5069,#5070)
    ,(#5071,#5072,#5073,#5074)
    ,(#5075,#5076,#5077,#5078)
    ,(#5079,#5080,#5081,#5082
  )),.UNSPECIFIED.,.F.,.F.,.F.,(4,1,4),(4,4),(0.,0.571428571429,1.),(0.,
    0.177365118496),.UNSPECIFIED.);
#5063 = CARTESIAN_POINT('',(-7.314225916618,7.212210969751,
    7.307864723472));
#5064 = CARTESIAN_POINT('',(-7.724557131266,7.212210969752,
    6.882228836504));
#5065 = CARTESIAN_POINT('',(-8.136589417658,7.212210969752,
    6.458235386147));
#5066 = CARTESIAN_POINT('',(-8.549522388254,7.212210969752,
    6.035123136521));
#5067 = CARTESIAN_POINT('',(-7.219485583682,7.212210969751,
    7.216530987102));
#5068 = CARTESIAN_POINT('',(-7.629104415598,7.212175935697,6.78970258765
    ));
#5069 = CARTESIAN_POINT('',(-8.040581983974,7.212236246278,
    6.364820623477));
#5070 = CARTESIAN_POINT('',(-8.45300956414,7.212210969752,5.940932228086
    ));
#5071 = CARTESIAN_POINT('',(-7.054553396216,7.307605818503,
    7.057529298359));
#5072 = CARTESIAN_POINT('',(-7.463008971825,7.309633846055,
    6.628703769214));
#5073 = CARTESIAN_POINT('',(-7.873478202605,7.311217143407,
    6.202226375636));
#5074 = CARTESIAN_POINT('',(-8.285083455381,7.312622907071,
    5.777046103324));
#5075 = CARTESIAN_POINT('',(-6.974024625076,7.521316198738,
    6.979896115896));
#5076 = CARTESIAN_POINT('',(-7.383478128588,7.526922958091,
    6.551601580791));
#5077 = CARTESIAN_POINT('',(-7.794812243491,7.531363763228,
    6.125682222911));
#5078 = CARTESIAN_POINT('',(-8.207128609382,7.535191280812,
    5.700966703214));
#5079 = CARTESIAN_POINT('',(-6.960672526025,7.618255216255,
    6.967024120866));
#5080 = CARTESIAN_POINT('',(-7.371003740672,7.625085441876,
    6.539505421258));
#5081 = CARTESIAN_POINT('',(-7.783036027065,7.630498670133,
    6.114221468379));
#5082 = CARTESIAN_POINT('',(-8.195968997661,7.635125450645,
    5.690075570606));
#5083 = ADVANCED_FACE('',(#5084),#5097,.F.);
#5084 = FACE_BOUND('',#5085,.F.);
#5085 = EDGE_LOOP('',(#5086,#5087,#5088,#5089));
#5086 = ORIENTED_EDGE('',*,*,#4527,.F.);
#5087 = ORIENTED_EDGE('',*,*,#5053,.F.);
#5088 = ORIENTED_EDGE('',*,*,#3128,.F.);
#5089 = ORIENTED_EDGE('',*,*,#5090,.T.);
#5090 = EDGE_CURVE('',#3129,#3183,#5091,.T.);
#5091 = B_SPLINE_CURVE_WITH_KNOTS('',3,(#5092,#5093,#5094,#5095,#5096),
  .UNSPECIFIED.,.F.,.F.,(4,1,4),(0.,0.571428571429,1.),.UNSPECIFIED.);
#5092 = CARTESIAN_POINT('',(-6.587779084357,7.151633162113,
    8.001372323063));
#5093 = CARTESIAN_POINT('',(-6.500063118095,7.164988236386,
    7.925509744541));
#5094 = CARTESIAN_POINT('',(-6.347073081129,7.261600842634,
    7.806101123512));
#5095 = CARTESIAN_POINT('',(-6.256478046935,7.446795114519,
    7.757922420853));
#5096 = CARTESIAN_POINT('',(-6.234225693763,7.531327596434,
    7.752961990357));
#5097 = B_SPLINE_SURFACE_WITH_KNOTS('',3,3,(
    (#5098,#5099,#5100,#5101)
    ,(#5102,#5103,#5104,#5105)
    ,(#5106,#5107,#5108,#5109)
    ,(#5110,#5111,#5112,#5113)
    ,(#5114,#5115,#5116,#5117
  )),.UNSPECIFIED.,.F.,.F.,.F.,(4,1,4),(4,4),(0.,0.571428571429,1.),(0.,
    0.106903926835),.UNSPECIFIED.);
#5098 = CARTESIAN_POINT('',(-6.960672526025,7.618255216255,
    6.967024120866));
#5099 = CARTESIAN_POINT('',(-6.713352091652,7.614138409391,
    7.224704030932));
#5100 = CARTESIAN_POINT('',(-6.469361191593,7.586477772514,
    7.486323552153));
#5101 = CARTESIAN_POINT('',(-6.234225693763,7.531327596434,
    7.752961990357));
#5102 = CARTESIAN_POINT('',(-6.978475324757,7.489003192895,
    6.984186780911));
#5103 = CARTESIAN_POINT('',(-6.735251442189,7.489648818599,
    7.238103921426));
#5104 = CARTESIAN_POINT('',(-6.495066751064,7.467312808991,
    7.496142937303));
#5105 = CARTESIAN_POINT('',(-6.263895516527,7.418617625636,
    7.759575875894));
#5106 = CARTESIAN_POINT('',(-7.076922325096,7.281915851672,
    7.079093903337));
#5107 = CARTESIAN_POINT('',(-6.835659840163,7.289911644143,7.32132515915
    ));
#5108 = CARTESIAN_POINT('',(-6.597686546363,7.276823488673,
    7.568487232641));
#5109 = CARTESIAN_POINT('',(-6.36821172553,7.238766844248,7.820930019439
    ));
#5110 = CARTESIAN_POINT('',(-7.243170666915,7.212210969747,
    7.239364421221));
#5111 = CARTESIAN_POINT('',(-6.997642379917,7.216141024528,
    7.470424343446));
#5112 = CARTESIAN_POINT('',(-6.755449976399,7.200232045949,7.70538061742
    ));
#5113 = CARTESIAN_POINT('',(-6.521992121047,7.161649469678,
    7.944475377243));
#5114 = CARTESIAN_POINT('',(-7.314225916618,7.212210969751,
    7.307864723501));
#5115 = CARTESIAN_POINT('',(-7.066905482245,7.212210969765,
    7.535904790626));
#5116 = CARTESIAN_POINT('',(-6.822914582186,7.192898017784,
    7.766970150181));
#5117 = CARTESIAN_POINT('',(-6.587779084357,7.151633162113,
    8.001372323063));
#5118 = ADVANCED_FACE('',(#5119),#5125,.F.);
#5119 = FACE_BOUND('',#5120,.F.);
#5120 = EDGE_LOOP('',(#5121,#5122,#5123,#5124));
#5121 = ORIENTED_EDGE('',*,*,#3167,.F.);
#5122 = ORIENTED_EDGE('',*,*,#4639,.F.);
#5123 = ORIENTED_EDGE('',*,*,#3182,.F.);
#5124 = ORIENTED_EDGE('',*,*,#5090,.F.);
#5125 = B_SPLINE_SURFACE_WITH_KNOTS('',3,3,(
    (#5126,#5127,#5128,#5129,#5130,#5131,#5132,#5133)
    ,(#5134,#5135,#5136,#5137,#5138,#5139,#5140,#5141)
    ,(#5142,#5143,#5144,#5145,#5146,#5147,#5148,#5149)
    ,(#5150,#5151,#5152,#5153,#5154,#5155,#5156,#5157)
    ,(#5158,#5159,#5160,#5161,#5162,#5163,#5164,#5165
  )),.UNSPECIFIED.,.F.,.F.,.F.,(4,1,4),(4,2,1,1,4),(0.,0.571428571429,1.
    ),(-9.322603759569E-04,0.,0.162366380185,0.243549570278,
    0.405915950463),.UNSPECIFIED.);
#5126 = CARTESIAN_POINT('',(-3.405798569017,6.175173932713,
    9.995028745545));
#5127 = CARTESIAN_POINT('',(-3.40838419245,6.176203265194,9.993893766812
    ));
#5128 = CARTESIAN_POINT('',(-3.410969301366,6.177232470106,
    9.992758645548));
#5129 = CARTESIAN_POINT('',(-3.864008831304,6.35717374818,9.793629223842
    ));
#5130 = CARTESIAN_POINT('',(-4.541072502796,6.598352037362,
    9.469905046776));
#5131 = CARTESIAN_POINT('',(-5.622753920088,6.933331332323,8.82663199338
    ));
#5132 = CARTESIAN_POINT('',(-6.23065375916,7.088959830623,8.357383869553
    ));
#5133 = CARTESIAN_POINT('',(-6.587779084357,7.151633162113,
    8.001372323063));
#5134 = CARTESIAN_POINT('',(-3.405798569017,6.175173932713,
    9.995028745545));
#5135 = CARTESIAN_POINT('',(-3.408329644208,6.176259100709,9.99383305494
    ));
#5136 = CARTESIAN_POINT('',(-3.410859665901,6.177341903846,
    9.992636835975));
#5137 = CARTESIAN_POINT('',(-3.854331800335,6.367001686643,
    9.782868197215));
#5138 = CARTESIAN_POINT('',(-4.5169925638,6.619133259542,9.440150048738)
  );
#5139 = CARTESIAN_POINT('',(-5.570627844269,6.959337424102,
    8.766765582965));
#5140 = CARTESIAN_POINT('',(-6.157911081788,7.10911306137,8.283951136263
    ));
#5141 = CARTESIAN_POINT('',(-6.500063133277,7.164988238866,
    7.925509728636));
#5142 = CARTESIAN_POINT('',(-3.405798569017,6.175173932713,
    9.995028745545));
#5143 = CARTESIAN_POINT('',(-3.408233275514,6.176354513774,
    9.993725844066));
#5144 = CARTESIAN_POINT('',(-3.410668575506,6.177535864824,
    9.992424823717));
#5145 = CARTESIAN_POINT('',(-3.837359871409,6.38401817317,9.763897939931
    ));
#5146 = CARTESIAN_POINT('',(-4.474750052742,6.661086098735,
    9.393054683046));
#5147 = CARTESIAN_POINT('',(-5.479613326595,7.036487453578,
    8.676703252742));
#5148 = CARTESIAN_POINT('',(-6.030473401259,7.200287821545,
    8.172425018634));
#5149 = CARTESIAN_POINT('',(-6.347073095177,7.261600845355,
    7.806101107257));
#5150 = CARTESIAN_POINT('',(-3.405798569017,6.175173932713,
    9.995028745545));
#5151 = CARTESIAN_POINT('',(-3.408138470295,6.176451418133,
    9.993621224962));
#5152 = CARTESIAN_POINT('',(-3.410476275,6.177728719886,9.992210707117)
  );
#5153 = CARTESIAN_POINT('',(-3.820424201961,6.401227246146,
    9.745263163111));
#5154 = CARTESIAN_POINT('',(-4.432837541133,6.712529606988,
    9.354994782782));
#5155 = CARTESIAN_POINT('',(-5.403987993732,7.154713538118,
    8.628104504377));
#5156 = CARTESIAN_POINT('',(-5.943189658509,7.360794686473,
    8.126255509458));
#5157 = CARTESIAN_POINT('',(-6.256478060836,7.446795118336,7.75792240451
    ));
#5158 = CARTESIAN_POINT('',(-3.405798569017,6.175173932713,
    9.995028745545));
#5159 = CARTESIAN_POINT('',(-3.408096900958,6.176492764955,
    9.993574554043));
#5160 = CARTESIAN_POINT('',(-3.41039477555,6.177811617658,9.992120950495
    ));
#5161 = CARTESIAN_POINT('',(-3.813096579939,6.408563514454,
    9.737017237533));
#5162 = CARTESIAN_POINT('',(-4.414930954598,6.736340114744,
    9.340546841979));
#5163 = CARTESIAN_POINT('',(-5.376425547747,7.210072896289,
    8.616194349868));
#5164 = CARTESIAN_POINT('',(-5.916780960255,7.434912674361,
    8.120324823069));
#5165 = CARTESIAN_POINT('',(-6.234225693763,7.531327596434,
    7.752961990357));
#5166 = ADVANCED_FACE('',(#5167),#5187,.F.);
#5167 = FACE_BOUND('',#5168,.F.);
#5168 = EDGE_LOOP('',(#5169,#5170,#5171,#5179,#5186));
#5169 = ORIENTED_EDGE('',*,*,#4276,.F.);
#5170 = ORIENTED_EDGE('',*,*,#3240,.F.);
#5171 = ORIENTED_EDGE('',*,*,#5172,.F.);
#5172 = EDGE_CURVE('',#5173,#3231,#5175,.T.);
#5173 = VERTEX_POINT('',#5174);
#5174 = CARTESIAN_POINT('',(-5.46265281851,4.669342442152,
    14.549371867901));
#5175 = LINE('',#5176,#5177);
#5176 = CARTESIAN_POINT('',(-5.46265281851,5.474585624433,10.53603808814
    ));
#5177 = VECTOR('',#5178,1.);
#5178 = DIRECTION('',(5.243251781888E-14,0.196721311475,-0.980459446184)
  );
#5179 = ORIENTED_EDGE('',*,*,#5180,.F.);
#5180 = EDGE_CURVE('',#2930,#5173,#5181,.T.);
#5181 = ( BOUNDED_CURVE() B_SPLINE_CURVE(3,(#5182,#5183,#5184,#5185),
.UNSPECIFIED.,.F.,.F.) B_SPLINE_CURVE_WITH_KNOTS((4,4),(5.497787143782,
6.28318530718),.PIECEWISE_BEZIER_KNOTS.) CURVE() 
GEOMETRIC_REPRESENTATION_ITEM() RATIONAL_B_SPLINE_CURVE((1.,
0.949253021674,0.949253021674,1.)) REPRESENTATION_ITEM('') );
#5182 = CARTESIAN_POINT('',(-4.048439256137,4.071881282583,
    14.549371867901));
#5183 = CARTESIAN_POINT('',(-4.428524851715,4.459541982939,
    14.549371867901));
#5184 = CARTESIAN_POINT('',(-4.925130614381,4.669342442151,
    14.549371867901));
#5185 = CARTESIAN_POINT('',(-5.46265281851,4.669342442152,
    14.549371867901));
#5186 = ORIENTED_EDGE('',*,*,#2929,.T.);
#5187 = CYLINDRICAL_SURFACE('',#5188,2.);
#5188 = AXIS2_PLACEMENT_3D('',#5189,#5190,#5191);
#5189 = CARTESIAN_POINT('',(-5.46265281851,3.513666732065,10.14259546519
    ));
#5190 = DIRECTION('',(5.279110482093E-14,0.196721311475,-0.980459446184)
  );
#5191 = DIRECTION('',(0.707106781187,0.693289523075,0.139102973348));
#5192 = ADVANCED_FACE('',(#5193),#5222,.T.);
#5193 = FACE_BOUND('',#5194,.T.);
#5194 = EDGE_LOOP('',(#5195,#5206,#5212,#5213,#5214,#5215,#5216));
#5195 = ORIENTED_EDGE('',*,*,#5196,.F.);
#5196 = EDGE_CURVE('',#5197,#5199,#5201,.T.);
#5197 = VERTEX_POINT('',#5198);
#5198 = CARTESIAN_POINT('',(-9.962652818508,11.212210969752,
    8.97411341156));
#5199 = VERTEX_POINT('',#5200);
#5200 = CARTESIAN_POINT('',(-11.9626528185,11.212210969753,
    8.254186051167));
#5201 = CIRCLE('',#5202,6.);
#5202 = AXIS2_PLACEMENT_3D('',#5203,#5204,#5205);
#5203 = CARTESIAN_POINT('',(-12.9626528185,11.212210969753,
    14.170265834267));
#5204 = DIRECTION('',(2.6645352591E-13,1.,2.707861035672E-16));
#5205 = DIRECTION('',(0.409977610553,-1.089929970661E-13,-0.912095586463
    ));
#5206 = ORIENTED_EDGE('',*,*,#5207,.F.);
#5207 = EDGE_CURVE('',#3078,#5197,#5208,.T.);
#5208 = LINE('',#5209,#5210);
#5209 = CARTESIAN_POINT('',(-9.962652818508,11.212210969752,
    10.459818851084));
#5210 = VECTOR('',#5211,1.);
#5211 = DIRECTION('',(-7.217315243531E-29,-2.707861035671E-16,1.));
#5212 = ORIENTED_EDGE('',*,*,#3075,.F.);
#5213 = ORIENTED_EDGE('',*,*,#4779,.F.);
#5214 = ORIENTED_EDGE('',*,*,#4822,.F.);
#5215 = ORIENTED_EDGE('',*,*,#3061,.F.);
#5216 = ORIENTED_EDGE('',*,*,#5217,.F.);
#5217 = EDGE_CURVE('',#5199,#3053,#5218,.T.);
#5218 = LINE('',#5219,#5220);
#5219 = CARTESIAN_POINT('',(-11.9626528185,11.212210969753,
    8.145265834267));
#5220 = VECTOR('',#5221,1.);
#5221 = DIRECTION('',(7.21519120629E-29,2.707861035671E-16,-1.));
#5222 = PLANE('',#5223);
#5223 = AXIS2_PLACEMENT_3D('',#5224,#5225,#5226);
#5224 = CARTESIAN_POINT('',(-7.962652818508,11.212210969752,
    9.170265834267));
#5225 = DIRECTION('',(2.6645352591E-13,1.,2.707861035671E-16));
#5226 = DIRECTION('',(1.,-2.6645352591E-13,0.));
#5227 = ADVANCED_FACE('',(#5228),#5240,.T.);
#5228 = FACE_BOUND('',#5229,.T.);
#5229 = EDGE_LOOP('',(#5230,#5231,#5238,#5239));
#5230 = ORIENTED_EDGE('',*,*,#2870,.F.);
#5231 = ORIENTED_EDGE('',*,*,#5232,.F.);
#5232 = EDGE_CURVE('',#5199,#2862,#5233,.T.);
#5233 = CIRCLE('',#5234,1.);
#5234 = AXIS2_PLACEMENT_3D('',#5235,#5236,#5237);
#5235 = CARTESIAN_POINT('',(-11.9626528185,10.212210969753,
    8.254186051167));
#5236 = DIRECTION('',(-1.353930517836E-16,-1.353930517835E-16,1.));
#5237 = DIRECTION('',(-0.707106781186,0.707106781187,3.451266460342E-31)
  );
#5238 = ORIENTED_EDGE('',*,*,#5217,.T.);
#5239 = ORIENTED_EDGE('',*,*,#4887,.F.);
#5240 = CYLINDRICAL_SURFACE('',#5241,1.);
#5241 = AXIS2_PLACEMENT_3D('',#5242,#5243,#5244);
#5242 = CARTESIAN_POINT('',(-11.9626528185,10.212210969753,
    8.145265834267));
#5243 = DIRECTION('',(1.353930517836E-16,1.353930517835E-16,-1.));
#5244 = DIRECTION('',(-0.707106781186,0.707106781187,2.095411779493E-31)
  );
#5245 = ADVANCED_FACE('',(#5246),#5252,.T.);
#5246 = FACE_BOUND('',#5247,.T.);
#5247 = EDGE_LOOP('',(#5248,#5249,#5250,#5251));
#5248 = ORIENTED_EDGE('',*,*,#2740,.F.);
#5249 = ORIENTED_EDGE('',*,*,#2887,.F.);
#5250 = ORIENTED_EDGE('',*,*,#3019,.F.);
#5251 = ORIENTED_EDGE('',*,*,#2847,.F.);
#5252 = PLANE('',#5253);
#5253 = AXIS2_PLACEMENT_3D('',#5254,#5255,#5256);
#5254 = CARTESIAN_POINT('',(-12.9626528185,9.212210969753,7.120265834267
    ));
#5255 = DIRECTION('',(-1.,2.6645352591E-13,0.));
#5256 = DIRECTION('',(0.,0.,1.));
#5257 = ADVANCED_FACE('',(#5258),#5277,.T.);
#5258 = FACE_BOUND('',#5259,.T.);
#5259 = EDGE_LOOP('',(#5260,#5261,#5262,#5270));
#5260 = ORIENTED_EDGE('',*,*,#2832,.F.);
#5261 = ORIENTED_EDGE('',*,*,#4938,.F.);
#5262 = ORIENTED_EDGE('',*,*,#5263,.F.);
#5263 = EDGE_CURVE('',#5264,#4939,#5266,.T.);
#5264 = VERTEX_POINT('',#5265);
#5265 = CARTESIAN_POINT('',(-11.9626528185,7.212210969753,8.254186051167
    ));
#5266 = LINE('',#5267,#5268);
#5267 = CARTESIAN_POINT('',(-11.9626528185,7.212210969753,6.095265834267
    ));
#5268 = VECTOR('',#5269,1.);
#5269 = DIRECTION('',(-7.21519120629E-29,-2.707861035671E-16,-1.));
#5270 = ORIENTED_EDGE('',*,*,#5271,.F.);
#5271 = EDGE_CURVE('',#2833,#5264,#5272,.T.);
#5272 = CIRCLE('',#5273,1.);
#5273 = AXIS2_PLACEMENT_3D('',#5274,#5275,#5276);
#5274 = CARTESIAN_POINT('',(-11.9626528185,8.212210969753,8.254186051167
    ));
#5275 = DIRECTION('',(-1.353930517835E-16,1.353930517836E-16,1.));
#5276 = DIRECTION('',(-0.707106781187,-0.707106781186,
    -1.479114197289E-31));
#5277 = CYLINDRICAL_SURFACE('',#5278,1.);
#5278 = AXIS2_PLACEMENT_3D('',#5279,#5280,#5281);
#5279 = CARTESIAN_POINT('',(-11.9626528185,8.212210969753,6.095265834267
    ));
#5280 = DIRECTION('',(-1.353930517835E-16,1.353930517836E-16,1.));
#5281 = DIRECTION('',(-0.707106781187,-0.707106781186,
    -2.095411779493E-31));
#5282 = ADVANCED_FACE('',(#5283),#5305,.T.);
#5283 = FACE_BOUND('',#5284,.T.);
#5284 = EDGE_LOOP('',(#5285,#5294,#5295,#5296,#5297,#5298,#5299));
#5285 = ORIENTED_EDGE('',*,*,#5286,.F.);
#5286 = EDGE_CURVE('',#5264,#5287,#5289,.T.);
#5287 = VERTEX_POINT('',#5288);
#5288 = CARTESIAN_POINT('',(-9.96265281851,7.212210969752,8.97411341156)
  );
#5289 = CIRCLE('',#5290,6.);
#5290 = AXIS2_PLACEMENT_3D('',#5291,#5292,#5293);
#5291 = CARTESIAN_POINT('',(-12.9626528185,7.212210969753,
    14.170265834267));
#5292 = DIRECTION('',(-2.6645352591E-13,-1.,2.707861035669E-16));
#5293 = DIRECTION('',(0.409977610553,-1.094869626859E-13,-0.912095586463
    ));
#5294 = ORIENTED_EDGE('',*,*,#5263,.T.);
#5295 = ORIENTED_EDGE('',*,*,#4981,.F.);
#5296 = ORIENTED_EDGE('',*,*,#4996,.F.);
#5297 = ORIENTED_EDGE('',*,*,#5046,.F.);
#5298 = ORIENTED_EDGE('',*,*,#3139,.F.);
#5299 = ORIENTED_EDGE('',*,*,#5300,.F.);
#5300 = EDGE_CURVE('',#5287,#3140,#5301,.T.);
#5301 = LINE('',#5302,#5303);
#5302 = CARTESIAN_POINT('',(-9.96265281851,7.212210969752,8.409818851084
    ));
#5303 = VECTOR('',#5304,1.);
#5304 = DIRECTION('',(-7.217315243531E-29,-2.707861035671E-16,-1.));
#5305 = PLANE('',#5306);
#5306 = AXIS2_PLACEMENT_3D('',#5307,#5308,#5309);
#5307 = CARTESIAN_POINT('',(-7.96265281851,7.212210969752,5.070265834267
    ));
#5308 = DIRECTION('',(-2.6645352591E-13,-1.,2.707861035671E-16));
#5309 = DIRECTION('',(-1.,2.6645352591E-13,0.));
#5310 = ADVANCED_FACE('',(#5311),#5336,.F.);
#5311 = FACE_BOUND('',#5312,.F.);
#5312 = EDGE_LOOP('',(#5313,#5324,#5325,#5335));
#5313 = ORIENTED_EDGE('',*,*,#5314,.T.);
#5314 = EDGE_CURVE('',#2789,#3140,#5315,.T.);
#5315 = B_SPLINE_CURVE_WITH_KNOTS('',3,(#5316,#5317,#5318,#5319,#5320,
    #5321,#5322,#5323),.UNSPECIFIED.,.F.,.F.,(4,1,1,2,4),(0.208412308893
    ,0.399003302831,0.598504954246,0.997508257077,1.),.UNSPECIFIED.);
#5316 = CARTESIAN_POINT('',(-8.548414519246,6.626449435857,9.69337331907
    ));
#5317 = CARTESIAN_POINT('',(-8.645443154309,6.723486168408,
    9.512927464224));
#5318 = CARTESIAN_POINT('',(-8.858785339132,6.895736707593,
    9.133339418317));
#5319 = CARTESIAN_POINT('',(-9.323306253973,7.138622594805,8.34635437048
    ));
#5320 = CARTESIAN_POINT('',(-9.706445857688,7.21175787193,7.72420184669)
  );
#5321 = CARTESIAN_POINT('',(-9.959508641591,7.212208488683,
    7.312973192717));
#5322 = CARTESIAN_POINT('',(-9.961081125642,7.212210969752,
    7.310418422385));
#5323 = CARTESIAN_POINT('',(-9.96265281851,7.212210969752,7.307864723735
    ));
#5324 = ORIENTED_EDGE('',*,*,#5300,.F.);
#5325 = ORIENTED_EDGE('',*,*,#5326,.T.);
#5326 = EDGE_CURVE('',#5287,#2798,#5327,.T.);
#5327 = B_SPLINE_CURVE_WITH_KNOTS('',3,(#5328,#5329,#5330,#5331,#5332,
    #5333,#5334),.UNSPECIFIED.,.F.,.F.,(4,1,1,1,4),(0.,0.142857142857,
    0.285714285714,0.357142857143,0.447235830497),.UNSPECIFIED.);
#5328 = CARTESIAN_POINT('',(-9.96265281851,7.212210969752,8.97411341156)
  );
#5329 = CARTESIAN_POINT('',(-9.769727092806,7.212210969752,
    9.141191991063));
#5330 = CARTESIAN_POINT('',(-9.400637814079,7.155677406947,
    9.527099457613));
#5331 = CARTESIAN_POINT('',(-9.018426456768,6.987491980832,
    10.08811007243));
#5332 = CARTESIAN_POINT('',(-8.740765306214,6.802742379977,
    10.601596562684));
#5333 = CARTESIAN_POINT('',(-8.613481776775,6.691641225227,
    10.884161815358));
#5334 = CARTESIAN_POINT('',(-8.548414391013,6.626450924049,
    11.044250050998));
#5335 = ORIENTED_EDGE('',*,*,#2797,.T.);
#5336 = CYLINDRICAL_SURFACE('',#5337,2.);
#5337 = AXIS2_PLACEMENT_3D('',#5338,#5339,#5340);
#5338 = CARTESIAN_POINT('',(-9.96265281851,5.212210969752,8.409818851084
    ));
#5339 = DIRECTION('',(1.353930517835E-16,-1.353930517836E-16,-1.));
#5340 = DIRECTION('',(0.707106781187,0.707106781186,1.479114197289E-31)
  );
#5341 = ADVANCED_FACE('',(#5342),#5363,.T.);
#5342 = FACE_BOUND('',#5343,.T.);
#5343 = EDGE_LOOP('',(#5344,#5353,#5354,#5355,#5356));
#5344 = ORIENTED_EDGE('',*,*,#5345,.F.);
#5345 = EDGE_CURVE('',#5199,#5346,#5348,.T.);
#5346 = VERTEX_POINT('',#5347);
#5347 = CARTESIAN_POINT('',(-12.12931948517,10.212210969753,
    9.240199348351));
#5348 = CIRCLE('',#5349,1.);
#5349 = AXIS2_PLACEMENT_3D('',#5350,#5351,#5352);
#5350 = CARTESIAN_POINT('',(-11.9626528185,10.212210969753,
    8.254186051167));
#5351 = DIRECTION('',(0.986013297183,-2.627267196287E-13,0.166666666667)
  );
#5352 = DIRECTION('',(2.664728006153E-13,1.,-1.140306942834E-16));
#5353 = ORIENTED_EDGE('',*,*,#5232,.T.);
#5354 = ORIENTED_EDGE('',*,*,#2861,.T.);
#5355 = ORIENTED_EDGE('',*,*,#2731,.F.);
#5356 = ORIENTED_EDGE('',*,*,#5357,.F.);
#5357 = EDGE_CURVE('',#5346,#2724,#5358,.T.);
#5358 = CIRCLE('',#5359,1.);
#5359 = AXIS2_PLACEMENT_3D('',#5360,#5361,#5362);
#5360 = CARTESIAN_POINT('',(-11.9626528185,10.212210969753,
    8.254186051167));
#5361 = DIRECTION('',(-2.6645352591E-13,-1.,2.398137151872E-28));
#5362 = DIRECTION('',(-0.166666666667,4.440892098501E-14,0.986013297183)
  );
#5363 = SPHERICAL_SURFACE('',#5364,1.);
#5364 = AXIS2_PLACEMENT_3D('',#5365,#5366,#5367);
#5365 = CARTESIAN_POINT('',(-11.9626528185,10.212210969753,
    8.254186051167));
#5366 = DIRECTION('',(0.,1.,0.));
#5367 = DIRECTION('',(1.,0.,0.));
#5368 = ADVANCED_FACE('',(#5369),#5391,.T.);
#5369 = FACE_BOUND('',#5370,.T.);
#5370 = EDGE_LOOP('',(#5371,#5382,#5383,#5384));
#5371 = ORIENTED_EDGE('',*,*,#5372,.T.);
#5372 = EDGE_CURVE('',#5373,#5197,#5375,.T.);
#5373 = VERTEX_POINT('',#5374);
#5374 = CARTESIAN_POINT('',(-10.4626528185,10.212210969752,
    9.840138815345));
#5375 = B_SPLINE_CURVE_WITH_KNOTS('',3,(#5376,#5377,#5378,#5379,#5380,
    #5381),.UNSPECIFIED.,.F.,.F.,(4,2,4),(0.,0.5,1.),.UNSPECIFIED.);
#5376 = CARTESIAN_POINT('',(-10.4626528185,10.212210969752,
    9.840138815345));
#5377 = CARTESIAN_POINT('',(-10.4626528185,10.474010357551,
    9.840138815345));
#5378 = CARTESIAN_POINT('',(-10.40876627031,10.734197628516,
    9.746804576026));
#5379 = CARTESIAN_POINT('',(-10.22364614789,11.104437873362,
    9.426167118486));
#5380 = CARTESIAN_POINT('',(-10.0935525124,11.212210969752,
    9.200838332089));
#5381 = CARTESIAN_POINT('',(-9.962652818508,11.212210969752,
    8.97411341156));
#5382 = ORIENTED_EDGE('',*,*,#5196,.T.);
#5383 = ORIENTED_EDGE('',*,*,#5345,.T.);
#5384 = ORIENTED_EDGE('',*,*,#5385,.T.);
#5385 = EDGE_CURVE('',#5346,#5373,#5386,.T.);
#5386 = CIRCLE('',#5387,5.);
#5387 = AXIS2_PLACEMENT_3D('',#5388,#5389,#5390);
#5388 = CARTESIAN_POINT('',(-12.9626528185,10.212210969753,
    14.170265834267));
#5389 = DIRECTION('',(-2.664548166739E-13,-1.,-2.679144832451E-16));
#5390 = DIRECTION('',(0.409977610553,-1.089961454426E-13,-0.912095586463
    ));
#5391 = TOROIDAL_SURFACE('',#5392,6.,1.);
#5392 = AXIS2_PLACEMENT_3D('',#5393,#5394,#5395);
#5393 = CARTESIAN_POINT('',(-12.9626528185,10.212210969753,
    14.170265834267));
#5394 = DIRECTION('',(2.6645352591E-13,1.,0.));
#5395 = DIRECTION('',(0.,0.,1.));
#5396 = ADVANCED_FACE('',(#5397),#5418,.T.);
#5397 = FACE_BOUND('',#5398,.T.);
#5398 = EDGE_LOOP('',(#5399,#5408,#5415,#5416,#5417));
#5399 = ORIENTED_EDGE('',*,*,#5400,.F.);
#5400 = EDGE_CURVE('',#5401,#5264,#5403,.T.);
#5401 = VERTEX_POINT('',#5402);
#5402 = CARTESIAN_POINT('',(-12.12931948517,8.212210969753,
    9.240199348351));
#5403 = CIRCLE('',#5404,1.);
#5404 = AXIS2_PLACEMENT_3D('',#5405,#5406,#5407);
#5405 = CARTESIAN_POINT('',(-11.9626528185,8.212210969753,8.254186051167
    ));
#5406 = DIRECTION('',(0.986013297183,-2.630967939702E-13,0.166666666667)
  );
#5407 = DIRECTION('',(-0.166666666667,4.163336342344E-14,0.986013297183)
  );
#5408 = ORIENTED_EDGE('',*,*,#5409,.F.);
#5409 = EDGE_CURVE('',#2715,#5401,#5410,.T.);
#5410 = CIRCLE('',#5411,1.);
#5411 = AXIS2_PLACEMENT_3D('',#5412,#5413,#5414);
#5412 = CARTESIAN_POINT('',(-11.9626528185,8.212210969753,8.254186051167
    ));
#5413 = DIRECTION('',(2.6645352591E-13,1.,-2.00012745131E-28));
#5414 = DIRECTION('',(-1.,2.6645352591E-13,-5.551468871571E-43));
#5415 = ORIENTED_EDGE('',*,*,#2712,.F.);
#5416 = ORIENTED_EDGE('',*,*,#2840,.T.);
#5417 = ORIENTED_EDGE('',*,*,#5271,.T.);
#5418 = SPHERICAL_SURFACE('',#5419,1.);
#5419 = AXIS2_PLACEMENT_3D('',#5420,#5421,#5422);
#5420 = CARTESIAN_POINT('',(-11.9626528185,8.212210969753,8.254186051167
    ));
#5421 = DIRECTION('',(0.,1.,0.));
#5422 = DIRECTION('',(1.,0.,0.));
#5423 = ADVANCED_FACE('',(#5424),#5446,.T.);
#5424 = FACE_BOUND('',#5425,.T.);
#5425 = EDGE_LOOP('',(#5426,#5427,#5428,#5439));
#5426 = ORIENTED_EDGE('',*,*,#5400,.T.);
#5427 = ORIENTED_EDGE('',*,*,#5286,.T.);
#5428 = ORIENTED_EDGE('',*,*,#5429,.F.);
#5429 = EDGE_CURVE('',#5430,#5287,#5432,.T.);
#5430 = VERTEX_POINT('',#5431);
#5431 = CARTESIAN_POINT('',(-10.4626528185,8.212210969752,9.840138815345
    ));
#5432 = B_SPLINE_CURVE_WITH_KNOTS('',3,(#5433,#5434,#5435,#5436,#5437,
    #5438),.UNSPECIFIED.,.F.,.F.,(4,1,1,4),(0.,0.285714285714,
    0.571428571429,1.),.UNSPECIFIED.);
#5433 = CARTESIAN_POINT('',(-10.4626528185,8.212210969752,9.840138815345
    ));
#5434 = CARTESIAN_POINT('',(-10.46265281809,8.06261131959,9.840138815586
    ));
#5435 = CARTESIAN_POINT('',(-10.42848788506,7.763998644957,
    9.780963415674));
#5436 = CARTESIAN_POINT('',(-10.26127751314,7.342601331581,
    9.491346555893));
#5437 = CARTESIAN_POINT('',(-10.0748525558,7.212210969772,9.168449058009
    ));
#5438 = CARTESIAN_POINT('',(-9.96265281851,7.212210969752,8.97411341156)
  );
#5439 = ORIENTED_EDGE('',*,*,#5440,.T.);
#5440 = EDGE_CURVE('',#5430,#5401,#5441,.T.);
#5441 = CIRCLE('',#5442,5.);
#5442 = AXIS2_PLACEMENT_3D('',#5443,#5444,#5445);
#5443 = CARTESIAN_POINT('',(-12.9626528185,8.212210969753,
    14.170265834267));
#5444 = DIRECTION('',(2.664571267917E-13,1.,-2.787971464711E-16));
#5445 = DIRECTION('',(0.409977610553,-1.094957458037E-13,-0.912095586463
    ));
#5446 = TOROIDAL_SURFACE('',#5447,6.,1.);
#5447 = AXIS2_PLACEMENT_3D('',#5448,#5449,#5450);
#5448 = CARTESIAN_POINT('',(-12.9626528185,8.212210969753,
    14.170265834267));
#5449 = DIRECTION('',(2.6645352591E-13,1.,0.));
#5450 = DIRECTION('',(0.,0.,1.));
#5451 = ADVANCED_FACE('',(#5452),#5473,.F.);
#5452 = FACE_BOUND('',#5453,.F.);
#5453 = EDGE_LOOP('',(#5454,#5455,#5456,#5457,#5465,#5466));
#5454 = ORIENTED_EDGE('',*,*,#2805,.F.);
#5455 = ORIENTED_EDGE('',*,*,#5326,.F.);
#5456 = ORIENTED_EDGE('',*,*,#5429,.F.);
#5457 = ORIENTED_EDGE('',*,*,#5458,.F.);
#5458 = EDGE_CURVE('',#2619,#5430,#5459,.T.);
#5459 = B_SPLINE_CURVE_WITH_KNOTS('',3,(#5460,#5461,#5462,#5463,#5464),
  .UNSPECIFIED.,.F.,.F.,(4,1,4),(0.772769241067,0.857084955887,1.),
  .UNSPECIFIED.);
#5460 = CARTESIAN_POINT('',(-9.427118087224,7.942798562712,
    10.634735634385));
#5461 = CARTESIAN_POINT('',(-9.537967252209,8.003422665156,
    10.52381696493));
#5462 = CARTESIAN_POINT('',(-9.854719907295,8.144795930658,
    10.235029979715));
#5463 = CARTESIAN_POINT('',(-10.22149566138,8.212210969752,9.97937096493
    ));
#5464 = CARTESIAN_POINT('',(-10.4626528185,8.212210969752,9.840138815345
    ));
#5465 = ORIENTED_EDGE('',*,*,#2618,.F.);
#5466 = ORIENTED_EDGE('',*,*,#5467,.T.);
#5467 = EDGE_CURVE('',#2611,#2755,#5468,.T.);
#5468 = B_SPLINE_CURVE_WITH_KNOTS('',3,(#5469,#5470,#5471,#5472),
  .UNSPECIFIED.,.F.,.F.,(4,4),(-4.596443260932E-04,0.),
  .PIECEWISE_BEZIER_KNOTS.);
#5469 = CARTESIAN_POINT('',(-7.962690246448,5.228626789368,
    14.150919569113));
#5470 = CARTESIAN_POINT('',(-7.962692242592,5.22643800072,
    14.150403673923));
#5471 = CARTESIAN_POINT('',(-7.962687850978,5.224249217036,
    14.149887770561));
#5472 = CARTESIAN_POINT('',(-7.962677071806,5.222060466928,
    14.149371865881));
#5473 = B_SPLINE_SURFACE_WITH_KNOTS('',3,3,(
    (#5474,#5475,#5476,#5477,#5478,#5479,#5480,#5481)
    ,(#5482,#5483,#5484,#5485,#5486,#5487,#5488,#5489)
    ,(#5490,#5491,#5492,#5493,#5494,#5495,#5496,#5497)
    ,(#5498,#5499,#5500,#5501,#5502,#5503,#5504,#5505)
    ,(#5506,#5507,#5508,#5509,#5510,#5511,#5512,#5513)
    ,(#5514,#5515,#5516,#5517,#5518,#5519,#5520,#5521
  )),.UNSPECIFIED.,.F.,.F.,.F.,(4,1,1,4),(4,1,1,1,1,4),(0.,
    0.285714285714,0.571428571429,1.),(1.285847700649E-03,0.302027290805
    ,0.452398012358,0.502521586209,0.60276873391,0.703015881612),
  .UNSPECIFIED.);
#5474 = CARTESIAN_POINT('',(-7.962683135118,5.226985212659,
    14.152854195629));
#5475 = CARTESIAN_POINT('',(-7.965058645868,5.805812503513,
    13.470696589332));
#5476 = CARTESIAN_POINT('',(-8.175343490588,6.681342707704,
    12.440834374527));
#5477 = CARTESIAN_POINT('',(-8.793679130155,7.484935651401,
    11.370968948597));
#5478 = CARTESIAN_POINT('',(-9.282369866332,7.875132486373,
    10.768469366069));
#5479 = CARTESIAN_POINT('',(-9.760134062971,8.127410625545,
    10.300960520389));
#5480 = CARTESIAN_POINT('',(-10.22149566138,8.212210969752,9.97937096493
    ));
#5481 = CARTESIAN_POINT('',(-10.4626528185,8.212210969752,9.840138815345
    ));
#5482 = CARTESIAN_POINT('',(-7.962684290026,5.226516186231,
    14.152522549391));
#5483 = CARTESIAN_POINT('',(-7.965150294788,5.786967673281,
    13.457371937583));
#5484 = CARTESIAN_POINT('',(-8.184662816534,6.634780859389,
    12.407812205331));
#5485 = CARTESIAN_POINT('',(-8.817876039269,7.400408510654,
    11.335072440499));
#5486 = CARTESIAN_POINT('',(-9.309921798124,7.765840845943,
    10.73881260521));
#5487 = CARTESIAN_POINT('',(-9.785071759812,7.996919714251,
    10.281671731939));
#5488 = CARTESIAN_POINT('',(-10.23232936118,8.067222245148,
    9.973098052056));
#5489 = CARTESIAN_POINT('',(-10.4626528185,8.062611319581,9.840138815345
    ));
#5490 = CARTESIAN_POINT('',(-7.962685609918,5.225578133375,
    14.151859253467));
#5491 = CARTESIAN_POINT('',(-7.965255036026,5.749278012818,
    13.430722225464));
#5492 = CARTESIAN_POINT('',(-8.195656102339,6.541642499515,
    12.341664197003));
#5493 = CARTESIAN_POINT('',(-8.84362499485,7.23139652453,11.249075332907
    ));
#5494 = CARTESIAN_POINT('',(-9.33464436237,7.547414700747,
    10.652126769429));
#5495 = CARTESIAN_POINT('',(-9.799664558959,7.736270569718,
    10.201993149006));
#5496 = CARTESIAN_POINT('',(-10.21861026409,7.777733564746,
    9.907054111895));
#5497 = CARTESIAN_POINT('',(-10.42848788544,7.763998644932,
    9.780963415445));
#5498 = CARTESIAN_POINT('',(-7.962684454992,5.223936545751,
    14.150698476984));
#5499 = CARTESIAN_POINT('',(-7.965163384201,5.683321684889,
    13.384084207699));
#5500 = CARTESIAN_POINT('',(-8.188485530612,6.378370116317,
    12.226224505209));
#5501 = CARTESIAN_POINT('',(-8.806381967477,6.957343756778,
    11.060603233593));
#5502 = CARTESIAN_POINT('',(-9.267134588172,7.209541716427,
    10.422802025727));
#5503 = CARTESIAN_POINT('',(-9.698136558917,7.349307059961,
    9.941368683204));
#5504 = CARTESIAN_POINT('',(-10.07542187137,7.363045278442,
    9.626057406788));
#5505 = CARTESIAN_POINT('',(-10.26127751348,7.342601331544,
    9.491346555648));
#5506 = CARTESIAN_POINT('',(-7.962680536531,5.222763991868,
    14.149869346307));
#5507 = CARTESIAN_POINT('',(-7.964852428817,5.63621105401,
    13.350770790603));
#5508 = CARTESIAN_POINT('',(-8.159472916227,6.261466142804,
    12.144166592219));
#5509 = CARTESIAN_POINT('',(-8.707809310102,6.799937612006,
    10.904685572705));
#5510 = CARTESIAN_POINT('',(-9.125884830728,7.045397893656,
    10.213682338853));
#5511 = CARTESIAN_POINT('',(-9.524129484155,7.191246713027,
    9.682645893036));
#5512 = CARTESIAN_POINT('',(-9.889394282746,7.223169428935,
    9.323268563633));
#5513 = CARTESIAN_POINT('',(-10.07485255613,7.212210969752,
    9.168449057728));
#5514 = CARTESIAN_POINT('',(-7.962677071796,5.222060465023,
    14.149371867901));
#5515 = CARTESIAN_POINT('',(-7.964577480397,5.607945325592,
    13.330782740345));
#5516 = CARTESIAN_POINT('',(-8.132805356173,6.191632128387,
    12.094948082579));
#5517 = CARTESIAN_POINT('',(-8.627473867826,6.727360757518,
    10.811109571463));
#5518 = CARTESIAN_POINT('',(-9.018426456768,6.987491980832,
    10.08811007243));
#5519 = CARTESIAN_POINT('',(-9.400637814079,7.155677406947,
    9.527099457613));
#5520 = CARTESIAN_POINT('',(-9.769727092806,7.212210969752,
    9.141191991063));
#5521 = CARTESIAN_POINT('',(-9.96265281851,7.212210969752,8.97411341156)
  );
#5522 = ADVANCED_FACE('',(#5523),#5534,.T.);
#5523 = FACE_BOUND('',#5524,.T.);
#5524 = EDGE_LOOP('',(#5525,#5526,#5527,#5533));
#5525 = ORIENTED_EDGE('',*,*,#2723,.F.);
#5526 = ORIENTED_EDGE('',*,*,#5409,.T.);
#5527 = ORIENTED_EDGE('',*,*,#5528,.T.);
#5528 = EDGE_CURVE('',#5401,#5346,#5529,.T.);
#5529 = LINE('',#5530,#5531);
#5530 = CARTESIAN_POINT('',(-12.12931948517,8.191151733924,
    9.240199348351));
#5531 = VECTOR('',#5532,1.);
#5532 = DIRECTION('',(2.665319655793E-13,1.,0.));
#5533 = ORIENTED_EDGE('',*,*,#5357,.T.);
#5534 = CYLINDRICAL_SURFACE('',#5535,1.);
#5535 = AXIS2_PLACEMENT_3D('',#5536,#5537,#5538);
#5536 = CARTESIAN_POINT('',(-11.9626528185,8.191151733924,8.254186051167
    ));
#5537 = DIRECTION('',(2.664862091056E-13,1.,3.867127847465E-17));
#5538 = DIRECTION('',(-0.763762615826,2.035072419451E-13,0.645497224368)
  );
#5539 = ADVANCED_FACE('',(#5540),#5564,.F.);
#5540 = FACE_BOUND('',#5541,.F.);
#5541 = EDGE_LOOP('',(#5542,#5552,#5553,#5563));
#5542 = ORIENTED_EDGE('',*,*,#5543,.T.);
#5543 = EDGE_CURVE('',#2679,#5197,#5544,.T.);
#5544 = B_SPLINE_CURVE_WITH_KNOTS('',3,(#5545,#5546,#5547,#5548,#5549,
    #5550,#5551),.UNSPECIFIED.,.F.,.F.,(4,1,1,1,4),(0.545478884597,
    0.569083556788,0.712722371192,0.856361185596,1.),.UNSPECIFIED.);
#5545 = CARTESIAN_POINT('',(-8.548453189198,11.79801588341,
    11.044198446027));
#5546 = CARTESIAN_POINT('',(-8.565282790644,11.781254323607,
    11.002927271608));
#5547 = CARTESIAN_POINT('',(-8.687185389533,11.663823337125,
    10.711627819485));
#5548 = CARTESIAN_POINT('',(-8.950747093844,11.465560934189,
    10.185612701618));
#5549 = CARTESIAN_POINT('',(-9.406680947366,11.267540239777,
    9.520446022222));
#5550 = CARTESIAN_POINT('',(-9.771791386938,11.212210969752,
    9.139404259903));
#5551 = CARTESIAN_POINT('',(-9.962652818508,11.212210969752,
    8.97411341156));
#5552 = ORIENTED_EDGE('',*,*,#5207,.F.);
#5553 = ORIENTED_EDGE('',*,*,#5554,.T.);
#5554 = EDGE_CURVE('',#3078,#2689,#5555,.T.);
#5555 = B_SPLINE_CURVE_WITH_KNOTS('',3,(#5556,#5557,#5558,#5559,#5560,
    #5561,#5562),.UNSPECIFIED.,.F.,.F.,(4,2,1,4),(0.,2.492103308864E-03,
    0.600996841324,0.79190089976),.UNSPECIFIED.);
#5556 = CARTESIAN_POINT('',(-9.962652818508,11.212210969752,
    7.307864723737));
#5557 = CARTESIAN_POINT('',(-9.961080898218,11.212210969752,
    7.310418791895));
#5558 = CARTESIAN_POINT('',(-9.959510674158,11.212211187104,
    7.312968600509));
#5559 = CARTESIAN_POINT('',(-9.579838645911,11.213671375447,
    7.930385023939));
#5560 = CARTESIAN_POINT('',(-9.074575153192,11.354385054235,
    8.748974243693));
#5561 = CARTESIAN_POINT('',(-8.645543841176,11.700878813364,
    9.513024687603));
#5562 = CARTESIAN_POINT('',(-8.548446791819,11.798001540111,
    9.693560815918));
#5563 = ORIENTED_EDGE('',*,*,#2688,.T.);
#5564 = CYLINDRICAL_SURFACE('',#5565,2.);
#5565 = AXIS2_PLACEMENT_3D('',#5566,#5567,#5568);
#5566 = CARTESIAN_POINT('',(-9.962652818508,13.212210969752,
    10.459818851084));
#5567 = DIRECTION('',(-1.353930517836E-16,-1.353930517835E-16,1.));
#5568 = DIRECTION('',(0.707106781186,-0.707106781187,1.232595164408E-31)
  );
#5569 = ADVANCED_FACE('',(#5570),#5591,.F.);
#5570 = FACE_BOUND('',#5571,.F.);
#5571 = EDGE_LOOP('',(#5572,#5573,#5581,#5582,#5583,#5584));
#5572 = ORIENTED_EDGE('',*,*,#2638,.F.);
#5573 = ORIENTED_EDGE('',*,*,#5574,.F.);
#5574 = EDGE_CURVE('',#5373,#2631,#5575,.T.);
#5575 = B_SPLINE_CURVE_WITH_KNOTS('',3,(#5576,#5577,#5578,#5579,#5580),
  .UNSPECIFIED.,.F.,.F.,(4,1,4),(0.,0.142857142857,0.229582902975),
  .UNSPECIFIED.);
#5576 = CARTESIAN_POINT('',(-10.4626528185,10.212210969752,
    9.840138815345));
#5577 = CARTESIAN_POINT('',(-10.22407602904,10.212210969752,
    9.977881188964));
#5578 = CARTESIAN_POINT('',(-9.857349902568,10.278899905519,
    10.233033154645));
#5579 = CARTESIAN_POINT('',(-9.539981357655,10.419858969345,
    10.521761761096));
#5580 = CARTESIAN_POINT('',(-9.42710188544,10.481567292596,
    10.634715978064));
#5581 = ORIENTED_EDGE('',*,*,#5372,.T.);
#5582 = ORIENTED_EDGE('',*,*,#5543,.F.);
#5583 = ORIENTED_EDGE('',*,*,#2678,.F.);
#5584 = ORIENTED_EDGE('',*,*,#5585,.T.);
#5585 = EDGE_CURVE('',#2670,#2585,#5586,.T.);
#5586 = B_SPLINE_CURVE_WITH_KNOTS('',3,(#5587,#5588,#5589,#5590),
  .UNSPECIFIED.,.F.,.F.,(4,4),(-3.95217886982E-03,-1.466795435112E-14),
  .PIECEWISE_BEZIER_KNOTS.);
#5587 = CARTESIAN_POINT('',(-7.96336336013,13.158903731782,
    14.057179083294));
#5588 = CARTESIAN_POINT('',(-7.963406277914,13.157294099081,
    14.072036595959));
#5589 = CARTESIAN_POINT('',(-7.963325895429,13.155683722228,
    14.086892981121));
#5590 = CARTESIAN_POINT('',(-7.963122308328,13.154073122335,
    14.101748115501));
#5591 = B_SPLINE_SURFACE_WITH_KNOTS('',3,3,(
    (#5592,#5593,#5594,#5595,#5596,#5597,#5598,#5599)
    ,(#5600,#5601,#5602,#5603,#5604,#5605,#5606,#5607)
    ,(#5608,#5609,#5610,#5611,#5612,#5613,#5614,#5615)
    ,(#5616,#5617,#5618,#5619,#5620,#5621,#5622,#5623)
    ,(#5624,#5625,#5626,#5627,#5628,#5629,#5630,#5631)
    ,(#5632,#5633,#5634,#5635,#5636,#5637,#5638,#5639
  )),.UNSPECIFIED.,.F.,.F.,.F.,(4,1,1,4),(4,1,1,1,1,4),(0.,
    0.285714285714,0.571428571429,1.),(0.,9.91745090056E-02,
    0.198349018011,0.297523527017,0.495872545028,0.694221563039),
  .UNSPECIFIED.);
#5592 = CARTESIAN_POINT('',(-10.4626528185,10.212210969752,
    9.840138815345));
#5593 = CARTESIAN_POINT('',(-10.22407602904,10.212210969752,
    9.977881188964));
#5594 = CARTESIAN_POINT('',(-9.76768797958,10.29520487479,
    10.295415990896));
#5595 = CARTESIAN_POINT('',(-9.197770662678,10.592235916408,
    10.84972155706));
#5596 = CARTESIAN_POINT('',(-8.588895686394,11.141862120417,
    11.659847958018));
#5597 = CARTESIAN_POINT('',(-8.102814590456,12.007692767999,
    12.749241437748));
#5598 = CARTESIAN_POINT('',(-7.969291177508,12.772157391499,
    13.651624406939));
#5599 = CARTESIAN_POINT('',(-7.963122308328,13.154073122335,
    14.101748115501));
#5600 = CARTESIAN_POINT('',(-10.4626528185,10.361810619923,
    9.840138815345));
#5601 = CARTESIAN_POINT('',(-10.23479380888,10.357249030994,
    9.971675395895));
#5602 = CARTESIAN_POINT('',(-9.792418727638,10.425963337495,
    10.276345558888));
#5603 = CARTESIAN_POINT('',(-9.225914735375,10.697811268319,
    10.818171402524));
#5604 = CARTESIAN_POINT('',(-8.609764174307,11.21513017548,
    11.622636035522));
#5605 = CARTESIAN_POINT('',(-8.108280128631,12.046038290834,
    12.722346474204));
#5606 = CARTESIAN_POINT('',(-7.969543999058,12.786130935522,
    13.641750598404));
#5607 = CARTESIAN_POINT('',(-7.963140191136,13.155918941596,
    14.100443261193));
#5608 = CARTESIAN_POINT('',(-10.42848752075,10.660425870004,
    9.780962783784));
#5609 = CARTESIAN_POINT('',(-10.22085557784,10.646837913039,
    9.905704317058));
#5610 = CARTESIAN_POINT('',(-9.806586799965,10.687145569907,
    10.19689559405));
#5611 = CARTESIAN_POINT('',(-9.252636039961,10.908839958081,
    10.730133614251));
#5612 = CARTESIAN_POINT('',(-8.632983601758,11.361656250175,
    11.539305639754));
#5613 = CARTESIAN_POINT('',(-8.114522204535,12.122731412432,
    12.668409724336));
#5614 = CARTESIAN_POINT('',(-7.969832922045,12.814078023547,
    13.621998630884));
#5615 = CARTESIAN_POINT('',(-7.963160628069,13.159610580117,
    14.097833342502));
#5616 = CARTESIAN_POINT('',(-10.26127687794,11.081813962714,
    9.491345454864));
#5617 = CARTESIAN_POINT('',(-10.07740988048,11.061588764868,
    9.62461490767));
#5618 = CARTESIAN_POINT('',(-9.704377404007,11.074631392595,
    9.935921223214));
#5619 = CARTESIAN_POINT('',(-9.191267159281,11.238207583181,
    10.506231422391));
#5620 = CARTESIAN_POINT('',(-8.606932846276,11.605029383765,
    11.370578616284));
#5621 = CARTESIAN_POINT('',(-8.109270752564,12.256771132931,
    12.573652976583));
#5622 = CARTESIAN_POINT('',(-7.969579979979,12.862979274552,
    13.587421810823));
#5623 = CARTESIAN_POINT('',(-7.96314274087,13.166070650419,
    14.093265459577));
#5624 = CARTESIAN_POINT('',(-10.07485255613,11.212210969752,
    9.168449057728));
#5625 = CARTESIAN_POINT('',(-9.891378675569,11.20136976545,
    9.321612003853));
#5626 = CARTESIAN_POINT('',(-9.530149079751,11.232391190341,
    9.67644385213));
#5627 = CARTESIAN_POINT('',(-9.055590247744,11.403603252782,
    10.30588307922));
#5628 = CARTESIAN_POINT('',(-8.5291914672,11.755623526804,
    11.237574364962));
#5629 = CARTESIAN_POINT('',(-8.091099122858,12.35217123001,
    12.505764219496));
#5630 = CARTESIAN_POINT('',(-7.96872203927,12.89789775228,
    13.562718254991));
#5631 = CARTESIAN_POINT('',(-7.963082061305,13.170684455801,
    14.090002404684));
#5632 = CARTESIAN_POINT('',(-9.962652818508,11.212210969752,
    8.97411341156));
#5633 = CARTESIAN_POINT('',(-9.771791386938,11.212210969752,
    9.139404259903));
#5634 = CARTESIAN_POINT('',(-9.406680947366,11.267540239777,
    9.520446022222));
#5635 = CARTESIAN_POINT('',(-8.950747093844,11.465560934189,
    10.185612701618));
#5636 = CARTESIAN_POINT('',(-8.463647112817,11.831978403529,
    11.157764382768));
#5637 = CARTESIAN_POINT('',(-8.074782236066,12.40919883525,
    12.465036558445));
#5638 = CARTESIAN_POINT('',(-7.967963505708,12.918841917583,
    13.547896121473));
#5639 = CARTESIAN_POINT('',(-7.963028410364,13.173452404807,
    14.088044571748));
#5640 = ADVANCED_FACE('',(#5641),#5649,.F.);
#5641 = FACE_BOUND('',#5642,.F.);
#5642 = EDGE_LOOP('',(#5643,#5644,#5645,#5646,#5647,#5648));
#5643 = ORIENTED_EDGE('',*,*,#5458,.T.);
#5644 = ORIENTED_EDGE('',*,*,#5440,.T.);
#5645 = ORIENTED_EDGE('',*,*,#5528,.T.);
#5646 = ORIENTED_EDGE('',*,*,#5385,.T.);
#5647 = ORIENTED_EDGE('',*,*,#5574,.T.);
#5648 = ORIENTED_EDGE('',*,*,#2630,.T.);
#5649 = CYLINDRICAL_SURFACE('',#5650,5.);
#5650 = AXIS2_PLACEMENT_3D('',#5651,#5652,#5653);
#5651 = CARTESIAN_POINT('',(-12.9626528185,8.191151733924,
    14.170265834267));
#5652 = DIRECTION('',(-2.664927457447E-13,-1.,-3.92198346461E-17));
#5653 = DIRECTION('',(0.707106781187,-1.884110950421E-13,-0.707106781187
    ));
#5654 = ADVANCED_FACE('',(#5655),#5675,.F.);
#5655 = FACE_BOUND('',#5656,.F.);
#5656 = EDGE_LOOP('',(#5657,#5658,#5666,#5667));
#5657 = ORIENTED_EDGE('',*,*,#4353,.F.);
#5658 = ORIENTED_EDGE('',*,*,#5659,.T.);
#5659 = EDGE_CURVE('',#4354,#2585,#5660,.T.);
#5660 = B_SPLINE_CURVE_WITH_KNOTS('',3,(#5661,#5662,#5663,#5664,#5665),
  .UNSPECIFIED.,.F.,.F.,(4,1,4),(0.,0.571428571429,1.),.UNSPECIFIED.);
#5661 = CARTESIAN_POINT('',(-7.563159867514,13.549695499489,
    14.037250304557));
#5662 = CARTESIAN_POINT('',(-7.682982625036,13.549935132427,
    14.038856708256));
#5663 = CARTESIAN_POINT('',(-7.890766836641,13.451069345053,
    14.056452515901));
#5664 = CARTESIAN_POINT('',(-7.963304004651,13.242965026919,
    14.088490284873));
#5665 = CARTESIAN_POINT('',(-7.963122308328,13.154073122335,
    14.101748115501));
#5666 = ORIENTED_EDGE('',*,*,#5585,.F.);
#5667 = ORIENTED_EDGE('',*,*,#5668,.T.);
#5668 = EDGE_CURVE('',#2670,#4345,#5669,.T.);
#5669 = B_SPLINE_CURVE_WITH_KNOTS('',3,(#5670,#5671,#5672,#5673,#5674),
  .UNSPECIFIED.,.F.,.F.,(4,1,4),(0.,0.428571428571,1.),.UNSPECIFIED.);
#5670 = CARTESIAN_POINT('',(-7.96336336013,13.158903731782,
    14.057179083294));
#5671 = CARTESIAN_POINT('',(-7.961036853779,13.246159417712,
    14.044153588805));
#5672 = CARTESIAN_POINT('',(-7.885360345894,13.448524118444,
    14.013665130664));
#5673 = CARTESIAN_POINT('',(-7.681175518121,13.543932958255,
    13.998620525129));
#5674 = CARTESIAN_POINT('',(-7.563505468455,13.543864661343,
    13.998162689851));
#5675 = B_SPLINE_SURFACE_WITH_KNOTS('',3,3,(
    (#5676,#5677,#5678,#5679)
    ,(#5680,#5681,#5682,#5683)
    ,(#5684,#5685,#5686,#5687)
    ,(#5688,#5689,#5690,#5691)
    ,(#5692,#5693,#5694,#5695
  )),.UNSPECIFIED.,.F.,.F.,.F.,(4,1,4),(4,4),(0.,0.571428571429,1.),(
    1.466758211576E-14,3.95217886982E-03),.UNSPECIFIED.);
#5676 = CARTESIAN_POINT('',(-7.563159867514,13.549695499489,
    14.037250304557));
#5677 = CARTESIAN_POINT('',(-7.563338421674,13.547751983499,
    14.024221748066));
#5678 = CARTESIAN_POINT('',(-7.56345364395,13.545808340829,
    14.011192342359));
#5679 = CARTESIAN_POINT('',(-7.563505468455,13.543864661343,
    13.998162689851));
#5680 = CARTESIAN_POINT('',(-7.682982625036,13.549935132427,
    14.038856708256));
#5681 = CARTESIAN_POINT('',(-7.682430645452,13.547905498143,
    14.02544089028));
#5682 = CARTESIAN_POINT('',(-7.68185711827,13.545959369291,
    14.012024032715));
#5683 = CARTESIAN_POINT('',(-7.681175518122,13.543932958368,
    13.998620525887));
#5684 = CARTESIAN_POINT('',(-7.890766859791,13.451069360059,
    14.05645251398));
#5685 = CARTESIAN_POINT('',(-7.889049472208,13.450242819093,
    14.042170848897));
#5686 = CARTESIAN_POINT('',(-7.887220131935,13.449373192649,
    14.02790847919));
#5687 = CARTESIAN_POINT('',(-7.885360333108,13.448524109942,
    14.013665132655));
#5688 = CARTESIAN_POINT('',(-7.963304004651,13.242965026919,
    14.088490284873));
#5689 = CARTESIAN_POINT('',(-7.962649496162,13.244051651101,
    14.073700038138));
#5690 = CARTESIAN_POINT('',(-7.961906892164,13.245095606118,
    14.058926284343));
#5691 = CARTESIAN_POINT('',(-7.961036853781,13.246159417809,
    14.044153589564));
#5692 = CARTESIAN_POINT('',(-7.963122308328,13.154073122335,
    14.101748115501));
#5693 = CARTESIAN_POINT('',(-7.963325895429,13.155683722228,
    14.086892981121));
#5694 = CARTESIAN_POINT('',(-7.963406277914,13.157294099081,
    14.072036595959));
#5695 = CARTESIAN_POINT('',(-7.96336336013,13.158903731782,
    14.057179083294));
#5696 = ADVANCED_FACE('',(#5697),#5710,.F.);
#5697 = FACE_BOUND('',#5698,.F.);
#5698 = EDGE_LOOP('',(#5699,#5700,#5708,#5709));
#5699 = ORIENTED_EDGE('',*,*,#2669,.F.);
#5700 = ORIENTED_EDGE('',*,*,#5701,.T.);
#5701 = EDGE_CURVE('',#2659,#2509,#5702,.T.);
#5702 = B_SPLINE_CURVE_WITH_KNOTS('',3,(#5703,#5704,#5705,#5706,#5707),
  .UNSPECIFIED.,.F.,.F.,(4,1,4),(0.,0.571428571429,1.),.UNSPECIFIED.);
#5703 = CARTESIAN_POINT('',(-7.982882821128,12.928466793647,
    12.203470228557));
#5704 = CARTESIAN_POINT('',(-7.967597970458,13.03511387661,
    12.187234511323));
#5705 = CARTESIAN_POINT('',(-7.859824829913,13.208988284896,
    12.158992878416));
#5706 = CARTESIAN_POINT('',(-7.668625546925,13.267595218399,
    12.146162467918));
#5707 = CARTESIAN_POINT('',(-7.586928821652,13.26734033558,
    12.144453835114));
#5708 = ORIENTED_EDGE('',*,*,#4344,.F.);
#5709 = ORIENTED_EDGE('',*,*,#5668,.F.);
#5710 = B_SPLINE_SURFACE_WITH_KNOTS('',3,3,(
    (#5711,#5712,#5713,#5714)
    ,(#5715,#5716,#5717,#5718)
    ,(#5719,#5720,#5721,#5722)
    ,(#5723,#5724,#5725,#5726)
    ,(#5727,#5728,#5729,#5730
  )),.UNSPECIFIED.,.F.,.F.,.F.,(4,1,4),(4,4),(0.,0.571428571429,1.),(
    -1.544139550944,-1.428443949477),.UNSPECIFIED.);
#5711 = CARTESIAN_POINT('',(-7.563505468455,13.543864661343,
    13.998162689851));
#5712 = CARTESIAN_POINT('',(-7.565972433638,13.451341062785,
    13.377921365889));
#5713 = CARTESIAN_POINT('',(-7.573797640405,13.358960607825,
    12.758639619554));
#5714 = CARTESIAN_POINT('',(-7.586928821652,13.26734033558,
    12.144453835114));
#5715 = CARTESIAN_POINT('',(-7.681175518122,13.543932958368,
    13.998620525887));
#5716 = CARTESIAN_POINT('',(-7.680677761719,13.451400569092,
    13.37904876146));
#5717 = CARTESIAN_POINT('',(-7.685686026937,13.359301843633,
    12.760339524407));
#5718 = CARTESIAN_POINT('',(-7.69585778854,13.267680180632,
    12.146732020879));
#5719 = CARTESIAN_POINT('',(-7.885360345901,13.448524118551,
    14.013665131422));
#5720 = CARTESIAN_POINT('',(-7.880098968831,13.361295601983,13.394453403
    ));
#5721 = CARTESIAN_POINT('',(-7.880000994982,13.273850985587,
    12.776132421146));
#5722 = CARTESIAN_POINT('',(-7.885306778926,13.187046491714,
    12.162810819527));
#5723 = CARTESIAN_POINT('',(-7.961036853781,13.246159417809,
    14.044153589564));
#5724 = CARTESIAN_POINT('',(-7.959759102752,13.166850826452,
    13.424216160546));
#5725 = CARTESIAN_POINT('',(-7.963275632681,13.087358640257,
    12.805223901998));
#5726 = CARTESIAN_POINT('',(-7.971419183071,13.008452106463,
    12.191293445189));
#5727 = CARTESIAN_POINT('',(-7.96336336013,13.158903731782,
    14.057179083294));
#5728 = CARTESIAN_POINT('',(-7.96541916445,13.081800732984,
    13.436937759332));
#5729 = CARTESIAN_POINT('',(-7.971940170089,13.004817020518,
    12.817656012996));
#5730 = CARTESIAN_POINT('',(-7.982882821128,12.928466793647,
    12.203470228557));
#5731 = ADVANCED_FACE('',(#5732),#5746,.F.);
#5732 = FACE_BOUND('',#5733,.F.);
#5733 = EDGE_LOOP('',(#5734,#5735,#5736,#5737,#5738));
#5734 = ORIENTED_EDGE('',*,*,#2696,.F.);
#5735 = ORIENTED_EDGE('',*,*,#5554,.F.);
#5736 = ORIENTED_EDGE('',*,*,#3111,.F.);
#5737 = ORIENTED_EDGE('',*,*,#4671,.F.);
#5738 = ORIENTED_EDGE('',*,*,#5739,.T.);
#5739 = EDGE_CURVE('',#2501,#2657,#5740,.T.);
#5740 = B_SPLINE_CURVE_WITH_KNOTS('',3,(#5741,#5742,#5743,#5744,#5745),
  .UNSPECIFIED.,.F.,.F.,(4,1,4),(0.,0.428571428571,1.),.UNSPECIFIED.);
#5741 = CARTESIAN_POINT('',(-7.919550736387,12.249248006788,
    9.995028745546));
#5742 = CARTESIAN_POINT('',(-7.981407605108,12.26645407084,
    10.014000765974));
#5743 = CARTESIAN_POINT('',(-8.125958966574,12.277188049539,
    10.0850666475));
#5744 = CARTESIAN_POINT('',(-8.228012670229,12.214836448387,
    10.198659982356));
#5745 = CARTESIAN_POINT('',(-8.260067750074,12.162828253702,
    10.263745147727));
#5746 = B_SPLINE_SURFACE_WITH_KNOTS('',3,3,(
    (#5747,#5748,#5749,#5750,#5751,#5752,#5753,#5754)
    ,(#5755,#5756,#5757,#5758,#5759,#5760,#5761,#5762)
    ,(#5763,#5764,#5765,#5766,#5767,#5768,#5769,#5770)
    ,(#5771,#5772,#5773,#5774,#5775,#5776,#5777,#5778)
    ,(#5779,#5780,#5781,#5782,#5783,#5784,#5785,#5786
  )),.UNSPECIFIED.,.F.,.F.,.F.,(4,1,4),(4,2,1,1,4),(0.,0.571428571429,1.
    ),(-9.525374702451E-04,0.,0.228761860333,0.305015813778,
    0.381269767222),.UNSPECIFIED.);
#5747 = CARTESIAN_POINT('',(-9.962652818508,11.212210969752,
    7.307864723737));
#5748 = CARTESIAN_POINT('',(-9.961080898218,11.212210969752,
    7.310418791895));
#5749 = CARTESIAN_POINT('',(-9.959510674158,11.212211187104,
    7.312968600509));
#5750 = CARTESIAN_POINT('',(-9.579838645911,11.213671375447,
    7.930385023939));
#5751 = CARTESIAN_POINT('',(-9.069072283881,11.355917579335,
    8.757889571162));
#5752 = CARTESIAN_POINT('',(-8.527991488676,11.796583868144,
    9.722603732377));
#5753 = CARTESIAN_POINT('',(-8.341100139189,12.031356166677,
    10.089786168808));
#5754 = CARTESIAN_POINT('',(-8.260067750074,12.162828253702,
    10.263745147727));
#5755 = CARTESIAN_POINT('',(-9.962652818508,11.212210969752,
    7.307864723737));
#5756 = CARTESIAN_POINT('',(-9.96101984886,11.2122061868,7.31037261691)
  );
#5757 = CARTESIAN_POINT('',(-9.959392036205,11.212216161402,
    7.312882030689));
#5758 = CARTESIAN_POINT('',(-9.565233724422,11.213393154728,
    7.919557750603));
#5759 = CARTESIAN_POINT('',(-9.03510671095,11.368143901289,
    8.732877168946));
#5760 = CARTESIAN_POINT('',(-8.489571104656,11.834523315917,
    9.674379408455));
#5761 = CARTESIAN_POINT('',(-8.305995778942,12.079265800345,
    10.030571395873));
#5762 = CARTESIAN_POINT('',(-8.22801267263,12.214836444221,
    10.198659977071));
#5763 = CARTESIAN_POINT('',(-9.962652818508,11.212210969752,
    7.307864723737));
#5764 = CARTESIAN_POINT('',(-9.960916151262,11.212215700542,
    7.310298054268));
#5765 = CARTESIAN_POINT('',(-9.959181438585,11.212208120061,
    7.312724966711));
#5766 = CARTESIAN_POINT('',(-9.539778960831,11.213644585968,
    7.900685245072));
#5767 = CARTESIAN_POINT('',(-8.975321745941,11.379236108489,
    8.68907732451));
#5768 = CARTESIAN_POINT('',(-8.398807658938,11.875794864264,
    9.590041310321));
#5769 = CARTESIAN_POINT('',(-8.20676314841,12.134680709971,
    9.927209945118));
#5770 = CARTESIAN_POINT('',(-8.125902940976,12.277140413548,
    10.085078521345));
#5771 = CARTESIAN_POINT('',(-9.962652818508,11.212210969752,
    7.307864723737));
#5772 = CARTESIAN_POINT('',(-9.960812691962,11.212207583988,
    7.310220028594));
#5773 = CARTESIAN_POINT('',(-9.958970858159,11.212214657781,
    7.312570713417));
#5774 = CARTESIAN_POINT('',(-9.514234882148,11.21360894177,
    7.881860538348));
#5775 = CARTESIAN_POINT('',(-8.915851486908,11.37423462673,
    8.644944417548));
#5776 = CARTESIAN_POINT('',(-8.288364170232,11.864003113115,
    9.525169650343));
#5777 = CARTESIAN_POINT('',(-8.073757838302,12.122596108077,
    9.857443544051));
#5778 = CARTESIAN_POINT('',(-7.98140760789,12.26645406577,
    10.014000760313));
#5779 = CARTESIAN_POINT('',(-9.962652818508,11.212210969752,
    7.307864723737));
#5780 = CARTESIAN_POINT('',(-9.96076651416,11.212210969752,7.31018660388
    ));
#5781 = CARTESIAN_POINT('',(-9.958882245288,11.212211206863,
    7.312504611711));
#5782 = CARTESIAN_POINT('',(-9.503275811392,11.213804139602,
    7.873792269376));
#5783 = CARTESIAN_POINT('',(-8.890356176956,11.368981816569,
    8.626069130487));
#5784 = CARTESIAN_POINT('',(-8.24105922271,11.849708677089,
    9.503082004319));
#5785 = CARTESIAN_POINT('',(-8.016789603325,12.105823911852,
    9.836884219256));
#5786 = CARTESIAN_POINT('',(-7.919550736387,12.249248006788,
    9.995028745546));
#5787 = ADVANCED_FACE('',(#5788),#5794,.F.);
#5788 = FACE_BOUND('',#5789,.F.);
#5789 = EDGE_LOOP('',(#5790,#5791,#5792,#5793));
#5790 = ORIENTED_EDGE('',*,*,#2656,.F.);
#5791 = ORIENTED_EDGE('',*,*,#5739,.F.);
#5792 = ORIENTED_EDGE('',*,*,#2508,.F.);
#5793 = ORIENTED_EDGE('',*,*,#5701,.F.);
#5794 = B_SPLINE_SURFACE_WITH_KNOTS('',3,3,(
    (#5795,#5796,#5797,#5798,#5799,#5800)
    ,(#5801,#5802,#5803,#5804,#5805,#5806)
    ,(#5807,#5808,#5809,#5810,#5811,#5812)
    ,(#5813,#5814,#5815,#5816,#5817,#5818)
    ,(#5819,#5820,#5821,#5822,#5823,#5824
    )),.UNSPECIFIED.,.F.,.F.,.F.,(4,1,4),(4,1,1,4),(0.,0.571428571429,1.
    ),(0.,9.494767571395E-02,0.15824612619,0.221544576666),
  .UNSPECIFIED.);
#5795 = CARTESIAN_POINT('',(-8.260067750074,12.162828253702,
    10.263745147727));
#5796 = CARTESIAN_POINT('',(-8.159170201075,12.326530835934,
    10.480350319943));
#5797 = CARTESIAN_POINT('',(-8.05700486381,12.578872814138,
    10.904170588735));
#5798 = CARTESIAN_POINT('',(-7.999071788511,12.820618987232,
    11.582936839276));
#5799 = CARTESIAN_POINT('',(-7.986600193699,12.90252954698,
    11.99482267317));
#5800 = CARTESIAN_POINT('',(-7.982882821128,12.928466793647,
    12.203470228557));
#5801 = CARTESIAN_POINT('',(-8.22801267263,12.214836444221,
    10.198659977071));
#5802 = CARTESIAN_POINT('',(-8.127484450921,12.389244945883,
    10.419933002723));
#5803 = CARTESIAN_POINT('',(-8.029134729355,12.659201579719,
    10.852972453273));
#5804 = CARTESIAN_POINT('',(-7.97923933823,12.918975172584,
    11.54893763382));
#5805 = CARTESIAN_POINT('',(-7.970144797177,13.007161164939,
    11.9724708426));
#5806 = CARTESIAN_POINT('',(-7.967597970386,13.035113877401,
    12.187234517399));
#5807 = CARTESIAN_POINT('',(-8.125958969099,12.277188044866,
    10.085066642019));
#5808 = CARTESIAN_POINT('',(-8.020270721117,12.472837757622,
    10.31454094487));
#5809 = CARTESIAN_POINT('',(-7.91875539788,12.778009519308,
    10.763789022173));
#5810 = CARTESIAN_POINT('',(-7.869671939204,13.074993600981,
    11.489793474297));
#5811 = CARTESIAN_POINT('',(-7.861990169349,13.17674240643,
    11.933650867293));
#5812 = CARTESIAN_POINT('',(-7.859824829851,13.208988285808,
    12.158992884792));
#5813 = CARTESIAN_POINT('',(-7.98140760789,12.26645406577,
    10.014000760313));
#5814 = CARTESIAN_POINT('',(-7.864935867424,12.478730101321,
    10.251058729373));
#5815 = CARTESIAN_POINT('',(-7.748633089007,12.807580395953,
    10.715047114982));
#5816 = CARTESIAN_POINT('',(-7.68520405667,13.125191197346,
    11.461342038132));
#5817 = CARTESIAN_POINT('',(-7.672403214896,13.233312286069,
    11.915731116077));
#5818 = CARTESIAN_POINT('',(-7.668625546818,13.267595219369,
    12.146162474438));
#5819 = CARTESIAN_POINT('',(-7.919550736387,12.249248006788,
    9.995028745546));
#5820 = CARTESIAN_POINT('',(-7.798473677588,12.466928197216,
    10.235050693137));
#5821 = CARTESIAN_POINT('',(-7.675875272871,12.802474827692,
    10.704689369366));
#5822 = CARTESIAN_POINT('',(-7.606355582512,13.123931901104,
    11.456835755101));
#5823 = CARTESIAN_POINT('',(-7.591389668737,13.23285080758,
    11.913249787253));
#5824 = CARTESIAN_POINT('',(-7.586928821652,13.26734033558,
    12.144453835114));
#5825 = ADVANCED_FACE('',(#5826),#5839,.F.);
#5826 = FACE_BOUND('',#5827,.F.);
#5827 = EDGE_LOOP('',(#5828,#5829,#5836,#5837,#5838));
#5828 = ORIENTED_EDGE('',*,*,#4362,.F.);
#5829 = ORIENTED_EDGE('',*,*,#5830,.T.);
#5830 = EDGE_CURVE('',#4322,#2554,#5831,.T.);
#5831 = B_SPLINE_CURVE_WITH_KNOTS('',3,(#5832,#5833,#5834,#5835),
  .UNSPECIFIED.,.F.,.F.,(4,4),(0.,0.49999964288),
  .PIECEWISE_BEZIER_KNOTS.);
#5832 = CARTESIAN_POINT('',(-7.562652818508,13.560734213152,
    14.111249440824));
#5833 = CARTESIAN_POINT('',(-7.667372498833,13.560734213152,
    14.111249440824));
#5834 = CARTESIAN_POINT('',(-7.771447334699,13.5180968281,
    14.117609810806));
#5835 = CARTESIAN_POINT('',(-7.845519084475,13.4448830249,
    14.128531371823));
#5836 = ORIENTED_EDGE('',*,*,#2561,.T.);
#5837 = ORIENTED_EDGE('',*,*,#2584,.F.);
#5838 = ORIENTED_EDGE('',*,*,#5659,.F.);
#5839 = B_SPLINE_SURFACE_WITH_KNOTS('',3,3,(
    (#5840,#5841,#5842,#5843)
    ,(#5844,#5845,#5846,#5847)
    ,(#5848,#5849,#5850,#5851)
    ,(#5852,#5853,#5854,#5855)
    ,(#5856,#5857,#5858,#5859
  )),.UNSPECIFIED.,.F.,.F.,.F.,(4,1,4),(4,4),(0.,0.571428571429,1.),(
    -1.570796326795,-1.557092354114),.UNSPECIFIED.);
#5840 = CARTESIAN_POINT('',(-7.562652818508,13.560734213152,
    14.111249440824));
#5841 = CARTESIAN_POINT('',(-7.562652818508,13.557054526759,
    14.086582289998));
#5842 = CARTESIAN_POINT('',(-7.562821840133,13.553374840367,
    14.061915139187));
#5843 = CARTESIAN_POINT('',(-7.563159867514,13.549695499489,
    14.037250304557));
#5844 = CARTESIAN_POINT('',(-7.682332538645,13.560734213152,
    14.111249440824));
#5845 = CARTESIAN_POINT('',(-7.682384946508,13.557136601765,
    14.087118999419));
#5846 = CARTESIAN_POINT('',(-7.682599562504,13.553532188914,
    14.062983476549));
#5847 = CARTESIAN_POINT('',(-7.682982625036,13.549935132427,
    14.038856708256));
#5848 = CARTESIAN_POINT('',(-7.889878640608,13.461722994517,
    14.126019295544));
#5849 = CARTESIAN_POINT('',(-7.890014739903,13.458170382374,
    14.102825640201));
#5850 = CARTESIAN_POINT('',(-7.890312792794,13.454621220204,
    14.079640315215));
#5851 = CARTESIAN_POINT('',(-7.890766836641,13.451069345053,
    14.056452515901));
#5852 = CARTESIAN_POINT('',(-7.962652818508,13.253889289832,
    14.157022586547));
#5853 = CARTESIAN_POINT('',(-7.96271379092,13.250247103718,
    14.134178337018));
#5854 = CARTESIAN_POINT('',(-7.962929926851,13.246606752491,
    14.111330732896));
#5855 = CARTESIAN_POINT('',(-7.963304004651,13.242965026919,
    14.088490284873));
#5856 = CARTESIAN_POINT('',(-7.962652818508,13.165111835999,
    14.170265834267));
#5857 = CARTESIAN_POINT('',(-7.962652818508,13.161432149605,
    14.147425879799));
#5858 = CARTESIAN_POINT('',(-7.962809320013,13.157752463213,
    14.124585925344));
#5859 = CARTESIAN_POINT('',(-7.963122308328,13.154073122335,
    14.101748115501));
#5860 = ADVANCED_FACE('',(#5861),#5873,.T.);
#5861 = FACE_BOUND('',#5862,.T.);
#5862 = EDGE_LOOP('',(#5863,#5864,#5871,#5872));
#5863 = ORIENTED_EDGE('',*,*,#2553,.F.);
#5864 = ORIENTED_EDGE('',*,*,#5865,.T.);
#5865 = EDGE_CURVE('',#2545,#4320,#5866,.T.);
#5866 = ( BOUNDED_CURVE() B_SPLINE_CURVE(3,(#5867,#5868,#5869,#5870),
.UNSPECIFIED.,.F.,.F.) B_SPLINE_CURVE_WITH_KNOTS((4,4),(5.497787143782,
6.28318530718),.PIECEWISE_BEZIER_KNOTS.) CURVE() 
GEOMETRIC_REPRESENTATION_ITEM() RATIONAL_B_SPLINE_CURVE((1.,
0.949253021674,0.949253021674,1.)) REPRESENTATION_ITEM('') );
#5867 = CARTESIAN_POINT('',(-7.845495530982,13.552388902989,
    14.849371867901));
#5868 = CARTESIAN_POINT('',(-7.769478411867,13.629247163295,
    14.849371867901));
#5869 = CARTESIAN_POINT('',(-7.670157259334,13.670842554037,
    14.849371867901));
#5870 = CARTESIAN_POINT('',(-7.562652818508,13.670842554037,
    14.849371867901));
#5871 = ORIENTED_EDGE('',*,*,#4319,.T.);
#5872 = ORIENTED_EDGE('',*,*,#5830,.T.);
#5873 = CYLINDRICAL_SURFACE('',#5874,0.4);
#5874 = AXIS2_PLACEMENT_3D('',#5875,#5876,#5877);
#5875 = CARTESIAN_POINT('',(-7.562652818508,13.000047499682,
    13.063740319788));
#5876 = DIRECTION('',(-4.101536818513E-14,-0.147540983607,
    -0.989055942885));
#5877 = DIRECTION('',(-0.707106781186,0.699368164187,-0.104327230011));
#5878 = ADVANCED_FACE('',(#5879),#5909,.T.);
#5879 = FACE_BOUND('',#5880,.T.);
#5880 = EDGE_LOOP('',(#5881,#5882,#5889,#5890,#5898,#5906,#5907,#5908));
#5881 = ORIENTED_EDGE('',*,*,#2483,.F.);
#5882 = ORIENTED_EDGE('',*,*,#5883,.F.);
#5883 = EDGE_CURVE('',#3233,#2475,#5884,.T.);
#5884 = CIRCLE('',#5885,4.1);
#5885 = AXIS2_PLACEMENT_3D('',#5886,#5887,#5888);
#5886 = CARTESIAN_POINT('',(-2.162652818509,9.212210969749,
    12.749371867901));
#5887 = DIRECTION('',(1.,-2.664565123103E-13,-1.501111795159E-17));
#5888 = DIRECTION('',(2.613320196065E-13,0.980778988433,-0.19512195122)
  );
#5889 = ORIENTED_EDGE('',*,*,#3230,.F.);
#5890 = ORIENTED_EDGE('',*,*,#5891,.T.);
#5891 = EDGE_CURVE('',#3231,#5892,#5894,.T.);
#5892 = VERTEX_POINT('',#5893);
#5893 = CARTESIAN_POINT('',(-7.591705186424,5.192327239899,
    11.94281449333));
#5894 = LINE('',#5895,#5896);
#5895 = CARTESIAN_POINT('',(-3.46265281851,5.192327240395,
    11.942814490852));
#5896 = VECTOR('',#5897,1.);
#5897 = DIRECTION('',(-1.,2.6645352591E-13,0.));
#5898 = ORIENTED_EDGE('',*,*,#5899,.F.);
#5899 = EDGE_CURVE('',#4624,#5892,#5900,.T.);
#5900 = B_SPLINE_CURVE_WITH_KNOTS('',3,(#5901,#5902,#5903,#5904,#5905),
  .UNSPECIFIED.,.F.,.F.,(4,1,4),(0.,0.428571428571,1.),.UNSPECIFIED.);
#5901 = CARTESIAN_POINT('',(-7.919550736388,6.175173932714,
    9.995028745545));
#5902 = CARTESIAN_POINT('',(-7.808571554866,5.97564836109,
    10.215032762452));
#5903 = CARTESIAN_POINT('',(-7.643541991222,5.541243871815,
    10.810555928618));
#5904 = CARTESIAN_POINT('',(-7.603647742552,5.276604088959,
    11.522778492146));
#5905 = CARTESIAN_POINT('',(-7.591705186424,5.192327239899,
    11.94281449333));
#5906 = ORIENTED_EDGE('',*,*,#4633,.F.);
#5907 = ORIENTED_EDGE('',*,*,#3197,.F.);
#5908 = ORIENTED_EDGE('',*,*,#4479,.F.);
#5909 = CYLINDRICAL_SURFACE('',#5910,4.1);
#5910 = AXIS2_PLACEMENT_3D('',#5911,#5912,#5913);
#5911 = CARTESIAN_POINT('',(-1.962652818509,9.212210969749,
    12.749371867901));
#5912 = DIRECTION('',(-1.,2.6645352591E-13,3.754245830915E-30));
#5913 = DIRECTION('',(6.651477855905E-15,2.496299432776E-02,
    -0.999688375902));
#5914 = ADVANCED_FACE('',(#5915),#5942,.T.);
#5915 = FACE_BOUND('',#5916,.T.);
#5916 = EDGE_LOOP('',(#5917,#5927,#5934,#5935,#5936));
#5917 = ORIENTED_EDGE('',*,*,#5918,.F.);
#5918 = EDGE_CURVE('',#5919,#5921,#5923,.T.);
#5919 = VERTEX_POINT('',#5920);
#5920 = CARTESIAN_POINT('',(-7.56265281851,4.820027191278,
    13.798358749047));
#5921 = VERTEX_POINT('',#5922);
#5922 = CARTESIAN_POINT('',(-7.56265281851,4.669342442152,
    14.549371867901));
#5923 = LINE('',#5924,#5925);
#5924 = CARTESIAN_POINT('',(-7.56265281851,5.287950897301,
    11.466225975921));
#5925 = VECTOR('',#5926,1.);
#5926 = DIRECTION('',(-5.243251781888E-14,-0.196721311475,0.980459446184
    ));
#5927 = ORIENTED_EDGE('',*,*,#5928,.F.);
#5928 = EDGE_CURVE('',#5892,#5919,#5929,.T.);
#5929 = ( BOUNDED_CURVE() B_SPLINE_CURVE(3,(#5930,#5931,#5932,#5933),
.UNSPECIFIED.,.F.,.F.) B_SPLINE_CURVE_WITH_KNOTS((4,4),(1.415042322515,
1.570796326795),.PIECEWISE_BEZIER_KNOTS.) CURVE() 
GEOMETRIC_REPRESENTATION_ITEM() RATIONAL_B_SPLINE_CURVE((1.,
0.997979412365,0.997979412365,1.)) REPRESENTATION_ITEM('') );
#5930 = CARTESIAN_POINT('',(-7.591705186424,5.192327239899,
    11.94281449333));
#5931 = CARTESIAN_POINT('',(-7.572356548406,5.069107788783,
    12.556940506898));
#5932 = CARTESIAN_POINT('',(-7.56265281851,4.94475650992,13.176707552432
    ));
#5933 = CARTESIAN_POINT('',(-7.56265281851,4.820027191278,
    13.798358749047));
#5934 = ORIENTED_EDGE('',*,*,#5891,.F.);
#5935 = ORIENTED_EDGE('',*,*,#5172,.F.);
#5936 = ORIENTED_EDGE('',*,*,#5937,.T.);
#5937 = EDGE_CURVE('',#5173,#5921,#5938,.T.);
#5938 = LINE('',#5939,#5940);
#5939 = CARTESIAN_POINT('',(-3.46265281851,4.669342442151,
    14.549371867901));
#5940 = VECTOR('',#5941,1.);
#5941 = DIRECTION('',(-1.,2.6645352591E-13,0.));
#5942 = PLANE('',#5943);
#5943 = AXIS2_PLACEMENT_3D('',#5944,#5945,#5946);
#5944 = CARTESIAN_POINT('',(-3.46265281851,5.192327240395,
    11.942814490852));
#5945 = DIRECTION('',(-2.612468764475E-13,-0.980459446184,
    -0.196721311475));
#5946 = DIRECTION('',(-1.262177448354E-29,0.196721311475,-0.980459446184
    ));
#5947 = ADVANCED_FACE('',(#5948),#5960,.T.);
#5948 = FACE_BOUND('',#5949,.T.);
#5949 = EDGE_LOOP('',(#5950,#5951,#5957,#5958,#5959));
#5950 = ORIENTED_EDGE('',*,*,#4178,.F.);
#5951 = ORIENTED_EDGE('',*,*,#5952,.T.);
#5952 = EDGE_CURVE('',#4171,#2543,#5953,.T.);
#5953 = LINE('',#5954,#5955);
#5954 = CARTESIAN_POINT('',(-7.962652818508,12.713430300633,
    14.849371867901));
#5955 = VECTOR('',#5956,1.);
#5956 = DIRECTION('',(2.665319655793E-13,1.,0.));
#5957 = ORIENTED_EDGE('',*,*,#2570,.F.);
#5958 = ORIENTED_EDGE('',*,*,#2593,.F.);
#5959 = ORIENTED_EDGE('',*,*,#3287,.F.);
#5960 = PLANE('',#5961);
#5961 = AXIS2_PLACEMENT_3D('',#5962,#5963,#5964);
#5962 = CARTESIAN_POINT('',(-7.962652818509,9.170092498095,
    11.749371867901));
#5963 = DIRECTION('',(-1.,2.665319655793E-13,0.));
#5964 = DIRECTION('',(0.,0.,1.));
#5965 = ADVANCED_FACE('',(#5966),#5971,.T.);
#5966 = FACE_BOUND('',#5967,.T.);
#5967 = EDGE_LOOP('',(#5968,#5969,#5970));
#5968 = ORIENTED_EDGE('',*,*,#2428,.F.);
#5969 = ORIENTED_EDGE('',*,*,#2763,.F.);
#5970 = ORIENTED_EDGE('',*,*,#2460,.F.);
#5971 = PLANE('',#5972);
#5972 = AXIS2_PLACEMENT_3D('',#5973,#5974,#5975);
#5973 = CARTESIAN_POINT('',(-7.962652818509,9.170092498095,
    11.749371867901));
#5974 = DIRECTION('',(-1.,2.665319655793E-13,0.));
#5975 = DIRECTION('',(0.,0.,1.));
#5976 = ADVANCED_FACE('',(#5977),#5997,.T.);
#5977 = FACE_BOUND('',#5978,.T.);
#5978 = EDGE_LOOP('',(#5979,#5980,#5981,#5991));
#5979 = ORIENTED_EDGE('',*,*,#3295,.F.);
#5980 = ORIENTED_EDGE('',*,*,#2610,.T.);
#5981 = ORIENTED_EDGE('',*,*,#5982,.F.);
#5982 = EDGE_CURVE('',#5983,#2611,#5985,.T.);
#5983 = VERTEX_POINT('',#5984);
#5984 = CARTESIAN_POINT('',(-7.562693240683,5.228626789368,
    14.549371867901));
#5985 = B_SPLINE_CURVE_WITH_KNOTS('',3,(#5986,#5987,#5988,#5989,#5990),
  .UNSPECIFIED.,.F.,.F.,(4,1,4),(0.,0.428571428571,1.),.UNSPECIFIED.);
#5986 = CARTESIAN_POINT('',(-7.562693240683,5.228626789368,
    14.549371867901));
#5987 = CARTESIAN_POINT('',(-7.65223193006,5.228626789368,
    14.549371867901));
#5988 = CARTESIAN_POINT('',(-7.861844072667,5.228626789368,
    14.476972711541));
#5989 = CARTESIAN_POINT('',(-7.962228315987,5.228626789368,
    14.270303594617));
#5990 = CARTESIAN_POINT('',(-7.962690246448,5.228626789368,
    14.150919569113));
#5991 = ORIENTED_EDGE('',*,*,#5992,.T.);
#5992 = EDGE_CURVE('',#5983,#3296,#5993,.T.);
#5993 = LINE('',#5994,#5995);
#5994 = CARTESIAN_POINT('',(-7.562693240682,8.191151733923,
    14.549371867901));
#5995 = VECTOR('',#5996,1.);
#5996 = DIRECTION('',(2.664555204862E-13,1.,0.));
#5997 = CYLINDRICAL_SURFACE('',#5998,0.4);
#5998 = AXIS2_PLACEMENT_3D('',#5999,#6000,#6001);
#5999 = CARTESIAN_POINT('',(-7.562693240682,8.191151733923,
    14.149371867901));
#6000 = DIRECTION('',(-2.664555204862E-13,-1.,0.));
#6001 = DIRECTION('',(0.,0.,-1.));
#6002 = ADVANCED_FACE('',(#6003),#6025,.F.);
#6003 = FACE_BOUND('',#6004,.F.);
#6004 = EDGE_LOOP('',(#6005,#6014,#6023,#6024));
#6005 = ORIENTED_EDGE('',*,*,#6006,.F.);
#6006 = EDGE_CURVE('',#6007,#5983,#6009,.T.);
#6007 = VERTEX_POINT('',#6008);
#6008 = CARTESIAN_POINT('',(-7.562681922465,5.224030366363,
    14.549371867901));
#6009 = B_SPLINE_CURVE_WITH_KNOTS('',3,(#6010,#6011,#6012,#6013),
  .UNSPECIFIED.,.F.,.F.,(4,4),(2.285235286093E-10,4.596443261044E-04),
  .PIECEWISE_BEZIER_KNOTS.);
#6010 = CARTESIAN_POINT('',(-7.562681922465,5.224030366363,
    14.549371867901));
#6011 = CARTESIAN_POINT('',(-7.562689467898,5.225562494775,
    14.549371867901));
#6012 = CARTESIAN_POINT('',(-7.562693240683,5.227094642376,
    14.549371867901));
#6013 = CARTESIAN_POINT('',(-7.562693240683,5.228626789368,
    14.549371867901));
#6014 = ORIENTED_EDGE('',*,*,#6015,.T.);
#6015 = EDGE_CURVE('',#6007,#2755,#6016,.T.);
#6016 = B_SPLINE_CURVE_WITH_KNOTS('',3,(#6017,#6018,#6019,#6020,#6021,
    #6022),.UNSPECIFIED.,.F.,.F.,(4,2,4),(0.,0.5,1.),.UNSPECIFIED.);
#6017 = CARTESIAN_POINT('',(-7.562681922465,5.224030366363,
    14.549371867901));
#6018 = CARTESIAN_POINT('',(-7.667400408022,5.223514647895,
    14.549371867901));
#6019 = CARTESIAN_POINT('',(-7.771474054654,5.223002105135,
    14.506262629056));
#6020 = CARTESIAN_POINT('',(-7.919568356785,5.222272769086,
    14.358166530267));
#6021 = CARTESIAN_POINT('',(-7.962677072335,5.222060466925,
    14.254091621337));
#6022 = CARTESIAN_POINT('',(-7.962677071806,5.222060466928,
    14.149371865881));
#6023 = ORIENTED_EDGE('',*,*,#5467,.F.);
#6024 = ORIENTED_EDGE('',*,*,#5982,.F.);
#6025 = B_SPLINE_SURFACE_WITH_KNOTS('',3,3,(
    (#6026,#6027,#6028,#6029)
    ,(#6030,#6031,#6032,#6033)
    ,(#6034,#6035,#6036,#6037)
    ,(#6038,#6039,#6040,#6041)
    ,(#6042,#6043,#6044,#6045
  )),.UNSPECIFIED.,.F.,.F.,.F.,(4,1,4),(4,4),(0.,0.571428571429,1.),(
    -4.596443260932E-04,0.),.UNSPECIFIED.);
#6026 = CARTESIAN_POINT('',(-7.962690246448,5.228626789368,
    14.150919569114));
#6027 = CARTESIAN_POINT('',(-7.962692242592,5.22643800072,
    14.150403673923));
#6028 = CARTESIAN_POINT('',(-7.962687850978,5.224249217036,
    14.149887770561));
#6029 = CARTESIAN_POINT('',(-7.962677071796,5.222060465023,
    14.149371867901));
#6030 = CARTESIAN_POINT('',(-7.962228315987,5.228626789368,
    14.270303594617));
#6031 = CARTESIAN_POINT('',(-7.962388317414,5.226436802936,
    14.269887043777));
#6032 = CARTESIAN_POINT('',(-7.962529059192,5.224251976936,
    14.269468752656));
#6033 = CARTESIAN_POINT('',(-7.962677071796,5.222060465023,
    14.269051588038));
#6034 = CARTESIAN_POINT('',(-7.861844072667,5.228626789368,
    14.476972711541));
#6035 = CARTESIAN_POINT('',(-7.862089945214,5.226604463322,
    14.476847463837));
#6036 = CARTESIAN_POINT('',(-7.86233709332,5.224578170322,
    14.476725599651));
#6037 = CARTESIAN_POINT('',(-7.86257299557,5.222553458315,
    14.476599983932));
#6038 = CARTESIAN_POINT('',(-7.65223193006,5.228626789368,
    14.549371867901));
#6039 = CARTESIAN_POINT('',(-7.652304495722,5.226948171883,
    14.549373177993));
#6040 = CARTESIAN_POINT('',(-7.652376335759,5.225267628217,
    14.549370542753));
#6041 = CARTESIAN_POINT('',(-7.652440624071,5.223588319764,
    14.549371867901));
#6042 = CARTESIAN_POINT('',(-7.562693240683,5.228626789368,
    14.549371867901));
#6043 = CARTESIAN_POINT('',(-7.562693240683,5.227094641615,
    14.549371867901));
#6044 = CARTESIAN_POINT('',(-7.562689467895,5.225562493252,
    14.549371867901));
#6045 = CARTESIAN_POINT('',(-7.562681922454,5.224030364078,
    14.549371867901));
#6046 = ADVANCED_FACE('',(#6047),#6067,.F.);
#6047 = FACE_BOUND('',#6048,.F.);
#6048 = EDGE_LOOP('',(#6049,#6050,#6051,#6058,#6059));
#6049 = ORIENTED_EDGE('',*,*,#2769,.F.);
#6050 = ORIENTED_EDGE('',*,*,#2442,.T.);
#6051 = ORIENTED_EDGE('',*,*,#6052,.T.);
#6052 = EDGE_CURVE('',#2445,#5919,#6053,.T.);
#6053 = B_SPLINE_CURVE_WITH_KNOTS('',3,(#6054,#6055,#6056,#6057),
  .UNSPECIFIED.,.F.,.F.,(4,4),(0.500000364624,1.),
  .PIECEWISE_BEZIER_KNOTS.);
#6054 = CARTESIAN_POINT('',(-7.84551957121,4.934870954676,
    13.821401227589));
#6055 = CARTESIAN_POINT('',(-7.771447331605,4.862293987132,
    13.80683924209));
#6056 = CARTESIAN_POINT('',(-7.667372497263,4.820027191278,
    13.798358749047));
#6057 = CARTESIAN_POINT('',(-7.56265281851,4.820027191278,
    13.798358749047));
#6058 = ORIENTED_EDGE('',*,*,#5928,.F.);
#6059 = ORIENTED_EDGE('',*,*,#6060,.T.);
#6060 = EDGE_CURVE('',#5892,#2770,#6061,.T.);
#6061 = B_SPLINE_CURVE_WITH_KNOTS('',3,(#6062,#6063,#6064,#6065,#6066),
  .UNSPECIFIED.,.F.,.F.,(4,1,4),(0.,0.571428571429,1.),.UNSPECIFIED.);
#6062 = CARTESIAN_POINT('',(-7.591705186424,5.192327239899,
    11.94281449333));
#6063 = CARTESIAN_POINT('',(-7.699700146947,5.191670978176,
    11.946085303191));
#6064 = CARTESIAN_POINT('',(-7.887594361457,5.269542404184,
    11.967629369463));
#6065 = CARTESIAN_POINT('',(-7.974544102976,5.44400881416,
    12.005374089365));
#6066 = CARTESIAN_POINT('',(-7.986863125164,5.522461010309,
    12.02150301768));
#6067 = B_SPLINE_SURFACE_WITH_KNOTS('',3,3,(
    (#6068,#6069,#6070,#6071)
    ,(#6072,#6073,#6074,#6075)
    ,(#6076,#6077,#6078,#6079)
    ,(#6080,#6081,#6082,#6083)
    ,(#6084,#6085,#6086,#6087
  )),.UNSPECIFIED.,.F.,.F.,.F.,(4,1,4),(4,4),(0.,0.571428571429,1.),(
    1.415042322306,1.570796326795),.UNSPECIFIED.);
#6068 = CARTESIAN_POINT('',(-7.591705186565,5.192327240396,
    11.942814490852));
#6069 = CARTESIAN_POINT('',(-7.572376112058,5.069232377693,
    12.556319555499));
#6070 = CARTESIAN_POINT('',(-7.56265281851,4.944630394869,
    13.177336110118));
#6071 = CARTESIAN_POINT('',(-7.56265281851,4.820027191278,
    13.798358749047));
#6072 = CARTESIAN_POINT('',(-7.69970014694,5.191670978116,
    11.946085303492));
#6073 = CARTESIAN_POINT('',(-7.684333821762,5.068664200549,
    12.55857701385));
#6074 = CARTESIAN_POINT('',(-7.678374261957,4.944536317474,
    13.178569076336));
#6075 = CARTESIAN_POINT('',(-7.682332538647,4.820027191278,
    13.798358749047));
#6076 = CARTESIAN_POINT('',(-7.887565130122,5.269646466574,
    11.967649328087));
#6077 = CARTESIAN_POINT('',(-7.878729379414,5.153100282454,
    12.579644372362));
#6078 = CARTESIAN_POINT('',(-7.879601718793,5.035331147237,
    13.198937901353));
#6079 = CARTESIAN_POINT('',(-7.889881066861,4.918176283637,
    13.81805157596));
#6080 = CARTESIAN_POINT('',(-7.97454410297,5.444008814112,
    12.005374089643));
#6081 = CARTESIAN_POINT('',(-7.9620918214,5.337986581963,12.6184329561)
  );
#6082 = CARTESIAN_POINT('',(-7.958047675998,5.230834089608,
    13.238930316492));
#6083 = CARTESIAN_POINT('',(-7.96265281851,5.124205135658,13.85938961001
    ));
#6084 = CARTESIAN_POINT('',(-7.986863125222,5.522461010684,
    12.021503015442));
#6085 = CARTESIAN_POINT('',(-7.970755563133,5.419881958431,
    12.635008080089));
#6086 = CARTESIAN_POINT('',(-7.96265281851,5.316046972744,
    13.256024634708));
#6087 = CARTESIAN_POINT('',(-7.96265281851,5.212210969752,
    13.877047273637));
#6088 = ADVANCED_FACE('',(#6089),#6103,.F.);
#6089 = FACE_BOUND('',#6090,.F.);
#6090 = EDGE_LOOP('',(#6091,#6099,#6100,#6101,#6102));
#6091 = ORIENTED_EDGE('',*,*,#6092,.T.);
#6092 = EDGE_CURVE('',#2779,#4624,#6093,.T.);
#6093 = B_SPLINE_CURVE_WITH_KNOTS('',3,(#6094,#6095,#6096,#6097,#6098),
  .UNSPECIFIED.,.F.,.F.,(4,1,4),(0.,0.428571428571,1.),.UNSPECIFIED.);
#6094 = CARTESIAN_POINT('',(-8.260067750075,6.261593685801,
    10.263745147726));
#6095 = CARTESIAN_POINT('',(-8.236026441992,6.222587542911,
    10.214931269734));
#6096 = CARTESIAN_POINT('',(-8.145972495546,6.152311906283,
    10.100859059283));
#6097 = CARTESIAN_POINT('',(-8.002026565059,6.152232520739,
    10.020324765233));
#6098 = CARTESIAN_POINT('',(-7.919550736388,6.175173932714,
    9.995028745545));
#6099 = ORIENTED_EDGE('',*,*,#4623,.F.);
#6100 = ORIENTED_EDGE('',*,*,#3147,.F.);
#6101 = ORIENTED_EDGE('',*,*,#5314,.F.);
#6102 = ORIENTED_EDGE('',*,*,#2788,.F.);
#6103 = B_SPLINE_SURFACE_WITH_KNOTS('',3,3,(
    (#6104,#6105,#6106,#6107,#6108,#6109,#6110,#6111)
    ,(#6112,#6113,#6114,#6115,#6116,#6117,#6118,#6119)
    ,(#6120,#6121,#6122,#6123,#6124,#6125,#6126,#6127)
    ,(#6128,#6129,#6130,#6131,#6132,#6133,#6134,#6135)
    ,(#6136,#6137,#6138,#6139,#6140,#6141,#6142,#6143
  )),.UNSPECIFIED.,.F.,.F.,.F.,(4,1,4),(4,1,1,2,4),(0.,0.571428571429,1.
    ),(0.,0.152507952096,0.228761928144,0.381269880239,0.3822222799),
  .UNSPECIFIED.);
#6104 = CARTESIAN_POINT('',(-8.260067750075,6.261593685801,
    10.263745147726));
#6105 = CARTESIAN_POINT('',(-8.422132576345,6.524537937793,
    9.915827086757));
#6106 = CARTESIAN_POINT('',(-8.73609826082,6.831586829916,9.341194206144
    ));
#6107 = CARTESIAN_POINT('',(-9.323306253973,7.138622594805,8.34635437048
    ));
#6108 = CARTESIAN_POINT('',(-9.706445857688,7.21175787193,7.72420184669)
  );
#6109 = CARTESIAN_POINT('',(-9.959508641591,7.212208488683,
    7.312973192717));
#6110 = CARTESIAN_POINT('',(-9.961081125642,7.212210969752,
    7.310418422385));
#6111 = CARTESIAN_POINT('',(-9.96265281851,7.212210969752,7.307864723735
    ));
#6112 = CARTESIAN_POINT('',(-8.228012672631,6.209585495281,
    10.19865997707));
#6113 = CARTESIAN_POINT('',(-8.383830965204,6.480783060355,
    9.862579282225));
#6114 = CARTESIAN_POINT('',(-8.697466794053,6.804945575174,
    9.302874745433));
#6115 = CARTESIAN_POINT('',(-9.29899755744,7.132744196736,8.328379421043
    ));
#6116 = CARTESIAN_POINT('',(-9.696676360094,7.211753041263,7.71699243049
    ));
#6117 = CARTESIAN_POINT('',(-9.959388903531,7.212208172125,
    7.312884734731));
#6118 = CARTESIAN_POINT('',(-9.961021251628,7.212210969752,
    7.310374202495));
#6119 = CARTESIAN_POINT('',(-9.96265281851,7.212210969752,7.307864723735
    ));
#6120 = CARTESIAN_POINT('',(-8.125903352405,6.14728083542,
    10.085078125064));
#6121 = CARTESIAN_POINT('',(-8.287708756396,6.432173390755,
    9.769266796864));
#6122 = CARTESIAN_POINT('',(-8.617865317919,6.777462809261,9.23588906376
    ));
#6123 = CARTESIAN_POINT('',(-9.2564275205,7.127048713552,8.296865104568)
  );
#6124 = CARTESIAN_POINT('',(-9.679584900866,7.211746283588,
    7.704385481804));
#6125 = CARTESIAN_POINT('',(-9.959179339412,7.212207870962,
    7.312729892091));
#6126 = CARTESIAN_POINT('',(-9.960916472103,7.212210969752,
    7.310296817688));
#6127 = CARTESIAN_POINT('',(-9.96265281851,7.212210969752,7.307864723735
    ));
#6128 = CARTESIAN_POINT('',(-7.981407607891,6.157967873732,
    10.014000760312));
#6129 = CARTESIAN_POINT('',(-8.166112546197,6.44566609108,9.700910265742
    ));
#6130 = CARTESIAN_POINT('',(-8.528907321809,6.786535529938,
    9.178196717516));
#6131 = CARTESIAN_POINT('',(-9.213734677544,7.129452826133,
    8.265413866169));
#6132 = CARTESIAN_POINT('',(-9.662518565831,7.211723213753,
    7.691764149493));
#6133 = CARTESIAN_POINT('',(-9.958969666299,7.212208096975,
    7.312575112068));
#6134 = CARTESIAN_POINT('',(-9.960811692579,7.212210969752,7.31021943288
    ));
#6135 = CARTESIAN_POINT('',(-9.96265281851,7.212210969752,7.307864723735
    ));
#6136 = CARTESIAN_POINT('',(-7.919550736388,6.175173932714,
    9.995028745545));
#6137 = CARTESIAN_POINT('',(-8.114028527912,6.462022207615,9.67873959921
    ));
#6138 = CARTESIAN_POINT('',(-8.490787349282,6.796984635385,
    9.156346071379));
#6139 = CARTESIAN_POINT('',(-9.195436941066,7.131932742537,
    8.251946220776));
#6140 = CARTESIAN_POINT('',(-9.655204465524,7.211716681219,
    7.686353017331));
#6141 = CARTESIAN_POINT('',(-9.958879806207,7.212208263132,
    7.312508786445));
#6142 = CARTESIAN_POINT('',(-9.960766787068,7.212210969752,
    7.310186267963));
#6143 = CARTESIAN_POINT('',(-9.96265281851,7.212210969752,7.307864723735
    ));
#6144 = ADVANCED_FACE('',(#6145),#6151,.F.);
#6145 = FACE_BOUND('',#6146,.F.);
#6146 = EDGE_LOOP('',(#6147,#6148,#6149,#6150));
#6147 = ORIENTED_EDGE('',*,*,#5899,.F.);
#6148 = ORIENTED_EDGE('',*,*,#6092,.F.);
#6149 = ORIENTED_EDGE('',*,*,#2778,.F.);
#6150 = ORIENTED_EDGE('',*,*,#6060,.F.);
#6151 = B_SPLINE_SURFACE_WITH_KNOTS('',3,3,(
    (#6152,#6153,#6154,#6155,#6156)
    ,(#6157,#6158,#6159,#6160,#6161)
    ,(#6162,#6163,#6164,#6165,#6166)
    ,(#6167,#6168,#6169,#6170,#6171)
    ,(#6172,#6173,#6174,#6175,#6176
  )),.UNSPECIFIED.,.F.,.F.,.F.,(4,1,4),(4,1,4),(0.,0.571428571429,1.),(
    0.,8.702899990073E-02,0.203067666435),.UNSPECIFIED.);
#6152 = CARTESIAN_POINT('',(-7.919550736388,6.175173932714,
    9.995028745545));
#6153 = CARTESIAN_POINT('',(-7.808571554866,5.97564836109,
    10.215032762452));
#6154 = CARTESIAN_POINT('',(-7.643541991222,5.541243871815,
    10.810555928618));
#6155 = CARTESIAN_POINT('',(-7.603647742552,5.276604088959,
    11.522778492146));
#6156 = CARTESIAN_POINT('',(-7.591705186494,5.192327239898,
    11.942814493332));
#6157 = CARTESIAN_POINT('',(-8.002026565059,6.152232520739,
    10.020324765233));
#6158 = CARTESIAN_POINT('',(-7.896708702166,5.959281104078,
    10.236699842146));
#6159 = CARTESIAN_POINT('',(-7.742571603799,5.536659859762,
    10.822563896006));
#6160 = CARTESIAN_POINT('',(-7.709387183206,5.275222512751,
    11.528230871166));
#6161 = CARTESIAN_POINT('',(-7.699700146883,5.191670977623,
    11.946085305959));
#6162 = CARTESIAN_POINT('',(-8.145972495546,6.152311906283,
    10.100859059283));
#6163 = CARTESIAN_POINT('',(-8.050412002384,5.975952348624,
    10.310105986598));
#6164 = CARTESIAN_POINT('',(-7.915163761719,5.58810833343,
    10.876578609704));
#6165 = CARTESIAN_POINT('',(-7.893568073975,5.346606845674,
    11.561405725675));
#6166 = CARTESIAN_POINT('',(-7.887594361418,5.269542403674,
    11.967629372154));
#6167 = CARTESIAN_POINT('',(-8.236026441992,6.222587542911,
    10.214931269734));
#6168 = CARTESIAN_POINT('',(-8.143771031357,6.065198906858,
    10.416685016645));
#6169 = CARTESIAN_POINT('',(-8.009808046232,5.721451865349,
    10.962829016776));
#6170 = CARTESIAN_POINT('',(-7.982474413966,5.511024080917,
    11.618180881676));
#6171 = CARTESIAN_POINT('',(-7.974544102923,5.444008813716,
    12.00537409193));
#6172 = CARTESIAN_POINT('',(-8.260067750075,6.261593685801,
    10.263745147726));
#6173 = CARTESIAN_POINT('',(-8.167585098806,6.111543967303,
    10.462285358105));
#6174 = CARTESIAN_POINT('',(-8.030060462436,5.784857664393,
    10.999708703182));
#6175 = CARTESIAN_POINT('',(-7.996815255212,5.585839941513,
    11.642446138561));
#6176 = CARTESIAN_POINT('',(-7.986863125164,5.522461010309,
    12.02150301768));
#6177 = ADVANCED_FACE('',(#6178),#6199,.T.);
#6178 = FACE_BOUND('',#6179,.T.);
#6179 = EDGE_LOOP('',(#6180,#6181,#6182,#6191,#6198));
#6180 = ORIENTED_EDGE('',*,*,#2754,.T.);
#6181 = ORIENTED_EDGE('',*,*,#2419,.F.);
#6182 = ORIENTED_EDGE('',*,*,#6183,.F.);
#6183 = EDGE_CURVE('',#6184,#2412,#6186,.T.);
#6184 = VERTEX_POINT('',#6185);
#6185 = CARTESIAN_POINT('',(-7.56265281851,5.212210969751,
    14.549371867901));
#6186 = CIRCLE('',#6187,0.4);
#6187 = AXIS2_PLACEMENT_3D('',#6188,#6189,#6190);
#6188 = CARTESIAN_POINT('',(-7.56265281851,5.212210969751,
    14.149371867901));
#6189 = DIRECTION('',(-2.6645352591E-13,-1.,0.));
#6190 = DIRECTION('',(0.,0.,1.));
#6191 = ORIENTED_EDGE('',*,*,#6192,.T.);
#6192 = EDGE_CURVE('',#6184,#6007,#6193,.T.);
#6193 = CIRCLE('',#6194,2.4);
#6194 = AXIS2_PLACEMENT_3D('',#6195,#6196,#6197);
#6195 = CARTESIAN_POINT('',(-9.96265281851,5.212210969752,
    14.549371867901));
#6196 = DIRECTION('',(-8.98067393878E-29,-3.369736387447E-16,1.));
#6197 = DIRECTION('',(-1.,2.659909329831E-13,-1.748068273788E-31));
#6198 = ORIENTED_EDGE('',*,*,#6015,.T.);
#6199 = TOROIDAL_SURFACE('',#6200,2.4,0.4);
#6200 = AXIS2_PLACEMENT_3D('',#6201,#6202,#6203);
#6201 = CARTESIAN_POINT('',(-9.96265281851,5.212210969752,
    14.149371867901));
#6202 = DIRECTION('',(-8.978781418227E-29,-3.369736387447E-16,1.));
#6203 = DIRECTION('',(-1.,2.676430505793E-13,4.00838456171E-31));
#6204 = ADVANCED_FACE('',(#6205),#6217,.T.);
#6205 = FACE_BOUND('',#6206,.T.);
#6206 = EDGE_LOOP('',(#6207,#6208,#6209,#6210));
#6207 = ORIENTED_EDGE('',*,*,#2453,.F.);
#6208 = ORIENTED_EDGE('',*,*,#6052,.T.);
#6209 = ORIENTED_EDGE('',*,*,#5918,.T.);
#6210 = ORIENTED_EDGE('',*,*,#6211,.F.);
#6211 = EDGE_CURVE('',#2403,#5921,#6212,.T.);
#6212 = ( BOUNDED_CURVE() B_SPLINE_CURVE(3,(#6213,#6214,#6215,#6216),
.UNSPECIFIED.,.F.,.F.) B_SPLINE_CURVE_WITH_KNOTS((4,4),(5.497787143782,
6.28318530718),.PIECEWISE_BEZIER_KNOTS.) CURVE() 
GEOMETRIC_REPRESENTATION_ITEM() RATIONAL_B_SPLINE_CURVE((1.,
0.949253021674,0.949253021674,1.)) REPRESENTATION_ITEM('') );
#6213 = CARTESIAN_POINT('',(-7.845495530985,4.812341342639,
    14.432214580376));
#6214 = CARTESIAN_POINT('',(-7.769478411869,4.719556978292,
    14.508231699491));
#6215 = CARTESIAN_POINT('',(-7.670157259336,4.669342442152,
    14.549371867901));
#6216 = CARTESIAN_POINT('',(-7.56265281851,4.669342442152,
    14.549371867901));
#6217 = CYLINDRICAL_SURFACE('',#6218,0.4);
#6218 = AXIS2_PLACEMENT_3D('',#6219,#6220,#6221);
#6219 = CARTESIAN_POINT('',(-7.56265281851,5.680134675775,
    11.544914500511));
#6220 = DIRECTION('',(-4.768321154591E-14,-0.196721311475,0.980459446184
    ));
#6221 = DIRECTION('',(-0.707106781187,-0.693289523075,-0.139102973348));
#6222 = ADVANCED_FACE('',(#6223),#6234,.T.);
#6223 = FACE_BOUND('',#6224,.T.);
#6224 = EDGE_LOOP('',(#6225,#6226,#6227,#6233));
#6225 = ORIENTED_EDGE('',*,*,#2411,.F.);
#6226 = ORIENTED_EDGE('',*,*,#6211,.T.);
#6227 = ORIENTED_EDGE('',*,*,#6228,.T.);
#6228 = EDGE_CURVE('',#5921,#6184,#6229,.T.);
#6229 = LINE('',#6230,#6231);
#6230 = CARTESIAN_POINT('',(-7.562652818511,1.677686931459,
    14.549371867901));
#6231 = VECTOR('',#6232,1.);
#6232 = DIRECTION('',(2.665319655793E-13,1.,3.369736387447E-16));
#6233 = ORIENTED_EDGE('',*,*,#6183,.T.);
#6234 = CYLINDRICAL_SURFACE('',#6235,0.4);
#6235 = AXIS2_PLACEMENT_3D('',#6236,#6237,#6238);
#6236 = CARTESIAN_POINT('',(-7.562652818511,1.677686931459,
    14.149371867901));
#6237 = DIRECTION('',(2.666612325641E-13,1.,2.077066540186E-16));
#6238 = DIRECTION('',(-0.707106781187,1.884110950421E-13,0.707106781187)
  );
#6239 = ADVANCED_FACE('',(#6240),#6267,.T.);
#6240 = FACE_BOUND('',#6241,.T.);
#6241 = EDGE_LOOP('',(#6242,#6243,#6244,#6253,#6261));
#6242 = ORIENTED_EDGE('',*,*,#1846,.F.);
#6243 = ORIENTED_EDGE('',*,*,#3336,.F.);
#6244 = ORIENTED_EDGE('',*,*,#6245,.F.);
#6245 = EDGE_CURVE('',#6246,#3328,#6248,.T.);
#6246 = VERTEX_POINT('',#6247);
#6247 = CARTESIAN_POINT('',(-5.362652818508,11.160739107174,
    14.125107799189));
#6248 = B_SPLINE_CURVE_WITH_KNOTS('',3,(#6249,#6250,#6251,#6252),
  .UNSPECIFIED.,.F.,.F.,(4,4),(4.556349186103E-02,6.514718625761E-02),
  .PIECEWISE_BEZIER_KNOTS.);
#6249 = CARTESIAN_POINT('',(-5.362652818508,11.160739107174,
    14.125107799189));
#6250 = CARTESIAN_POINT('',(-5.362652818508,11.206898317535,
    14.171267009551));
#6251 = CARTESIAN_POINT('',(-5.362652818508,11.253057527897,
    14.217426219912));
#6252 = CARTESIAN_POINT('',(-5.362652818508,11.299216738259,
    14.263585430274));
#6253 = ORIENTED_EDGE('',*,*,#6254,.F.);
#6254 = EDGE_CURVE('',#6255,#6246,#6257,.T.);
#6255 = VERTEX_POINT('',#6256);
#6256 = CARTESIAN_POINT('',(-5.362652818509,10.838556566479,
    13.802925258494));
#6257 = LINE('',#6258,#6259);
#6258 = CARTESIAN_POINT('',(-5.362652818509,9.908052201734,
    12.87242089375));
#6259 = VECTOR('',#6260,1.);
#6260 = DIRECTION('',(1.884665602641E-13,0.707106781187,0.707106781187)
  );
#6261 = ORIENTED_EDGE('',*,*,#6262,.F.);
#6262 = EDGE_CURVE('',#1849,#6255,#6263,.T.);
#6263 = LINE('',#6264,#6265);
#6264 = CARTESIAN_POINT('',(-1.962652818509,10.838556566478,
    13.802925258494));
#6265 = VECTOR('',#6266,1.);
#6266 = DIRECTION('',(-1.,2.6645352591E-13,0.));
#6267 = PLANE('',#6268);
#6268 = AXIS2_PLACEMENT_3D('',#6269,#6270,#6271);
#6269 = CARTESIAN_POINT('',(-1.962652818509,10.838556566478,
    13.802925258494));
#6270 = DIRECTION('',(-1.884110950421E-13,-0.707106781187,0.707106781187
    ));
#6271 = DIRECTION('',(-1.,2.6645352591E-13,0.));
#6272 = ADVANCED_FACE('',(#6273),#6290,.T.);
#6273 = FACE_BOUND('',#6274,.T.);
#6274 = EDGE_LOOP('',(#6275,#6283,#6289));
#6275 = ORIENTED_EDGE('',*,*,#6276,.T.);
#6276 = EDGE_CURVE('',#3320,#6277,#6279,.T.);
#6277 = VERTEX_POINT('',#6278);
#6278 = CARTESIAN_POINT('',(-5.766815874543,11.013430300632,
    14.549371867901));
#6279 = ( BOUNDED_CURVE() B_SPLINE_CURVE(2,(#6280,#6281,#6282),
.UNSPECIFIED.,.F.,.F.) B_SPLINE_CURVE_WITH_KNOTS((3,3),(0.583597193588,
0.667300848152),.PIECEWISE_BEZIER_KNOTS.) CURVE() 
GEOMETRIC_REPRESENTATION_ITEM() RATIONAL_B_SPLINE_CURVE((1.486486486487,
1.426851679644,1.340102701797)) REPRESENTATION_ITEM('') );
#6280 = CARTESIAN_POINT('',(-5.362652818508,11.659864925347,
    14.549371867901));
#6281 = CARTESIAN_POINT('',(-5.517293127986,11.366308752933,
    14.549371867901));
#6282 = CARTESIAN_POINT('',(-5.766815874543,11.013430300632,
    14.549371867901));
#6283 = ORIENTED_EDGE('',*,*,#6284,.F.);
#6284 = EDGE_CURVE('',#3328,#6277,#6285,.T.);
#6285 = LINE('',#6286,#6287);
#6286 = CARTESIAN_POINT('',(-5.362652818508,11.299216738259,
    14.263585430274));
#6287 = VECTOR('',#6288,1.);
#6288 = DIRECTION('',(-0.707106781187,-0.5,0.5));
#6289 = ORIENTED_EDGE('',*,*,#3327,.T.);
#6290 = CONICAL_SURFACE('',#6291,2.3,0.785398163397);
#6291 = AXIS2_PLACEMENT_3D('',#6292,#6293,#6294);
#6292 = CARTESIAN_POINT('',(-5.662652818508,12.713430300632,
    12.849371867901));
#6293 = DIRECTION('',(-1.,2.663894759686E-13,1.546302373281E-16));
#6294 = DIRECTION('',(-1.017999792982E-13,-0.382683432365,0.923879532511
    ));
#6295 = ADVANCED_FACE('',(#6296),#6313,.T.);
#6296 = FACE_BOUND('',#6297,.T.);
#6297 = EDGE_LOOP('',(#6298,#6305,#6311,#6312));
#6298 = ORIENTED_EDGE('',*,*,#6299,.T.);
#6299 = EDGE_CURVE('',#6277,#4387,#6300,.T.);
#6300 = B_SPLINE_CURVE_WITH_KNOTS('',3,(#6301,#6302,#6303,#6304),
  .UNSPECIFIED.,.F.,.F.,(4,4),(7.000309475937E-02,0.103923048454),
  .PIECEWISE_BEZIER_KNOTS.);
#6301 = CARTESIAN_POINT('',(-5.766815874543,11.013430300632,
    14.549371867901));
#6302 = CARTESIAN_POINT('',(-5.832094855865,10.921111879909,
    14.549371867901));
#6303 = CARTESIAN_POINT('',(-5.897373837187,10.828793459185,
    14.549371867901));
#6304 = CARTESIAN_POINT('',(-5.962652818509,10.736475038462,
    14.549371867901));
#6305 = ORIENTED_EDGE('',*,*,#6306,.F.);
#6306 = EDGE_CURVE('',#6246,#4387,#6307,.T.);
#6307 = LINE('',#6308,#6309);
#6308 = CARTESIAN_POINT('',(-5.362652818508,11.160739107174,
    14.125107799189));
#6309 = VECTOR('',#6310,1.);
#6310 = DIRECTION('',(-0.707106781187,-0.5,0.5));
#6311 = ORIENTED_EDGE('',*,*,#6245,.T.);
#6312 = ORIENTED_EDGE('',*,*,#6284,.T.);
#6313 = B_SPLINE_SURFACE_WITH_KNOTS('',3,3,(
    (#6314,#6315,#6316,#6317)
    ,(#6318,#6319,#6320,#6321)
    ,(#6322,#6323,#6324,#6325)
    ,(#6326,#6327,#6328,#6329
    )),.UNSPECIFIED.,.F.,.F.,.F.,(4,4),(4,4),(0.,1.),(4.556349186103E-02
    ,6.514718625761E-02),.PIECEWISE_BEZIER_KNOTS.);
#6314 = CARTESIAN_POINT('',(-5.962652818509,10.736475038462,
    14.549371867901));
#6315 = CARTESIAN_POINT('',(-5.962652818509,10.782634248824,
    14.595531078263));
#6316 = CARTESIAN_POINT('',(-5.962652818509,10.828793459185,
    14.641690288624));
#6317 = CARTESIAN_POINT('',(-5.962652818509,10.874952669547,
    14.687849498986));
#6318 = CARTESIAN_POINT('',(-5.762652818509,10.877896394699,
    14.407950511664));
#6319 = CARTESIAN_POINT('',(-5.762652818509,10.924055605061,
    14.454109722025));
#6320 = CARTESIAN_POINT('',(-5.762652818508,10.970214815423,
    14.500268932387));
#6321 = CARTESIAN_POINT('',(-5.762652818508,11.016374025784,
    14.546428142749));
#6322 = CARTESIAN_POINT('',(-5.562652818508,11.019317750936,
    14.266529155426));
#6323 = CARTESIAN_POINT('',(-5.562652818508,11.065476961298,
    14.312688365788));
#6324 = CARTESIAN_POINT('',(-5.562652818508,11.11163617166,
    14.35884757615));
#6325 = CARTESIAN_POINT('',(-5.562652818508,11.157795382022,
    14.405006786511));
#6326 = CARTESIAN_POINT('',(-5.362652818508,11.160739107174,
    14.125107799189));
#6327 = CARTESIAN_POINT('',(-5.362652818508,11.206898317535,
    14.171267009551));
#6328 = CARTESIAN_POINT('',(-5.362652818508,11.253057527897,
    14.217426219912));
#6329 = CARTESIAN_POINT('',(-5.362652818508,11.299216738259,
    14.263585430274));
#6330 = ADVANCED_FACE('',(#6331),#6342,.T.);
#6331 = FACE_BOUND('',#6332,.T.);
#6332 = EDGE_LOOP('',(#6333,#6334,#6335,#6341));
#6333 = ORIENTED_EDGE('',*,*,#6306,.T.);
#6334 = ORIENTED_EDGE('',*,*,#4386,.T.);
#6335 = ORIENTED_EDGE('',*,*,#6336,.F.);
#6336 = EDGE_CURVE('',#6255,#4378,#6337,.T.);
#6337 = LINE('',#6338,#6339);
#6338 = CARTESIAN_POINT('',(-5.362652818509,10.838556566479,
    13.802925258494));
#6339 = VECTOR('',#6340,1.);
#6340 = DIRECTION('',(-0.707106781187,-0.5,0.5));
#6341 = ORIENTED_EDGE('',*,*,#6254,.T.);
#6342 = PLANE('',#6343);
#6343 = AXIS2_PLACEMENT_3D('',#6344,#6345,#6346);
#6344 = CARTESIAN_POINT('',(-5.662652818509,9.695920167378,
    13.084552928106));
#6345 = DIRECTION('',(0.707106781186,-0.5,0.5));
#6346 = DIRECTION('',(-1.110223024625E-16,-0.707106781186,
    -0.707106781187));
#6347 = ADVANCED_FACE('',(#6348),#6361,.T.);
#6348 = FACE_BOUND('',#6349,.T.);
#6349 = EDGE_LOOP('',(#6350,#6351,#6358,#6359,#6360));
#6350 = ORIENTED_EDGE('',*,*,#1998,.T.);
#6351 = ORIENTED_EDGE('',*,*,#6352,.T.);
#6352 = EDGE_CURVE('',#1999,#6255,#6353,.T.);
#6353 = CIRCLE('',#6354,0.5);
#6354 = AXIS2_PLACEMENT_3D('',#6355,#6356,#6357);
#6355 = CARTESIAN_POINT('',(-5.362652818508,11.192109957072,
    13.449371867901));
#6356 = DIRECTION('',(-1.,2.664622414288E-13,-2.465120980913E-17));
#6357 = DIRECTION('',(-2.512147933894E-13,-0.942809041582,
    -0.333333333333));
#6358 = ORIENTED_EDGE('',*,*,#6336,.T.);
#6359 = ORIENTED_EDGE('',*,*,#4377,.T.);
#6360 = ORIENTED_EDGE('',*,*,#2086,.F.);
#6361 = CONICAL_SURFACE('',#6362,0.8,0.785398163397);
#6362 = AXIS2_PLACEMENT_3D('',#6363,#6364,#6365);
#6363 = CARTESIAN_POINT('',(-5.662652818508,11.192109957072,
    13.449371867901));
#6364 = DIRECTION('',(-1.,2.665014612635E-13,1.69477067439E-17));
#6365 = DIRECTION('',(-2.512656365096E-13,-0.942809041582,
    -0.333333333333));
#6366 = ADVANCED_FACE('',(#6367),#6416,.T.);
#6367 = FACE_BOUND('',#6368,.T.);
#6368 = EDGE_LOOP('',(#6369,#6370,#6379,#6387,#6396,#6409,#6410));
#6369 = ORIENTED_EDGE('',*,*,#2378,.F.);
#6370 = ORIENTED_EDGE('',*,*,#6371,.T.);
#6371 = EDGE_CURVE('',#1900,#6372,#6374,.T.);
#6372 = VERTEX_POINT('',#6373);
#6373 = CARTESIAN_POINT('',(-5.362652818509,7.651415710064,
    13.759796039892));
#6374 = CIRCLE('',#6375,1.2);
#6375 = AXIS2_PLACEMENT_3D('',#6376,#6377,#6378);
#6376 = CARTESIAN_POINT('',(-5.36265281851,6.523784565121,
    13.349371867901));
#6377 = DIRECTION('',(-1.,2.663016180542E-13,-3.289703588997E-16));
#6378 = DIRECTION('',(1.52474856336E-13,0.573576436351,0.819152044289));
#6379 = ORIENTED_EDGE('',*,*,#6380,.T.);
#6380 = EDGE_CURVE('',#6372,#6381,#6383,.T.);
#6381 = VERTEX_POINT('',#6382);
#6382 = CARTESIAN_POINT('',(-5.55514118167,7.832295604513,
    13.825630937448));
#6383 = LINE('',#6384,#6385);
#6384 = CARTESIAN_POINT('',(-5.362652818509,7.651415710064,
    13.759796039892));
#6385 = VECTOR('',#6386,1.);
#6386 = DIRECTION('',(-0.707106781186,0.664463024389,0.241844762648));
#6387 = ORIENTED_EDGE('',*,*,#6388,.T.);
#6388 = EDGE_CURVE('',#6381,#6389,#6391,.T.);
#6389 = VERTEX_POINT('',#6390);
#6390 = CARTESIAN_POINT('',(-5.562652818509,7.837749240011,
    13.832586968185));
#6391 = B_SPLINE_CURVE_WITH_KNOTS('',3,(#6392,#6393,#6394,#6395),
  .UNSPECIFIED.,.F.,.F.,(4,4),(1.179486821994,1.180599434877),
  .PIECEWISE_BEZIER_KNOTS.);
#6392 = CARTESIAN_POINT('',(-5.55514118167,7.832295604513,
    13.825630937448));
#6393 = CARTESIAN_POINT('',(-5.55763835932,7.834107503087,
    13.827954046032));
#6394 = CARTESIAN_POINT('',(-5.560142289953,7.835925393528,
    13.830272739745));
#6395 = CARTESIAN_POINT('',(-5.562652818509,7.837749240011,
    13.832586968185));
#6396 = ORIENTED_EDGE('',*,*,#6397,.F.);
#6397 = EDGE_CURVE('',#4403,#6389,#6398,.T.);
#6398 = B_SPLINE_CURVE_WITH_KNOTS('',3,(#6399,#6400,#6401,#6402,#6403,
    #6404,#6405,#6406,#6407,#6408),.UNSPECIFIED.,.F.,.F.,(4,3,3,4),(
    0.227655955525,0.232647179495,0.270051823247,0.28639584717),
  .UNSPECIFIED.);
#6399 = CARTESIAN_POINT('',(-5.962652818509,8.2833014337,13.728977438442
    ));
#6400 = CARTESIAN_POINT('',(-5.951449216763,8.27102112675,
    13.732771845175));
#6401 = CARTESIAN_POINT('',(-5.940305576659,8.258789654859,
    13.73647026905));
#6402 = CARTESIAN_POINT('',(-5.929228153892,8.246614176107,
    13.740071940969));
#6403 = CARTESIAN_POINT('',(-5.846213034786,8.155370134961,
    13.767063167137));
#6404 = CARTESIAN_POINT('',(-5.763158518123,8.063181128901,
    13.790027116111));
#6405 = CARTESIAN_POINT('',(-5.676782459027,7.966315296623,
    13.809473657691));
#6406 = CARTESIAN_POINT('',(-5.639040290283,7.923989603304,
    13.817970857742));
#6407 = CARTESIAN_POINT('',(-5.600952409394,7.88108802975,
    13.825702693838));
#6408 = CARTESIAN_POINT('',(-5.562652818509,7.837749240011,
    13.832586968185));
#6409 = ORIENTED_EDGE('',*,*,#4402,.T.);
#6410 = ORIENTED_EDGE('',*,*,#6411,.T.);
#6411 = EDGE_CURVE('',#4395,#2379,#6412,.T.);
#6412 = ( BOUNDED_CURVE() B_SPLINE_CURVE(2,(#6413,#6414,#6415),
.UNSPECIFIED.,.F.,.F.) B_SPLINE_CURVE_WITH_KNOTS((3,3),(0.,
4.743218876773E-02),.PIECEWISE_BEZIER_KNOTS.) CURVE() 
GEOMETRIC_REPRESENTATION_ITEM() RATIONAL_B_SPLINE_CURVE((1.,
1.037616403906,1.051256767388)) REPRESENTATION_ITEM('') );
#6413 = CARTESIAN_POINT('',(-5.962652818509,7.865425351621,
    14.549371867901));
#6414 = CARTESIAN_POINT('',(-5.756618474452,7.589001272214,
    14.549371867901));
#6415 = CARTESIAN_POINT('',(-5.627582325023,7.364033610973,
    14.549371867901));
#6416 = CONICAL_SURFACE('',#6417,1.5,0.785398163397);
#6417 = AXIS2_PLACEMENT_3D('',#6418,#6419,#6420);
#6418 = CARTESIAN_POINT('',(-5.66265281851,6.523784565121,
    13.349371867901));
#6419 = DIRECTION('',(-1.,2.663871927612E-13,-9.473355435441E-17));
#6420 = DIRECTION('',(1.527158155288E-13,0.573576436351,0.819152044289)
  );
#6421 = ADVANCED_FACE('',(#6422),#6456,.T.);
#6422 = FACE_BOUND('',#6423,.T.);
#6423 = EDGE_LOOP('',(#6424,#6434,#6442,#6450));
#6424 = ORIENTED_EDGE('',*,*,#6425,.F.);
#6425 = EDGE_CURVE('',#6426,#6428,#6430,.T.);
#6426 = VERTEX_POINT('',#6427);
#6427 = CARTESIAN_POINT('',(-8.462652818515,-11.61471863516,
    8.249371867876));
#6428 = VERTEX_POINT('',#6429);
#6429 = CARTESIAN_POINT('',(-8.462652818513,-6.887789030414,
    8.249371867876));
#6430 = LINE('',#6431,#6432);
#6431 = CARTESIAN_POINT('',(-8.462652818514,-8.0695214316,8.249371867876
    ));
#6432 = VECTOR('',#6433,1.);
#6433 = DIRECTION('',(2.665319655793E-13,1.,-2.348719184459E-16));
#6434 = ORIENTED_EDGE('',*,*,#6435,.T.);
#6435 = EDGE_CURVE('',#6426,#6436,#6438,.T.);
#6436 = VERTEX_POINT('',#6437);
#6437 = CARTESIAN_POINT('',(-9.062652818515,-11.61471863516,
    8.249371867876));
#6438 = LINE('',#6439,#6440);
#6439 = CARTESIAN_POINT('',(-7.862652818515,-11.61471863516,
    8.249371867876));
#6440 = VECTOR('',#6441,1.);
#6441 = DIRECTION('',(-1.,2.6645352591E-13,0.));
#6442 = ORIENTED_EDGE('',*,*,#6443,.F.);
#6443 = EDGE_CURVE('',#6444,#6436,#6446,.T.);
#6444 = VERTEX_POINT('',#6445);
#6445 = CARTESIAN_POINT('',(-9.062652818513,-6.887789030414,
    8.249371867876));
#6446 = LINE('',#6447,#6448);
#6447 = CARTESIAN_POINT('',(-9.062652818513,-6.887789030414,
    8.249371867876));
#6448 = VECTOR('',#6449,1.);
#6449 = DIRECTION('',(-2.665319655793E-13,-1.,2.348719184459E-16));
#6450 = ORIENTED_EDGE('',*,*,#6451,.F.);
#6451 = EDGE_CURVE('',#6428,#6444,#6452,.T.);
#6452 = LINE('',#6453,#6454);
#6453 = CARTESIAN_POINT('',(-7.862652818513,-6.887789030414,
    8.249371867876));
#6454 = VECTOR('',#6455,1.);
#6455 = DIRECTION('',(-1.,2.6645352591E-13,0.));
#6456 = PLANE('',#6457);
#6457 = AXIS2_PLACEMENT_3D('',#6458,#6459,#6460);
#6458 = CARTESIAN_POINT('',(-7.862652818513,-6.887789030414,
    8.249371867876));
#6459 = DIRECTION('',(-6.258245080715E-29,-2.348719184459E-16,-1.));
#6460 = DIRECTION('',(0.,-1.,2.348719184459E-16));
#6461 = ADVANCED_FACE('',(#6462),#6487,.T.);
#6462 = FACE_BOUND('',#6463,.T.);
#6463 = EDGE_LOOP('',(#6464,#6474,#6480,#6481));
#6464 = ORIENTED_EDGE('',*,*,#6465,.T.);
#6465 = EDGE_CURVE('',#6466,#6468,#6470,.T.);
#6466 = VERTEX_POINT('',#6467);
#6467 = CARTESIAN_POINT('',(-9.062652818513,-6.887789030414,
    8.84937186793));
#6468 = VERTEX_POINT('',#6469);
#6469 = CARTESIAN_POINT('',(-7.862652818513,-6.887789030414,
    8.84937186793));
#6470 = LINE('',#6471,#6472);
#6471 = CARTESIAN_POINT('',(-7.862652818513,-6.887789030414,
    8.84937186793));
#6472 = VECTOR('',#6473,1.);
#6473 = DIRECTION('',(1.,-2.6645352591E-13,0.));
#6474 = ORIENTED_EDGE('',*,*,#6475,.F.);
#6475 = EDGE_CURVE('',#6428,#6468,#6476,.T.);
#6476 = LINE('',#6477,#6478);
#6477 = CARTESIAN_POINT('',(-7.587652818507,-6.887789030414,
    9.124371867883));
#6478 = VECTOR('',#6479,1.);
#6479 = DIRECTION('',(0.707106781187,-1.884110950421E-13,0.707106781187)
  );
#6480 = ORIENTED_EDGE('',*,*,#6451,.T.);
#6481 = ORIENTED_EDGE('',*,*,#6482,.F.);
#6482 = EDGE_CURVE('',#6466,#6444,#6483,.T.);
#6483 = LINE('',#6484,#6485);
#6484 = CARTESIAN_POINT('',(-9.062652818513,-6.887789030414,
    10.549371867901));
#6485 = VECTOR('',#6486,1.);
#6486 = DIRECTION('',(0.,0.,-1.));
#6487 = PLANE('',#6488);
#6488 = AXIS2_PLACEMENT_3D('',#6489,#6490,#6491);
#6489 = CARTESIAN_POINT('',(-7.862652818513,-6.887789030414,
    10.549371867901));
#6490 = DIRECTION('',(2.6645352591E-13,1.,0.));
#6491 = DIRECTION('',(1.,-2.6645352591E-13,0.));
#6492 = ADVANCED_FACE('',(#6493),#6519,.T.);
#6493 = FACE_BOUND('',#6494,.T.);
#6494 = EDGE_LOOP('',(#6495,#6503,#6504,#6505,#6511,#6512));
#6495 = ORIENTED_EDGE('',*,*,#6496,.T.);
#6496 = EDGE_CURVE('',#6497,#6426,#6499,.T.);
#6497 = VERTEX_POINT('',#6498);
#6498 = CARTESIAN_POINT('',(-6.862652818564,-11.61471863516,
    9.849371867827));
#6499 = LINE('',#6500,#6501);
#6500 = CARTESIAN_POINT('',(-6.537652818519,-11.61471863516,
    10.174371867871));
#6501 = VECTOR('',#6502,1.);
#6502 = DIRECTION('',(-0.707106781187,1.884110950412E-13,-0.707106781187
    ));
#6503 = ORIENTED_EDGE('',*,*,#6425,.T.);
#6504 = ORIENTED_EDGE('',*,*,#6475,.T.);
#6505 = ORIENTED_EDGE('',*,*,#6506,.T.);
#6506 = EDGE_CURVE('',#6468,#928,#6507,.T.);
#6507 = LINE('',#6508,#6509);
#6508 = CARTESIAN_POINT('',(-7.862652818512,-2.768657836529,
    8.84937186793));
#6509 = VECTOR('',#6510,1.);
#6510 = DIRECTION('',(-2.665319655793E-13,-1.,0.));
#6511 = ORIENTED_EDGE('',*,*,#927,.F.);
#6512 = ORIENTED_EDGE('',*,*,#6513,.F.);
#6513 = EDGE_CURVE('',#6497,#920,#6514,.T.);
#6514 = ( BOUNDED_CURVE() B_SPLINE_CURVE(3,(#6515,#6516,#6517,#6518),
.UNSPECIFIED.,.F.,.F.) B_SPLINE_CURVE_WITH_KNOTS((4,4),(4.712388980385,
5.497787143792),.PIECEWISE_BEZIER_KNOTS.) CURVE() 
GEOMETRIC_REPRESENTATION_ITEM() RATIONAL_B_SPLINE_CURVE((1.,
0.949253021673,0.949253021673,1.)) REPRESENTATION_ITEM('') );
#6515 = CARTESIAN_POINT('',(-6.862652818564,-11.61471863516,
    9.849371867827));
#6516 = CARTESIAN_POINT('',(-7.131413920632,-11.61471863516,
    9.580610765759));
#6517 = CARTESIAN_POINT('',(-7.379716801968,-11.51186821413,
    9.332307884423));
#6518 = CARTESIAN_POINT('',(-7.569759599757,-11.32182541633,
    9.142265086634));
#6519 = PLANE('',#6520);
#6520 = AXIS2_PLACEMENT_3D('',#6521,#6522,#6523);
#6521 = CARTESIAN_POINT('',(-8.162652818514,-8.0695214316,8.549371867876
    ));
#6522 = DIRECTION('',(0.707106781187,-1.886326397904E-13,-0.707106781187
    ));
#6523 = DIRECTION('',(0.,-1.,2.667668374978E-13));
#6524 = ADVANCED_FACE('',(#6525),#6575,.T.);
#6525 = FACE_BOUND('',#6526,.T.);
#6526 = EDGE_LOOP('',(#6527,#6537,#6543,#6544,#6553,#6559,#6560,#6569));
#6527 = ORIENTED_EDGE('',*,*,#6528,.F.);
#6528 = EDGE_CURVE('',#6529,#6531,#6533,.T.);
#6529 = VERTEX_POINT('',#6530);
#6530 = CARTESIAN_POINT('',(-2.962652818515,-11.61471863516,
    14.549371867901));
#6531 = VERTEX_POINT('',#6532);
#6532 = CARTESIAN_POINT('',(-2.962652818513,-7.114718635161,
    14.549371867901));
#6533 = LINE('',#6534,#6535);
#6534 = CARTESIAN_POINT('',(-2.962652818513,-7.48971863517,
    14.549371867901));
#6535 = VECTOR('',#6536,1.);
#6536 = DIRECTION('',(2.6645352591E-13,1.,0.));
#6537 = ORIENTED_EDGE('',*,*,#6538,.T.);
#6538 = EDGE_CURVE('',#6529,#960,#6539,.T.);
#6539 = LINE('',#6540,#6541);
#6540 = CARTESIAN_POINT('',(-2.962652818515,-11.61471863516,
    16.549371867901));
#6541 = VECTOR('',#6542,1.);
#6542 = DIRECTION('',(-5.918198499695E-28,-2.22044604925E-15,1.));
#6543 = ORIENTED_EDGE('',*,*,#959,.F.);
#6544 = ORIENTED_EDGE('',*,*,#6545,.F.);
#6545 = EDGE_CURVE('',#6546,#952,#6548,.T.);
#6546 = VERTEX_POINT('',#6547);
#6547 = CARTESIAN_POINT('',(-2.962652818514,-10.61471863516,
    16.549371867901));
#6548 = CIRCLE('',#6549,1.);
#6549 = AXIS2_PLACEMENT_3D('',#6550,#6551,#6552);
#6550 = CARTESIAN_POINT('',(-2.962652818514,-10.61471863516,
    15.549371867901));
#6551 = DIRECTION('',(1.,-2.6645352591E-13,-6.310887241768E-28));
#6552 = DIRECTION('',(-1.884110950421E-13,-0.707106781187,0.707106781187
    ));
#6553 = ORIENTED_EDGE('',*,*,#6554,.T.);
#6554 = EDGE_CURVE('',#6546,#992,#6555,.T.);
#6555 = LINE('',#6556,#6557);
#6556 = CARTESIAN_POINT('',(-2.962652818513,-7.114718635161,
    16.549371867901));
#6557 = VECTOR('',#6558,1.);
#6558 = DIRECTION('',(2.665319655793E-13,1.,0.));
#6559 = ORIENTED_EDGE('',*,*,#991,.F.);
#6560 = ORIENTED_EDGE('',*,*,#6561,.F.);
#6561 = EDGE_CURVE('',#6562,#984,#6564,.T.);
#6562 = VERTEX_POINT('',#6563);
#6563 = CARTESIAN_POINT('',(-2.962652818513,-7.114718635161,
    15.549371867901));
#6564 = CIRCLE('',#6565,1.);
#6565 = AXIS2_PLACEMENT_3D('',#6566,#6567,#6568);
#6566 = CARTESIAN_POINT('',(-2.962652818514,-8.114718635161,
    15.549371867901));
#6567 = DIRECTION('',(1.,-2.6645352591E-13,5.048709793414E-28));
#6568 = DIRECTION('',(1.884110950421E-13,0.707106781187,0.707106781187)
  );
#6569 = ORIENTED_EDGE('',*,*,#6570,.T.);
#6570 = EDGE_CURVE('',#6562,#6531,#6571,.T.);
#6571 = LINE('',#6572,#6573);
#6572 = CARTESIAN_POINT('',(-2.962652818513,-7.114718635161,
    10.549371867901));
#6573 = VECTOR('',#6574,1.);
#6574 = DIRECTION('',(5.918198499695E-28,2.22044604925E-15,-1.));
#6575 = PLANE('',#6576);
#6576 = AXIS2_PLACEMENT_3D('',#6577,#6578,#6579);
#6577 = CARTESIAN_POINT('',(-2.962652818514,-9.364718635161,
    13.549371867901));
#6578 = DIRECTION('',(-1.,2.6645352591E-13,0.));
#6579 = DIRECTION('',(0.,0.,1.));
#6580 = ADVANCED_FACE('',(#6581),#6608,.F.);
#6581 = FACE_BOUND('',#6582,.F.);
#6582 = EDGE_LOOP('',(#6583,#6592,#6599,#6600,#6607));
#6583 = ORIENTED_EDGE('',*,*,#6584,.T.);
#6584 = EDGE_CURVE('',#2338,#6585,#6587,.T.);
#6585 = VERTEX_POINT('',#6586);
#6586 = CARTESIAN_POINT('',(-3.498551203376,-7.114718635161,
    12.549371867901));
#6587 = B_SPLINE_CURVE_WITH_KNOTS('',3,(#6588,#6589,#6590,#6591),
  .UNSPECIFIED.,.F.,.F.,(4,4),(0.752373254279,1.),
  .PIECEWISE_BEZIER_KNOTS.);
#6588 = CARTESIAN_POINT('',(-4.13477723613,-6.935064439774,
    11.721312485293));
#6589 = CARTESIAN_POINT('',(-3.871879211566,-7.055401407617,
    11.985627043932));
#6590 = CARTESIAN_POINT('',(-3.659630147869,-7.114714156707,
    12.270397517609));
#6591 = CARTESIAN_POINT('',(-3.498551203376,-7.114718635161,
    12.549371867901));
#6592 = ORIENTED_EDGE('',*,*,#6593,.T.);
#6593 = EDGE_CURVE('',#6585,#6531,#6594,.T.);
#6594 = CIRCLE('',#6595,4.);
#6595 = AXIS2_PLACEMENT_3D('',#6596,#6597,#6598);
#6596 = CARTESIAN_POINT('',(-6.962652818513,-7.11471863516,
    14.549371867901));
#6597 = DIRECTION('',(-2.675637489347E-13,-1.,-1.110223024625E-15));
#6598 = DIRECTION('',(0.707106781187,-1.884110950421E-13,-0.707106781187
    ));
#6599 = ORIENTED_EDGE('',*,*,#6528,.F.);
#6600 = ORIENTED_EDGE('',*,*,#6601,.F.);
#6601 = EDGE_CURVE('',#2355,#6529,#6602,.T.);
#6602 = CIRCLE('',#6603,4.);
#6603 = AXIS2_PLACEMENT_3D('',#6604,#6605,#6606);
#6604 = CARTESIAN_POINT('',(-6.962652818515,-11.61471863516,
    14.549371867901));
#6605 = DIRECTION('',(-2.664535259094E-13,-1.,5.906990458295E-25));
#6606 = DIRECTION('',(0.707106781187,-1.884110950421E-13,-0.707106781187
    ));
#6607 = ORIENTED_EDGE('',*,*,#2354,.T.);
#6608 = CYLINDRICAL_SURFACE('',#6609,4.);
#6609 = AXIS2_PLACEMENT_3D('',#6610,#6611,#6612);
#6610 = CARTESIAN_POINT('',(-6.962652818513,-7.489718635169,
    14.549371867901));
#6611 = DIRECTION('',(2.6645352591E-13,1.,3.029225876049E-28));
#6612 = DIRECTION('',(0.707106781187,-1.884110950421E-13,-0.707106781187
    ));
#6613 = ADVANCED_FACE('',(#6614),#6632,.F.);
#6614 = FACE_BOUND('',#6615,.F.);
#6615 = EDGE_LOOP('',(#6616,#6617,#6625,#6631));
#6616 = ORIENTED_EDGE('',*,*,#1816,.F.);
#6617 = ORIENTED_EDGE('',*,*,#6618,.T.);
#6618 = EDGE_CURVE('',#1807,#6619,#6621,.T.);
#6619 = VERTEX_POINT('',#6620);
#6620 = CARTESIAN_POINT('',(-4.662652818483,-1.814718635122,
    8.84937186793));
#6621 = LINE('',#6622,#6623);
#6622 = CARTESIAN_POINT('',(-4.162652818512,-1.814718635122,
    9.349371867901));
#6623 = VECTOR('',#6624,1.);
#6624 = DIRECTION('',(-0.707106781187,1.884110950421E-13,-0.707106781187
    ));
#6625 = ORIENTED_EDGE('',*,*,#6626,.F.);
#6626 = EDGE_CURVE('',#2307,#6619,#6627,.T.);
#6627 = ( BOUNDED_CURVE() B_SPLINE_CURVE(2,(#6628,#6629,#6630),
.UNSPECIFIED.,.F.,.F.) B_SPLINE_CURVE_WITH_KNOTS((3,3),(0.11848910056,
0.232379000768),.PIECEWISE_BEZIER_KNOTS.) CURVE() 
GEOMETRIC_REPRESENTATION_ITEM() RATIONAL_B_SPLINE_CURVE((2.899494935789,
3.499999998948,3.499999998927)) REPRESENTATION_ITEM('') );
#6628 = CARTESIAN_POINT('',(-4.538388749665,-2.114718635212,
    8.849371868002));
#6629 = CARTESIAN_POINT('',(-4.662652818408,-1.938982703872,
    8.849371868006));
#6630 = CARTESIAN_POINT('',(-4.662652818483,-1.814718635122,
    8.84937186793));
#6631 = ORIENTED_EDGE('',*,*,#2306,.T.);
#6632 = CONICAL_SURFACE('',#6633,0.8,0.785398163397);
#6633 = AXIS2_PLACEMENT_3D('',#6634,#6635,#6636);
#6634 = CARTESIAN_POINT('',(-4.162652818512,-1.814718635122,
    8.549371867901));
#6635 = DIRECTION('',(1.,-2.66468233348E-13,1.470743799263E-17));
#6636 = DIRECTION('',(-1.884318944969E-13,-0.707106781174,0.7071067812)
  );
#6637 = ADVANCED_FACE('',(#6638),#6663,.T.);
#6638 = FACE_BOUND('',#6639,.T.);
#6639 = EDGE_LOOP('',(#6640,#6641,#6647,#6648,#6649,#6657));
#6640 = ORIENTED_EDGE('',*,*,#2199,.F.);
#6641 = ORIENTED_EDGE('',*,*,#6642,.F.);
#6642 = EDGE_CURVE('',#6466,#2191,#6643,.T.);
#6643 = LINE('',#6644,#6645);
#6644 = CARTESIAN_POINT('',(-9.062652818512,-3.559955834648,
    8.84937186793));
#6645 = VECTOR('',#6646,1.);
#6646 = DIRECTION('',(2.6645352591E-13,1.,0.));
#6647 = ORIENTED_EDGE('',*,*,#6482,.T.);
#6648 = ORIENTED_EDGE('',*,*,#6443,.T.);
#6649 = ORIENTED_EDGE('',*,*,#6650,.T.);
#6650 = EDGE_CURVE('',#6436,#6651,#6653,.T.);
#6651 = VERTEX_POINT('',#6652);
#6652 = CARTESIAN_POINT('',(-9.062652818515,-11.61471863516,
    9.049371867901));
#6653 = LINE('',#6654,#6655);
#6654 = CARTESIAN_POINT('',(-9.062652818515,-11.61471863516,
    8.249371867876));
#6655 = VECTOR('',#6656,1.);
#6656 = DIRECTION('',(0.,0.,1.));
#6657 = ORIENTED_EDGE('',*,*,#6658,.F.);
#6658 = EDGE_CURVE('',#2172,#6651,#6659,.T.);
#6659 = LINE('',#6660,#6661);
#6660 = CARTESIAN_POINT('',(-9.062652818513,-7.432986233982,
    9.049371867901));
#6661 = VECTOR('',#6662,1.);
#6662 = DIRECTION('',(-2.6645352591E-13,-1.,0.));
#6663 = PLANE('',#6664);
#6664 = AXIS2_PLACEMENT_3D('',#6665,#6666,#6667);
#6665 = CARTESIAN_POINT('',(-9.062652818514,-9.251253832787,
    9.399371867889));
#6666 = DIRECTION('',(-1.,2.6645352591E-13,0.));
#6667 = DIRECTION('',(0.,0.,1.));
#6668 = ADVANCED_FACE('',(#6669),#6681,.F.);
#6669 = FACE_BOUND('',#6670,.F.);
#6670 = EDGE_LOOP('',(#6671,#6672,#6673,#6680));
#6671 = ORIENTED_EDGE('',*,*,#3578,.F.);
#6672 = ORIENTED_EDGE('',*,*,#4297,.F.);
#6673 = ORIENTED_EDGE('',*,*,#6674,.F.);
#6674 = EDGE_CURVE('',#2275,#4298,#6675,.T.);
#6675 = CIRCLE('',#6676,1.4);
#6676 = AXIS2_PLACEMENT_3D('',#6677,#6678,#6679);
#6677 = CARTESIAN_POINT('',(-4.942551805834,-0.414718635122,
    10.549371867901));
#6678 = DIRECTION('',(-0.,0.,1.));
#6679 = DIRECTION('',(0.382683432365,-0.923879532511,0.));
#6680 = ORIENTED_EDGE('',*,*,#2274,.T.);
#6681 = CYLINDRICAL_SURFACE('',#6682,1.4);
#6682 = AXIS2_PLACEMENT_3D('',#6683,#6684,#6685);
#6683 = CARTESIAN_POINT('',(-4.942551805834,-0.414718635122,
    10.449371867895));
#6684 = DIRECTION('',(0.,0.,-1.));
#6685 = DIRECTION('',(0.382683432365,-0.923879532511,0.));
#6686 = ADVANCED_FACE('',(#6687),#6743,.F.);
#6687 = FACE_BOUND('',#6688,.T.);
#6688 = EDGE_LOOP('',(#6689,#6697,#6703,#6704,#6713,#6719,#6720,#6729,
    #6735,#6736,#6737,#6738,#6739,#6740,#6741,#6742));
#6689 = ORIENTED_EDGE('',*,*,#6690,.F.);
#6690 = EDGE_CURVE('',#6691,#3595,#6693,.T.);
#6691 = VERTEX_POINT('',#6692);
#6692 = CARTESIAN_POINT('',(-3.462652818512,-0.3348196478,
    10.549371867901));
#6693 = LINE('',#6694,#6695);
#6694 = CARTESIAN_POINT('',(-3.462652818512,-0.3348196478,
    10.249371867884));
#6695 = VECTOR('',#6696,1.);
#6696 = DIRECTION('',(0.,0.,-1.));
#6697 = ORIENTED_EDGE('',*,*,#6698,.T.);
#6698 = EDGE_CURVE('',#6691,#1070,#6699,.T.);
#6699 = LINE('',#6700,#6701);
#6700 = CARTESIAN_POINT('',(-3.462652818514,-10.11471863515,
    10.549371867901));
#6701 = VECTOR('',#6702,1.);
#6702 = DIRECTION('',(2.665319655793E-13,1.,0.));
#6703 = ORIENTED_EDGE('',*,*,#1079,.F.);
#6704 = ORIENTED_EDGE('',*,*,#6705,.F.);
#6705 = EDGE_CURVE('',#6706,#1080,#6708,.T.);
#6706 = VERTEX_POINT('',#6707);
#6707 = CARTESIAN_POINT('',(-3.462652818511,2.212210969749,
    11.549371867901));
#6708 = CIRCLE('',#6709,0.5);
#6709 = AXIS2_PLACEMENT_3D('',#6710,#6711,#6712);
#6710 = CARTESIAN_POINT('',(-3.462652818511,2.212210969749,
    11.049371867901));
#6711 = DIRECTION('',(-1.,2.664927457447E-13,-3.921983464557E-17));
#6712 = DIRECTION('',(1.884110950421E-13,0.707106781187,0.707106781187)
  );
#6713 = ORIENTED_EDGE('',*,*,#6714,.T.);
#6714 = EDGE_CURVE('',#6706,#1119,#6715,.T.);
#6715 = LINE('',#6716,#6717);
#6716 = CARTESIAN_POINT('',(-3.462652818513,-5.814718635179,
    11.549371867901));
#6717 = VECTOR('',#6718,1.);
#6718 = DIRECTION('',(-2.665319655793E-13,-1.,-3.906059071897E-16));
#6719 = ORIENTED_EDGE('',*,*,#1118,.F.);
#6720 = ORIENTED_EDGE('',*,*,#6721,.F.);
#6721 = EDGE_CURVE('',#6722,#1111,#6724,.T.);
#6722 = VERTEX_POINT('',#6723);
#6723 = CARTESIAN_POINT('',(-3.462652818513,-4.314718635179,
    14.549371867901));
#6724 = CIRCLE('',#6725,1.5);
#6725 = AXIS2_PLACEMENT_3D('',#6726,#6727,#6728);
#6726 = CARTESIAN_POINT('',(-3.462652818513,-4.314718635179,
    13.049371867901));
#6727 = DIRECTION('',(1.,-2.664927457447E-13,3.92198346461E-17));
#6728 = DIRECTION('',(-1.884110950421E-13,-0.707106781187,
    -0.707106781187));
#6729 = ORIENTED_EDGE('',*,*,#6730,.T.);
#6730 = EDGE_CURVE('',#6722,#2904,#6731,.T.);
#6731 = LINE('',#6732,#6733);
#6732 = CARTESIAN_POINT('',(-3.462652818509,7.364033610972,
    14.549371867901));
#6733 = VECTOR('',#6734,1.);
#6734 = DIRECTION('',(2.665319655793E-13,1.,3.369736387447E-16));
#6735 = ORIENTED_EDGE('',*,*,#2901,.F.);
#6736 = ORIENTED_EDGE('',*,*,#4255,.T.);
#6737 = ORIENTED_EDGE('',*,*,#3360,.F.);
#6738 = ORIENTED_EDGE('',*,*,#4104,.F.);
#6739 = ORIENTED_EDGE('',*,*,#4136,.T.);
#6740 = ORIENTED_EDGE('',*,*,#3477,.F.);
#6741 = ORIENTED_EDGE('',*,*,#4025,.F.);
#6742 = ORIENTED_EDGE('',*,*,#3603,.T.);
#6743 = PLANE('',#6744);
#6744 = AXIS2_PLACEMENT_3D('',#6745,#6746,#6747);
#6745 = CARTESIAN_POINT('',(-3.462652818509,10.841075386499,
    10.149371867878));
#6746 = DIRECTION('',(1.,-2.665319655793E-13,0.));
#6747 = DIRECTION('',(-2.665319655793E-13,-1.,0.));
#6748 = ADVANCED_FACE('',(#6749),#6761,.F.);
#6749 = FACE_BOUND('',#6750,.F.);
#6750 = EDGE_LOOP('',(#6751,#6752,#6753,#6760));
#6751 = ORIENTED_EDGE('',*,*,#3594,.F.);
#6752 = ORIENTED_EDGE('',*,*,#6690,.F.);
#6753 = ORIENTED_EDGE('',*,*,#6754,.F.);
#6754 = EDGE_CURVE('',#2233,#6691,#6755,.T.);
#6755 = CIRCLE('',#6756,1.4);
#6756 = AXIS2_PLACEMENT_3D('',#6757,#6758,#6759);
#6757 = CARTESIAN_POINT('',(-4.862652818512,-0.334819647799,
    10.549371867901));
#6758 = DIRECTION('',(-0.,0.,1.));
#6759 = DIRECTION('',(0.923879532511,-0.382683432365,0.));
#6760 = ORIENTED_EDGE('',*,*,#2232,.T.);
#6761 = CYLINDRICAL_SURFACE('',#6762,1.4);
#6762 = AXIS2_PLACEMENT_3D('',#6763,#6764,#6765);
#6763 = CARTESIAN_POINT('',(-4.862652818512,-0.334819647799,
    10.249371867884));
#6764 = DIRECTION('',(0.,0.,-1.));
#6765 = DIRECTION('',(0.923879532511,-0.382683432365,0.));
#6766 = ADVANCED_FACE('',(#6767),#6794,.T.);
#6767 = FACE_BOUND('',#6768,.T.);
#6768 = EDGE_LOOP('',(#6769,#6770,#6779,#6787));
#6769 = ORIENTED_EDGE('',*,*,#2182,.F.);
#6770 = ORIENTED_EDGE('',*,*,#6771,.T.);
#6771 = EDGE_CURVE('',#2174,#6772,#6774,.T.);
#6772 = VERTEX_POINT('',#6773);
#6773 = CARTESIAN_POINT('',(-8.062652818512,-1.814718635121,
    10.049371867901));
#6774 = ( BOUNDED_CURVE() B_SPLINE_CURVE(3,(#6775,#6776,#6777,#6778),
.UNSPECIFIED.,.F.,.F.) B_SPLINE_CURVE_WITH_KNOTS((4,4),(0.785398163397,
1.570796326795),.PIECEWISE_BEZIER_KNOTS.) CURVE() 
GEOMETRIC_REPRESENTATION_ITEM() RATIONAL_B_SPLINE_CURVE((1.,
0.949253021674,0.949253021674,1.)) REPRESENTATION_ITEM('') );
#6775 = CARTESIAN_POINT('',(-8.769759599699,-2.107611853934,
    9.342265086714));
#6776 = CARTESIAN_POINT('',(-8.579716801909,-1.917569056145,
    9.532307884504));
#6777 = CARTESIAN_POINT('',(-8.331413920577,-1.814718635121,
    9.780610765836));
#6778 = CARTESIAN_POINT('',(-8.062652818512,-1.814718635121,
    10.049371867901));
#6779 = ORIENTED_EDGE('',*,*,#6780,.T.);
#6780 = EDGE_CURVE('',#6772,#6781,#6783,.T.);
#6781 = VERTEX_POINT('',#6782);
#6782 = CARTESIAN_POINT('',(-8.062652818512,-1.814718635121,
    8.84937186793));
#6783 = LINE('',#6784,#6785);
#6784 = CARTESIAN_POINT('',(-8.062652818512,-1.814718635121,
    9.974371867895));
#6785 = VECTOR('',#6786,1.);
#6786 = DIRECTION('',(0.,0.,-1.));
#6787 = ORIENTED_EDGE('',*,*,#6788,.T.);
#6788 = EDGE_CURVE('',#6781,#2183,#6789,.T.);
#6789 = CIRCLE('',#6790,1.);
#6790 = AXIS2_PLACEMENT_3D('',#6791,#6792,#6793);
#6791 = CARTESIAN_POINT('',(-8.062652818512,-2.814718635121,
    8.84937186793));
#6792 = DIRECTION('',(-1.028588460084E-11,-1.028588460084E-11,1.));
#6793 = DIRECTION('',(-0.707106781186,0.707106781187,8.885729236409E-27)
  );
#6794 = CYLINDRICAL_SURFACE('',#6795,1.);
#6795 = AXIS2_PLACEMENT_3D('',#6796,#6797,#6798);
#6796 = CARTESIAN_POINT('',(-8.062652818512,-2.814718635121,
    9.974371867895));
#6797 = DIRECTION('',(0.,0.,-1.));
#6798 = DIRECTION('',(-0.707106781186,0.707106781187,0.));
#6799 = ADVANCED_FACE('',(#6800),#6834,.T.);
#6800 = FACE_BOUND('',#6801,.T.);
#6801 = EDGE_LOOP('',(#6802,#6811,#6817,#6818,#6819,#6820,#6826,#6827,
    #6833));
#6802 = ORIENTED_EDGE('',*,*,#6803,.F.);
#6803 = EDGE_CURVE('',#6804,#2141,#6806,.T.);
#6804 = VERTEX_POINT('',#6805);
#6805 = CARTESIAN_POINT('',(-7.148439256139,-1.814718635121,
    10.549371867901));
#6806 = CIRCLE('',#6807,1.);
#6807 = AXIS2_PLACEMENT_3D('',#6808,#6809,#6810);
#6808 = CARTESIAN_POINT('',(-7.148439256139,-1.814718635121,
    9.549371867901));
#6809 = DIRECTION('',(-2.66061342937E-13,-1.,-9.46813452514E-16));
#6810 = DIRECTION('',(-0.382683432365,1.009425263649E-13,0.923879532511)
  );
#6811 = ORIENTED_EDGE('',*,*,#6812,.F.);
#6812 = EDGE_CURVE('',#2258,#6804,#6813,.T.);
#6813 = LINE('',#6814,#6815);
#6814 = CARTESIAN_POINT('',(-4.362652818512,-1.814718635122,
    10.549371867901));
#6815 = VECTOR('',#6816,1.);
#6816 = DIRECTION('',(-1.,2.6645352591E-13,0.));
#6817 = ORIENTED_EDGE('',*,*,#2255,.F.);
#6818 = ORIENTED_EDGE('',*,*,#3571,.T.);
#6819 = ORIENTED_EDGE('',*,*,#6618,.T.);
#6820 = ORIENTED_EDGE('',*,*,#6821,.F.);
#6821 = EDGE_CURVE('',#6781,#6619,#6822,.T.);
#6822 = LINE('',#6823,#6824);
#6823 = CARTESIAN_POINT('',(-9.062652818512,-1.81471863512,8.84937186793
    ));
#6824 = VECTOR('',#6825,1.);
#6825 = DIRECTION('',(1.,-2.6645352591E-13,0.));
#6826 = ORIENTED_EDGE('',*,*,#6780,.F.);
#6827 = ORIENTED_EDGE('',*,*,#6828,.F.);
#6828 = EDGE_CURVE('',#2149,#6772,#6829,.T.);
#6829 = LINE('',#6830,#6831);
#6830 = CARTESIAN_POINT('',(-7.137652818512,-1.814718635121,
    10.974371867901));
#6831 = VECTOR('',#6832,1.);
#6832 = DIRECTION('',(-0.707106781187,1.884110950421E-13,-0.707106781187
    ));
#6833 = ORIENTED_EDGE('',*,*,#2148,.F.);
#6834 = PLANE('',#6835);
#6835 = AXIS2_PLACEMENT_3D('',#6836,#6837,#6838);
#6836 = CARTESIAN_POINT('',(-4.362652818512,-1.814718635122,
    10.549371867901));
#6837 = DIRECTION('',(2.6645352591E-13,1.,0.));
#6838 = DIRECTION('',(1.,-2.6645352591E-13,0.));
#6839 = ADVANCED_FACE('',(#6840),#6853,.T.);
#6840 = FACE_BOUND('',#6841,.T.);
#6841 = EDGE_LOOP('',(#6842,#6843,#6844,#6845,#6846,#6847));
#6842 = ORIENTED_EDGE('',*,*,#2157,.F.);
#6843 = ORIENTED_EDGE('',*,*,#6828,.T.);
#6844 = ORIENTED_EDGE('',*,*,#6771,.F.);
#6845 = ORIENTED_EDGE('',*,*,#2171,.F.);
#6846 = ORIENTED_EDGE('',*,*,#6658,.T.);
#6847 = ORIENTED_EDGE('',*,*,#6848,.T.);
#6848 = EDGE_CURVE('',#6651,#2130,#6849,.T.);
#6849 = LINE('',#6850,#6851);
#6850 = CARTESIAN_POINT('',(-6.962652818526,-11.61471863516,
    11.14937186789));
#6851 = VECTOR('',#6852,1.);
#6852 = DIRECTION('',(0.707106781187,-1.884110950412E-13,0.707106781187)
  );
#6853 = PLANE('',#6854);
#6854 = AXIS2_PLACEMENT_3D('',#6855,#6856,#6857);
#6855 = CARTESIAN_POINT('',(-8.312652818513,-7.432986233982,
    9.799371867901));
#6856 = DIRECTION('',(-0.707106781187,1.884110950421E-13,0.707106781187)
  );
#6857 = DIRECTION('',(2.6645352591E-13,1.,0.));
#6858 = ADVANCED_FACE('',(#6859),#6878,.T.);
#6859 = FACE_BOUND('',#6860,.T.);
#6860 = EDGE_LOOP('',(#6861,#6862,#6871,#6877));
#6861 = ORIENTED_EDGE('',*,*,#2140,.F.);
#6862 = ORIENTED_EDGE('',*,*,#6863,.T.);
#6863 = EDGE_CURVE('',#2132,#6864,#6866,.T.);
#6864 = VERTEX_POINT('',#6865);
#6865 = CARTESIAN_POINT('',(-7.148439256141,-11.61471863516,
    10.549371867901));
#6866 = CIRCLE('',#6867,1.);
#6867 = AXIS2_PLACEMENT_3D('',#6868,#6869,#6870);
#6868 = CARTESIAN_POINT('',(-7.148439256141,-11.61471863516,
    9.549371867901));
#6869 = DIRECTION('',(2.66061342936E-13,1.,9.468134520961E-16));
#6870 = DIRECTION('',(-0.382683432365,1.009425263649E-13,0.923879532511)
  );
#6871 = ORIENTED_EDGE('',*,*,#6872,.T.);
#6872 = EDGE_CURVE('',#6864,#6804,#6873,.T.);
#6873 = LINE('',#6874,#6875);
#6874 = CARTESIAN_POINT('',(-7.14843925614,-6.52385243458,
    10.549371867901));
#6875 = VECTOR('',#6876,1.);
#6876 = DIRECTION('',(2.6645352591E-13,1.,0.));
#6877 = ORIENTED_EDGE('',*,*,#6803,.T.);
#6878 = CYLINDRICAL_SURFACE('',#6879,1.);
#6879 = AXIS2_PLACEMENT_3D('',#6880,#6881,#6882);
#6880 = CARTESIAN_POINT('',(-7.14843925614,-6.52385243458,9.549371867901
    ));
#6881 = DIRECTION('',(2.66061342937E-13,1.,9.46813452514E-16));
#6882 = DIRECTION('',(-0.382683432365,1.009425263649E-13,0.923879532511)
  );
#6883 = ADVANCED_FACE('',(#6884),#6902,.T.);
#6884 = FACE_BOUND('',#6885,.T.);
#6885 = EDGE_LOOP('',(#6886,#6895,#6896));
#6886 = ORIENTED_EDGE('',*,*,#6887,.T.);
#6887 = EDGE_CURVE('',#6888,#6381,#6890,.T.);
#6888 = VERTEX_POINT('',#6889);
#6889 = CARTESIAN_POINT('',(-5.362652818509,7.699147267748,
    13.628654662959));
#6890 = ( BOUNDED_CURVE() B_SPLINE_CURVE(3,(#6891,#6892,#6893,#6894),
.UNSPECIFIED.,.F.,.F.) B_SPLINE_CURVE_WITH_KNOTS((4,4),(0.875492850699,
1.011458389423),.PIECEWISE_BEZIER_KNOTS.) CURVE() 
GEOMETRIC_REPRESENTATION_ITEM() RATIONAL_B_SPLINE_CURVE((1.,
0.998460040924,0.998460040924,1.)) REPRESENTATION_ITEM('') );
#6891 = CARTESIAN_POINT('',(-5.362652818509,7.699147267748,
    13.628654662959));
#6892 = CARTESIAN_POINT('',(-5.423601180372,7.739028714217,
    13.697282377927));
#6893 = CARTESIAN_POINT('',(-5.487862928555,7.783479946217,
    13.763042403839));
#6894 = CARTESIAN_POINT('',(-5.55514118167,7.832295604513,
    13.825630937448));
#6895 = ORIENTED_EDGE('',*,*,#6380,.F.);
#6896 = ORIENTED_EDGE('',*,*,#6897,.T.);
#6897 = EDGE_CURVE('',#6372,#6888,#6898,.T.);
#6898 = LINE('',#6899,#6900);
#6899 = CARTESIAN_POINT('',(-5.362652818509,7.919619315927,
    13.022912688966));
#6900 = VECTOR('',#6901,1.);
#6901 = DIRECTION('',(9.115930106831E-14,0.342020143326,-0.939692620786)
  );
#6902 = PLANE('',#6903);
#6903 = AXIS2_PLACEMENT_3D('',#6904,#6905,#6906);
#6904 = CARTESIAN_POINT('',(-5.662652818509,8.201527102163,
    13.125518731964));
#6905 = DIRECTION('',(0.707106781187,0.664463024388,0.241844762648));
#6906 = DIRECTION('',(2.775557561563E-17,0.342020143326,-0.939692620786)
  );
#6907 = ADVANCED_FACE('',(#6908),#6933,.T.);
#6908 = FACE_BOUND('',#6909,.T.);
#6909 = EDGE_LOOP('',(#6910,#6920,#6926,#6927));
#6910 = ORIENTED_EDGE('',*,*,#6911,.F.);
#6911 = EDGE_CURVE('',#6912,#6914,#6916,.T.);
#6912 = VERTEX_POINT('',#6913);
#6913 = CARTESIAN_POINT('',(-4.662652818509,7.699147267748,
    13.628654662959));
#6914 = VERTEX_POINT('',#6915);
#6915 = CARTESIAN_POINT('',(-4.662652818509,7.651415710064,
    13.759796039892));
#6916 = LINE('',#6917,#6918);
#6917 = CARTESIAN_POINT('',(-4.662652818509,7.477153157532,
    14.238578468031));
#6918 = VECTOR('',#6919,1.);
#6919 = DIRECTION('',(-9.115930106831E-14,-0.342020143326,0.939692620786
    ));
#6920 = ORIENTED_EDGE('',*,*,#6921,.T.);
#6921 = EDGE_CURVE('',#6912,#6888,#6922,.T.);
#6922 = LINE('',#6923,#6924);
#6923 = CARTESIAN_POINT('',(-1.962652818509,7.699147267747,
    13.628654662959));
#6924 = VECTOR('',#6925,1.);
#6925 = DIRECTION('',(-1.,2.664535259097E-13,0.));
#6926 = ORIENTED_EDGE('',*,*,#6897,.F.);
#6927 = ORIENTED_EDGE('',*,*,#6928,.F.);
#6928 = EDGE_CURVE('',#6914,#6372,#6929,.T.);
#6929 = LINE('',#6930,#6931);
#6930 = CARTESIAN_POINT('',(-1.962652818509,7.651415710063,
    13.759796039892));
#6931 = VECTOR('',#6932,1.);
#6932 = DIRECTION('',(-1.,2.6645352591E-13,-1.053431861156E-44));
#6933 = PLANE('',#6934);
#6934 = AXIS2_PLACEMENT_3D('',#6935,#6936,#6937);
#6935 = CARTESIAN_POINT('',(-1.962652818509,7.364033610972,
    14.549371867901));
#6936 = DIRECTION('',(2.5038441208E-13,0.939692620786,0.342020143326));
#6937 = DIRECTION('',(1.,0.,-7.320750457719E-13));
#6938 = ADVANCED_FACE('',(#6939),#6951,.T.);
#6939 = FACE_BOUND('',#6940,.T.);
#6940 = EDGE_LOOP('',(#6941,#6948,#6949,#6950));
#6941 = ORIENTED_EDGE('',*,*,#6942,.F.);
#6942 = EDGE_CURVE('',#1849,#2008,#6943,.T.);
#6943 = CIRCLE('',#6944,0.5);
#6944 = AXIS2_PLACEMENT_3D('',#6945,#6946,#6947);
#6945 = CARTESIAN_POINT('',(-4.662652818508,11.192109957072,
    13.449371867901));
#6946 = DIRECTION('',(1.,-2.664496583753E-13,-5.345252766683E-17));
#6947 = DIRECTION('',(-2.234323837058E-13,-0.838663100625,0.544650533508
    ));
#6948 = ORIENTED_EDGE('',*,*,#6262,.T.);
#6949 = ORIENTED_EDGE('',*,*,#6352,.F.);
#6950 = ORIENTED_EDGE('',*,*,#2007,.T.);
#6951 = CYLINDRICAL_SURFACE('',#6952,0.5);
#6952 = AXIS2_PLACEMENT_3D('',#6953,#6954,#6955);
#6953 = CARTESIAN_POINT('',(-1.962652818508,11.192109957071,
    13.449371867901));
#6954 = DIRECTION('',(-1.,2.6645352591E-13,-6.310887241766E-29));
#6955 = DIRECTION('',(-2.512147933894E-13,-0.942809041582,
    -0.333333333333));
#6956 = ADVANCED_FACE('',(#6957),#6969,.F.);
#6957 = FACE_BOUND('',#6958,.F.);
#6958 = EDGE_LOOP('',(#6959,#6966,#6967,#6968));
#6959 = ORIENTED_EDGE('',*,*,#6960,.F.);
#6960 = EDGE_CURVE('',#6389,#1982,#6961,.T.);
#6961 = CIRCLE('',#6962,1.75);
#6962 = AXIS2_PLACEMENT_3D('',#6963,#6964,#6965);
#6963 = CARTESIAN_POINT('',(-5.562652818509,9.21221096975,
    12.749371867901));
#6964 = DIRECTION('',(1.,-2.665319655793E-13,0.));
#6965 = DIRECTION('',(0.,0.,-1.));
#6966 = ORIENTED_EDGE('',*,*,#6397,.F.);
#6967 = ORIENTED_EDGE('',*,*,#4411,.F.);
#6968 = ORIENTED_EDGE('',*,*,#2106,.T.);
#6969 = CONICAL_SURFACE('',#6970,1.55,0.785398163397);
#6970 = AXIS2_PLACEMENT_3D('',#6971,#6972,#6973);
#6971 = CARTESIAN_POINT('',(-5.762652818509,9.21221096975,
    12.749371867901));
#6972 = DIRECTION('',(1.,-2.6645352591E-13,0.));
#6973 = DIRECTION('',(0.,0.,-1.));
#6974 = ADVANCED_FACE('',(#6975),#7037,.F.);
#6975 = FACE_BOUND('',#6976,.F.);
#6976 = EDGE_LOOP('',(#6977,#6986,#6995,#7008,#7024,#7025,#7026,#7027,
    #7028,#7029,#7036));
#6977 = ORIENTED_EDGE('',*,*,#6978,.T.);
#6978 = EDGE_CURVE('',#2063,#6979,#6981,.T.);
#6979 = VERTEX_POINT('',#6980);
#6980 = CARTESIAN_POINT('',(-3.462652818509,8.674393305351,
    14.414680295749));
#6981 = CIRCLE('',#6982,1.75);
#6982 = AXIS2_PLACEMENT_3D('',#6983,#6984,#6985);
#6983 = CARTESIAN_POINT('',(-3.462652818509,9.212210969749,
    12.749371867901));
#6984 = DIRECTION('',(1.,-2.665319655793E-13,0.));
#6985 = DIRECTION('',(0.,0.,-1.));
#6986 = ORIENTED_EDGE('',*,*,#6987,.T.);
#6987 = EDGE_CURVE('',#6979,#6988,#6990,.T.);
#6988 = VERTEX_POINT('',#6989);
#6989 = CARTESIAN_POINT('',(-3.57855755615,8.213332860057,
    14.186293063366));
#6990 = B_SPLINE_CURVE_WITH_KNOTS('',3,(#6991,#6992,#6993,#6994),
  .UNSPECIFIED.,.F.,.F.,(4,4),(0.,1.),.PIECEWISE_BEZIER_KNOTS.);
#6991 = CARTESIAN_POINT('',(-3.462652818509,8.674393305351,
    14.414680295749));
#6992 = CARTESIAN_POINT('',(-3.462652818509,8.491972338895,
    14.355766753683));
#6993 = CARTESIAN_POINT('',(-3.507856921785,8.33699086264,
    14.272254125294));
#6994 = CARTESIAN_POINT('',(-3.57855755615,8.213332860057,
    14.186293063366));
#6995 = ORIENTED_EDGE('',*,*,#6996,.T.);
#6996 = EDGE_CURVE('',#6988,#6997,#6999,.T.);
#6997 = VERTEX_POINT('',#6998);
#6998 = CARTESIAN_POINT('',(-4.010793706712,7.832295604513,
    13.825630937448));
#6999 = B_SPLINE_CURVE_WITH_KNOTS('',3,(#7000,#7001,#7002,#7003,#7004,
    #7005,#7006,#7007),.UNSPECIFIED.,.F.,.F.,(4,2,2,4),(0.255137369366,
    0.256343509012,0.300953739086,0.326762314714),.UNSPECIFIED.);
#7000 = CARTESIAN_POINT('',(-3.57855755615,8.213332860057,
    14.186293063366));
#7001 = CARTESIAN_POINT('',(-3.580221074334,8.21042330574,
    14.184270481943));
#7002 = CARTESIAN_POINT('',(-3.581901554895,8.207525161352,
    14.182242724501));
#7003 = CARTESIAN_POINT('',(-3.646378335122,8.097870601084,
    14.105025796013));
#7004 = CARTESIAN_POINT('',(-3.730270502821,8.010078201761,
    14.025371822432));
#7005 = CARTESIAN_POINT('',(-3.885692097214,7.89755841024,
    13.906006264345));
#7006 = CARTESIAN_POINT('',(-3.946984555301,7.862250725806,13.8640376123
    ));
#7007 = CARTESIAN_POINT('',(-4.010793706712,7.832295604513,
    13.825630937448));
#7008 = ORIENTED_EDGE('',*,*,#7009,.T.);
#7009 = EDGE_CURVE('',#6997,#6912,#7010,.T.);
#7010 = B_SPLINE_CURVE_WITH_KNOTS('',3,(#7011,#7012,#7013,#7014,#7015,
    #7016,#7017,#7018,#7019,#7020,#7021,#7022,#7023),.UNSPECIFIED.,.F.,
  .F.,(4,2,2,1,2,2,4),(0.,0.25,0.375,0.4375,0.46875,0.5,1.),
  .UNSPECIFIED.);
#7011 = CARTESIAN_POINT('',(-4.010793706712,7.832295604513,
    13.825630937448));
#7012 = CARTESIAN_POINT('',(-4.066519891156,7.806106051077,
    13.792170346421));
#7013 = CARTESIAN_POINT('',(-4.121375949322,7.785582443379,
    13.763895225468));
#7014 = CARTESIAN_POINT('',(-4.199890600338,7.761178566693,
    13.728523631121));
#7015 = CARTESIAN_POINT('',(-4.225444474221,7.754105200519,
    13.717905766223));
#7016 = CARTESIAN_POINT('',(-4.262626565164,7.744816583413,
    13.703639530434));
#7017 = CARTESIAN_POINT('',(-4.280931269004,7.740502656244,
    13.696921561425));
#7018 = CARTESIAN_POINT('',(-4.298771941717,7.736634283119,
    13.690808110671));
#7019 = CARTESIAN_POINT('',(-4.31055922838,7.734148906939,
    13.686864822298));
#7020 = CARTESIAN_POINT('',(-4.3149620387,7.733239199411,13.685416620739
    ));
#7021 = CARTESIAN_POINT('',(-4.437753886869,7.708791743584,
    13.646358088105));
#7022 = CARTESIAN_POINT('',(-4.553034654037,7.699147267748,
    13.628654662959));
#7023 = CARTESIAN_POINT('',(-4.662652818509,7.699147267748,
    13.628654662959));
#7024 = ORIENTED_EDGE('',*,*,#6921,.T.);
#7025 = ORIENTED_EDGE('',*,*,#6887,.T.);
#7026 = ORIENTED_EDGE('',*,*,#6388,.T.);
#7027 = ORIENTED_EDGE('',*,*,#6960,.T.);
#7028 = ORIENTED_EDGE('',*,*,#1981,.F.);
#7029 = ORIENTED_EDGE('',*,*,#7030,.T.);
#7030 = EDGE_CURVE('',#1959,#1940,#7031,.T.);
#7031 = CIRCLE('',#7032,1.75);
#7032 = AXIS2_PLACEMENT_3D('',#7033,#7034,#7035);
#7033 = CARTESIAN_POINT('',(-2.362652818509,9.212210969749,
    12.749371867901));
#7034 = DIRECTION('',(-1.,2.665319655793E-13,0.));
#7035 = DIRECTION('',(0.,0.,1.));
#7036 = ORIENTED_EDGE('',*,*,#2071,.T.);
#7037 = CYLINDRICAL_SURFACE('',#7038,1.75);
#7038 = AXIS2_PLACEMENT_3D('',#7039,#7040,#7041);
#7039 = CARTESIAN_POINT('',(-1.962652818509,9.212210969749,
    12.749371867901));
#7040 = DIRECTION('',(-1.,2.664535259097E-13,0.));
#7041 = DIRECTION('',(0.,0.,-1.));
#7042 = ADVANCED_FACE('',(#7043),#7055,.F.);
#7043 = FACE_BOUND('',#7044,.F.);
#7044 = EDGE_LOOP('',(#7045,#7052,#7053,#7054));
#7045 = ORIENTED_EDGE('',*,*,#7046,.F.);
#7046 = EDGE_CURVE('',#1942,#1950,#7047,.T.);
#7047 = CIRCLE('',#7048,2.15);
#7048 = AXIS2_PLACEMENT_3D('',#7049,#7050,#7051);
#7049 = CARTESIAN_POINT('',(-1.962652818509,9.212210969749,
    12.749371867901));
#7050 = DIRECTION('',(1.,-2.665319655793E-13,0.));
#7051 = DIRECTION('',(0.,0.,1.));
#7052 = ORIENTED_EDGE('',*,*,#1939,.F.);
#7053 = ORIENTED_EDGE('',*,*,#7030,.F.);
#7054 = ORIENTED_EDGE('',*,*,#1958,.T.);
#7055 = CONICAL_SURFACE('',#7056,1.95,0.785398163397);
#7056 = AXIS2_PLACEMENT_3D('',#7057,#7058,#7059);
#7057 = CARTESIAN_POINT('',(-2.162652818509,9.212210969749,
    12.749371867901));
#7058 = DIRECTION('',(1.,-2.6645352591E-13,0.));
#7059 = DIRECTION('',(0.,0.,1.));
#7060 = ADVANCED_FACE('',(#7061),#7082,.T.);
#7061 = FACE_BOUND('',#7062,.T.);
#7062 = EDGE_LOOP('',(#7063,#7064,#7073,#7080,#7081));
#7063 = ORIENTED_EDGE('',*,*,#1899,.F.);
#7064 = ORIENTED_EDGE('',*,*,#7065,.F.);
#7065 = EDGE_CURVE('',#7066,#1889,#7068,.T.);
#7066 = VERTEX_POINT('',#7067);
#7067 = CARTESIAN_POINT('',(-4.662652818509,7.599088935236,
    13.882026081825));
#7068 = CIRCLE('',#7069,1.2);
#7069 = AXIS2_PLACEMENT_3D('',#7070,#7071,#7072);
#7070 = CARTESIAN_POINT('',(-4.66265281851,6.523784565121,
    13.349371867901));
#7071 = DIRECTION('',(1.,-2.665379923527E-13,-8.607124433906E-18));
#7072 = DIRECTION('',(1.528869623494E-13,0.573576436351,0.819152044289)
  );
#7073 = ORIENTED_EDGE('',*,*,#7074,.F.);
#7074 = EDGE_CURVE('',#6914,#7066,#7075,.T.);
#7075 = CIRCLE('',#7076,1.2);
#7076 = AXIS2_PLACEMENT_3D('',#7077,#7078,#7079);
#7077 = CARTESIAN_POINT('',(-4.66265281851,6.523784565121,
    13.349371867901));
#7078 = DIRECTION('',(1.,-2.665657462817E-13,-1.229517015182E-17));
#7079 = DIRECTION('',(2.504940699311E-13,0.939692620786,0.342020143326)
  );
#7080 = ORIENTED_EDGE('',*,*,#6928,.T.);
#7081 = ORIENTED_EDGE('',*,*,#6371,.F.);
#7082 = CYLINDRICAL_SURFACE('',#7083,1.2);
#7083 = AXIS2_PLACEMENT_3D('',#7084,#7085,#7086);
#7084 = CARTESIAN_POINT('',(-1.96265281851,6.52378456512,13.349371867901
    ));
#7085 = DIRECTION('',(-1.,2.662489842461E-13,-2.921157696944E-16));
#7086 = DIRECTION('',(1.52474856336E-13,0.573576436351,0.819152044289));
#7087 = ADVANCED_FACE('',(#7088),#7099,.F.);
#7088 = FACE_BOUND('',#7089,.F.);
#7089 = EDGE_LOOP('',(#7090,#7097,#7098));
#7090 = ORIENTED_EDGE('',*,*,#7091,.T.);
#7091 = EDGE_CURVE('',#6997,#6914,#7092,.T.);
#7092 = CIRCLE('',#7093,1.2);
#7093 = AXIS2_PLACEMENT_3D('',#7094,#7095,#7096);
#7094 = CARTESIAN_POINT('',(-4.662652818509,8.779046855007,
    14.170220211883));
#7095 = DIRECTION('',(9.113247312138E-14,0.342020143326,-0.939692620786)
  );
#7096 = DIRECTION('',(1.,-2.66045046076E-13,1.486745008787E-16));
#7097 = ORIENTED_EDGE('',*,*,#6911,.F.);
#7098 = ORIENTED_EDGE('',*,*,#7009,.F.);
#7099 = CYLINDRICAL_SURFACE('',#7100,1.2);
#7100 = AXIS2_PLACEMENT_3D('',#7101,#7102,#7103);
#7101 = CARTESIAN_POINT('',(-4.662652818509,8.604784302475,
    14.649002640022));
#7102 = DIRECTION('',(8.928043489694E-14,0.342020143326,-0.939692620786)
  );
#7103 = DIRECTION('',(0.707106781186,-0.664463024389,-0.241844762648));
#7104 = ADVANCED_FACE('',(#7105),#7117,.F.);
#7105 = FACE_BOUND('',#7106,.F.);
#7106 = EDGE_LOOP('',(#7107,#7114,#7115,#7116));
#7107 = ORIENTED_EDGE('',*,*,#7108,.T.);
#7108 = EDGE_CURVE('',#6988,#7066,#7109,.T.);
#7109 = CIRCLE('',#7110,1.2);
#7110 = AXIS2_PLACEMENT_3D('',#7111,#7112,#7113);
#7111 = CARTESIAN_POINT('',(-4.662652818509,8.674393305351,
    14.414680295749));
#7112 = DIRECTION('',(1.182729944924E-13,0.443878511603,-0.896086975096)
  );
#7113 = DIRECTION('',(1.,-2.660820768039E-13,1.839980726911E-16));
#7114 = ORIENTED_EDGE('',*,*,#7074,.F.);
#7115 = ORIENTED_EDGE('',*,*,#7091,.F.);
#7116 = ORIENTED_EDGE('',*,*,#6996,.F.);
#7117 = TOROIDAL_SURFACE('',#7118,2.4,1.2);
#7118 = AXIS2_PLACEMENT_3D('',#7119,#7120,#7121);
#7119 = CARTESIAN_POINT('',(-4.66265281851,6.523784565121,
    13.349371867901));
#7120 = DIRECTION('',(-1.,2.665319655793E-13,0.));
#7121 = DIRECTION('',(0.,0.,1.));
#7122 = ADVANCED_FACE('',(#7123),#7158,.F.);
#7123 = FACE_BOUND('',#7124,.F.);
#7124 = EDGE_LOOP('',(#7125,#7133,#7140,#7141));
#7125 = ORIENTED_EDGE('',*,*,#7126,.F.);
#7126 = EDGE_CURVE('',#1917,#7127,#7129,.T.);
#7127 = VERTEX_POINT('',#7128);
#7128 = CARTESIAN_POINT('',(-4.66265281851,5.657759161336,
    14.549371867901));
#7129 = LINE('',#7130,#7131);
#7130 = CARTESIAN_POINT('',(-4.662652818511,1.901944398849,
    14.549371867901));
#7131 = VECTOR('',#7132,1.);
#7132 = DIRECTION('',(-2.665319655793E-13,-1.,-3.369736387447E-16));
#7133 = ORIENTED_EDGE('',*,*,#7134,.T.);
#7134 = EDGE_CURVE('',#1917,#1142,#7135,.T.);
#7135 = CIRCLE('',#7136,1.2);
#7136 = AXIS2_PLACEMENT_3D('',#7137,#7138,#7139);
#7137 = CARTESIAN_POINT('',(-4.66265281851,6.523784565121,
    15.749371867901));
#7138 = DIRECTION('',(-2.6645352591E-13,-1.,-0.));
#7139 = DIRECTION('',(0.,0.,-1.));
#7140 = ORIENTED_EDGE('',*,*,#1173,.F.);
#7141 = ORIENTED_EDGE('',*,*,#7142,.F.);
#7142 = EDGE_CURVE('',#7127,#1166,#7143,.T.);
#7143 = B_SPLINE_CURVE_WITH_KNOTS('',3,(#7144,#7145,#7146,#7147,#7148,
    #7149,#7150,#7151,#7152,#7153,#7154,#7155,#7156,#7157),
  .UNSPECIFIED.,.F.,.F.,(4,2,1,2,2,1,2,4),(0.,0.421403935188,
    0.474079427087,0.487248300061,0.500417173036,0.526754918985,
    0.632105902782,0.842807870376),.UNSPECIFIED.);
#7144 = CARTESIAN_POINT('',(-4.66265281851,5.657759161336,
    14.549371867901));
#7145 = CARTESIAN_POINT('',(-4.516730236673,5.820905567556,
    14.549371867901));
#7146 = CARTESIAN_POINT('',(-4.400255406016,5.95076812315,
    14.574997704139));
#7147 = CARTESIAN_POINT('',(-4.303914716687,6.059419166237,
    14.604194115365));
#7148 = CARTESIAN_POINT('',(-4.291118350825,6.07385951368,
    14.608276059599));
#7149 = CARTESIAN_POINT('',(-4.279041295328,6.087487267114,
    14.612336884542));
#7150 = CARTESIAN_POINT('',(-4.274267764157,6.092873360967,
    14.613958549477));
#7151 = CARTESIAN_POINT('',(-4.27337996012,6.093875143279,
    14.614257706683));
#7152 = CARTESIAN_POINT('',(-4.261517144257,6.107258001743,
    14.61837220391));
#7153 = CARTESIAN_POINT('',(-4.222326571458,6.151486433276,
    14.632428592189));
#7154 = CARTESIAN_POINT('',(-4.184921538727,6.193809381408,
    14.648109641188));
#7155 = CARTESIAN_POINT('',(-4.098673891458,6.291725928791,
    14.688263748757));
#7156 = CARTESIAN_POINT('',(-4.045894754052,6.352125589537,
    14.718379371724));
#7157 = CARTESIAN_POINT('',(-3.997851350078,6.407697228506,
    14.750353215398));
#7158 = CYLINDRICAL_SURFACE('',#7159,1.2);
#7159 = AXIS2_PLACEMENT_3D('',#7160,#7161,#7162);
#7160 = CARTESIAN_POINT('',(-4.662652818511,1.901944398849,
    15.749371867901));
#7161 = DIRECTION('',(2.666612325641E-13,1.,2.077066540185E-16));
#7162 = DIRECTION('',(0.707106781187,-1.884110950421E-13,-0.707106781187
    ));
#7163 = ADVANCED_FACE('',(#7164),#7177,.F.);
#7164 = FACE_BOUND('',#7165,.F.);
#7165 = EDGE_LOOP('',(#7166,#7167,#7168,#7169,#7176));
#7166 = ORIENTED_EDGE('',*,*,#1141,.F.);
#7167 = ORIENTED_EDGE('',*,*,#7134,.F.);
#7168 = ORIENTED_EDGE('',*,*,#1924,.F.);
#7169 = ORIENTED_EDGE('',*,*,#7170,.T.);
#7170 = EDGE_CURVE('',#1891,#1198,#7171,.T.);
#7171 = CIRCLE('',#7172,1.2);
#7172 = AXIS2_PLACEMENT_3D('',#7173,#7174,#7175);
#7173 = CARTESIAN_POINT('',(-4.66265281851,7.229491206209,
    15.643272069899));
#7174 = DIRECTION('',(-2.582112220734E-13,-0.955791750832,0.294044433787
    ));
#7175 = DIRECTION('',(-7.95081593156E-14,-0.294044433787,-0.955791750832
    ));
#7176 = ORIENTED_EDGE('',*,*,#1206,.F.);
#7177 = TOROIDAL_SURFACE('',#7178,2.4,1.2);
#7178 = AXIS2_PLACEMENT_3D('',#7179,#7180,#7181);
#7179 = CARTESIAN_POINT('',(-4.66265281851,6.523784565121,
    13.349371867901));
#7180 = DIRECTION('',(-1.,2.665319655793E-13,0.));
#7181 = DIRECTION('',(0.,0.,1.));
#7182 = ADVANCED_FACE('',(#7183),#7197,.F.);
#7183 = FACE_BOUND('',#7184,.F.);
#7184 = EDGE_LOOP('',(#7185,#7192,#7193,#7194,#7195,#7196));
#7185 = ORIENTED_EDGE('',*,*,#7186,.F.);
#7186 = EDGE_CURVE('',#1198,#6979,#7187,.T.);
#7187 = CIRCLE('',#7188,2.4);
#7188 = AXIS2_PLACEMENT_3D('',#7189,#7190,#7191);
#7189 = CARTESIAN_POINT('',(-3.46265281851,6.523784565121,
    13.349371867901));
#7190 = DIRECTION('',(-1.,2.665319655793E-13,2.019483917366E-28));
#7191 = DIRECTION('',(1.528764549906E-13,0.573576436351,0.819152044289)
  );
#7192 = ORIENTED_EDGE('',*,*,#7170,.F.);
#7193 = ORIENTED_EDGE('',*,*,#1888,.F.);
#7194 = ORIENTED_EDGE('',*,*,#7065,.F.);
#7195 = ORIENTED_EDGE('',*,*,#7108,.F.);
#7196 = ORIENTED_EDGE('',*,*,#6987,.F.);
#7197 = TOROIDAL_SURFACE('',#7198,2.4,1.2);
#7198 = AXIS2_PLACEMENT_3D('',#7199,#7200,#7201);
#7199 = CARTESIAN_POINT('',(-4.66265281851,6.523784565121,
    13.349371867901));
#7200 = DIRECTION('',(-1.,2.665319655793E-13,0.));
#7201 = DIRECTION('',(0.,0.,1.));
#7202 = ADVANCED_FACE('',(#7203),#7259,.F.);
#7203 = FACE_BOUND('',#7204,.T.);
#7204 = EDGE_LOOP('',(#7205,#7216,#7224,#7231,#7232,#7233,#7234,#7235,
    #7244,#7252));
#7205 = ORIENTED_EDGE('',*,*,#7206,.F.);
#7206 = EDGE_CURVE('',#7207,#7209,#7211,.T.);
#7207 = VERTEX_POINT('',#7208);
#7208 = CARTESIAN_POINT('',(-3.462652818509,10.450688600834,
    15.112113567698));
#7209 = VERTEX_POINT('',#7210);
#7210 = CARTESIAN_POINT('',(-3.462652818508,11.798350734214,
    15.915742587029));
#7211 = CIRCLE('',#7212,3.2);
#7212 = AXIS2_PLACEMENT_3D('',#7213,#7214,#7215);
#7213 = CARTESIAN_POINT('',(-3.462652818508,12.713430300631,
    12.849371867901));
#7214 = DIRECTION('',(-1.,2.665319655793E-13,5.17492753825E-28));
#7215 = DIRECTION('',(-1.019973674229E-13,-0.382683432365,0.923879532511
    ));
#7216 = ORIENTED_EDGE('',*,*,#7217,.F.);
#7217 = EDGE_CURVE('',#7218,#7207,#7220,.T.);
#7218 = VERTEX_POINT('',#7219);
#7219 = CARTESIAN_POINT('',(-3.462652818509,9.990028429055,
    14.651453395918));
#7220 = LINE('',#7221,#7222);
#7221 = CARTESIAN_POINT('',(-3.462652818509,9.900819464672,
    14.562244431536));
#7222 = VECTOR('',#7223,1.);
#7223 = DIRECTION('',(1.884665602641E-13,0.707106781187,0.707106781187)
  );
#7224 = ORIENTED_EDGE('',*,*,#7225,.F.);
#7225 = EDGE_CURVE('',#2016,#7218,#7226,.T.);
#7226 = CIRCLE('',#7227,1.7);
#7227 = AXIS2_PLACEMENT_3D('',#7228,#7229,#7230);
#7228 = CARTESIAN_POINT('',(-3.462652818508,11.192109957072,
    13.449371867901));
#7229 = DIRECTION('',(-1.,2.665319655793E-13,2.524354896707E-29));
#7230 = DIRECTION('',(-2.235305246684E-13,-0.838663100625,0.544650533508
    ));
#7231 = ORIENTED_EDGE('',*,*,#2062,.T.);
#7232 = ORIENTED_EDGE('',*,*,#6978,.T.);
#7233 = ORIENTED_EDGE('',*,*,#7186,.F.);
#7234 = ORIENTED_EDGE('',*,*,#1197,.F.);
#7235 = ORIENTED_EDGE('',*,*,#7236,.F.);
#7236 = EDGE_CURVE('',#7237,#1190,#7239,.T.);
#7237 = VERTEX_POINT('',#7238);
#7238 = CARTESIAN_POINT('',(-3.462652818509,8.255835372689,
    16.049371867901));
#7239 = CIRCLE('',#7240,1.5);
#7240 = AXIS2_PLACEMENT_3D('',#7241,#7242,#7243);
#7241 = CARTESIAN_POINT('',(-3.462652818509,8.255835372689,
    14.549371867901));
#7242 = DIRECTION('',(1.,-2.665616806458E-13,5.146800486658E-17));
#7243 = DIRECTION('',(-1.333254129226E-13,-0.5,0.866025403784));
#7244 = ORIENTED_EDGE('',*,*,#7245,.T.);
#7245 = EDGE_CURVE('',#7237,#7246,#7248,.T.);
#7246 = VERTEX_POINT('',#7247);
#7247 = CARTESIAN_POINT('',(-3.462652818508,11.179455704416,
    16.049371867901));
#7248 = LINE('',#7249,#7250);
#7249 = CARTESIAN_POINT('',(-3.462652818508,12.020609977604,
    16.049371867901));
#7250 = VECTOR('',#7251,1.);
#7251 = DIRECTION('',(2.665319655793E-13,1.,0.));
#7252 = ORIENTED_EDGE('',*,*,#7253,.F.);
#7253 = EDGE_CURVE('',#7209,#7246,#7254,.T.);
#7254 = CIRCLE('',#7255,1.5);
#7255 = AXIS2_PLACEMENT_3D('',#7256,#7257,#7258);
#7256 = CARTESIAN_POINT('',(-3.462652818508,11.179455704416,
    14.549371867901));
#7257 = DIRECTION('',(1.,-2.665319655793E-13,0.));
#7258 = DIRECTION('',(0.,0.,-1.));
#7259 = PLANE('',#7260);
#7260 = AXIS2_PLACEMENT_3D('',#7261,#7262,#7263);
#7261 = CARTESIAN_POINT('',(-3.462652818509,9.618607432876,
    14.666038534568));
#7262 = DIRECTION('',(1.,-2.665319655793E-13,0.));
#7263 = DIRECTION('',(-2.665319655793E-13,-1.,0.));
#7264 = ADVANCED_FACE('',(#7265),#7300,.F.);
#7265 = FACE_BOUND('',#7266,.F.);
#7266 = EDGE_LOOP('',(#7267,#7268,#7275,#7283));
#7267 = ORIENTED_EDGE('',*,*,#1252,.T.);
#7268 = ORIENTED_EDGE('',*,*,#7269,.T.);
#7269 = EDGE_CURVE('',#1235,#4162,#7270,.T.);
#7270 = CIRCLE('',#7271,1.2);
#7271 = AXIS2_PLACEMENT_3D('',#7272,#7273,#7274);
#7272 = CARTESIAN_POINT('',(-4.662652818508,12.713430300632,
    16.049371867901));
#7273 = DIRECTION('',(2.6645352591E-13,1.,0.));
#7274 = DIRECTION('',(1.,-2.6645352591E-13,0.));
#7275 = ORIENTED_EDGE('',*,*,#7276,.F.);
#7276 = EDGE_CURVE('',#7277,#4162,#7279,.T.);
#7277 = VERTEX_POINT('',#7278);
#7278 = CARTESIAN_POINT('',(-4.662652818508,13.579455704416,
    14.849371867901));
#7279 = LINE('',#7280,#7281);
#7280 = CARTESIAN_POINT('',(-4.662652818509,10.751805304381,
    14.849371867901));
#7281 = VECTOR('',#7282,1.);
#7282 = DIRECTION('',(-2.665319655793E-13,-1.,-6.764757943498E-16));
#7283 = ORIENTED_EDGE('',*,*,#7284,.T.);
#7284 = EDGE_CURVE('',#7277,#1253,#7285,.T.);
#7285 = B_SPLINE_CURVE_WITH_KNOTS('',3,(#7286,#7287,#7288,#7289,#7290,
    #7291,#7292,#7293,#7294,#7295,#7296,#7297,#7298,#7299),
  .UNSPECIFIED.,.F.,.F.,(4,2,1,2,2,1,2,4),(0.,0.428648877297,
    0.482229986959,0.495625264375,0.509020541791,0.535811096622,
    0.642973315946,0.857297754595),.UNSPECIFIED.);
#7286 = CARTESIAN_POINT('',(-4.662652818508,13.579455704416,
    14.849371867901));
#7287 = CARTESIAN_POINT('',(-4.511638630019,13.410616708902,
    14.849371867901));
#7288 = CARTESIAN_POINT('',(-4.3939086895,13.278289327696,
    14.876629692581));
#7289 = CARTESIAN_POINT('',(-4.298907285384,13.171582413691,
    14.905837842177));
#7290 = CARTESIAN_POINT('',(-4.286362728892,13.157476002669,
    14.909894535546));
#7291 = CARTESIAN_POINT('',(-4.274630776109,13.144250251596,
    14.913891578719));
#7292 = CARTESIAN_POINT('',(-4.270003003293,13.139030141858,
    14.915484574338));
#7293 = CARTESIAN_POINT('',(-4.266055383168,13.134574896929,
    14.91685577611));
#7294 = CARTESIAN_POINT('',(-4.254357825353,13.121369285328,
    14.921001475778));
#7295 = CARTESIAN_POINT('',(-4.215759280563,13.077767042246,
    14.935136063069));
#7296 = CARTESIAN_POINT('',(-4.179127308729,13.036263615286,
    14.950754186597));
#7297 = CARTESIAN_POINT('',(-4.094986396403,12.94071876109,
    14.990412201897));
#7298 = CARTESIAN_POINT('',(-4.04392688162,12.882458199123,
    15.019732840377));
#7299 = CARTESIAN_POINT('',(-3.997850738122,12.829517070125,
    15.05036005682));
#7300 = CYLINDRICAL_SURFACE('',#7301,1.2);
#7301 = AXIS2_PLACEMENT_3D('',#7302,#7303,#7304);
#7302 = CARTESIAN_POINT('',(-4.662652818509,10.751805304381,
    16.049371867901));
#7303 = DIRECTION('',(2.668309836419E-13,1.,3.77457731821E-16));
#7304 = DIRECTION('',(0.707106781187,-1.884110950421E-13,-0.707106781187
    ));
#7305 = ADVANCED_FACE('',(#7306),#7333,.F.);
#7306 = FACE_BOUND('',#7307,.F.);
#7307 = EDGE_LOOP('',(#7308,#7323,#7330,#7331,#7332));
#7308 = ORIENTED_EDGE('',*,*,#7309,.T.);
#7309 = EDGE_CURVE('',#1227,#7209,#7310,.T.);
#7310 = B_SPLINE_CURVE_WITH_KNOTS('',3,(#7311,#7312,#7313,#7314,#7315,
    #7316,#7317,#7318,#7319,#7320,#7321,#7322),.UNSPECIFIED.,.F.,.F.,(4,
    2,2,2,2,4),(0.,0.25,0.375,0.4375,0.5,1.),.UNSPECIFIED.);
#7311 = CARTESIAN_POINT('',(-3.61137828719,12.379455698497,
    15.449371875792));
#7312 = CARTESIAN_POINT('',(-3.584878817295,12.346249698628,
    15.493646541678));
#7313 = CARTESIAN_POINT('',(-3.561930783232,12.308866722279,
    15.538391744861));
#7314 = CARTESIAN_POINT('',(-3.532835885887,12.245763579461,
    15.604795909076));
#7315 = CARTESIAN_POINT('',(-3.524025445731,12.223559353271,
    15.626808383826));
#7316 = CARTESIAN_POINT('',(-3.512141573933,12.188421833227,
    15.659436199263));
#7317 = CARTESIAN_POINT('',(-3.508402248073,12.176404286553,
    15.670246777648));
#7318 = CARTESIAN_POINT('',(-3.501367525832,12.151748469184,
    15.691700112455));
#7319 = CARTESIAN_POINT('',(-3.497694187752,12.137517334715,
    15.703638912375));
#7320 = CARTESIAN_POINT('',(-3.473434778276,12.035274573321,
    15.786829704696));
#7321 = CARTESIAN_POINT('',(-3.462652818508,11.926375907167,
    15.857753827375));
#7322 = CARTESIAN_POINT('',(-3.462652818508,11.798350734214,
    15.915742587029));
#7323 = ORIENTED_EDGE('',*,*,#7324,.T.);
#7324 = EDGE_CURVE('',#7209,#4153,#7325,.T.);
#7325 = CIRCLE('',#7326,1.2);
#7326 = AXIS2_PLACEMENT_3D('',#7327,#7328,#7329);
#7327 = CARTESIAN_POINT('',(-4.662652818508,11.798350734215,
    15.915742587029));
#7328 = DIRECTION('',(2.553266530809E-13,0.958240849728,0.285962364505)
  );
#7329 = DIRECTION('',(1.,-2.664156976168E-13,-1.267600927714E-16));
#7330 = ORIENTED_EDGE('',*,*,#4161,.F.);
#7331 = ORIENTED_EDGE('',*,*,#7269,.F.);
#7332 = ORIENTED_EDGE('',*,*,#1234,.T.);
#7333 = TOROIDAL_SURFACE('',#7334,3.2,1.2);
#7334 = AXIS2_PLACEMENT_3D('',#7335,#7336,#7337);
#7335 = CARTESIAN_POINT('',(-4.662652818508,12.713430300632,
    12.849371867901));
#7336 = DIRECTION('',(-1.,2.665319655793E-13,0.));
#7337 = DIRECTION('',(0.,0.,1.));
#7338 = ADVANCED_FACE('',(#7339),#7353,.F.);
#7339 = FACE_BOUND('',#7340,.F.);
#7340 = EDGE_LOOP('',(#7341,#7342,#7349,#7350,#7351,#7352));
#7341 = ORIENTED_EDGE('',*,*,#7206,.F.);
#7342 = ORIENTED_EDGE('',*,*,#7343,.T.);
#7343 = EDGE_CURVE('',#7207,#1857,#7344,.T.);
#7344 = CIRCLE('',#7345,1.2);
#7345 = AXIS2_PLACEMENT_3D('',#7346,#7347,#7348);
#7346 = CARTESIAN_POINT('',(-4.662652818509,10.450688600835,
    15.112113567698));
#7347 = DIRECTION('',(1.884110950421E-13,0.707106781187,0.707106781187)
  );
#7348 = DIRECTION('',(1.,-2.662222294466E-13,-2.312964634638E-16));
#7349 = ORIENTED_EDGE('',*,*,#1856,.T.);
#7350 = ORIENTED_EDGE('',*,*,#3270,.F.);
#7351 = ORIENTED_EDGE('',*,*,#4152,.F.);
#7352 = ORIENTED_EDGE('',*,*,#7324,.F.);
#7353 = TOROIDAL_SURFACE('',#7354,3.2,1.2);
#7354 = AXIS2_PLACEMENT_3D('',#7355,#7356,#7357);
#7355 = CARTESIAN_POINT('',(-4.662652818508,12.713430300632,
    12.849371867901));
#7356 = DIRECTION('',(-1.,2.665319655793E-13,0.));
#7357 = DIRECTION('',(0.,0.,1.));
#7358 = ADVANCED_FACE('',(#7359),#7371,.F.);
#7359 = FACE_BOUND('',#7360,.F.);
#7360 = EDGE_LOOP('',(#7361,#7362,#7363,#7370));
#7361 = ORIENTED_EDGE('',*,*,#7343,.F.);
#7362 = ORIENTED_EDGE('',*,*,#7217,.F.);
#7363 = ORIENTED_EDGE('',*,*,#7364,.T.);
#7364 = EDGE_CURVE('',#7218,#1866,#7365,.T.);
#7365 = CIRCLE('',#7366,1.2);
#7366 = AXIS2_PLACEMENT_3D('',#7367,#7368,#7369);
#7367 = CARTESIAN_POINT('',(-4.662652818509,9.990028429055,
    14.651453395918));
#7368 = DIRECTION('',(1.88411095042E-13,0.707106781186,0.707106781187));
#7369 = DIRECTION('',(1.,-2.662222294466E-13,-2.312964634636E-16));
#7370 = ORIENTED_EDGE('',*,*,#1865,.T.);
#7371 = CYLINDRICAL_SURFACE('',#7372,1.2);
#7372 = AXIS2_PLACEMENT_3D('',#7373,#7374,#7375);
#7373 = CARTESIAN_POINT('',(-4.662652818509,9.900819464673,
    14.562244431536));
#7374 = DIRECTION('',(1.883138706699E-13,0.707106781187,0.707106781187)
  );
#7375 = DIRECTION('',(0.707106781187,0.5,-0.5));
#7376 = ADVANCED_FACE('',(#7377),#7384,.F.);
#7377 = FACE_BOUND('',#7378,.F.);
#7378 = EDGE_LOOP('',(#7379,#7380,#7381,#7382,#7383));
#7379 = ORIENTED_EDGE('',*,*,#7225,.F.);
#7380 = ORIENTED_EDGE('',*,*,#2015,.F.);
#7381 = ORIENTED_EDGE('',*,*,#6942,.F.);
#7382 = ORIENTED_EDGE('',*,*,#1873,.F.);
#7383 = ORIENTED_EDGE('',*,*,#7364,.F.);
#7384 = TOROIDAL_SURFACE('',#7385,1.7,1.2);
#7385 = AXIS2_PLACEMENT_3D('',#7386,#7387,#7388);
#7386 = CARTESIAN_POINT('',(-4.662652818508,11.192109957072,
    13.449371867901));
#7387 = DIRECTION('',(-1.,2.665319655793E-13,0.));
#7388 = DIRECTION('',(0.,0.,1.));
#7389 = ADVANCED_FACE('',(#7390),#7418,.F.);
#7390 = FACE_BOUND('',#7391,.F.);
#7391 = EDGE_LOOP('',(#7392,#7393,#7401,#7410,#7416,#7417));
#7392 = ORIENTED_EDGE('',*,*,#2297,.T.);
#7393 = ORIENTED_EDGE('',*,*,#7394,.F.);
#7394 = EDGE_CURVE('',#7395,#2298,#7397,.T.);
#7395 = VERTEX_POINT('',#7396);
#7396 = CARTESIAN_POINT('',(-4.162652818512,-2.76865783653,8.84937186793
    ));
#7397 = LINE('',#7398,#7399);
#7398 = CARTESIAN_POINT('',(-1.962652818512,-2.768657836512,
    8.849371867989));
#7399 = VECTOR('',#7400,1.);
#7400 = DIRECTION('',(1.,-2.6645352591E-13,0.));
#7401 = ORIENTED_EDGE('',*,*,#7402,.F.);
#7402 = EDGE_CURVE('',#7403,#7395,#7405,.T.);
#7403 = VERTEX_POINT('',#7404);
#7404 = CARTESIAN_POINT('',(-4.162652818512,-2.814718635122,
    8.549371867938));
#7405 = CIRCLE('',#7406,1.);
#7406 = AXIS2_PLACEMENT_3D('',#7407,#7408,#7409);
#7407 = CARTESIAN_POINT('',(-4.162652818512,-1.814718635122,
    8.549371867901));
#7408 = DIRECTION('',(-1.,2.664927457447E-13,3.921983464537E-17));
#7409 = DIRECTION('',(-1.884110950386E-13,-0.707106781174,0.7071067812)
  );
#7410 = ORIENTED_EDGE('',*,*,#7411,.F.);
#7411 = EDGE_CURVE('',#22,#7403,#7412,.T.);
#7412 = LINE('',#7413,#7414);
#7413 = CARTESIAN_POINT('',(-1.962652818512,-2.814718635122,
    8.549371867938));
#7414 = VECTOR('',#7415,1.);
#7415 = DIRECTION('',(-1.,2.6645352591E-13,0.));
#7416 = ORIENTED_EDGE('',*,*,#48,.T.);
#7417 = ORIENTED_EDGE('',*,*,#1825,.T.);
#7418 = CYLINDRICAL_SURFACE('',#7419,1.);
#7419 = AXIS2_PLACEMENT_3D('',#7420,#7421,#7422);
#7420 = CARTESIAN_POINT('',(-1.962652818512,-1.814718635122,
    8.549371867901));
#7421 = DIRECTION('',(-1.,2.6645352591E-13,-6.310887241768E-28));
#7422 = DIRECTION('',(-1.884110950386E-13,-0.707106781174,0.7071067812)
  );
#7423 = ADVANCED_FACE('',(#7424),#7449,.T.);
#7424 = FACE_BOUND('',#7425,.T.);
#7425 = EDGE_LOOP('',(#7426,#7434,#7442,#7448));
#7426 = ORIENTED_EDGE('',*,*,#7427,.F.);
#7427 = EDGE_CURVE('',#7428,#22,#7430,.T.);
#7428 = VERTEX_POINT('',#7429);
#7429 = CARTESIAN_POINT('',(-2.162652818512,-2.814718635132,
    8.280742717832));
#7430 = LINE('',#7431,#7432);
#7431 = CARTESIAN_POINT('',(-2.162652818512,-2.814718635075,
    9.84937186814));
#7432 = VECTOR('',#7433,1.);
#7433 = DIRECTION('',(9.805435596234E-24,3.678896666267E-11,1.));
#7434 = ORIENTED_EDGE('',*,*,#7435,.T.);
#7435 = EDGE_CURVE('',#7428,#7436,#7438,.T.);
#7436 = VERTEX_POINT('',#7437);
#7437 = CARTESIAN_POINT('',(-4.162652818512,-2.814718635132,
    8.280742717832));
#7438 = LINE('',#7439,#7440);
#7439 = CARTESIAN_POINT('',(-1.962652818512,-2.814718635132,
    8.280742717832));
#7440 = VECTOR('',#7441,1.);
#7441 = DIRECTION('',(-1.,2.6645352591E-13,0.));
#7442 = ORIENTED_EDGE('',*,*,#7443,.T.);
#7443 = EDGE_CURVE('',#7436,#7403,#7444,.T.);
#7444 = LINE('',#7445,#7446);
#7445 = CARTESIAN_POINT('',(-4.162652818512,-2.814718635129,
    8.349371867871));
#7446 = VECTOR('',#7447,1.);
#7447 = DIRECTION('',(9.805435596234E-24,3.678896666267E-11,1.));
#7448 = ORIENTED_EDGE('',*,*,#7411,.F.);
#7449 = PLANE('',#7450);
#7450 = AXIS2_PLACEMENT_3D('',#7451,#7452,#7453);
#7451 = CARTESIAN_POINT('',(-1.962652818512,-2.814718635086,
    9.549371867901));
#7452 = DIRECTION('',(2.6645352591E-13,1.,-3.678896666267E-11));
#7453 = DIRECTION('',(0.,-3.678896666267E-11,-1.));
#7454 = ADVANCED_FACE('',(#7455),#7482,.F.);
#7455 = FACE_BOUND('',#7456,.F.);
#7456 = EDGE_LOOP('',(#7457,#7458,#7467,#7475));
#7457 = ORIENTED_EDGE('',*,*,#7435,.T.);
#7458 = ORIENTED_EDGE('',*,*,#7459,.F.);
#7459 = EDGE_CURVE('',#7460,#7436,#7462,.T.);
#7460 = VERTEX_POINT('',#7461);
#7461 = CARTESIAN_POINT('',(-4.162652818512,-2.551114738452,
    7.64434661505));
#7462 = CIRCLE('',#7463,0.899999999953);
#7463 = AXIS2_PLACEMENT_3D('',#7464,#7465,#7466);
#7464 = CARTESIAN_POINT('',(-4.162652818512,-1.914718635132,8.2807427178
    ));
#7465 = DIRECTION('',(-1.,2.6645352591E-13,2.806476246637E-27));
#7466 = DIRECTION('',(2.6645352591E-13,1.,-3.577963542914E-11));
#7467 = ORIENTED_EDGE('',*,*,#7468,.F.);
#7468 = EDGE_CURVE('',#7469,#7460,#7471,.T.);
#7469 = VERTEX_POINT('',#7470);
#7470 = CARTESIAN_POINT('',(-2.162652818512,-2.551114738452,
    7.64434661505));
#7471 = LINE('',#7472,#7473);
#7472 = CARTESIAN_POINT('',(-1.962652818512,-2.551114738452,
    7.64434661505));
#7473 = VECTOR('',#7474,1.);
#7474 = DIRECTION('',(-1.,2.6645352591E-13,0.));
#7475 = ORIENTED_EDGE('',*,*,#7476,.T.);
#7476 = EDGE_CURVE('',#7469,#7428,#7477,.T.);
#7477 = CIRCLE('',#7478,0.899999999953);
#7478 = AXIS2_PLACEMENT_3D('',#7479,#7480,#7481);
#7479 = CARTESIAN_POINT('',(-2.162652818512,-1.914718635132,8.2807427178
    ));
#7480 = DIRECTION('',(-1.,2.6645352591E-13,2.806476246637E-27));
#7481 = DIRECTION('',(-2.6645352591E-13,-1.,3.577963542914E-11));
#7482 = CYLINDRICAL_SURFACE('',#7483,0.899999999953);
#7483 = AXIS2_PLACEMENT_3D('',#7484,#7485,#7486);
#7484 = CARTESIAN_POINT('',(-1.962652818512,-1.914718635132,8.2807427178
    ));
#7485 = DIRECTION('',(-1.,2.6645352591E-13,-1.814034492198E-39));
#7486 = DIRECTION('',(2.6645352591E-13,1.,-3.577963542914E-11));
#7487 = ADVANCED_FACE('',(#7488),#7513,.T.);
#7488 = FACE_BOUND('',#7489,.T.);
#7489 = EDGE_LOOP('',(#7490,#7498,#7506,#7512));
#7490 = ORIENTED_EDGE('',*,*,#7491,.F.);
#7491 = EDGE_CURVE('',#7492,#7469,#7494,.T.);
#7492 = VERTEX_POINT('',#7493);
#7493 = CARTESIAN_POINT('',(-2.162652818512,-2.019743888376,
    7.112975764974));
#7494 = LINE('',#7495,#7496);
#7495 = CARTESIAN_POINT('',(-2.162652818511,0.170676479578,
    4.922555397019));
#7496 = VECTOR('',#7497,1.);
#7497 = DIRECTION('',(-1.884665602641E-13,-0.707106781187,0.707106781187
    ));
#7498 = ORIENTED_EDGE('',*,*,#7499,.T.);
#7499 = EDGE_CURVE('',#7492,#7500,#7502,.T.);
#7500 = VERTEX_POINT('',#7501);
#7501 = CARTESIAN_POINT('',(-4.162652818512,-2.019743888376,
    7.112975764974));
#7502 = LINE('',#7503,#7504);
#7503 = CARTESIAN_POINT('',(-1.962652818512,-2.019743888376,
    7.112975764974));
#7504 = VECTOR('',#7505,1.);
#7505 = DIRECTION('',(-1.,2.6645352591E-13,0.));
#7506 = ORIENTED_EDGE('',*,*,#7507,.T.);
#7507 = EDGE_CURVE('',#7500,#7460,#7508,.T.);
#7508 = LINE('',#7509,#7510);
#7509 = CARTESIAN_POINT('',(-4.162652818512,-2.843272025832,
    7.93650390243));
#7510 = VECTOR('',#7511,1.);
#7511 = DIRECTION('',(-1.884665602641E-13,-0.707106781187,0.707106781187
    ));
#7512 = ORIENTED_EDGE('',*,*,#7468,.F.);
#7513 = PLANE('',#7514);
#7514 = AXIS2_PLACEMENT_3D('',#7515,#7516,#7517);
#7515 = CARTESIAN_POINT('',(-1.962652818512,-2.551114738452,
    7.64434661505));
#7516 = DIRECTION('',(1.884110950421E-13,0.707106781187,0.707106781187)
  );
#7517 = DIRECTION('',(1.,0.,-2.6645352591E-13));
#7518 = ADVANCED_FACE('',(#7519),#7616,.T.);
#7519 = FACE_BOUND('',#7520,.T.);
#7520 = EDGE_LOOP('',(#7521,#7530,#7538,#7547,#7555,#7564,#7572,#7581,
    #7589,#7598,#7606,#7612,#7613,#7614,#7615));
#7521 = ORIENTED_EDGE('',*,*,#7522,.F.);
#7522 = EDGE_CURVE('',#7523,#7500,#7525,.T.);
#7523 = VERTEX_POINT('',#7524);
#7524 = CARTESIAN_POINT('',(-4.162652818512,-1.814718635132,
    6.618001017994));
#7525 = CIRCLE('',#7526,0.700000000047);
#7526 = AXIS2_PLACEMENT_3D('',#7527,#7528,#7529);
#7527 = CARTESIAN_POINT('',(-4.162652818512,-2.514718635132,
    6.618001018002));
#7528 = DIRECTION('',(1.,-2.6645352591E-13,-1.000488296094E-27));
#7529 = DIRECTION('',(2.6645352591E-13,1.,-1.275517390037E-11));
#7530 = ORIENTED_EDGE('',*,*,#7531,.F.);
#7531 = EDGE_CURVE('',#7532,#7523,#7534,.T.);
#7532 = VERTEX_POINT('',#7533);
#7533 = CARTESIAN_POINT('',(-4.162652818512,-1.814718635132,
    6.149371867866));
#7534 = LINE('',#7535,#7536);
#7535 = CARTESIAN_POINT('',(-4.162652818512,-1.814718635132,
    6.883686442943));
#7536 = VECTOR('',#7537,1.);
#7537 = DIRECTION('',(0.,0.,1.));
#7538 = ORIENTED_EDGE('',*,*,#7539,.F.);
#7539 = EDGE_CURVE('',#7540,#7532,#7542,.T.);
#7540 = VERTEX_POINT('',#7541);
#7541 = CARTESIAN_POINT('',(-4.162652818512,-2.514718635065,
    5.449371867901));
#7542 = CIRCLE('',#7543,0.700000000047);
#7543 = AXIS2_PLACEMENT_3D('',#7544,#7545,#7546);
#7544 = CARTESIAN_POINT('',(-4.162652818512,-2.514718635132,
    6.149371867901));
#7545 = DIRECTION('',(1.,-2.665319655793E-13,-7.521203734023E-27));
#7546 = DIRECTION('',(2.554905651222E-23,9.588560104003E-11,-1.));
#7547 = ORIENTED_EDGE('',*,*,#7548,.F.);
#7548 = EDGE_CURVE('',#7549,#7540,#7551,.T.);
#7549 = VERTEX_POINT('',#7550);
#7550 = CARTESIAN_POINT('',(-4.162652818513,-5.914718635175,
    5.449371867901));
#7551 = LINE('',#7552,#7553);
#7552 = CARTESIAN_POINT('',(-4.162652818512,-3.364718635098,
    5.449371867901));
#7553 = VECTOR('',#7554,1.);
#7554 = DIRECTION('',(2.665319655793E-13,1.,0.));
#7555 = ORIENTED_EDGE('',*,*,#7556,.F.);
#7556 = EDGE_CURVE('',#7557,#7549,#7559,.T.);
#7557 = VERTEX_POINT('',#7558);
#7558 = CARTESIAN_POINT('',(-4.162652818513,-6.614718635132,
    6.149371867866));
#7559 = CIRCLE('',#7560,0.700000000047);
#7560 = AXIS2_PLACEMENT_3D('',#7561,#7562,#7563);
#7561 = CARTESIAN_POINT('',(-4.162652818513,-5.914718635132,
    6.149371867901));
#7562 = DIRECTION('',(1.,-2.6645352591E-13,3.913623578525E-27));
#7563 = DIRECTION('',(-2.6645352591E-13,-1.,-4.989312534216E-11));
#7564 = ORIENTED_EDGE('',*,*,#7565,.F.);
#7565 = EDGE_CURVE('',#7566,#7557,#7568,.T.);
#7566 = VERTEX_POINT('',#7567);
#7567 = CARTESIAN_POINT('',(-4.162652818513,-6.614718635132,
    6.618001017994));
#7568 = LINE('',#7569,#7570);
#7569 = CARTESIAN_POINT('',(-4.162652818513,-6.614718635132,
    6.649371867879));
#7570 = VECTOR('',#7571,1.);
#7571 = DIRECTION('',(0.,0.,-1.));
#7572 = ORIENTED_EDGE('',*,*,#7573,.F.);
#7573 = EDGE_CURVE('',#7574,#7566,#7576,.T.);
#7574 = VERTEX_POINT('',#7575);
#7575 = CARTESIAN_POINT('',(-4.162652818513,-6.409693382301,
    7.112975764537));
#7576 = CIRCLE('',#7577,0.700000000047);
#7577 = AXIS2_PLACEMENT_3D('',#7578,#7579,#7580);
#7578 = CARTESIAN_POINT('',(-4.162652818513,-5.914718635132,
    6.618001018002));
#7579 = DIRECTION('',(1.,-2.664927457446E-13,-3.921983464628E-17));
#7580 = DIRECTION('',(-1.884110951628E-13,-0.70710678164,0.707106780733)
  );
#7581 = ORIENTED_EDGE('',*,*,#7582,.F.);
#7582 = EDGE_CURVE('',#7583,#7574,#7585,.T.);
#7583 = VERTEX_POINT('',#7584);
#7584 = CARTESIAN_POINT('',(-4.162652818513,-5.878322532224,
    7.644346614613));
#7585 = LINE('',#7586,#7587);
#7586 = CARTESIAN_POINT('',(-4.162652818513,-5.85185066967,
    7.670818477168));
#7587 = VECTOR('',#7588,1.);
#7588 = DIRECTION('',(-1.884665602641E-13,-0.707106781187,
    -0.707106781187));
#7589 = ORIENTED_EDGE('',*,*,#7590,.F.);
#7590 = EDGE_CURVE('',#7591,#7583,#7593,.T.);
#7591 = VERTEX_POINT('',#7592);
#7592 = CARTESIAN_POINT('',(-4.162652818513,-5.614718635132,
    8.280742717832));
#7593 = CIRCLE('',#7594,0.899999999953);
#7594 = AXIS2_PLACEMENT_3D('',#7595,#7596,#7597);
#7595 = CARTESIAN_POINT('',(-4.162652818513,-6.514718635132,8.2807427178
    ));
#7596 = DIRECTION('',(-1.,2.664927457447E-13,3.921983464598E-17));
#7597 = DIRECTION('',(-1.884110950008E-13,-0.707106781032,0.707106781342
    ));
#7598 = ORIENTED_EDGE('',*,*,#7599,.F.);
#7599 = EDGE_CURVE('',#7600,#7591,#7602,.T.);
#7600 = VERTEX_POINT('',#7601);
#7601 = CARTESIAN_POINT('',(-4.162652818513,-5.614718635143,
    8.84937186793));
#7602 = LINE('',#7603,#7604);
#7603 = CARTESIAN_POINT('',(-4.162652818513,-5.61471863512,
    7.715057292848));
#7604 = VECTOR('',#7605,1.);
#7605 = DIRECTION('',(5.483250281841E-24,2.057258036545E-11,-1.));
#7606 = ORIENTED_EDGE('',*,*,#7607,.F.);
#7607 = EDGE_CURVE('',#7395,#7600,#7608,.T.);
#7608 = LINE('',#7609,#7610);
#7609 = CARTESIAN_POINT('',(-4.162652818513,-5.614718635143,
    8.84937186793));
#7610 = VECTOR('',#7611,1.);
#7611 = DIRECTION('',(-2.665319655793E-13,-1.,0.));
#7612 = ORIENTED_EDGE('',*,*,#7402,.F.);
#7613 = ORIENTED_EDGE('',*,*,#7443,.F.);
#7614 = ORIENTED_EDGE('',*,*,#7459,.F.);
#7615 = ORIENTED_EDGE('',*,*,#7507,.F.);
#7616 = PLANE('',#7617);
#7617 = AXIS2_PLACEMENT_3D('',#7618,#7619,#7620);
#7618 = CARTESIAN_POINT('',(-4.162652818513,-4.214718635132,
    7.149371867892));
#7619 = DIRECTION('',(-1.,2.665319655793E-13,0.));
#7620 = DIRECTION('',(0.,0.,1.));
#7621 = ADVANCED_FACE('',(#7622),#7650,.F.);
#7622 = FACE_BOUND('',#7623,.T.);
#7623 = EDGE_LOOP('',(#7624,#7630,#7631,#7632,#7633,#7634,#7635,#7641,
    #7642,#7649));
#7624 = ORIENTED_EDGE('',*,*,#7625,.T.);
#7625 = EDGE_CURVE('',#1755,#3429,#7626,.T.);
#7626 = LINE('',#7627,#7628);
#7627 = CARTESIAN_POINT('',(-3.462652818508,13.568972397337,
    12.849371867901));
#7628 = VECTOR('',#7629,1.);
#7629 = DIRECTION('',(-2.665319655793E-13,-1.,0.));
#7630 = ORIENTED_EDGE('',*,*,#3438,.F.);
#7631 = ORIENTED_EDGE('',*,*,#4040,.F.);
#7632 = ORIENTED_EDGE('',*,*,#4209,.T.);
#7633 = ORIENTED_EDGE('',*,*,#4225,.F.);
#7634 = ORIENTED_EDGE('',*,*,#4337,.T.);
#7635 = ORIENTED_EDGE('',*,*,#7636,.T.);
#7636 = EDGE_CURVE('',#4330,#1295,#7637,.T.);
#7637 = LINE('',#7638,#7639);
#7638 = CARTESIAN_POINT('',(-3.462652818504,28.296869408176,
    14.849371867901));
#7639 = VECTOR('',#7640,1.);
#7640 = DIRECTION('',(2.665319655793E-13,1.,6.764757943498E-16));
#7641 = ORIENTED_EDGE('',*,*,#1294,.F.);
#7642 = ORIENTED_EDGE('',*,*,#7643,.F.);
#7643 = EDGE_CURVE('',#1757,#1287,#7644,.T.);
#7644 = CIRCLE('',#7645,1.5);
#7645 = AXIS2_PLACEMENT_3D('',#7646,#7647,#7648);
#7646 = CARTESIAN_POINT('',(-3.462652818504,26.796869408176,
    13.349371867901));
#7647 = DIRECTION('',(1.,-2.664927457447E-13,-3.921983464633E-17));
#7648 = DIRECTION('',(1.884110950421E-13,0.707106781187,-0.707106781187)
  );
#7649 = ORIENTED_EDGE('',*,*,#1754,.F.);
#7650 = PLANE('',#7651);
#7651 = AXIS2_PLACEMENT_3D('',#7652,#7653,#7654);
#7652 = CARTESIAN_POINT('',(-3.462652818509,10.841075386499,
    10.149371867878));
#7653 = DIRECTION('',(1.,-2.665319655793E-13,0.));
#7654 = DIRECTION('',(-2.665319655793E-13,-1.,0.));
#7655 = ADVANCED_FACE('',(#7656),#7688,.T.);
#7656 = FACE_BOUND('',#7657,.T.);
#7657 = EDGE_LOOP('',(#7658,#7668,#7676,#7682));
#7658 = ORIENTED_EDGE('',*,*,#7659,.F.);
#7659 = EDGE_CURVE('',#7660,#7662,#7664,.T.);
#7660 = VERTEX_POINT('',#7661);
#7661 = CARTESIAN_POINT('',(-5.262652818507,17.796869408176,
    11.849371867901));
#7662 = VERTEX_POINT('',#7663);
#7663 = CARTESIAN_POINT('',(-5.262652818507,17.796869408176,
    12.849371867901));
#7664 = LINE('',#7665,#7666);
#7665 = CARTESIAN_POINT('',(-5.262652818507,17.796869408176,
    12.099371867901));
#7666 = VECTOR('',#7667,1.);
#7667 = DIRECTION('',(-4.437342591868E-28,-1.665334536938E-15,1.));
#7668 = ORIENTED_EDGE('',*,*,#7669,.F.);
#7669 = EDGE_CURVE('',#7670,#7660,#7672,.T.);
#7670 = VERTEX_POINT('',#7671);
#7671 = CARTESIAN_POINT('',(-4.662652818507,17.796869408176,
    11.849371867901));
#7672 = LINE('',#7673,#7674);
#7673 = CARTESIAN_POINT('',(-3.462652818507,17.796869408176,
    11.849371867901));
#7674 = VECTOR('',#7675,1.);
#7675 = DIRECTION('',(-1.,2.6645352591E-13,0.));
#7676 = ORIENTED_EDGE('',*,*,#7677,.F.);
#7677 = EDGE_CURVE('',#3989,#7670,#7678,.T.);
#7678 = LINE('',#7679,#7680);
#7679 = CARTESIAN_POINT('',(-4.662652818507,17.796869408176,
    10.999371867889));
#7680 = VECTOR('',#7681,1.);
#7681 = DIRECTION('',(4.438648874772E-28,1.665334536938E-15,-1.));
#7682 = ORIENTED_EDGE('',*,*,#7683,.T.);
#7683 = EDGE_CURVE('',#3989,#7662,#7684,.T.);
#7684 = LINE('',#7685,#7686);
#7685 = CARTESIAN_POINT('',(-3.462652818507,17.796869408176,
    12.849371867901));
#7686 = VECTOR('',#7687,1.);
#7687 = DIRECTION('',(-1.,2.6645352591E-13,0.));
#7688 = PLANE('',#7689);
#7689 = AXIS2_PLACEMENT_3D('',#7690,#7691,#7692);
#7690 = CARTESIAN_POINT('',(-3.462652818507,17.796869408176,
    11.849371867901));
#7691 = DIRECTION('',(-2.6645352591E-13,-1.,-1.665334536938E-15));
#7692 = DIRECTION('',(-1.,2.6645352591E-13,0.));
#7693 = ADVANCED_FACE('',(#7694),#7728,.T.);
#7694 = FACE_BOUND('',#7695,.T.);
#7695 = EDGE_LOOP('',(#7696,#7706,#7714,#7722));
#7696 = ORIENTED_EDGE('',*,*,#7697,.F.);
#7697 = EDGE_CURVE('',#7698,#7700,#7702,.T.);
#7698 = VERTEX_POINT('',#7699);
#7699 = CARTESIAN_POINT('',(-5.262652818504,26.796869408176,
    12.849371867901));
#7700 = VERTEX_POINT('',#7701);
#7701 = CARTESIAN_POINT('',(-5.262652818504,26.796869408176,
    11.849371867901));
#7702 = LINE('',#7703,#7704);
#7703 = CARTESIAN_POINT('',(-5.262652818504,26.796869408176,
    12.599371867901));
#7704 = VECTOR('',#7705,1.);
#7705 = DIRECTION('',(-2.366582715663E-27,-8.881784197001E-15,-1.));
#7706 = ORIENTED_EDGE('',*,*,#7707,.F.);
#7707 = EDGE_CURVE('',#7708,#7698,#7710,.T.);
#7708 = VERTEX_POINT('',#7709);
#7709 = CARTESIAN_POINT('',(-4.662652818504,26.796869408176,
    12.849371867901));
#7710 = LINE('',#7711,#7712);
#7711 = CARTESIAN_POINT('',(-3.462652818504,26.796869408176,
    12.849371867901));
#7712 = VECTOR('',#7713,1.);
#7713 = DIRECTION('',(-1.,2.6645352591E-13,0.));
#7714 = ORIENTED_EDGE('',*,*,#7715,.F.);
#7715 = EDGE_CURVE('',#7716,#7708,#7718,.T.);
#7716 = VERTEX_POINT('',#7717);
#7717 = CARTESIAN_POINT('',(-4.662652818504,26.796869408176,
    11.849371867901));
#7718 = LINE('',#7719,#7720);
#7719 = CARTESIAN_POINT('',(-4.662652818504,26.796869408176,
    11.499371867889));
#7720 = VECTOR('',#7721,1.);
#7721 = DIRECTION('',(2.367279399878E-27,8.881784197001E-15,1.));
#7722 = ORIENTED_EDGE('',*,*,#7723,.T.);
#7723 = EDGE_CURVE('',#7716,#7700,#7724,.T.);
#7724 = LINE('',#7725,#7726);
#7725 = CARTESIAN_POINT('',(-3.462652818504,26.796869408176,
    11.849371867901));
#7726 = VECTOR('',#7727,1.);
#7727 = DIRECTION('',(-1.,2.6645352591E-13,0.));
#7728 = PLANE('',#7729);
#7729 = AXIS2_PLACEMENT_3D('',#7730,#7731,#7732);
#7730 = CARTESIAN_POINT('',(-3.462652818504,26.796869408176,
    12.849371867901));
#7731 = DIRECTION('',(2.6645352591E-13,1.,-8.881784197001E-15));
#7732 = DIRECTION('',(1.,-2.6645352591E-13,0.));
#7733 = ADVANCED_FACE('',(#7734),#7756,.F.);
#7734 = FACE_BOUND('',#7735,.F.);
#7735 = EDGE_LOOP('',(#7736,#7743,#7744,#7755));
#7736 = ORIENTED_EDGE('',*,*,#7737,.T.);
#7737 = EDGE_CURVE('',#1765,#7708,#7738,.T.);
#7738 = CIRCLE('',#7739,1.2);
#7739 = AXIS2_PLACEMENT_3D('',#7740,#7741,#7742);
#7740 = CARTESIAN_POINT('',(-4.662652818504,27.996869408176,
    12.849371867901));
#7741 = DIRECTION('',(3.700743415416E-15,-3.700743415418E-15,-1.));
#7742 = DIRECTION('',(0.707106781186,-0.707106781187,5.233641528946E-15)
  );
#7743 = ORIENTED_EDGE('',*,*,#7715,.F.);
#7744 = ORIENTED_EDGE('',*,*,#7745,.T.);
#7745 = EDGE_CURVE('',#7716,#1774,#7746,.T.);
#7746 = B_SPLINE_CURVE_WITH_KNOTS('',3,(#7747,#7748,#7749,#7750,#7751,
    #7752,#7753,#7754),.UNSPECIFIED.,.F.,.F.,(4,2,2,4),(0.,
    0.229005087574,0.343507631362,0.458010175149),.UNSPECIFIED.);
#7747 = CARTESIAN_POINT('',(-4.662652818504,26.796869408176,
    11.849371867901));
#7748 = CARTESIAN_POINT('',(-4.503665477618,26.796932272732,
    11.849371855581));
#7749 = CARTESIAN_POINT('',(-4.35050170315,26.827779123127,
    11.848434972798));
#7750 = CARTESIAN_POINT('',(-4.129491129651,26.919668672642,
    11.854091932893));
#7751 = CARTESIAN_POINT('',(-4.058098690543,26.957618244731,
    11.857367609821));
#7752 = CARTESIAN_POINT('',(-3.928192018076,27.044368382908,
    11.869283643473));
#7753 = CARTESIAN_POINT('',(-3.868490750675,27.093649944302,
    11.877952336385));
#7754 = CARTESIAN_POINT('',(-3.814084795331,27.148293395302,
    11.891103065896));
#7755 = ORIENTED_EDGE('',*,*,#1773,.T.);
#7756 = CYLINDRICAL_SURFACE('',#7757,1.2);
#7757 = AXIS2_PLACEMENT_3D('',#7758,#7759,#7760);
#7758 = CARTESIAN_POINT('',(-4.662652818504,27.996869408176,
    11.499371867889));
#7759 = DIRECTION('',(7.401486830856E-16,8.141635513918E-15,1.));
#7760 = DIRECTION('',(0.707106781186,-0.707106781187,5.233641528946E-15)
  );
#7761 = ADVANCED_FACE('',(#7762),#7780,.F.);
#7762 = FACE_BOUND('',#7763,.T.);
#7763 = EDGE_LOOP('',(#7764,#7765,#7766,#7767,#7768,#7769,#7770,#7771,
    #7772,#7773,#7774,#7775,#7776,#7777,#7778,#7779));
#7764 = ORIENTED_EDGE('',*,*,#1453,.F.);
#7765 = ORIENTED_EDGE('',*,*,#4072,.T.);
#7766 = ORIENTED_EDGE('',*,*,#3635,.T.);
#7767 = ORIENTED_EDGE('',*,*,#3683,.T.);
#7768 = ORIENTED_EDGE('',*,*,#3715,.T.);
#7769 = ORIENTED_EDGE('',*,*,#3747,.T.);
#7770 = ORIENTED_EDGE('',*,*,#3779,.T.);
#7771 = ORIENTED_EDGE('',*,*,#3811,.T.);
#7772 = ORIENTED_EDGE('',*,*,#3843,.T.);
#7773 = ORIENTED_EDGE('',*,*,#3875,.T.);
#7774 = ORIENTED_EDGE('',*,*,#3907,.T.);
#7775 = ORIENTED_EDGE('',*,*,#3939,.T.);
#7776 = ORIENTED_EDGE('',*,*,#3955,.T.);
#7777 = ORIENTED_EDGE('',*,*,#3540,.T.);
#7778 = ORIENTED_EDGE('',*,*,#3508,.F.);
#7779 = ORIENTED_EDGE('',*,*,#1700,.F.);
#7780 = PLANE('',#7781);
#7781 = AXIS2_PLACEMENT_3D('',#7782,#7783,#7784);
#7782 = CARTESIAN_POINT('',(-3.462652818509,10.841075386499,
    10.149371867878));
#7783 = DIRECTION('',(1.,-2.665319655793E-13,0.));
#7784 = DIRECTION('',(-2.665319655793E-13,-1.,0.));
#7785 = ADVANCED_FACE('',(#7786),#7807,.F.);
#7786 = FACE_BOUND('',#7787,.F.);
#7787 = EDGE_LOOP('',(#7788,#7797,#7804,#7805,#7806));
#7788 = ORIENTED_EDGE('',*,*,#7789,.T.);
#7789 = EDGE_CURVE('',#1708,#7790,#7792,.T.);
#7790 = VERTEX_POINT('',#7791);
#7791 = CARTESIAN_POINT('',(-3.962652818507,17.571548842657,
    11.849371867901));
#7792 = B_SPLINE_CURVE_WITH_KNOTS('',3,(#7793,#7794,#7795,#7796),
  .UNSPECIFIED.,.F.,.F.,(4,4),(0.823364699078,1.),
  .PIECEWISE_BEZIER_KNOTS.);
#7793 = CARTESIAN_POINT('',(-3.814164842235,17.445293313187,
    11.82669926666));
#7794 = CARTESIAN_POINT('',(-3.862944905776,17.493993822159,
    11.841979489221));
#7795 = CARTESIAN_POINT('',(-3.913213441645,17.536104651764,
    11.84937297443));
#7796 = CARTESIAN_POINT('',(-3.962652818507,17.571548842657,
    11.849371867901));
#7797 = ORIENTED_EDGE('',*,*,#7798,.F.);
#7798 = EDGE_CURVE('',#7670,#7790,#7799,.T.);
#7799 = CIRCLE('',#7800,1.2);
#7800 = AXIS2_PLACEMENT_3D('',#7801,#7802,#7803);
#7801 = CARTESIAN_POINT('',(-4.662652818507,16.596869408176,
    11.849371867901));
#7802 = DIRECTION('',(-1.716839728801E-16,1.716839728802E-16,-1.));
#7803 = DIRECTION('',(0.707106781187,0.707106781186,-1.479114197289E-31)
  );
#7804 = ORIENTED_EDGE('',*,*,#7677,.F.);
#7805 = ORIENTED_EDGE('',*,*,#3996,.T.);
#7806 = ORIENTED_EDGE('',*,*,#1722,.T.);
#7807 = CYLINDRICAL_SURFACE('',#7808,1.2);
#7808 = AXIS2_PLACEMENT_3D('',#7809,#7810,#7811);
#7809 = CARTESIAN_POINT('',(-4.662652818507,16.596869408176,
    10.999371867889));
#7810 = DIRECTION('',(-8.326672684686E-16,8.326672684691E-16,-1.));
#7811 = DIRECTION('',(0.707106781187,0.707106781186,2.958228394579E-31)
  );
#7812 = ADVANCED_FACE('',(#7813),#7831,.T.);
#7813 = FACE_BOUND('',#7814,.T.);
#7814 = EDGE_LOOP('',(#7815,#7816,#7823,#7824));
#7815 = ORIENTED_EDGE('',*,*,#1658,.F.);
#7816 = ORIENTED_EDGE('',*,*,#7817,.T.);
#7817 = EDGE_CURVE('',#1650,#7698,#7818,.T.);
#7818 = CIRCLE('',#7819,1.2);
#7819 = AXIS2_PLACEMENT_3D('',#7820,#7821,#7822);
#7820 = CARTESIAN_POINT('',(-5.262652818505,25.596869408176,
    12.849371867901));
#7821 = DIRECTION('',(3.700743415416E-15,-3.700743415418E-15,-1.));
#7822 = DIRECTION('',(-0.707106781186,0.707106781187,-5.233641528946E-15
    ));
#7823 = ORIENTED_EDGE('',*,*,#7697,.T.);
#7824 = ORIENTED_EDGE('',*,*,#7825,.T.);
#7825 = EDGE_CURVE('',#7700,#1659,#7826,.T.);
#7826 = CIRCLE('',#7827,1.2);
#7827 = AXIS2_PLACEMENT_3D('',#7828,#7829,#7830);
#7828 = CARTESIAN_POINT('',(-5.262652818505,25.596869408176,
    11.849371867901));
#7829 = DIRECTION('',(-3.872427388296E-15,3.529059442538E-15,1.));
#7830 = DIRECTION('',(-0.707106781186,0.707106781187,-5.233641528946E-15
    ));
#7831 = CYLINDRICAL_SURFACE('',#7832,1.2);
#7832 = AXIS2_PLACEMENT_3D('',#7833,#7834,#7835);
#7833 = CARTESIAN_POINT('',(-5.262652818505,25.596869408176,
    12.599371867901));
#7834 = DIRECTION('',(-7.401486830856E-16,-8.141635513918E-15,-1.));
#7835 = DIRECTION('',(-0.707106781186,0.707106781187,-5.233641528946E-15
    ));
#7836 = ADVANCED_FACE('',(#7837),#7868,.T.);
#7837 = FACE_BOUND('',#7838,.T.);
#7838 = EDGE_LOOP('',(#7839,#7845,#7846,#7847,#7848,#7849,#7850,#7851,
    #7852,#7858,#7859,#7866,#7867));
#7839 = ORIENTED_EDGE('',*,*,#7840,.F.);
#7840 = EDGE_CURVE('',#3431,#3980,#7841,.T.);
#7841 = LINE('',#7842,#7843);
#7842 = CARTESIAN_POINT('',(-2.162652818508,13.568972397337,
    12.849371867901));
#7843 = VECTOR('',#7844,1.);
#7844 = DIRECTION('',(-2.665319655793E-13,-1.,0.));
#7845 = ORIENTED_EDGE('',*,*,#3428,.F.);
#7846 = ORIENTED_EDGE('',*,*,#7625,.F.);
#7847 = ORIENTED_EDGE('',*,*,#1764,.T.);
#7848 = ORIENTED_EDGE('',*,*,#7737,.T.);
#7849 = ORIENTED_EDGE('',*,*,#7707,.T.);
#7850 = ORIENTED_EDGE('',*,*,#7817,.F.);
#7851 = ORIENTED_EDGE('',*,*,#1647,.F.);
#7852 = ORIENTED_EDGE('',*,*,#7853,.F.);
#7853 = EDGE_CURVE('',#1613,#1648,#7854,.T.);
#7854 = LINE('',#7855,#7856);
#7855 = CARTESIAN_POINT('',(-6.462652818507,17.796869408177,
    12.849371867901));
#7856 = VECTOR('',#7857,1.);
#7857 = DIRECTION('',(2.665319655793E-13,1.,0.));
#7858 = ORIENTED_EDGE('',*,*,#1612,.F.);
#7859 = ORIENTED_EDGE('',*,*,#7860,.F.);
#7860 = EDGE_CURVE('',#7662,#1605,#7861,.T.);
#7861 = CIRCLE('',#7862,1.2);
#7862 = AXIS2_PLACEMENT_3D('',#7863,#7864,#7865);
#7863 = CARTESIAN_POINT('',(-5.262652818506,18.996869408176,
    12.849371867901));
#7864 = DIRECTION('',(1.850371707709E-15,1.850371707708E-15,-1.));
#7865 = DIRECTION('',(-0.707106781187,-0.707106781186,
    -2.616820764473E-15));
#7866 = ORIENTED_EDGE('',*,*,#7683,.F.);
#7867 = ORIENTED_EDGE('',*,*,#3988,.F.);
#7868 = PLANE('',#7869);
#7869 = AXIS2_PLACEMENT_3D('',#7870,#7871,#7872);
#7870 = CARTESIAN_POINT('',(-1.962652818507,16.296869408176,
    12.849371867901));
#7871 = DIRECTION('',(0.,0.,1.));
#7872 = DIRECTION('',(1.,0.,0.));
#7873 = ADVANCED_FACE('',(#7874),#7886,.T.);
#7874 = FACE_BOUND('',#7875,.T.);
#7875 = EDGE_LOOP('',(#7876,#7877,#7884,#7885));
#7876 = ORIENTED_EDGE('',*,*,#1604,.F.);
#7877 = ORIENTED_EDGE('',*,*,#7878,.T.);
#7878 = EDGE_CURVE('',#1596,#7660,#7879,.T.);
#7879 = CIRCLE('',#7880,1.2);
#7880 = AXIS2_PLACEMENT_3D('',#7881,#7882,#7883);
#7881 = CARTESIAN_POINT('',(-5.262652818506,18.996869408176,
    11.849371867901));
#7882 = DIRECTION('',(-1.678687734829E-15,-2.022055680588E-15,1.));
#7883 = DIRECTION('',(-0.707106781187,-0.707106781186,
    -2.616820764473E-15));
#7884 = ORIENTED_EDGE('',*,*,#7659,.T.);
#7885 = ORIENTED_EDGE('',*,*,#7860,.T.);
#7886 = CYLINDRICAL_SURFACE('',#7887,1.2);
#7887 = AXIS2_PLACEMENT_3D('',#7888,#7889,#7890);
#7888 = CARTESIAN_POINT('',(-5.262652818506,18.996869408176,
    12.099371867901));
#7889 = DIRECTION('',(-1.01770443924E-15,-2.683038976177E-15,1.));
#7890 = DIRECTION('',(-0.707106781187,-0.707106781186,
    -2.616820764473E-15));
#7891 = ADVANCED_FACE('',(#7892),#7933,.T.);
#7892 = FACE_BOUND('',#7893,.T.);
#7893 = EDGE_LOOP('',(#7894,#7904,#7912,#7918,#7919,#7927));
#7894 = ORIENTED_EDGE('',*,*,#7895,.F.);
#7895 = EDGE_CURVE('',#7896,#7898,#7900,.T.);
#7896 = VERTEX_POINT('',#7897);
#7897 = CARTESIAN_POINT('',(-2.162652818506,21.916869408176,
    11.649371867901));
#7898 = VERTEX_POINT('',#7899);
#7899 = CARTESIAN_POINT('',(-2.162652818506,21.916869408176,
    10.049371867901));
#7900 = LINE('',#7901,#7902);
#7901 = CARTESIAN_POINT('',(-2.162652818506,21.916869408176,
    9.999371867889));
#7902 = VECTOR('',#7903,1.);
#7903 = DIRECTION('',(0.,0.,-1.));
#7904 = ORIENTED_EDGE('',*,*,#7905,.F.);
#7905 = EDGE_CURVE('',#7906,#7896,#7908,.T.);
#7906 = VERTEX_POINT('',#7907);
#7907 = CARTESIAN_POINT('',(-5.462652818506,21.916869408176,
    11.649371867901));
#7908 = LINE('',#7909,#7910);
#7909 = CARTESIAN_POINT('',(-1.962652818506,21.916869408176,
    11.649371867901));
#7910 = VECTOR('',#7911,1.);
#7911 = DIRECTION('',(1.,-2.671114358504E-13,-2.259051847168E-31));
#7912 = ORIENTED_EDGE('',*,*,#7913,.T.);
#7913 = EDGE_CURVE('',#7906,#1508,#7914,.T.);
#7914 = LINE('',#7915,#7916);
#7915 = CARTESIAN_POINT('',(-5.237652818506,21.916869408176,
    11.874371867901));
#7916 = VECTOR('',#7917,1.);
#7917 = DIRECTION('',(-0.707106781187,1.888763076223E-13,-0.707106781187
    ));
#7918 = ORIENTED_EDGE('',*,*,#1505,.F.);
#7919 = ORIENTED_EDGE('',*,*,#7920,.T.);
#7920 = EDGE_CURVE('',#1506,#7921,#7923,.T.);
#7921 = VERTEX_POINT('',#7922);
#7922 = CARTESIAN_POINT('',(-6.462652818506,21.916869408177,
    10.049371867901));
#7923 = LINE('',#7924,#7925);
#7924 = CARTESIAN_POINT('',(-6.462652818506,21.916869408177,
    10.349371867901));
#7925 = VECTOR('',#7926,1.);
#7926 = DIRECTION('',(0.,0.,-1.));
#7927 = ORIENTED_EDGE('',*,*,#7928,.F.);
#7928 = EDGE_CURVE('',#7898,#7921,#7929,.T.);
#7929 = LINE('',#7930,#7931);
#7930 = CARTESIAN_POINT('',(-1.962652818506,21.916869408176,
    10.049371867901));
#7931 = VECTOR('',#7932,1.);
#7932 = DIRECTION('',(-1.,2.671114358504E-13,0.));
#7933 = PLANE('',#7934);
#7934 = AXIS2_PLACEMENT_3D('',#7935,#7936,#7937);
#7935 = CARTESIAN_POINT('',(-1.962652818506,21.916869408176,
    9.849371867901));
#7936 = DIRECTION('',(-2.671114358504E-13,-1.,0.));
#7937 = DIRECTION('',(-1.,2.671114358504E-13,0.));
#7938 = ADVANCED_FACE('',(#7939),#7958,.F.);
#7939 = FACE_BOUND('',#7940,.F.);
#7940 = EDGE_LOOP('',(#7941,#7950,#7956,#7957));
#7941 = ORIENTED_EDGE('',*,*,#7942,.F.);
#7942 = EDGE_CURVE('',#7943,#1558,#7945,.T.);
#7943 = VERTEX_POINT('',#7944);
#7944 = CARTESIAN_POINT('',(-5.862652818506,18.996869408177,
    11.249371867901));
#7945 = ( BOUNDED_CURVE() B_SPLINE_CURVE(3,(#7946,#7947,#7948,#7949),
.UNSPECIFIED.,.F.,.F.) B_SPLINE_CURVE_WITH_KNOTS((4,4),(4.712388980385,
5.497787143782),.PIECEWISE_BEZIER_KNOTS.) CURVE() 
GEOMETRIC_REPRESENTATION_ITEM() RATIONAL_B_SPLINE_CURVE((1.,
0.949253021674,0.949253021674,1.)) REPRESENTATION_ITEM('') );
#7946 = CARTESIAN_POINT('',(-5.862652818506,18.996869408177,
    11.249371867901));
#7947 = CARTESIAN_POINT('',(-5.701396157268,18.996869408177,
    11.41062852914));
#7948 = CARTESIAN_POINT('',(-5.552414428468,18.935159155562,
    11.559610257939));
#7949 = CARTESIAN_POINT('',(-5.438388749794,18.821133476888,
    11.673635936613));
#7950 = ORIENTED_EDGE('',*,*,#7951,.T.);
#7951 = EDGE_CURVE('',#7943,#1622,#7952,.T.);
#7952 = LINE('',#7953,#7954);
#7953 = CARTESIAN_POINT('',(-6.162652818506,18.996869408177,
    11.249371867901));
#7954 = VECTOR('',#7955,1.);
#7955 = DIRECTION('',(-1.,2.671114358504E-13,0.));
#7956 = ORIENTED_EDGE('',*,*,#1629,.T.);
#7957 = ORIENTED_EDGE('',*,*,#1566,.T.);
#7958 = CYLINDRICAL_SURFACE('',#7959,0.6);
#7959 = AXIS2_PLACEMENT_3D('',#7960,#7961,#7962);
#7960 = CARTESIAN_POINT('',(-3.912652818507,18.396869408176,
    11.249371867901));
#7961 = DIRECTION('',(1.,-2.667824808802E-13,3.289549701814E-16));
#7962 = DIRECTION('',(1.884110950421E-13,0.707106781187,0.707106781187)
  );
#7963 = ADVANCED_FACE('',(#7964),#7989,.T.);
#7964 = FACE_BOUND('',#7965,.T.);
#7965 = EDGE_LOOP('',(#7966,#7976,#7982,#7983));
#7966 = ORIENTED_EDGE('',*,*,#7967,.F.);
#7967 = EDGE_CURVE('',#7968,#7970,#7972,.T.);
#7968 = VERTEX_POINT('',#7969);
#7969 = CARTESIAN_POINT('',(-5.862652818506,21.416869408177,
    11.249371867901));
#7970 = VERTEX_POINT('',#7971);
#7971 = CARTESIAN_POINT('',(-6.462652818506,21.416869408177,
    11.249371867901));
#7972 = LINE('',#7973,#7974);
#7973 = CARTESIAN_POINT('',(-4.212652818506,21.416869408176,
    11.249371867901));
#7974 = VECTOR('',#7975,1.);
#7975 = DIRECTION('',(-1.,2.671114358504E-13,0.));
#7976 = ORIENTED_EDGE('',*,*,#7977,.T.);
#7977 = EDGE_CURVE('',#7968,#7943,#7978,.T.);
#7978 = LINE('',#7979,#7980);
#7979 = CARTESIAN_POINT('',(-5.862652818506,21.916869408177,
    11.249371867901));
#7980 = VECTOR('',#7981,1.);
#7981 = DIRECTION('',(-2.671632575238E-13,-1.,0.));
#7982 = ORIENTED_EDGE('',*,*,#7951,.T.);
#7983 = ORIENTED_EDGE('',*,*,#7984,.F.);
#7984 = EDGE_CURVE('',#7970,#1622,#7985,.T.);
#7985 = LINE('',#7986,#7987);
#7986 = CARTESIAN_POINT('',(-6.462652818506,21.916869408177,
    11.249371867901));
#7987 = VECTOR('',#7988,1.);
#7988 = DIRECTION('',(-2.671632575238E-13,-1.,0.));
#7989 = PLANE('',#7990);
#7990 = AXIS2_PLACEMENT_3D('',#7991,#7992,#7993);
#7991 = CARTESIAN_POINT('',(-6.462652818506,21.916869408177,
    11.249371867901));
#7992 = DIRECTION('',(0.,0.,-1.));
#7993 = DIRECTION('',(0.,-1.,0.));
#7994 = ADVANCED_FACE('',(#7995),#8013,.F.);
#7995 = FACE_BOUND('',#7996,.F.);
#7996 = EDGE_LOOP('',(#7997,#8004,#8005,#8012));
#7997 = ORIENTED_EDGE('',*,*,#7998,.F.);
#7998 = EDGE_CURVE('',#7970,#1516,#7999,.T.);
#7999 = CIRCLE('',#8000,0.5);
#8000 = AXIS2_PLACEMENT_3D('',#8001,#8002,#8003);
#8001 = CARTESIAN_POINT('',(-6.462652818506,21.416869408177,
    10.749371867901));
#8002 = DIRECTION('',(-1.,2.6645352591E-13,-2.297162956004E-27));
#8003 = DIRECTION('',(1.88411095042E-13,0.707106781187,0.707106781187));
#8004 = ORIENTED_EDGE('',*,*,#7967,.F.);
#8005 = ORIENTED_EDGE('',*,*,#8006,.F.);
#8006 = EDGE_CURVE('',#1525,#7968,#8007,.T.);
#8007 = ( BOUNDED_CURVE() B_SPLINE_CURVE(3,(#8008,#8009,#8010,#8011),
.UNSPECIFIED.,.F.,.F.) B_SPLINE_CURVE_WITH_KNOTS((4,4),(5.497787143782,
6.28318530718),.PIECEWISE_BEZIER_KNOTS.) CURVE() 
GEOMETRIC_REPRESENTATION_ITEM() RATIONAL_B_SPLINE_CURVE((1.,
0.949253021674,0.949253021674,1.)) REPRESENTATION_ITEM('') );
#8008 = CARTESIAN_POINT('',(-6.009099427912,21.77042279877,
    11.102925258494));
#8009 = CARTESIAN_POINT('',(-5.914078029018,21.675401399875,
    11.197946657389));
#8010 = CARTESIAN_POINT('',(-5.862652818506,21.551249959209,
    11.249371867901));
#8011 = CARTESIAN_POINT('',(-5.862652818506,21.416869408177,
    11.249371867901));
#8012 = ORIENTED_EDGE('',*,*,#1524,.T.);
#8013 = CYLINDRICAL_SURFACE('',#8014,0.5);
#8014 = AXIS2_PLACEMENT_3D('',#8015,#8016,#8017);
#8015 = CARTESIAN_POINT('',(-4.212652818506,21.416869408176,
    10.749371867901));
#8016 = DIRECTION('',(-1.,2.667824808802E-13,-3.289549701823E-16));
#8017 = DIRECTION('',(1.88411095042E-13,0.707106781187,0.707106781187));
#8018 = ADVANCED_FACE('',(#8019),#8031,.F.);
#8019 = FACE_BOUND('',#8020,.F.);
#8020 = EDGE_LOOP('',(#8021,#8022,#8028,#8029,#8030));
#8021 = ORIENTED_EDGE('',*,*,#3400,.F.);
#8022 = ORIENTED_EDGE('',*,*,#8023,.F.);
#8023 = EDGE_CURVE('',#7790,#3391,#8024,.T.);
#8024 = LINE('',#8025,#8026);
#8025 = CARTESIAN_POINT('',(-3.962652818506,19.568972397337,
    11.849371867901));
#8026 = VECTOR('',#8027,1.);
#8027 = DIRECTION('',(2.665319655793E-13,1.,3.433679457604E-16));
#8028 = ORIENTED_EDGE('',*,*,#7789,.F.);
#8029 = ORIENTED_EDGE('',*,*,#1707,.F.);
#8030 = ORIENTED_EDGE('',*,*,#1472,.T.);
#8031 = CYLINDRICAL_SURFACE('',#8032,0.5);
#8032 = AXIS2_PLACEMENT_3D('',#8033,#8034,#8035);
#8033 = CARTESIAN_POINT('',(-3.962652818506,19.568972397337,
    11.349371867901));
#8034 = DIRECTION('',(2.574392775748E-13,1.,-8.749320058768E-15));
#8035 = DIRECTION('',(0.707106781187,-1.758503553726E-13,0.707106781187)
  );
#8036 = ADVANCED_FACE('',(#8037),#8059,.T.);
#8037 = FACE_BOUND('',#8038,.T.);
#8038 = EDGE_LOOP('',(#8039,#8045,#8046,#8047,#8048,#8049,#8050,#8051,
    #8052,#8058));
#8039 = ORIENTED_EDGE('',*,*,#8040,.F.);
#8040 = EDGE_CURVE('',#3393,#358,#8041,.T.);
#8041 = LINE('',#8042,#8043);
#8042 = CARTESIAN_POINT('',(-2.162652818506,19.568972397337,
    11.849371867901));
#8043 = VECTOR('',#8044,1.);
#8044 = DIRECTION('',(2.665319655793E-13,1.,3.433679457604E-16));
#8045 = ORIENTED_EDGE('',*,*,#3390,.F.);
#8046 = ORIENTED_EDGE('',*,*,#8023,.F.);
#8047 = ORIENTED_EDGE('',*,*,#7798,.F.);
#8048 = ORIENTED_EDGE('',*,*,#7669,.T.);
#8049 = ORIENTED_EDGE('',*,*,#7878,.F.);
#8050 = ORIENTED_EDGE('',*,*,#1595,.F.);
#8051 = ORIENTED_EDGE('',*,*,#1547,.F.);
#8052 = ORIENTED_EDGE('',*,*,#8053,.T.);
#8053 = EDGE_CURVE('',#1548,#1422,#8054,.T.);
#8054 = LINE('',#8055,#8056);
#8055 = CARTESIAN_POINT('',(-5.262652818505,25.106869408176,
    11.849371867901));
#8056 = VECTOR('',#8057,1.);
#8057 = DIRECTION('',(2.675066254696E-13,1.,3.433679457604E-16));
#8058 = ORIENTED_EDGE('',*,*,#1421,.F.);
#8059 = PLANE('',#8060);
#8060 = AXIS2_PLACEMENT_3D('',#8061,#8062,#8063);
#8061 = CARTESIAN_POINT('',(-1.962652818504,28.296869408176,
    11.849371867901));
#8062 = DIRECTION('',(9.149159983233E-29,3.433679457604E-16,-1.));
#8063 = DIRECTION('',(-1.,0.,-9.149159983233E-29));
#8064 = ADVANCED_FACE('',(#8065),#8082,.T.);
#8065 = FACE_BOUND('',#8066,.T.);
#8066 = EDGE_LOOP('',(#8067,#8074,#8075,#8076,#8077,#8078,#8079,#8080,
    #8081));
#8067 = ORIENTED_EDGE('',*,*,#8068,.T.);
#8068 = EDGE_CURVE('',#7906,#1431,#8069,.T.);
#8069 = ( BOUNDED_CURVE() B_SPLINE_CURVE(3,(#8070,#8071,#8072,#8073),
.UNSPECIFIED.,.F.,.F.) B_SPLINE_CURVE_WITH_KNOTS((4,4),(4.712388980385,
5.497787143782),.PIECEWISE_BEZIER_KNOTS.) CURVE() 
GEOMETRIC_REPRESENTATION_ITEM() RATIONAL_B_SPLINE_CURVE((1.,
0.949253021674,0.949253021674,1.)) REPRESENTATION_ITEM('') );
#8070 = CARTESIAN_POINT('',(-5.462652818506,21.916869408176,
    11.649371867901));
#8071 = CARTESIAN_POINT('',(-5.408900598093,21.916869408176,
    11.703124088314));
#8072 = CARTESIAN_POINT('',(-5.359240021826,21.896299323972,
    11.75278466458));
#8073 = CARTESIAN_POINT('',(-5.321231462268,21.858290764414,
    11.790793224138));
#8074 = ORIENTED_EDGE('',*,*,#1438,.T.);
#8075 = ORIENTED_EDGE('',*,*,#8053,.F.);
#8076 = ORIENTED_EDGE('',*,*,#1557,.F.);
#8077 = ORIENTED_EDGE('',*,*,#7942,.F.);
#8078 = ORIENTED_EDGE('',*,*,#7977,.F.);
#8079 = ORIENTED_EDGE('',*,*,#8006,.F.);
#8080 = ORIENTED_EDGE('',*,*,#1532,.F.);
#8081 = ORIENTED_EDGE('',*,*,#7913,.F.);
#8082 = PLANE('',#8083);
#8083 = AXIS2_PLACEMENT_3D('',#8084,#8085,#8086);
#8084 = CARTESIAN_POINT('',(-5.862652818506,21.916869408177,
    11.249371867901));
#8085 = DIRECTION('',(0.707106781187,-1.88912951079E-13,-0.707106781187)
  );
#8086 = DIRECTION('',(0.,-1.,2.671632575238E-13));
#8087 = ADVANCED_FACE('',(#8088),#8100,.F.);
#8088 = FACE_BOUND('',#8089,.F.);
#8089 = EDGE_LOOP('',(#8090,#8097,#8098,#8099));
#8090 = ORIENTED_EDGE('',*,*,#8091,.T.);
#8091 = EDGE_CURVE('',#377,#7896,#8092,.T.);
#8092 = CIRCLE('',#8093,0.2);
#8093 = AXIS2_PLACEMENT_3D('',#8094,#8095,#8096);
#8094 = CARTESIAN_POINT('',(-2.162652818506,21.716869408176,
    11.649371867901));
#8095 = DIRECTION('',(-1.,2.664927457447E-13,-3.921983464338E-17));
#8096 = DIRECTION('',(1.884110950421E-13,0.707106781187,0.707106781187)
  );
#8097 = ORIENTED_EDGE('',*,*,#7905,.F.);
#8098 = ORIENTED_EDGE('',*,*,#8068,.T.);
#8099 = ORIENTED_EDGE('',*,*,#1430,.T.);
#8100 = CYLINDRICAL_SURFACE('',#8101,0.2);
#8101 = AXIS2_PLACEMENT_3D('',#8102,#8103,#8104);
#8102 = CARTESIAN_POINT('',(-1.962652818506,21.716869408175,
    11.649371867901));
#8103 = DIRECTION('',(1.,-2.667824808802E-13,3.289549701774E-16));
#8104 = DIRECTION('',(1.884110950421E-13,0.707106781187,0.707106781187)
  );
#8105 = ADVANCED_FACE('',(#8106),#8153,.T.);
#8106 = FACE_BOUND('',#8107,.T.);
#8107 = EDGE_LOOP('',(#8108,#8115,#8116,#8117,#8118,#8119,#8120,#8121,
    #8122,#8128,#8129,#8136,#8137,#8146,#8152));
#8108 = ORIENTED_EDGE('',*,*,#8109,.F.);
#8109 = EDGE_CURVE('',#7921,#1391,#8110,.T.);
#8110 = CIRCLE('',#8111,0.2);
#8111 = AXIS2_PLACEMENT_3D('',#8112,#8113,#8114);
#8112 = CARTESIAN_POINT('',(-6.462652818506,22.116869408177,
    10.049371867901));
#8113 = DIRECTION('',(1.,-2.6645352591E-13,-2.625329092576E-27));
#8114 = DIRECTION('',(-1.884110950421E-13,-0.707106781187,
    -0.707106781187));
#8115 = ORIENTED_EDGE('',*,*,#7920,.F.);
#8116 = ORIENTED_EDGE('',*,*,#1515,.F.);
#8117 = ORIENTED_EDGE('',*,*,#7998,.F.);
#8118 = ORIENTED_EDGE('',*,*,#7984,.T.);
#8119 = ORIENTED_EDGE('',*,*,#1621,.F.);
#8120 = ORIENTED_EDGE('',*,*,#7853,.T.);
#8121 = ORIENTED_EDGE('',*,*,#1675,.F.);
#8122 = ORIENTED_EDGE('',*,*,#8123,.T.);
#8123 = EDGE_CURVE('',#1667,#1318,#8124,.T.);
#8124 = LINE('',#8125,#8126);
#8125 = CARTESIAN_POINT('',(-6.462652818504,26.796869408177,
    11.849371867901));
#8126 = VECTOR('',#8127,1.);
#8127 = DIRECTION('',(-2.665319655793E-13,-1.,-2.883696167858E-16));
#8128 = ORIENTED_EDGE('',*,*,#1327,.F.);
#8129 = ORIENTED_EDGE('',*,*,#8130,.F.);
#8130 = EDGE_CURVE('',#1367,#1328,#8131,.T.);
#8131 = CIRCLE('',#8132,1.);
#8132 = AXIS2_PLACEMENT_3D('',#8133,#8134,#8135);
#8133 = CARTESIAN_POINT('',(-6.462652818505,24.416869408177,
    10.849371867901));
#8134 = DIRECTION('',(-1.,2.675637489347E-13,-1.110223024625E-15));
#8135 = DIRECTION('',(-1.899811875007E-13,-0.707106781187,0.707106781187
    ));
#8136 = ORIENTED_EDGE('',*,*,#1366,.F.);
#8137 = ORIENTED_EDGE('',*,*,#8138,.F.);
#8138 = EDGE_CURVE('',#8139,#1359,#8141,.T.);
#8139 = VERTEX_POINT('',#8140);
#8140 = CARTESIAN_POINT('',(-6.462652818506,22.416869408177,
    9.849371867901));
#8141 = CIRCLE('',#8142,1.);
#8142 = AXIS2_PLACEMENT_3D('',#8143,#8144,#8145);
#8143 = CARTESIAN_POINT('',(-6.462652818506,22.416869408177,
    10.849371867901));
#8144 = DIRECTION('',(1.,-2.6645352591E-13,5.048709793414E-29));
#8145 = DIRECTION('',(1.884110950421E-13,0.707106781187,-0.707106781187)
  );
#8146 = ORIENTED_EDGE('',*,*,#8147,.F.);
#8147 = EDGE_CURVE('',#1399,#8139,#8148,.T.);
#8148 = LINE('',#8149,#8150);
#8149 = CARTESIAN_POINT('',(-6.462652818505,23.041869408177,
    9.849371867901));
#8150 = VECTOR('',#8151,1.);
#8151 = DIRECTION('',(2.6645352591E-13,1.,2.275047181609E-16));
#8152 = ORIENTED_EDGE('',*,*,#1398,.F.);
#8153 = PLANE('',#8154);
#8154 = AXIS2_PLACEMENT_3D('',#8155,#8156,#8157);
#8155 = CARTESIAN_POINT('',(-6.462652818506,22.296869408177,
    12.349371867901));
#8156 = DIRECTION('',(-1.,2.6645352591E-13,0.));
#8157 = DIRECTION('',(0.,0.,1.));
#8158 = ADVANCED_FACE('',(#8159),#8171,.T.);
#8159 = FACE_BOUND('',#8160,.T.);
#8160 = EDGE_LOOP('',(#8161,#8162,#8169,#8170));
#8161 = ORIENTED_EDGE('',*,*,#1390,.F.);
#8162 = ORIENTED_EDGE('',*,*,#8163,.F.);
#8163 = EDGE_CURVE('',#7898,#896,#8164,.T.);
#8164 = CIRCLE('',#8165,0.2);
#8165 = AXIS2_PLACEMENT_3D('',#8166,#8167,#8168);
#8166 = CARTESIAN_POINT('',(-2.162652818506,22.116869408176,
    10.049371867901));
#8167 = DIRECTION('',(1.,-2.670135769133E-13,9.785893707428E-17));
#8168 = DIRECTION('',(-1.887379141863E-13,-0.707106781187,
    -0.707106781187));
#8169 = ORIENTED_EDGE('',*,*,#7928,.T.);
#8170 = ORIENTED_EDGE('',*,*,#8109,.T.);
#8171 = CYLINDRICAL_SURFACE('',#8172,0.2);
#8172 = AXIS2_PLACEMENT_3D('',#8173,#8174,#8175);
#8173 = CARTESIAN_POINT('',(-1.962652818506,22.116869408176,
    10.049371867901));
#8174 = DIRECTION('',(-1.,2.667824808802E-13,-3.289549701774E-16));
#8175 = DIRECTION('',(-1.884110950421E-13,-0.707106781187,
    -0.707106781187));
#8176 = ADVANCED_FACE('',(#8177,#8181),#8735,.T.);
#8177 = FACE_BOUND('',#8178,.T.);
#8178 = EDGE_LOOP('',(#8179,#8180));
#8179 = ORIENTED_EDGE('',*,*,#7046,.F.);
#8180 = ORIENTED_EDGE('',*,*,#1949,.F.);
#8181 = FACE_BOUND('',#8182,.T.);
#8182 = EDGE_LOOP('',(#8183,#8193,#8202,#8210,#8219,#8227,#8236,#8244,
    #8253,#8261,#8270,#8278,#8287,#8293,#8294,#8303,#8311,#8318,#8319,
    #8325,#8326,#8335,#8341,#8342,#8351,#8358,#8359,#8368,#8374,#8375,
    #8384,#8392,#8399,#8400,#8408,#8417,#8425,#8434,#8442,#8451,#8459,
    #8468,#8476,#8485,#8493,#8502,#8508,#8509,#8518,#8524,#8525,#8534,
    #8540,#8548,#8555,#8556,#8557,#8566,#8574,#8581,#8582,#8588,#8589,
    #8598,#8607,#8615,#8622,#8623,#8624,#8633,#8641,#8648,#8649,#8655,
    #8656,#8665,#8671,#8672,#8681,#8689,#8696,#8697,#8705,#8712,#8713,
    #8721,#8728,#8729));
#8183 = ORIENTED_EDGE('',*,*,#8184,.F.);
#8184 = EDGE_CURVE('',#8185,#8187,#8189,.T.);
#8185 = VERTEX_POINT('',#8186);
#8186 = CARTESIAN_POINT('',(-1.962652818513,-5.414718635132,
    8.280742717836));
#8187 = VERTEX_POINT('',#8188);
#8188 = CARTESIAN_POINT('',(-1.962652818513,-5.414718635148,
    9.049371867934));
#8189 = LINE('',#8190,#8191);
#8190 = CARTESIAN_POINT('',(-1.962652818513,-5.414718635151,
    9.215057292689));
#8191 = VECTOR('',#8192,1.);
#8192 = DIRECTION('',(-5.483250281841E-24,-2.057258036545E-11,1.));
#8193 = ORIENTED_EDGE('',*,*,#8194,.F.);
#8194 = EDGE_CURVE('',#8195,#8185,#8197,.T.);
#8195 = VERTEX_POINT('',#8196);
#8196 = CARTESIAN_POINT('',(-1.962652818513,-5.736901176031,
    7.502925258357));
#8197 = CIRCLE('',#8198,1.099999999953);
#8198 = AXIS2_PLACEMENT_3D('',#8199,#8200,#8201);
#8199 = CARTESIAN_POINT('',(-1.962652818513,-6.514718635132,8.2807427178
    ));
#8200 = DIRECTION('',(1.,-2.665319655793E-13,-1.262177448354E-28));
#8201 = DIRECTION('',(1.884665602228E-13,0.707106781032,-0.707106781342)
  );
#8202 = ORIENTED_EDGE('',*,*,#8203,.F.);
#8203 = EDGE_CURVE('',#8204,#8195,#8206,.T.);
#8204 = VERTEX_POINT('',#8205);
#8205 = CARTESIAN_POINT('',(-1.962652818513,-6.268272026064,6.9715544083
    ));
#8206 = LINE('',#8207,#8208);
#8207 = CARTESIAN_POINT('',(-1.962652818512,-1.196480808029,
    12.043345626335));
#8208 = VECTOR('',#8209,1.);
#8209 = DIRECTION('',(1.884665602641E-13,0.707106781187,0.707106781187)
  );
#8210 = ORIENTED_EDGE('',*,*,#8211,.F.);
#8211 = EDGE_CURVE('',#8212,#8204,#8214,.T.);
#8212 = VERTEX_POINT('',#8213);
#8213 = CARTESIAN_POINT('',(-1.962652818513,-6.414718635179,
    6.618001017996));
#8214 = CIRCLE('',#8215,0.500000000047);
#8215 = AXIS2_PLACEMENT_3D('',#8216,#8217,#8218);
#8216 = CARTESIAN_POINT('',(-1.962652818513,-5.914718635132,
    6.618001018002));
#8217 = DIRECTION('',(-1.,2.665319655793E-13,2.019483917366E-28));
#8218 = DIRECTION('',(-1.884665603849E-13,-0.70710678164,0.707106780733)
  );
#8219 = ORIENTED_EDGE('',*,*,#8220,.F.);
#8220 = EDGE_CURVE('',#8221,#8212,#8223,.T.);
#8221 = VERTEX_POINT('',#8222);
#8222 = CARTESIAN_POINT('',(-1.962652818513,-6.414718635132,
    6.149371867866));
#8223 = LINE('',#8224,#8225);
#8224 = CARTESIAN_POINT('',(-1.962652818513,-6.414718635132,
    8.149371867872));
#8225 = VECTOR('',#8226,1.);
#8226 = DIRECTION('',(0.,0.,1.));
#8227 = ORIENTED_EDGE('',*,*,#8228,.F.);
#8228 = EDGE_CURVE('',#8229,#8221,#8231,.T.);
#8229 = VERTEX_POINT('',#8230);
#8230 = CARTESIAN_POINT('',(-1.962652818513,-5.914718635163,
    5.649371867854));
#8231 = CIRCLE('',#8232,0.500000000047);
#8232 = AXIS2_PLACEMENT_3D('',#8233,#8234,#8235);
#8233 = CARTESIAN_POINT('',(-1.962652818513,-5.914718635132,
    6.149371867901));
#8234 = DIRECTION('',(-1.,2.665319655793E-13,-2.938735877056E-39));
#8235 = DIRECTION('',(-2.665319655793E-13,-1.,-4.989411661139E-11));
#8236 = ORIENTED_EDGE('',*,*,#8237,.F.);
#8237 = EDGE_CURVE('',#8238,#8229,#8240,.T.);
#8238 = VERTEX_POINT('',#8239);
#8239 = CARTESIAN_POINT('',(-1.962652818512,-2.514718635065,
    5.649371867901));
#8240 = LINE('',#8241,#8242);
#8241 = CARTESIAN_POINT('',(-1.96265281851,4.163178375717,5.649371867901
    ));
#8242 = VECTOR('',#8243,1.);
#8243 = DIRECTION('',(-2.665319655793E-13,-1.,0.));
#8244 = ORIENTED_EDGE('',*,*,#8245,.F.);
#8245 = EDGE_CURVE('',#8246,#8238,#8248,.T.);
#8246 = VERTEX_POINT('',#8247);
#8247 = CARTESIAN_POINT('',(-1.962652818512,-2.014718635086,
    6.149371867876));
#8248 = CIRCLE('',#8249,0.500000000047);
#8249 = AXIS2_PLACEMENT_3D('',#8250,#8251,#8252);
#8250 = CARTESIAN_POINT('',(-1.962652818512,-2.514718635132,
    6.149371867901));
#8251 = DIRECTION('',(-1.,2.665319655793E-13,2.057115113939E-38));
#8252 = DIRECTION('',(2.555737033114E-23,9.588857484914E-11,-1.));
#8253 = ORIENTED_EDGE('',*,*,#8254,.F.);
#8254 = EDGE_CURVE('',#8255,#8246,#8257,.T.);
#8255 = VERTEX_POINT('',#8256);
#8256 = CARTESIAN_POINT('',(-1.962652818512,-2.014718635132,
    6.618001017994));
#8257 = LINE('',#8258,#8259);
#8258 = CARTESIAN_POINT('',(-1.962652818512,-2.014718635132,
    8.383686442936));
#8259 = VECTOR('',#8260,1.);
#8260 = DIRECTION('',(0.,0.,-1.));
#8261 = ORIENTED_EDGE('',*,*,#8262,.F.);
#8262 = EDGE_CURVE('',#8263,#8255,#8265,.T.);
#8263 = VERTEX_POINT('',#8264);
#8264 = CARTESIAN_POINT('',(-1.962652818512,-2.161165244583,
    6.971554408706));
#8265 = CIRCLE('',#8266,0.500000000047);
#8266 = AXIS2_PLACEMENT_3D('',#8267,#8268,#8269);
#8267 = CARTESIAN_POINT('',(-1.962652818512,-2.514718635132,
    6.618001018002));
#8268 = DIRECTION('',(-1.,2.665319655793E-13,0.));
#8269 = DIRECTION('',(2.665319655793E-13,1.,-1.275368699419E-11));
#8270 = ORIENTED_EDGE('',*,*,#8271,.F.);
#8271 = EDGE_CURVE('',#8272,#8263,#8274,.T.);
#8272 = VERTEX_POINT('',#8273);
#8273 = CARTESIAN_POINT('',(-1.962652818512,-2.69253609469,
    7.502925258813));
#8274 = LINE('',#8275,#8276);
#8275 = CARTESIAN_POINT('',(-1.962652818511,2.9255123341E-02,
    4.781134040782));
#8276 = VECTOR('',#8277,1.);
#8277 = DIRECTION('',(1.884665602641E-13,0.707106781187,-0.707106781187)
  );
#8278 = ORIENTED_EDGE('',*,*,#8279,.F.);
#8279 = EDGE_CURVE('',#8280,#8272,#8282,.T.);
#8280 = VERTEX_POINT('',#8281);
#8281 = CARTESIAN_POINT('',(-1.962652818512,-3.014718635086,
    8.280742717839));
#8282 = CIRCLE('',#8283,1.099999999953);
#8283 = AXIS2_PLACEMENT_3D('',#8284,#8285,#8286);
#8284 = CARTESIAN_POINT('',(-1.962652818512,-1.914718635132,8.2807427178
    ));
#8285 = DIRECTION('',(1.,-2.665319655793E-13,-1.469367938528E-39));
#8286 = DIRECTION('',(-2.665319655793E-13,-1.,3.577946020421E-11));
#8287 = ORIENTED_EDGE('',*,*,#8288,.F.);
#8288 = EDGE_CURVE('',#24,#8280,#8289,.T.);
#8289 = LINE('',#8290,#8291);
#8290 = CARTESIAN_POINT('',(-1.962652818512,-3.014718635075,
    9.849371868148));
#8291 = VECTOR('',#8292,1.);
#8292 = DIRECTION('',(-9.805435596234E-24,-3.678896666267E-11,-1.));
#8293 = ORIENTED_EDGE('',*,*,#31,.F.);
#8294 = ORIENTED_EDGE('',*,*,#8295,.F.);
#8295 = EDGE_CURVE('',#8296,#32,#8298,.T.);
#8296 = VERTEX_POINT('',#8297);
#8297 = CARTESIAN_POINT('',(-1.962652818512,-1.814718635122,
    9.749371867901));
#8298 = CIRCLE('',#8299,1.2);
#8299 = AXIS2_PLACEMENT_3D('',#8300,#8301,#8302);
#8300 = CARTESIAN_POINT('',(-1.962652818512,-1.814718635122,
    8.549371867901));
#8301 = DIRECTION('',(1.,-2.665319655793E-13,-3.53409685539E-28));
#8302 = DIRECTION('',(-1.884665602607E-13,-0.707106781174,0.7071067812)
  );
#8303 = ORIENTED_EDGE('',*,*,#8304,.F.);
#8304 = EDGE_CURVE('',#8305,#8296,#8307,.T.);
#8305 = VERTEX_POINT('',#8306);
#8306 = CARTESIAN_POINT('',(-1.962652818511,2.212210969749,
    9.749371867901));
#8307 = LINE('',#8308,#8309);
#8308 = CARTESIAN_POINT('',(-1.962652818509,7.276643178124,
    9.749371867901));
#8309 = VECTOR('',#8310,1.);
#8310 = DIRECTION('',(-2.665319655793E-13,-1.,0.));
#8311 = ORIENTED_EDGE('',*,*,#8312,.F.);
#8312 = EDGE_CURVE('',#66,#8305,#8313,.T.);
#8313 = CIRCLE('',#8314,1.3);
#8314 = AXIS2_PLACEMENT_3D('',#8315,#8316,#8317);
#8315 = CARTESIAN_POINT('',(-1.962652818511,2.212210969749,
    11.049371867901));
#8316 = DIRECTION('',(-1.,2.665319655793E-13,3.281661365719E-28));
#8317 = DIRECTION('',(1.884665602641E-13,0.707106781187,0.707106781187)
  );
#8318 = ORIENTED_EDGE('',*,*,#63,.F.);
#8319 = ORIENTED_EDGE('',*,*,#8320,.F.);
#8320 = EDGE_CURVE('',#108,#64,#8321,.T.);
#8321 = LINE('',#8322,#8323);
#8322 = CARTESIAN_POINT('',(-1.962652818511,3.01317837566,
    12.349371867901));
#8323 = VECTOR('',#8324,1.);
#8324 = DIRECTION('',(2.665319655793E-13,1.,3.906059071897E-16));
#8325 = ORIENTED_EDGE('',*,*,#115,.F.);
#8326 = ORIENTED_EDGE('',*,*,#8327,.F.);
#8327 = EDGE_CURVE('',#8328,#116,#8330,.T.);
#8328 = VERTEX_POINT('',#8329);
#8329 = CARTESIAN_POINT('',(-1.962652818513,-4.314718635179,
    13.749371867901));
#8330 = CIRCLE('',#8331,0.7);
#8331 = AXIS2_PLACEMENT_3D('',#8332,#8333,#8334);
#8332 = CARTESIAN_POINT('',(-1.962652818513,-4.314718635179,
    13.049371867901));
#8333 = DIRECTION('',(1.,-2.665319655793E-13,3.281661365719E-28));
#8334 = DIRECTION('',(-1.884665602641E-13,-0.707106781187,0.707106781187
    ));
#8335 = ORIENTED_EDGE('',*,*,#8336,.F.);
#8336 = EDGE_CURVE('',#150,#8328,#8337,.T.);
#8337 = LINE('',#8338,#8339);
#8338 = CARTESIAN_POINT('',(-1.962652818509,8.016046251835,
    13.749371867901));
#8339 = VECTOR('',#8340,1.);
#8340 = DIRECTION('',(-2.665319655793E-13,-1.,-6.657519559404E-16));
#8341 = ORIENTED_EDGE('',*,*,#157,.F.);
#8342 = ORIENTED_EDGE('',*,*,#8343,.F.);
#8343 = EDGE_CURVE('',#8344,#158,#8346,.T.);
#8344 = VERTEX_POINT('',#8345);
#8345 = CARTESIAN_POINT('',(-1.96265281851,5.388419129631,
    11.982158753147));
#8346 = CIRCLE('',#8347,2.2);
#8347 = AXIS2_PLACEMENT_3D('',#8348,#8349,#8350);
#8348 = CARTESIAN_POINT('',(-1.962652818511,3.231408348027,
    11.549371867901));
#8349 = DIRECTION('',(1.,-2.665319655793E-13,-1.009741958683E-28));
#8350 = DIRECTION('',(1.689146924353E-13,0.633750222298,0.773537753272)
  );
#8351 = ORIENTED_EDGE('',*,*,#8352,.F.);
#8352 = EDGE_CURVE('',#192,#8344,#8353,.T.);
#8353 = CIRCLE('',#8354,3.9);
#8354 = AXIS2_PLACEMENT_3D('',#8355,#8356,#8357);
#8355 = CARTESIAN_POINT('',(-1.962652818509,9.212210969749,
    12.749371867901));
#8356 = DIRECTION('',(-1.,2.665319655793E-13,6.310887241768E-30));
#8357 = DIRECTION('',(2.61408951586E-13,0.980778988433,-0.19512195122));
#8358 = ORIENTED_EDGE('',*,*,#189,.F.);
#8359 = ORIENTED_EDGE('',*,*,#8360,.F.);
#8360 = EDGE_CURVE('',#8361,#190,#8363,.T.);
#8361 = VERTEX_POINT('',#8362);
#8362 = CARTESIAN_POINT('',(-1.962652818507,15.245452221348,
    14.049371867901));
#8363 = CIRCLE('',#8364,2.2);
#8364 = AXIS2_PLACEMENT_3D('',#8365,#8366,#8367);
#8365 = CARTESIAN_POINT('',(-1.962652818507,15.245452221348,
    11.849371867901));
#8366 = DIRECTION('',(1.,-2.665319655793E-13,0.));
#8367 = DIRECTION('',(0.,0.,1.));
#8368 = ORIENTED_EDGE('',*,*,#8369,.F.);
#8369 = EDGE_CURVE('',#234,#8361,#8370,.T.);
#8370 = LINE('',#8371,#8372);
#8371 = CARTESIAN_POINT('',(-1.962652818506,19.068972397337,
    14.049371867901));
#8372 = VECTOR('',#8373,1.);
#8373 = DIRECTION('',(-2.665319655793E-13,-1.,-8.173357393773E-16));
#8374 = ORIENTED_EDGE('',*,*,#241,.F.);
#8375 = ORIENTED_EDGE('',*,*,#8376,.F.);
#8376 = EDGE_CURVE('',#8377,#242,#8379,.T.);
#8377 = VERTEX_POINT('',#8378);
#8378 = CARTESIAN_POINT('',(-1.962652818504,26.796869408176,
    12.649371867901));
#8379 = CIRCLE('',#8380,0.7);
#8380 = AXIS2_PLACEMENT_3D('',#8381,#8382,#8383);
#8381 = CARTESIAN_POINT('',(-1.962652818504,26.796869408176,
    13.349371867901));
#8382 = DIRECTION('',(1.,-2.665319655793E-13,4.543838814073E-28));
#8383 = DIRECTION('',(1.884665602641E-13,0.707106781187,0.707106781187)
  );
#8384 = ORIENTED_EDGE('',*,*,#8385,.F.);
#8385 = EDGE_CURVE('',#8386,#8377,#8388,.T.);
#8386 = VERTEX_POINT('',#8387);
#8387 = CARTESIAN_POINT('',(-1.962652818507,17.796869408176,
    12.649371867901));
#8388 = LINE('',#8389,#8390);
#8389 = CARTESIAN_POINT('',(-1.962652818508,13.568972397337,
    12.649371867901));
#8390 = VECTOR('',#8391,1.);
#8391 = DIRECTION('',(2.665319655793E-13,1.,0.));
#8392 = ORIENTED_EDGE('',*,*,#8393,.F.);
#8393 = EDGE_CURVE('',#276,#8386,#8394,.T.);
#8394 = CIRCLE('',#8395,1.3);
#8395 = AXIS2_PLACEMENT_3D('',#8396,#8397,#8398);
#8396 = CARTESIAN_POINT('',(-1.962652818507,17.796869408176,
    11.349371867901));
#8397 = DIRECTION('',(-1.,2.665319655793E-13,-3.281661365719E-28));
#8398 = DIRECTION('',(-1.884665602641E-13,-0.707106781187,0.707106781187
    ));
#8399 = ORIENTED_EDGE('',*,*,#273,.F.);
#8400 = ORIENTED_EDGE('',*,*,#8401,.F.);
#8401 = EDGE_CURVE('',#8402,#274,#8404,.T.);
#8402 = VERTEX_POINT('',#8403);
#8403 = CARTESIAN_POINT('',(-1.962652818507,16.496869408176,
    11.280742717861));
#8404 = LINE('',#8405,#8406);
#8405 = CARTESIAN_POINT('',(-1.962652818507,16.496869408176,
    10.715057292869));
#8406 = VECTOR('',#8407,1.);
#8407 = DIRECTION('',(-4.716059321242E-29,-1.769416028952E-16,1.));
#8408 = ORIENTED_EDGE('',*,*,#8409,.F.);
#8409 = EDGE_CURVE('',#8410,#8402,#8412,.T.);
#8410 = VERTEX_POINT('',#8411);
#8411 = CARTESIAN_POINT('',(-1.962652818507,16.174686867498,
    10.502925258511));
#8412 = CIRCLE('',#8413,1.1);
#8413 = AXIS2_PLACEMENT_3D('',#8414,#8415,#8416);
#8414 = CARTESIAN_POINT('',(-1.962652818507,15.396869408176,
    11.2807427178));
#8415 = DIRECTION('',(1.,-2.665319655793E-13,-5.048709793414E-29));
#8416 = DIRECTION('',(1.884665602683E-13,0.707106781202,-0.707106781171)
  );
#8417 = ORIENTED_EDGE('',*,*,#8418,.F.);
#8418 = EDGE_CURVE('',#8419,#8410,#8421,.T.);
#8419 = VERTEX_POINT('',#8420);
#8420 = CARTESIAN_POINT('',(-1.962652818507,15.893316017572,
    10.221554408525));
#8421 = LINE('',#8422,#8423);
#8422 = CARTESIAN_POINT('',(-1.962652818508,14.612210223989,
    8.940448615604));
#8423 = VECTOR('',#8424,1.);
#8424 = DIRECTION('',(1.884665603129E-13,0.707106781369,0.707106781004)
  );
#8425 = ORIENTED_EDGE('',*,*,#8426,.F.);
#8426 = EDGE_CURVE('',#8427,#8419,#8429,.T.);
#8427 = VERTEX_POINT('',#8428);
#8428 = CARTESIAN_POINT('',(-1.962652818507,15.746869408176,
    9.868001017975));
#8429 = CIRCLE('',#8430,0.5);
#8430 = AXIS2_PLACEMENT_3D('',#8431,#8432,#8433);
#8431 = CARTESIAN_POINT('',(-1.962652818507,16.246869408176,
    9.868001018003));
#8432 = DIRECTION('',(-1.,2.665319655793E-13,-1.514612938024E-28));
#8433 = DIRECTION('',(-1.884665602655E-13,-0.707106781192,0.707106781181
    ));
#8434 = ORIENTED_EDGE('',*,*,#8435,.F.);
#8435 = EDGE_CURVE('',#8436,#8427,#8438,.T.);
#8436 = VERTEX_POINT('',#8437);
#8437 = CARTESIAN_POINT('',(-1.962652818507,15.746869408176,
    9.599371867878));
#8438 = LINE('',#8439,#8440);
#8439 = CARTESIAN_POINT('',(-1.962652818507,15.746869408176,
    9.874371867878));
#8440 = VECTOR('',#8441,1.);
#8441 = DIRECTION('',(0.,0.,1.));
#8442 = ORIENTED_EDGE('',*,*,#8443,.F.);
#8443 = EDGE_CURVE('',#8444,#8436,#8446,.T.);
#8444 = VERTEX_POINT('',#8445);
#8445 = CARTESIAN_POINT('',(-1.962652818507,16.246869408197,
    9.099371867901));
#8446 = CIRCLE('',#8447,0.5);
#8447 = AXIS2_PLACEMENT_3D('',#8448,#8449,#8450);
#8448 = CARTESIAN_POINT('',(-1.962652818507,16.246869408176,
    9.599371867901));
#8449 = DIRECTION('',(-1.,2.665319655793E-13,0.));
#8450 = DIRECTION('',(-2.665319655793E-13,-1.,-3.326505737533E-11));
#8451 = ORIENTED_EDGE('',*,*,#8452,.F.);
#8452 = EDGE_CURVE('',#8453,#8444,#8455,.T.);
#8453 = VERTEX_POINT('',#8454);
#8454 = CARTESIAN_POINT('',(-1.962652818506,18.646869408113,
    9.099371867901));
#8455 = LINE('',#8456,#8457);
#8456 = CARTESIAN_POINT('',(-1.962652818508,14.743972397306,
    9.099371867901));
#8457 = VECTOR('',#8458,1.);
#8458 = DIRECTION('',(-2.665319655793E-13,-1.,0.));
#8459 = ORIENTED_EDGE('',*,*,#8460,.F.);
#8460 = EDGE_CURVE('',#8461,#8453,#8463,.T.);
#8461 = VERTEX_POINT('',#8462);
#8462 = CARTESIAN_POINT('',(-1.962652818506,19.146869408176,
    9.599371867884));
#8463 = CIRCLE('',#8464,0.5);
#8464 = AXIS2_PLACEMENT_3D('',#8465,#8466,#8467);
#8465 = CARTESIAN_POINT('',(-1.962652818506,18.646869408176,
    9.599371867901));
#8466 = DIRECTION('',(-1.,2.665319655793E-13,-4.114230227878E-38));
#8467 = DIRECTION('',(-2.37985557169E-23,-8.928968675548E-11,-1.));
#8468 = ORIENTED_EDGE('',*,*,#8469,.F.);
#8469 = EDGE_CURVE('',#8470,#8461,#8472,.T.);
#8470 = VERTEX_POINT('',#8471);
#8471 = CARTESIAN_POINT('',(-1.962652818506,19.146869408176,
    9.868001017964));
#8472 = LINE('',#8473,#8474);
#8473 = CARTESIAN_POINT('',(-1.962652818506,19.146869408176,
    10.008686442921));
#8474 = VECTOR('',#8475,1.);
#8475 = DIRECTION('',(0.,0.,-1.));
#8476 = ORIENTED_EDGE('',*,*,#8477,.F.);
#8477 = EDGE_CURVE('',#8478,#8470,#8480,.T.);
#8478 = VERTEX_POINT('',#8479);
#8479 = CARTESIAN_POINT('',(-1.962652818506,19.000422798604,
    10.221554408761));
#8480 = CIRCLE('',#8481,0.5);
#8481 = AXIS2_PLACEMENT_3D('',#8482,#8483,#8484);
#8482 = CARTESIAN_POINT('',(-1.962652818506,18.646869408176,
    9.868001018003));
#8483 = DIRECTION('',(-1.,2.665319655793E-13,0.));
#8484 = DIRECTION('',(2.665319655793E-13,1.,-5.432113092674E-11));
#8485 = ORIENTED_EDGE('',*,*,#8486,.F.);
#8486 = EDGE_CURVE('',#8487,#8478,#8489,.T.);
#8487 = VERTEX_POINT('',#8488);
#8488 = CARTESIAN_POINT('',(-1.962652818506,18.719051948721,
    10.502925258696));
#8489 = LINE('',#8490,#8491);
#8490 = CARTESIAN_POINT('',(-1.962652818507,16.83794615587,
    12.384031051547));
#8491 = VECTOR('',#8492,1.);
#8492 = DIRECTION('',(1.884665602641E-13,0.707106781187,-0.707106781187)
  );
#8493 = ORIENTED_EDGE('',*,*,#8494,.F.);
#8494 = EDGE_CURVE('',#8495,#8487,#8497,.T.);
#8495 = VERTEX_POINT('',#8496);
#8496 = CARTESIAN_POINT('',(-1.962652818507,18.396869408176,
    11.280742717874));
#8497 = CIRCLE('',#8498,1.1);
#8498 = AXIS2_PLACEMENT_3D('',#8499,#8500,#8501);
#8499 = CARTESIAN_POINT('',(-1.962652818506,19.496869408175,
    11.2807427178));
#8500 = DIRECTION('',(1.,-2.665319655793E-13,0.));
#8501 = DIRECTION('',(-2.665319655793E-13,-1.,6.81147057949E-11));
#8502 = ORIENTED_EDGE('',*,*,#8503,.F.);
#8503 = EDGE_CURVE('',#318,#8495,#8504,.T.);
#8504 = LINE('',#8505,#8506);
#8505 = CARTESIAN_POINT('',(-1.962652818507,18.396869408176,
    10.999371867889));
#8506 = VECTOR('',#8507,1.);
#8507 = DIRECTION('',(0.,0.,-1.));
#8508 = ORIENTED_EDGE('',*,*,#325,.F.);
#8509 = ORIENTED_EDGE('',*,*,#8510,.F.);
#8510 = EDGE_CURVE('',#8511,#326,#8513,.T.);
#8511 = VERTEX_POINT('',#8512);
#8512 = CARTESIAN_POINT('',(-1.962652818506,19.096869408176,
    12.049371867901));
#8513 = CIRCLE('',#8514,0.7);
#8514 = AXIS2_PLACEMENT_3D('',#8515,#8516,#8517);
#8515 = CARTESIAN_POINT('',(-1.962652818506,19.096869408176,
    11.349371867901));
#8516 = DIRECTION('',(1.,-2.665319655793E-13,-4.543838814073E-28));
#8517 = DIRECTION('',(-1.884665602641E-13,-0.707106781187,0.707106781187
    ));
#8518 = ORIENTED_EDGE('',*,*,#8519,.F.);
#8519 = EDGE_CURVE('',#360,#8511,#8520,.T.);
#8520 = LINE('',#8521,#8522);
#8521 = CARTESIAN_POINT('',(-1.962652818506,19.568972397337,
    12.049371867901));
#8522 = VECTOR('',#8523,1.);
#8523 = DIRECTION('',(-2.665319655793E-13,-1.,-3.433679457604E-16));
#8524 = ORIENTED_EDGE('',*,*,#367,.F.);
#8525 = ORIENTED_EDGE('',*,*,#8526,.F.);
#8526 = EDGE_CURVE('',#8527,#368,#8529,.T.);
#8527 = VERTEX_POINT('',#8528);
#8528 = CARTESIAN_POINT('',(-1.962652818506,22.116869408176,
    11.649371867901));
#8529 = CIRCLE('',#8530,0.4);
#8530 = AXIS2_PLACEMENT_3D('',#8531,#8532,#8533);
#8531 = CARTESIAN_POINT('',(-1.962652818506,21.716869408175,
    11.649371867901));
#8532 = DIRECTION('',(1.,-2.665319655793E-13,4.796274303744E-28));
#8533 = DIRECTION('',(1.884665602641E-13,0.707106781187,0.707106781187)
  );
#8534 = ORIENTED_EDGE('',*,*,#8535,.F.);
#8535 = EDGE_CURVE('',#886,#8527,#8536,.T.);
#8536 = LINE('',#8537,#8538);
#8537 = CARTESIAN_POINT('',(-1.962652818506,22.116869408176,
    9.999371867889));
#8538 = VECTOR('',#8539,1.);
#8539 = DIRECTION('',(0.,0.,1.));
#8540 = ORIENTED_EDGE('',*,*,#8541,.F.);
#8541 = EDGE_CURVE('',#8542,#886,#8544,.T.);
#8542 = VERTEX_POINT('',#8543);
#8543 = CARTESIAN_POINT('',(-1.962652818505,22.416869408176,
    10.049371867901));
#8544 = LINE('',#8545,#8546);
#8545 = CARTESIAN_POINT('',(-1.962652818507,17.128972397337,
    10.049371867901));
#8546 = VECTOR('',#8547,1.);
#8547 = DIRECTION('',(-2.665319655793E-13,-1.,-2.275047181609E-16));
#8548 = ORIENTED_EDGE('',*,*,#8549,.F.);
#8549 = EDGE_CURVE('',#402,#8542,#8550,.T.);
#8550 = CIRCLE('',#8551,0.8);
#8551 = AXIS2_PLACEMENT_3D('',#8552,#8553,#8554);
#8552 = CARTESIAN_POINT('',(-1.962652818505,22.416869408176,
    10.849371867901));
#8553 = DIRECTION('',(-1.,2.665319655793E-13,2.019483917366E-28));
#8554 = DIRECTION('',(1.884665602641E-13,0.707106781187,-0.707106781187)
  );
#8555 = ORIENTED_EDGE('',*,*,#399,.F.);
#8556 = ORIENTED_EDGE('',*,*,#442,.F.);
#8557 = ORIENTED_EDGE('',*,*,#8558,.F.);
#8558 = EDGE_CURVE('',#8559,#443,#8561,.T.);
#8559 = VERTEX_POINT('',#8560);
#8560 = CARTESIAN_POINT('',(-1.962652818505,24.416869408176,
    12.049371867901));
#8561 = CIRCLE('',#8562,1.2);
#8562 = AXIS2_PLACEMENT_3D('',#8563,#8564,#8565);
#8563 = CARTESIAN_POINT('',(-1.962652818505,24.416869408176,
    10.849371867901));
#8564 = DIRECTION('',(1.,-2.665319655793E-13,-2.019483917366E-28));
#8565 = DIRECTION('',(-1.884665602641E-13,-0.707106781187,0.707106781187
    ));
#8566 = ORIENTED_EDGE('',*,*,#8567,.F.);
#8567 = EDGE_CURVE('',#8568,#8559,#8570,.T.);
#8568 = VERTEX_POINT('',#8569);
#8569 = CARTESIAN_POINT('',(-1.962652818504,26.796869408176,
    12.049371867901));
#8570 = LINE('',#8571,#8572);
#8571 = CARTESIAN_POINT('',(-1.962652818506,19.568972397337,
    12.049371867901));
#8572 = VECTOR('',#8573,1.);
#8573 = DIRECTION('',(-2.665319655793E-13,-1.,-3.433679457604E-16));
#8574 = ORIENTED_EDGE('',*,*,#8575,.F.);
#8575 = EDGE_CURVE('',#477,#8568,#8576,.T.);
#8576 = CIRCLE('',#8577,1.3);
#8577 = AXIS2_PLACEMENT_3D('',#8578,#8579,#8580);
#8578 = CARTESIAN_POINT('',(-1.962652818504,26.796869408176,
    13.349371867901));
#8579 = DIRECTION('',(-1.,2.665319655793E-13,-7.573064690122E-29));
#8580 = DIRECTION('',(1.884665602641E-13,0.707106781187,0.707106781187)
  );
#8581 = ORIENTED_EDGE('',*,*,#474,.F.);
#8582 = ORIENTED_EDGE('',*,*,#8583,.F.);
#8583 = EDGE_CURVE('',#519,#475,#8584,.T.);
#8584 = LINE('',#8585,#8586);
#8585 = CARTESIAN_POINT('',(-1.962652818508,11.363039281192,
    14.649371867901));
#8586 = VECTOR('',#8587,1.);
#8587 = DIRECTION('',(2.665319655793E-13,1.,6.764757943498E-16));
#8588 = ORIENTED_EDGE('',*,*,#526,.F.);
#8589 = ORIENTED_EDGE('',*,*,#8590,.F.);
#8590 = EDGE_CURVE('',#8591,#527,#8593,.T.);
#8591 = VERTEX_POINT('',#8592);
#8592 = CARTESIAN_POINT('',(-1.962652818508,12.219455704415,
    15.329371867901));
#8593 = CIRCLE('',#8594,1.7);
#8594 = AXIS2_PLACEMENT_3D('',#8595,#8596,#8597);
#8595 = CARTESIAN_POINT('',(-1.962652818508,13.579455704415,
    16.349371867901));
#8596 = DIRECTION('',(1.,-2.665319655793E-13,2.524354896707E-29));
#8597 = DIRECTION('',(-1.332659827897E-13,-0.5,-0.866025403784));
#8598 = ORIENTED_EDGE('',*,*,#8599,.F.);
#8599 = EDGE_CURVE('',#8600,#8591,#8602,.T.);
#8600 = VERTEX_POINT('',#8601);
#8601 = CARTESIAN_POINT('',(-1.962652818508,11.179455704415,
    15.849371867901));
#8602 = CIRCLE('',#8603,1.3);
#8603 = AXIS2_PLACEMENT_3D('',#8604,#8605,#8606);
#8604 = CARTESIAN_POINT('',(-1.962652818508,11.179455704415,
    14.549371867901));
#8605 = DIRECTION('',(-1.,2.665319655793E-13,0.));
#8606 = DIRECTION('',(0.,0.,1.));
#8607 = ORIENTED_EDGE('',*,*,#8608,.F.);
#8608 = EDGE_CURVE('',#8609,#8600,#8611,.T.);
#8609 = VERTEX_POINT('',#8610);
#8610 = CARTESIAN_POINT('',(-1.962652818509,8.255835372689,
    15.849371867901));
#8611 = LINE('',#8612,#8613);
#8612 = CARTESIAN_POINT('',(-1.962652818509,9.115442677701,
    15.849371867901));
#8613 = VECTOR('',#8614,1.);
#8614 = DIRECTION('',(2.665319655793E-13,1.,0.));
#8615 = ORIENTED_EDGE('',*,*,#8616,.F.);
#8616 = EDGE_CURVE('',#561,#8609,#8617,.T.);
#8617 = CIRCLE('',#8618,1.3);
#8618 = AXIS2_PLACEMENT_3D('',#8619,#8620,#8621);
#8619 = CARTESIAN_POINT('',(-1.962652818509,8.255835372689,
    14.549371867901));
#8620 = DIRECTION('',(-1.,2.665319655793E-13,2.776790386378E-28));
#8621 = DIRECTION('',(-1.332659827897E-13,-0.5,0.866025403784));
#8622 = ORIENTED_EDGE('',*,*,#558,.F.);
#8623 = ORIENTED_EDGE('',*,*,#601,.F.);
#8624 = ORIENTED_EDGE('',*,*,#8625,.F.);
#8625 = EDGE_CURVE('',#8626,#602,#8628,.T.);
#8626 = VERTEX_POINT('',#8627);
#8627 = CARTESIAN_POINT('',(-1.96265281851,5.657759161336,
    14.349371867901));
#8628 = CIRCLE('',#8629,1.7);
#8629 = AXIS2_PLACEMENT_3D('',#8630,#8631,#8632);
#8630 = CARTESIAN_POINT('',(-1.96265281851,5.657759161336,
    16.049371867901));
#8631 = DIRECTION('',(1.,-2.665319655793E-13,-2.524354896707E-28));
#8632 = DIRECTION('',(1.332659827897E-13,0.5,-0.866025403784));
#8633 = ORIENTED_EDGE('',*,*,#8634,.F.);
#8634 = EDGE_CURVE('',#8635,#8626,#8637,.T.);
#8635 = VERTEX_POINT('',#8636);
#8636 = CARTESIAN_POINT('',(-1.962652818513,-4.314718635179,
    14.349371867901));
#8637 = LINE('',#8638,#8639);
#8638 = CARTESIAN_POINT('',(-1.962652818511,2.51317837566,
    14.349371867901));
#8639 = VECTOR('',#8640,1.);
#8640 = DIRECTION('',(2.665319655793E-13,1.,3.369736387447E-16));
#8641 = ORIENTED_EDGE('',*,*,#8642,.F.);
#8642 = EDGE_CURVE('',#636,#8635,#8643,.T.);
#8643 = CIRCLE('',#8644,1.3);
#8644 = AXIS2_PLACEMENT_3D('',#8645,#8646,#8647);
#8645 = CARTESIAN_POINT('',(-1.962652818513,-4.314718635179,
    13.049371867901));
#8646 = DIRECTION('',(-1.,2.665319655793E-13,7.573064690122E-29));
#8647 = DIRECTION('',(-1.884665602641E-13,-0.707106781187,0.707106781187
    ));
#8648 = ORIENTED_EDGE('',*,*,#633,.F.);
#8649 = ORIENTED_EDGE('',*,*,#8650,.F.);
#8650 = EDGE_CURVE('',#678,#634,#8651,.T.);
#8651 = LINE('',#8652,#8653);
#8652 = CARTESIAN_POINT('',(-1.96265281851,6.776643178124,
    11.749371867901));
#8653 = VECTOR('',#8654,1.);
#8654 = DIRECTION('',(-2.665319655793E-13,-1.,-3.906059071897E-16));
#8655 = ORIENTED_EDGE('',*,*,#685,.F.);
#8656 = ORIENTED_EDGE('',*,*,#8657,.F.);
#8657 = EDGE_CURVE('',#8658,#686,#8660,.T.);
#8658 = VERTEX_POINT('',#8659);
#8659 = CARTESIAN_POINT('',(-1.962652818511,2.212210969749,
    10.349371867901));
#8660 = CIRCLE('',#8661,0.7);
#8661 = AXIS2_PLACEMENT_3D('',#8662,#8663,#8664);
#8662 = CARTESIAN_POINT('',(-1.962652818511,2.212210969749,
    11.049371867901));
#8663 = DIRECTION('',(1.,-2.665319655793E-13,-3.281661365719E-28));
#8664 = DIRECTION('',(1.884665602641E-13,0.707106781187,0.707106781187)
  );
#8665 = ORIENTED_EDGE('',*,*,#8666,.F.);
#8666 = EDGE_CURVE('',#720,#8658,#8667,.T.);
#8667 = LINE('',#8668,#8669);
#8668 = CARTESIAN_POINT('',(-1.962652818511,2.61317837566,
    10.349371867901));
#8669 = VECTOR('',#8670,1.);
#8670 = DIRECTION('',(2.665319655793E-13,1.,0.));
#8671 = ORIENTED_EDGE('',*,*,#727,.F.);
#8672 = ORIENTED_EDGE('',*,*,#8673,.F.);
#8673 = EDGE_CURVE('',#8674,#728,#8676,.T.);
#8674 = VERTEX_POINT('',#8675);
#8675 = CARTESIAN_POINT('',(-1.962652818513,-7.314718635162,
    12.549371867901));
#8676 = CIRCLE('',#8677,2.2);
#8677 = AXIS2_PLACEMENT_3D('',#8678,#8679,#8680);
#8678 = CARTESIAN_POINT('',(-1.962652818513,-5.114718635162,
    12.549371867901));
#8679 = DIRECTION('',(1.,-2.665319655793E-13,4.038967834732E-28));
#8680 = DIRECTION('',(-1.884665602641E-13,-0.707106781187,
    -0.707106781187));
#8681 = ORIENTED_EDGE('',*,*,#8682,.F.);
#8682 = EDGE_CURVE('',#8683,#8674,#8685,.T.);
#8683 = VERTEX_POINT('',#8684);
#8684 = CARTESIAN_POINT('',(-1.962652818513,-7.314718635162,
    15.549371867901));
#8685 = LINE('',#8686,#8687);
#8686 = CARTESIAN_POINT('',(-1.962652818513,-7.314718635162,
    13.349371867889));
#8687 = VECTOR('',#8688,1.);
#8688 = DIRECTION('',(5.918198499695E-28,2.22044604925E-15,-1.));
#8689 = ORIENTED_EDGE('',*,*,#8690,.F.);
#8690 = EDGE_CURVE('',#762,#8683,#8691,.T.);
#8691 = CIRCLE('',#8692,0.8);
#8692 = AXIS2_PLACEMENT_3D('',#8693,#8694,#8695);
#8693 = CARTESIAN_POINT('',(-1.962652818514,-8.114718635161,
    15.549371867901));
#8694 = DIRECTION('',(-1.,2.665319655793E-13,-7.573064690122E-29));
#8695 = DIRECTION('',(1.884665602641E-13,0.707106781187,0.707106781187)
  );
#8696 = ORIENTED_EDGE('',*,*,#759,.F.);
#8697 = ORIENTED_EDGE('',*,*,#8698,.F.);
#8698 = EDGE_CURVE('',#8699,#760,#8701,.T.);
#8699 = VERTEX_POINT('',#8700);
#8700 = CARTESIAN_POINT('',(-1.962652818514,-10.61471863516,
    16.349371867901));
#8701 = LINE('',#8702,#8703);
#8702 = CARTESIAN_POINT('',(-1.962652818512,-0.386821624332,
    16.349371867901));
#8703 = VECTOR('',#8704,1.);
#8704 = DIRECTION('',(2.665319655793E-13,1.,0.));
#8705 = ORIENTED_EDGE('',*,*,#8706,.F.);
#8706 = EDGE_CURVE('',#804,#8699,#8707,.T.);
#8707 = CIRCLE('',#8708,0.8);
#8708 = AXIS2_PLACEMENT_3D('',#8709,#8710,#8711);
#8709 = CARTESIAN_POINT('',(-1.962652818514,-10.61471863516,
    15.549371867901));
#8710 = DIRECTION('',(-1.,2.665319655793E-13,2.271919407037E-28));
#8711 = DIRECTION('',(-1.884665602641E-13,-0.707106781187,0.707106781187
    ));
#8712 = ORIENTED_EDGE('',*,*,#801,.F.);
#8713 = ORIENTED_EDGE('',*,*,#8714,.F.);
#8714 = EDGE_CURVE('',#8715,#802,#8717,.T.);
#8715 = VERTEX_POINT('',#8716);
#8716 = CARTESIAN_POINT('',(-1.962652818514,-11.41471863516,
    9.849371867827));
#8717 = LINE('',#8718,#8719);
#8718 = CARTESIAN_POINT('',(-1.962652818514,-11.41471863516,
    9.499371867867));
#8719 = VECTOR('',#8720,1.);
#8720 = DIRECTION('',(0.,0.,1.));
#8721 = ORIENTED_EDGE('',*,*,#8722,.F.);
#8722 = EDGE_CURVE('',#846,#8715,#8723,.T.);
#8723 = CIRCLE('',#8724,0.8);
#8724 = AXIS2_PLACEMENT_3D('',#8725,#8726,#8727);
#8725 = CARTESIAN_POINT('',(-1.962652818514,-10.61471863516,
    9.849371867827));
#8726 = DIRECTION('',(-1.,2.665319655793E-13,1.262177448354E-28));
#8727 = DIRECTION('',(-1.884665602622E-13,-0.707106781179,
    -0.707106781194));
#8728 = ORIENTED_EDGE('',*,*,#843,.F.);
#8729 = ORIENTED_EDGE('',*,*,#8730,.F.);
#8730 = EDGE_CURVE('',#8187,#844,#8731,.T.);
#8731 = LINE('',#8732,#8733);
#8732 = CARTESIAN_POINT('',(-1.962652818511,2.613178375686,
    9.049371868099));
#8733 = VECTOR('',#8734,1.);
#8734 = DIRECTION('',(-2.665319655793E-13,-1.,-2.057176920168E-11));
#8735 = PLANE('',#8736);
#8736 = AXIS2_PLACEMENT_3D('',#8737,#8738,#8739);
#8737 = CARTESIAN_POINT('',(-1.962652818509,10.841075386498,
    10.149371867878));
#8738 = DIRECTION('',(1.,-2.665319655793E-13,0.));
#8739 = DIRECTION('',(-2.665319655793E-13,-1.,0.));
#8740 = ADVANCED_FACE('',(#8741),#8759,.T.);
#8741 = FACE_BOUND('',#8742,.T.);
#8742 = EDGE_LOOP('',(#8743,#8751,#8752,#8753));
#8743 = ORIENTED_EDGE('',*,*,#8744,.F.);
#8744 = EDGE_CURVE('',#888,#8745,#8747,.T.);
#8745 = VERTEX_POINT('',#8746);
#8746 = CARTESIAN_POINT('',(-2.162652818505,22.416869408176,
    9.849371867901));
#8747 = LINE('',#8748,#8749);
#8748 = CARTESIAN_POINT('',(-2.162652818507,17.128972397337,
    9.849371867901));
#8749 = VECTOR('',#8750,1.);
#8750 = DIRECTION('',(2.665319655793E-13,1.,2.275047181609E-16));
#8751 = ORIENTED_EDGE('',*,*,#1407,.F.);
#8752 = ORIENTED_EDGE('',*,*,#8147,.T.);
#8753 = ORIENTED_EDGE('',*,*,#8754,.F.);
#8754 = EDGE_CURVE('',#8745,#8139,#8755,.T.);
#8755 = LINE('',#8756,#8757);
#8756 = CARTESIAN_POINT('',(-1.962652818505,22.416869408176,
    9.849371867901));
#8757 = VECTOR('',#8758,1.);
#8758 = DIRECTION('',(-1.,2.671114358504E-13,0.));
#8759 = PLANE('',#8760);
#8760 = AXIS2_PLACEMENT_3D('',#8761,#8762,#8763);
#8761 = CARTESIAN_POINT('',(-1.962652818505,23.416869408176,
    9.849371867901));
#8762 = DIRECTION('',(6.07691119307E-29,2.275047181609E-16,-1.));
#8763 = DIRECTION('',(-1.,0.,-6.07691119307E-29));
#8764 = ADVANCED_FACE('',(#8765),#8777,.T.);
#8765 = FACE_BOUND('',#8766,.T.);
#8766 = EDGE_LOOP('',(#8767,#8768,#8775,#8776));
#8767 = ORIENTED_EDGE('',*,*,#1358,.F.);
#8768 = ORIENTED_EDGE('',*,*,#8769,.F.);
#8769 = EDGE_CURVE('',#8745,#411,#8770,.T.);
#8770 = CIRCLE('',#8771,1.);
#8771 = AXIS2_PLACEMENT_3D('',#8772,#8773,#8774);
#8772 = CARTESIAN_POINT('',(-2.162652818505,22.416869408176,
    10.849371867901));
#8773 = DIRECTION('',(1.,-2.664927457447E-13,-3.921983464593E-17));
#8774 = DIRECTION('',(1.884110950421E-13,0.707106781187,-0.707106781187)
  );
#8775 = ORIENTED_EDGE('',*,*,#8754,.T.);
#8776 = ORIENTED_EDGE('',*,*,#8138,.T.);
#8777 = CYLINDRICAL_SURFACE('',#8778,1.);
#8778 = AXIS2_PLACEMENT_3D('',#8779,#8780,#8781);
#8779 = CARTESIAN_POINT('',(-1.962652818505,22.416869408176,
    10.849371867901));
#8780 = DIRECTION('',(-1.,2.667824808802E-13,3.289549701799E-16));
#8781 = DIRECTION('',(1.884110950421E-13,0.707106781187,-0.707106781187)
  );
#8782 = ADVANCED_FACE('',(#8783),#8789,.F.);
#8783 = FACE_BOUND('',#8784,.F.);
#8784 = EDGE_LOOP('',(#8785,#8786,#8787,#8788));
#8785 = ORIENTED_EDGE('',*,*,#8130,.F.);
#8786 = ORIENTED_EDGE('',*,*,#1375,.F.);
#8787 = ORIENTED_EDGE('',*,*,#459,.T.);
#8788 = ORIENTED_EDGE('',*,*,#1336,.T.);
#8789 = CYLINDRICAL_SURFACE('',#8790,1.);
#8790 = AXIS2_PLACEMENT_3D('',#8791,#8792,#8793);
#8791 = CARTESIAN_POINT('',(-1.962652818505,24.416869408176,
    10.849371867901));
#8792 = DIRECTION('',(-1.,2.678927039048E-13,-7.812680544454E-16));
#8793 = DIRECTION('',(-1.899811875007E-13,-0.707106781187,0.707106781187
    ));
#8794 = ADVANCED_FACE('',(#8795),#8816,.T.);
#8795 = FACE_BOUND('',#8796,.T.);
#8796 = EDGE_LOOP('',(#8797,#8805,#8806,#8807,#8808,#8809,#8810));
#8797 = ORIENTED_EDGE('',*,*,#8798,.F.);
#8798 = EDGE_CURVE('',#1320,#8799,#8801,.T.);
#8799 = VERTEX_POINT('',#8800);
#8800 = CARTESIAN_POINT('',(-2.162652818504,26.796869408176,
    11.849371867901));
#8801 = LINE('',#8802,#8803);
#8802 = CARTESIAN_POINT('',(-2.162652818506,19.568972397337,
    11.849371867901));
#8803 = VECTOR('',#8804,1.);
#8804 = DIRECTION('',(2.665319655793E-13,1.,3.433679457604E-16));
#8805 = ORIENTED_EDGE('',*,*,#1317,.F.);
#8806 = ORIENTED_EDGE('',*,*,#8123,.F.);
#8807 = ORIENTED_EDGE('',*,*,#1666,.F.);
#8808 = ORIENTED_EDGE('',*,*,#7825,.F.);
#8809 = ORIENTED_EDGE('',*,*,#7723,.F.);
#8810 = ORIENTED_EDGE('',*,*,#8811,.F.);
#8811 = EDGE_CURVE('',#8799,#7716,#8812,.T.);
#8812 = LINE('',#8813,#8814);
#8813 = CARTESIAN_POINT('',(-1.962652818504,26.796869408176,
    11.849371867901));
#8814 = VECTOR('',#8815,1.);
#8815 = DIRECTION('',(-1.,2.6645352591E-13,0.));
#8816 = PLANE('',#8817);
#8817 = AXIS2_PLACEMENT_3D('',#8818,#8819,#8820);
#8818 = CARTESIAN_POINT('',(-1.962652818504,28.296869408176,
    11.849371867901));
#8819 = DIRECTION('',(9.149159983233E-29,3.433679457604E-16,-1.));
#8820 = DIRECTION('',(-1.,0.,-9.149159983233E-29));
#8821 = ADVANCED_FACE('',(#8822),#8836,.T.);
#8822 = FACE_BOUND('',#8823,.T.);
#8823 = EDGE_LOOP('',(#8824,#8825,#8832,#8833,#8834,#8835));
#8824 = ORIENTED_EDGE('',*,*,#1286,.F.);
#8825 = ORIENTED_EDGE('',*,*,#8826,.F.);
#8826 = EDGE_CURVE('',#8799,#486,#8827,.T.);
#8827 = CIRCLE('',#8828,1.5);
#8828 = AXIS2_PLACEMENT_3D('',#8829,#8830,#8831);
#8829 = CARTESIAN_POINT('',(-2.162652818504,26.796869408176,
    13.349371867901));
#8830 = DIRECTION('',(1.,-2.664927457447E-13,3.921983464656E-17));
#8831 = DIRECTION('',(1.884110950421E-13,0.707106781187,0.707106781187)
  );
#8832 = ORIENTED_EDGE('',*,*,#8811,.T.);
#8833 = ORIENTED_EDGE('',*,*,#7745,.T.);
#8834 = ORIENTED_EDGE('',*,*,#1781,.T.);
#8835 = ORIENTED_EDGE('',*,*,#7643,.T.);
#8836 = CYLINDRICAL_SURFACE('',#8837,1.5);
#8837 = AXIS2_PLACEMENT_3D('',#8838,#8839,#8840);
#8838 = CARTESIAN_POINT('',(-1.962652818504,26.796869408176,
    13.349371867901));
#8839 = DIRECTION('',(-1.,2.6645352591E-13,-5.160903344379E-28));
#8840 = DIRECTION('',(1.884110950421E-13,0.707106781187,0.707106781187)
  );
#8841 = ADVANCED_FACE('',(#8842),#8864,.T.);
#8842 = FACE_BOUND('',#8843,.T.);
#8843 = EDGE_LOOP('',(#8844,#8850,#8851,#8852,#8853,#8854,#8855,#8856,
    #8857,#8858));
#8844 = ORIENTED_EDGE('',*,*,#8845,.F.);
#8845 = EDGE_CURVE('',#494,#517,#8846,.T.);
#8846 = LINE('',#8847,#8848);
#8847 = CARTESIAN_POINT('',(-2.162652818508,11.363039281192,
    14.849371867901));
#8848 = VECTOR('',#8849,1.);
#8849 = DIRECTION('',(-2.665319655793E-13,-1.,-6.764757943498E-16));
#8850 = ORIENTED_EDGE('',*,*,#1303,.F.);
#8851 = ORIENTED_EDGE('',*,*,#7636,.F.);
#8852 = ORIENTED_EDGE('',*,*,#4329,.T.);
#8853 = ORIENTED_EDGE('',*,*,#5865,.F.);
#8854 = ORIENTED_EDGE('',*,*,#2542,.F.);
#8855 = ORIENTED_EDGE('',*,*,#5952,.F.);
#8856 = ORIENTED_EDGE('',*,*,#4170,.F.);
#8857 = ORIENTED_EDGE('',*,*,#7276,.F.);
#8858 = ORIENTED_EDGE('',*,*,#8859,.T.);
#8859 = EDGE_CURVE('',#7277,#517,#8860,.T.);
#8860 = LINE('',#8861,#8862);
#8861 = CARTESIAN_POINT('',(-1.962652818508,13.579455704415,
    14.849371867901));
#8862 = VECTOR('',#8863,1.);
#8863 = DIRECTION('',(1.,-2.6645352591E-13,0.));
#8864 = PLANE('',#8865);
#8865 = AXIS2_PLACEMENT_3D('',#8866,#8867,#8868);
#8866 = CARTESIAN_POINT('',(-1.962652818508,11.885003175885,
    14.849371867901));
#8867 = DIRECTION('',(-1.802493605973E-28,-6.764757943498E-16,1.));
#8868 = DIRECTION('',(0.,-1.,-6.764757943498E-16));
#8869 = ADVANCED_FACE('',(#8870),#8876,.F.);
#8870 = FACE_BOUND('',#8871,.F.);
#8871 = EDGE_LOOP('',(#8872,#8873,#8874,#8875));
#8872 = ORIENTED_EDGE('',*,*,#7284,.F.);
#8873 = ORIENTED_EDGE('',*,*,#8859,.T.);
#8874 = ORIENTED_EDGE('',*,*,#543,.T.);
#8875 = ORIENTED_EDGE('',*,*,#1264,.T.);
#8876 = CYLINDRICAL_SURFACE('',#8877,1.5);
#8877 = AXIS2_PLACEMENT_3D('',#8878,#8879,#8880);
#8878 = CARTESIAN_POINT('',(-1.962652818508,13.579455704415,
    16.349371867901));
#8879 = DIRECTION('',(-1.,2.665028508938E-13,8.543337800247E-17));
#8880 = DIRECTION('',(-1.333254129226E-13,-0.5,-0.866025403784));
#8881 = ADVANCED_FACE('',(#8882),#8902,.T.);
#8882 = FACE_BOUND('',#8883,.T.);
#8883 = EDGE_LOOP('',(#8884,#8893,#8894,#8895,#8896));
#8884 = ORIENTED_EDGE('',*,*,#8885,.F.);
#8885 = EDGE_CURVE('',#1225,#8886,#8888,.T.);
#8886 = VERTEX_POINT('',#8887);
#8887 = CARTESIAN_POINT('',(-2.162652818508,11.179455704415,
    16.049371867901));
#8888 = CIRCLE('',#8889,1.5);
#8889 = AXIS2_PLACEMENT_3D('',#8890,#8891,#8892);
#8890 = CARTESIAN_POINT('',(-2.162652818508,11.179455704415,
    14.549371867901));
#8891 = DIRECTION('',(1.,-2.665319655793E-13,0.));
#8892 = DIRECTION('',(0.,0.,1.));
#8893 = ORIENTED_EDGE('',*,*,#1224,.T.);
#8894 = ORIENTED_EDGE('',*,*,#7309,.T.);
#8895 = ORIENTED_EDGE('',*,*,#7253,.T.);
#8896 = ORIENTED_EDGE('',*,*,#8897,.T.);
#8897 = EDGE_CURVE('',#7246,#8886,#8898,.T.);
#8898 = LINE('',#8899,#8900);
#8899 = CARTESIAN_POINT('',(-1.962652818508,11.179455704415,
    16.049371867901));
#8900 = VECTOR('',#8901,1.);
#8901 = DIRECTION('',(1.,-2.6645352591E-13,0.));
#8902 = CYLINDRICAL_SURFACE('',#8903,1.5);
#8903 = AXIS2_PLACEMENT_3D('',#8904,#8905,#8906);
#8904 = CARTESIAN_POINT('',(-1.962652818508,11.179455704415,
    14.549371867901));
#8905 = DIRECTION('',(-1.,2.6645352591E-13,0.));
#8906 = DIRECTION('',(0.,0.,-1.));
#8907 = ADVANCED_FACE('',(#8908),#8926,.T.);
#8908 = FACE_BOUND('',#8909,.T.);
#8909 = EDGE_LOOP('',(#8910,#8918,#8919,#8920));
#8910 = ORIENTED_EDGE('',*,*,#8911,.F.);
#8911 = EDGE_CURVE('',#8886,#8912,#8914,.T.);
#8912 = VERTEX_POINT('',#8913);
#8913 = CARTESIAN_POINT('',(-2.162652818509,8.255835372689,
    16.049371867901));
#8914 = LINE('',#8915,#8916);
#8915 = CARTESIAN_POINT('',(-2.162652818509,9.115442677702,
    16.049371867901));
#8916 = VECTOR('',#8917,1.);
#8917 = DIRECTION('',(-2.665319655793E-13,-1.,0.));
#8918 = ORIENTED_EDGE('',*,*,#8897,.F.);
#8919 = ORIENTED_EDGE('',*,*,#7245,.F.);
#8920 = ORIENTED_EDGE('',*,*,#8921,.F.);
#8921 = EDGE_CURVE('',#8912,#7237,#8922,.T.);
#8922 = LINE('',#8923,#8924);
#8923 = CARTESIAN_POINT('',(-1.962652818509,8.255835372689,
    16.049371867901));
#8924 = VECTOR('',#8925,1.);
#8925 = DIRECTION('',(-1.,2.6645352591E-13,0.));
#8926 = PLANE('',#8927);
#8927 = AXIS2_PLACEMENT_3D('',#8928,#8929,#8930);
#8928 = CARTESIAN_POINT('',(-1.962652818509,7.389809968905,
    16.049371867901));
#8929 = DIRECTION('',(0.,0.,1.));
#8930 = DIRECTION('',(1.,0.,0.));
#8931 = ADVANCED_FACE('',(#8932),#8944,.T.);
#8932 = FACE_BOUND('',#8933,.T.);
#8933 = EDGE_LOOP('',(#8934,#8935,#8942,#8943));
#8934 = ORIENTED_EDGE('',*,*,#1189,.F.);
#8935 = ORIENTED_EDGE('',*,*,#8936,.F.);
#8936 = EDGE_CURVE('',#8912,#570,#8937,.T.);
#8937 = CIRCLE('',#8938,1.5);
#8938 = AXIS2_PLACEMENT_3D('',#8939,#8940,#8941);
#8939 = CARTESIAN_POINT('',(-2.162652818509,8.255835372689,
    14.549371867901));
#8940 = DIRECTION('',(1.,-2.665616806458E-13,5.146800486658E-17));
#8941 = DIRECTION('',(-1.333254129226E-13,-0.5,0.866025403784));
#8942 = ORIENTED_EDGE('',*,*,#8921,.T.);
#8943 = ORIENTED_EDGE('',*,*,#7236,.T.);
#8944 = CYLINDRICAL_SURFACE('',#8945,1.5);
#8945 = AXIS2_PLACEMENT_3D('',#8946,#8947,#8948);
#8946 = CARTESIAN_POINT('',(-1.962652818509,8.255835372689,
    14.549371867901));
#8947 = DIRECTION('',(-1.,2.665028508938E-13,-8.543337800223E-17));
#8948 = DIRECTION('',(-1.333254129226E-13,-0.5,0.866025403784));
#8949 = ADVANCED_FACE('',(#8950),#8969,.F.);
#8950 = FACE_BOUND('',#8951,.F.);
#8951 = EDGE_LOOP('',(#8952,#8961,#8967,#8968));
#8952 = ORIENTED_EDGE('',*,*,#8953,.T.);
#8953 = EDGE_CURVE('',#611,#8954,#8956,.T.);
#8954 = VERTEX_POINT('',#8955);
#8955 = CARTESIAN_POINT('',(-2.16265281851,5.657759161336,
    14.549371867901));
#8956 = CIRCLE('',#8957,1.5);
#8957 = AXIS2_PLACEMENT_3D('',#8958,#8959,#8960);
#8958 = CARTESIAN_POINT('',(-2.16265281851,5.657759161336,
    16.049371867901));
#8959 = DIRECTION('',(-1.,2.665616806458E-13,-5.146800486658E-17));
#8960 = DIRECTION('',(1.333254129226E-13,0.5,-0.866025403784));
#8961 = ORIENTED_EDGE('',*,*,#8962,.T.);
#8962 = EDGE_CURVE('',#8954,#7127,#8963,.T.);
#8963 = LINE('',#8964,#8965);
#8964 = CARTESIAN_POINT('',(-1.96265281851,5.657759161336,
    14.549371867901));
#8965 = VECTOR('',#8966,1.);
#8966 = DIRECTION('',(-1.,2.6645352591E-13,0.));
#8967 = ORIENTED_EDGE('',*,*,#7142,.T.);
#8968 = ORIENTED_EDGE('',*,*,#1165,.T.);
#8969 = CYLINDRICAL_SURFACE('',#8970,1.5);
#8970 = AXIS2_PLACEMENT_3D('',#8971,#8972,#8973);
#8971 = CARTESIAN_POINT('',(-1.96265281851,5.657759161336,
    16.049371867901));
#8972 = DIRECTION('',(1.,-2.665028508938E-13,8.543337800223E-17));
#8973 = DIRECTION('',(1.333254129226E-13,0.5,-0.866025403784));
#8974 = ADVANCED_FACE('',(#8975),#9008,.T.);
#8975 = FACE_BOUND('',#8976,.T.);
#8976 = EDGE_LOOP('',(#8977,#8985,#8986,#8987,#8988,#8989,#8990,#8991,
    #8992,#8993,#8994,#8995,#8996,#8997,#8998,#8999,#9000,#9001,#9002));
#8977 = ORIENTED_EDGE('',*,*,#8978,.F.);
#8978 = EDGE_CURVE('',#8954,#8979,#8981,.T.);
#8979 = VERTEX_POINT('',#8980);
#8980 = CARTESIAN_POINT('',(-2.162652818513,-4.314718635179,
    14.549371867901));
#8981 = LINE('',#8982,#8983);
#8982 = CARTESIAN_POINT('',(-2.162652818511,2.51317837566,
    14.549371867901));
#8983 = VECTOR('',#8984,1.);
#8984 = DIRECTION('',(-2.665319655793E-13,-1.,-3.369736387447E-16));
#8985 = ORIENTED_EDGE('',*,*,#8962,.T.);
#8986 = ORIENTED_EDGE('',*,*,#7126,.F.);
#8987 = ORIENTED_EDGE('',*,*,#1916,.F.);
#8988 = ORIENTED_EDGE('',*,*,#2386,.F.);
#8989 = ORIENTED_EDGE('',*,*,#6411,.F.);
#8990 = ORIENTED_EDGE('',*,*,#4394,.T.);
#8991 = ORIENTED_EDGE('',*,*,#6299,.F.);
#8992 = ORIENTED_EDGE('',*,*,#6276,.F.);
#8993 = ORIENTED_EDGE('',*,*,#3319,.F.);
#8994 = ORIENTED_EDGE('',*,*,#5992,.F.);
#8995 = ORIENTED_EDGE('',*,*,#6006,.F.);
#8996 = ORIENTED_EDGE('',*,*,#6192,.F.);
#8997 = ORIENTED_EDGE('',*,*,#6228,.F.);
#8998 = ORIENTED_EDGE('',*,*,#5937,.F.);
#8999 = ORIENTED_EDGE('',*,*,#5180,.F.);
#9000 = ORIENTED_EDGE('',*,*,#2937,.F.);
#9001 = ORIENTED_EDGE('',*,*,#6730,.F.);
#9002 = ORIENTED_EDGE('',*,*,#9003,.F.);
#9003 = EDGE_CURVE('',#8979,#6722,#9004,.T.);
#9004 = LINE('',#9005,#9006);
#9005 = CARTESIAN_POINT('',(-1.962652818513,-4.314718635179,
    14.549371867901));
#9006 = VECTOR('',#9007,1.);
#9007 = DIRECTION('',(-1.,2.6645352591E-13,0.));
#9008 = PLANE('',#9009);
#9009 = AXIS2_PLACEMENT_3D('',#9010,#9011,#9012);
#9010 = CARTESIAN_POINT('',(-1.962652818513,-5.814718635179,
    14.549371867901));
#9011 = DIRECTION('',(-8.978781418227E-29,-3.369736387447E-16,1.));
#9012 = DIRECTION('',(0.,-1.,-3.369736387447E-16));
#9013 = ADVANCED_FACE('',(#9014),#9026,.T.);
#9014 = FACE_BOUND('',#9015,.T.);
#9015 = EDGE_LOOP('',(#9016,#9017,#9024,#9025));
#9016 = ORIENTED_EDGE('',*,*,#1110,.F.);
#9017 = ORIENTED_EDGE('',*,*,#9018,.F.);
#9018 = EDGE_CURVE('',#8979,#645,#9019,.T.);
#9019 = CIRCLE('',#9020,1.5);
#9020 = AXIS2_PLACEMENT_3D('',#9021,#9022,#9023);
#9021 = CARTESIAN_POINT('',(-2.162652818513,-4.314718635179,
    13.049371867901));
#9022 = DIRECTION('',(1.,-2.664927457447E-13,-3.921983464656E-17));
#9023 = DIRECTION('',(-1.884110950421E-13,-0.707106781187,0.707106781187
    ));
#9024 = ORIENTED_EDGE('',*,*,#9003,.T.);
#9025 = ORIENTED_EDGE('',*,*,#6721,.T.);
#9026 = CYLINDRICAL_SURFACE('',#9027,1.5);
#9027 = AXIS2_PLACEMENT_3D('',#9028,#9029,#9030);
#9028 = CARTESIAN_POINT('',(-1.962652818513,-4.314718635179,
    13.049371867901));
#9029 = DIRECTION('',(-1.,2.6645352591E-13,5.160903344379E-28));
#9030 = DIRECTION('',(-1.884110950421E-13,-0.707106781187,0.707106781187
    ));
#9031 = ADVANCED_FACE('',(#9032),#9048,.T.);
#9032 = FACE_BOUND('',#9033,.T.);
#9033 = EDGE_LOOP('',(#9034,#9040,#9041,#9042));
#9034 = ORIENTED_EDGE('',*,*,#9035,.F.);
#9035 = EDGE_CURVE('',#653,#676,#9036,.T.);
#9036 = LINE('',#9037,#9038);
#9037 = CARTESIAN_POINT('',(-2.16265281851,6.776643178124,
    11.549371867901));
#9038 = VECTOR('',#9039,1.);
#9039 = DIRECTION('',(2.665319655793E-13,1.,3.906059071897E-16));
#9040 = ORIENTED_EDGE('',*,*,#1127,.F.);
#9041 = ORIENTED_EDGE('',*,*,#6714,.F.);
#9042 = ORIENTED_EDGE('',*,*,#9043,.F.);
#9043 = EDGE_CURVE('',#676,#6706,#9044,.T.);
#9044 = LINE('',#9045,#9046);
#9045 = CARTESIAN_POINT('',(-1.962652818511,2.212210969749,
    11.549371867901));
#9046 = VECTOR('',#9047,1.);
#9047 = DIRECTION('',(-1.,2.6645352591E-13,0.));
#9048 = PLANE('',#9049);
#9049 = AXIS2_PLACEMENT_3D('',#9050,#9051,#9052);
#9050 = CARTESIAN_POINT('',(-1.962652818511,2.712210969749,
    11.549371867901));
#9051 = DIRECTION('',(1.04078321212E-28,3.906059071897E-16,-1.));
#9052 = DIRECTION('',(-1.,0.,-1.04078321212E-28));
#9053 = ADVANCED_FACE('',(#9054),#9060,.F.);
#9054 = FACE_BOUND('',#9055,.F.);
#9055 = EDGE_LOOP('',(#9056,#9057,#9058,#9059));
#9056 = ORIENTED_EDGE('',*,*,#6705,.F.);
#9057 = ORIENTED_EDGE('',*,*,#9043,.F.);
#9058 = ORIENTED_EDGE('',*,*,#702,.T.);
#9059 = ORIENTED_EDGE('',*,*,#1088,.T.);
#9060 = CYLINDRICAL_SURFACE('',#9061,0.5);
#9061 = AXIS2_PLACEMENT_3D('',#9062,#9063,#9064);
#9062 = CARTESIAN_POINT('',(-1.962652818511,2.212210969749,
    11.049371867901));
#9063 = DIRECTION('',(-1.,2.6645352591E-13,4.038967834732E-28));
#9064 = DIRECTION('',(1.884110950421E-13,0.707106781187,0.707106781187)
  );
#9065 = ADVANCED_FACE('',(#9066),#9091,.T.);
#9066 = FACE_BOUND('',#9067,.T.);
#9067 = EDGE_LOOP('',(#9068,#9074,#9075,#9076,#9077,#9078,#9079,#9080,
    #9081,#9082,#9083,#9089,#9090));
#9068 = ORIENTED_EDGE('',*,*,#9069,.F.);
#9069 = EDGE_CURVE('',#1072,#718,#9070,.T.);
#9070 = LINE('',#9071,#9072);
#9071 = CARTESIAN_POINT('',(-2.162652818511,2.61317837566,
    10.549371867901));
#9072 = VECTOR('',#9073,1.);
#9073 = DIRECTION('',(-2.665319655793E-13,-1.,0.));
#9074 = ORIENTED_EDGE('',*,*,#1069,.F.);
#9075 = ORIENTED_EDGE('',*,*,#6698,.F.);
#9076 = ORIENTED_EDGE('',*,*,#6754,.F.);
#9077 = ORIENTED_EDGE('',*,*,#2240,.F.);
#9078 = ORIENTED_EDGE('',*,*,#4305,.F.);
#9079 = ORIENTED_EDGE('',*,*,#6674,.F.);
#9080 = ORIENTED_EDGE('',*,*,#2282,.F.);
#9081 = ORIENTED_EDGE('',*,*,#6812,.T.);
#9082 = ORIENTED_EDGE('',*,*,#6872,.F.);
#9083 = ORIENTED_EDGE('',*,*,#9084,.F.);
#9084 = EDGE_CURVE('',#2329,#6864,#9085,.T.);
#9085 = LINE('',#9086,#9087);
#9086 = CARTESIAN_POINT('',(-1.962652818515,-11.61471863516,
    10.549371867901));
#9087 = VECTOR('',#9088,1.);
#9088 = DIRECTION('',(-1.,2.664535259089E-13,0.));
#9089 = ORIENTED_EDGE('',*,*,#2328,.F.);
#9090 = ORIENTED_EDGE('',*,*,#1014,.F.);
#9091 = PLANE('',#9092);
#9092 = AXIS2_PLACEMENT_3D('',#9093,#9094,#9095);
#9093 = CARTESIAN_POINT('',(-1.962652818513,-5.614718635179,
    10.549371867901));
#9094 = DIRECTION('',(0.,0.,1.));
#9095 = DIRECTION('',(1.,0.,0.));
#9096 = ADVANCED_FACE('',(#9097),#9117,.F.);
#9097 = FACE_BOUND('',#9098,.F.);
#9098 = EDGE_LOOP('',(#9099,#9108,#9114,#9115,#9116));
#9099 = ORIENTED_EDGE('',*,*,#9100,.T.);
#9100 = EDGE_CURVE('',#737,#9101,#9103,.T.);
#9101 = VERTEX_POINT('',#9102);
#9102 = CARTESIAN_POINT('',(-2.162652818513,-7.114718635161,
    12.549371867901));
#9103 = CIRCLE('',#9104,2.);
#9104 = AXIS2_PLACEMENT_3D('',#9105,#9106,#9107);
#9105 = CARTESIAN_POINT('',(-2.162652818513,-5.114718635161,
    12.549371867901));
#9106 = DIRECTION('',(-1.,2.664927457447E-13,-3.921983464615E-17));
#9107 = DIRECTION('',(-1.884110950421E-13,-0.707106781187,
    -0.707106781187));
#9108 = ORIENTED_EDGE('',*,*,#9109,.F.);
#9109 = EDGE_CURVE('',#6585,#9101,#9110,.T.);
#9110 = LINE('',#9111,#9112);
#9111 = CARTESIAN_POINT('',(-1.962652818513,-7.114718635161,
    12.549371867901));
#9112 = VECTOR('',#9113,1.);
#9113 = DIRECTION('',(1.,-2.6645352591E-13,0.));
#9114 = ORIENTED_EDGE('',*,*,#6584,.F.);
#9115 = ORIENTED_EDGE('',*,*,#2337,.F.);
#9116 = ORIENTED_EDGE('',*,*,#1023,.T.);
#9117 = CYLINDRICAL_SURFACE('',#9118,2.);
#9118 = AXIS2_PLACEMENT_3D('',#9119,#9120,#9121);
#9119 = CARTESIAN_POINT('',(-1.962652818513,-5.114718635162,
    12.549371867901));
#9120 = DIRECTION('',(1.,-2.6645352591E-13,1.262177448354E-28));
#9121 = DIRECTION('',(-1.884110950421E-13,-0.707106781187,
    -0.707106781187));
#9122 = ADVANCED_FACE('',(#9123),#9142,.T.);
#9123 = FACE_BOUND('',#9124,.T.);
#9124 = EDGE_LOOP('',(#9125,#9133,#9134,#9135,#9136));
#9125 = ORIENTED_EDGE('',*,*,#9126,.F.);
#9126 = EDGE_CURVE('',#9101,#9127,#9129,.T.);
#9127 = VERTEX_POINT('',#9128);
#9128 = CARTESIAN_POINT('',(-2.162652818513,-7.114718635161,
    15.549371867901));
#9129 = LINE('',#9130,#9131);
#9130 = CARTESIAN_POINT('',(-2.162652818513,-7.114718635161,
    13.349371867889));
#9131 = VECTOR('',#9132,1.);
#9132 = DIRECTION('',(-5.918198499695E-28,-2.22044604925E-15,1.));
#9133 = ORIENTED_EDGE('',*,*,#9109,.F.);
#9134 = ORIENTED_EDGE('',*,*,#6593,.T.);
#9135 = ORIENTED_EDGE('',*,*,#6570,.F.);
#9136 = ORIENTED_EDGE('',*,*,#9137,.F.);
#9137 = EDGE_CURVE('',#9127,#6562,#9138,.T.);
#9138 = LINE('',#9139,#9140);
#9139 = CARTESIAN_POINT('',(-1.962652818513,-7.114718635161,
    15.549371867901));
#9140 = VECTOR('',#9141,1.);
#9141 = DIRECTION('',(-1.,2.6645352591E-13,0.));
#9142 = PLANE('',#9143);
#9143 = AXIS2_PLACEMENT_3D('',#9144,#9145,#9146);
#9144 = CARTESIAN_POINT('',(-1.962652818513,-7.114718635161,
    16.549371867901));
#9145 = DIRECTION('',(2.6645352591E-13,1.,2.22044604925E-15));
#9146 = DIRECTION('',(1.,-2.6645352591E-13,0.));
#9147 = ADVANCED_FACE('',(#9148),#9160,.T.);
#9148 = FACE_BOUND('',#9149,.T.);
#9149 = EDGE_LOOP('',(#9150,#9151,#9158,#9159));
#9150 = ORIENTED_EDGE('',*,*,#983,.F.);
#9151 = ORIENTED_EDGE('',*,*,#9152,.F.);
#9152 = EDGE_CURVE('',#9127,#771,#9153,.T.);
#9153 = CIRCLE('',#9154,1.);
#9154 = AXIS2_PLACEMENT_3D('',#9155,#9156,#9157);
#9155 = CARTESIAN_POINT('',(-2.162652818514,-8.114718635161,
    15.549371867901));
#9156 = DIRECTION('',(1.,-2.664927457447E-13,3.921983464651E-17));
#9157 = DIRECTION('',(1.884110950421E-13,0.707106781187,0.707106781187)
  );
#9158 = ORIENTED_EDGE('',*,*,#9137,.T.);
#9159 = ORIENTED_EDGE('',*,*,#6561,.T.);
#9160 = CYLINDRICAL_SURFACE('',#9161,1.);
#9161 = AXIS2_PLACEMENT_3D('',#9162,#9163,#9164);
#9162 = CARTESIAN_POINT('',(-1.962652818514,-8.114718635161,
    15.549371867901));
#9163 = DIRECTION('',(-1.,2.6645352591E-13,-5.048709793414E-28));
#9164 = DIRECTION('',(1.884110950421E-13,0.707106781187,0.707106781187)
  );
#9165 = ADVANCED_FACE('',(#9166),#9184,.T.);
#9166 = FACE_BOUND('',#9167,.T.);
#9167 = EDGE_LOOP('',(#9168,#9176,#9177,#9178));
#9168 = ORIENTED_EDGE('',*,*,#9169,.F.);
#9169 = EDGE_CURVE('',#779,#9170,#9172,.T.);
#9170 = VERTEX_POINT('',#9171);
#9171 = CARTESIAN_POINT('',(-2.162652818514,-10.61471863516,
    16.549371867901));
#9172 = LINE('',#9173,#9174);
#9173 = CARTESIAN_POINT('',(-2.162652818512,-0.386821624332,
    16.549371867901));
#9174 = VECTOR('',#9175,1.);
#9175 = DIRECTION('',(-2.665319655793E-13,-1.,0.));
#9176 = ORIENTED_EDGE('',*,*,#1000,.F.);
#9177 = ORIENTED_EDGE('',*,*,#6554,.F.);
#9178 = ORIENTED_EDGE('',*,*,#9179,.F.);
#9179 = EDGE_CURVE('',#9170,#6546,#9180,.T.);
#9180 = LINE('',#9181,#9182);
#9181 = CARTESIAN_POINT('',(-1.962652818514,-10.61471863516,
    16.549371867901));
#9182 = VECTOR('',#9183,1.);
#9183 = DIRECTION('',(-1.,2.664535259089E-13,0.));
#9184 = PLANE('',#9185);
#9185 = AXIS2_PLACEMENT_3D('',#9186,#9187,#9188);
#9186 = CARTESIAN_POINT('',(-1.962652818515,-11.61471863516,
    16.549371867901));
#9187 = DIRECTION('',(0.,0.,1.));
#9188 = DIRECTION('',(1.,0.,0.));
#9189 = ADVANCED_FACE('',(#9190),#9202,.T.);
#9190 = FACE_BOUND('',#9191,.T.);
#9191 = EDGE_LOOP('',(#9192,#9193,#9200,#9201));
#9192 = ORIENTED_EDGE('',*,*,#951,.F.);
#9193 = ORIENTED_EDGE('',*,*,#9194,.F.);
#9194 = EDGE_CURVE('',#9170,#813,#9195,.T.);
#9195 = CIRCLE('',#9196,1.);
#9196 = AXIS2_PLACEMENT_3D('',#9197,#9198,#9199);
#9197 = CARTESIAN_POINT('',(-2.162652818514,-10.61471863516,
    15.549371867901));
#9198 = DIRECTION('',(1.,-2.664927457447E-13,-3.921983464663E-17));
#9199 = DIRECTION('',(-1.884110950421E-13,-0.707106781187,0.707106781187
    ));
#9200 = ORIENTED_EDGE('',*,*,#9179,.T.);
#9201 = ORIENTED_EDGE('',*,*,#6545,.T.);
#9202 = CYLINDRICAL_SURFACE('',#9203,1.);
#9203 = AXIS2_PLACEMENT_3D('',#9204,#9205,#9206);
#9204 = CARTESIAN_POINT('',(-1.962652818514,-10.61471863516,
    15.549371867901));
#9205 = DIRECTION('',(-1.,2.664535259094E-13,-5.90345636144E-25));
#9206 = DIRECTION('',(-1.884110950421E-13,-0.707106781187,0.707106781187
    ));
#9207 = ADVANCED_FACE('',(#9208),#9235,.T.);
#9208 = FACE_BOUND('',#9209,.T.);
#9209 = EDGE_LOOP('',(#9210,#9218,#9219,#9220,#9221,#9222,#9223,#9224,
    #9225,#9226,#9227,#9228,#9229));
#9210 = ORIENTED_EDGE('',*,*,#9211,.F.);
#9211 = EDGE_CURVE('',#821,#9212,#9214,.T.);
#9212 = VERTEX_POINT('',#9213);
#9213 = CARTESIAN_POINT('',(-2.162652818515,-11.61471863516,
    9.849371867827));
#9214 = LINE('',#9215,#9216);
#9215 = CARTESIAN_POINT('',(-2.162652818515,-11.61471863516,
    9.499371867867));
#9216 = VECTOR('',#9217,1.);
#9217 = DIRECTION('',(0.,0.,-1.));
#9218 = ORIENTED_EDGE('',*,*,#968,.F.);
#9219 = ORIENTED_EDGE('',*,*,#6538,.F.);
#9220 = ORIENTED_EDGE('',*,*,#6601,.F.);
#9221 = ORIENTED_EDGE('',*,*,#2362,.F.);
#9222 = ORIENTED_EDGE('',*,*,#9084,.T.);
#9223 = ORIENTED_EDGE('',*,*,#6863,.F.);
#9224 = ORIENTED_EDGE('',*,*,#2129,.F.);
#9225 = ORIENTED_EDGE('',*,*,#6848,.F.);
#9226 = ORIENTED_EDGE('',*,*,#6650,.F.);
#9227 = ORIENTED_EDGE('',*,*,#6435,.F.);
#9228 = ORIENTED_EDGE('',*,*,#6496,.F.);
#9229 = ORIENTED_EDGE('',*,*,#9230,.F.);
#9230 = EDGE_CURVE('',#9212,#6497,#9231,.T.);
#9231 = LINE('',#9232,#9233);
#9232 = CARTESIAN_POINT('',(-1.962652818515,-11.61471863516,
    9.849371867827));
#9233 = VECTOR('',#9234,1.);
#9234 = DIRECTION('',(-1.,2.664535259089E-13,0.));
#9235 = PLANE('',#9236);
#9236 = AXIS2_PLACEMENT_3D('',#9237,#9238,#9239);
#9237 = CARTESIAN_POINT('',(-1.962652818515,-11.61471863516,
    8.849371867857));
#9238 = DIRECTION('',(-2.664535259089E-13,-1.,0.));
#9239 = DIRECTION('',(-1.,2.664535259089E-13,0.));
#9240 = ADVANCED_FACE('',(#9241),#9253,.T.);
#9241 = FACE_BOUND('',#9242,.T.);
#9242 = EDGE_LOOP('',(#9243,#9244,#9251,#9252));
#9243 = ORIENTED_EDGE('',*,*,#919,.F.);
#9244 = ORIENTED_EDGE('',*,*,#9245,.F.);
#9245 = EDGE_CURVE('',#9212,#855,#9246,.T.);
#9246 = CIRCLE('',#9247,1.);
#9247 = AXIS2_PLACEMENT_3D('',#9248,#9249,#9250);
#9248 = CARTESIAN_POINT('',(-2.162652818514,-10.61471863516,
    9.849371867827));
#9249 = DIRECTION('',(1.,-2.664927457474E-13,3.921983190526E-17));
#9250 = DIRECTION('',(-1.88411095044E-13,-0.707106781179,-0.707106781194
    ));
#9251 = ORIENTED_EDGE('',*,*,#9230,.T.);
#9252 = ORIENTED_EDGE('',*,*,#6513,.T.);
#9253 = CYLINDRICAL_SURFACE('',#9254,1.);
#9254 = AXIS2_PLACEMENT_3D('',#9255,#9256,#9257);
#9255 = CARTESIAN_POINT('',(-1.962652818514,-10.61471863516,
    9.849371867827));
#9256 = DIRECTION('',(-1.,2.664535259122E-13,3.33174456687E-24));
#9257 = DIRECTION('',(-1.88411095044E-13,-0.707106781179,-0.707106781194
    ));
#9258 = ADVANCED_FACE('',(#9259),#9286,.T.);
#9259 = FACE_BOUND('',#9260,.T.);
#9260 = EDGE_LOOP('',(#9261,#9269,#9270,#9271,#9272,#9273,#9274,#9275,
    #9276,#9277,#9278,#9279,#9280));
#9261 = ORIENTED_EDGE('',*,*,#9262,.F.);
#9262 = EDGE_CURVE('',#863,#9263,#9265,.T.);
#9263 = VERTEX_POINT('',#9264);
#9264 = CARTESIAN_POINT('',(-2.162652818513,-5.614718635144,
    8.84937186793));
#9265 = LINE('',#9266,#9267);
#9266 = CARTESIAN_POINT('',(-2.162652818511,2.613178375691,
    8.849371868099));
#9267 = VECTOR('',#9268,1.);
#9268 = DIRECTION('',(2.665319655793E-13,1.,2.057176920168E-11));
#9269 = ORIENTED_EDGE('',*,*,#936,.F.);
#9270 = ORIENTED_EDGE('',*,*,#6506,.F.);
#9271 = ORIENTED_EDGE('',*,*,#6465,.F.);
#9272 = ORIENTED_EDGE('',*,*,#6642,.T.);
#9273 = ORIENTED_EDGE('',*,*,#2190,.F.);
#9274 = ORIENTED_EDGE('',*,*,#6788,.F.);
#9275 = ORIENTED_EDGE('',*,*,#6821,.T.);
#9276 = ORIENTED_EDGE('',*,*,#6626,.F.);
#9277 = ORIENTED_EDGE('',*,*,#2314,.F.);
#9278 = ORIENTED_EDGE('',*,*,#7394,.F.);
#9279 = ORIENTED_EDGE('',*,*,#7607,.T.);
#9280 = ORIENTED_EDGE('',*,*,#9281,.F.);
#9281 = EDGE_CURVE('',#9263,#7600,#9282,.T.);
#9282 = LINE('',#9283,#9284);
#9283 = CARTESIAN_POINT('',(-1.962652818513,-5.614718635144,
    8.84937186793));
#9284 = VECTOR('',#9285,1.);
#9285 = DIRECTION('',(-1.,2.6645352591E-13,2.429673354753E-35));
#9286 = PLANE('',#9287);
#9287 = AXIS2_PLACEMENT_3D('',#9288,#9289,#9290);
#9288 = CARTESIAN_POINT('',(-1.962652818513,-5.614718635144,
    8.84937186793));
#9289 = DIRECTION('',(5.48142043797E-24,2.057176920168E-11,-1.));
#9290 = DIRECTION('',(-1.,0.,-5.48142043797E-24));
#9291 = ADVANCED_FACE('',(#9292),#9310,.T.);
#9292 = FACE_BOUND('',#9293,.T.);
#9293 = EDGE_LOOP('',(#9294,#9302,#9303,#9304));
#9294 = ORIENTED_EDGE('',*,*,#9295,.F.);
#9295 = EDGE_CURVE('',#9263,#9296,#9298,.T.);
#9296 = VERTEX_POINT('',#9297);
#9297 = CARTESIAN_POINT('',(-2.162652818513,-5.614718635132,
    8.280742717832));
#9298 = LINE('',#9299,#9300);
#9299 = CARTESIAN_POINT('',(-2.162652818513,-5.614718635151,
    9.215057292685));
#9300 = VECTOR('',#9301,1.);
#9301 = DIRECTION('',(5.483250281841E-24,2.057258036545E-11,-1.));
#9302 = ORIENTED_EDGE('',*,*,#9281,.T.);
#9303 = ORIENTED_EDGE('',*,*,#7599,.T.);
#9304 = ORIENTED_EDGE('',*,*,#9305,.F.);
#9305 = EDGE_CURVE('',#9296,#7591,#9306,.T.);
#9306 = LINE('',#9307,#9308);
#9307 = CARTESIAN_POINT('',(-1.962652818513,-5.614718635132,
    8.280742717832));
#9308 = VECTOR('',#9309,1.);
#9309 = DIRECTION('',(-1.,2.6645352591E-13,0.));
#9310 = PLANE('',#9311);
#9311 = AXIS2_PLACEMENT_3D('',#9312,#9313,#9314);
#9312 = CARTESIAN_POINT('',(-1.962652818513,-5.614718635132,
    8.280742717832));
#9313 = DIRECTION('',(-2.6645352591E-13,-1.,-2.057258036545E-11));
#9314 = DIRECTION('',(0.,2.057258036545E-11,-1.));
#9315 = ADVANCED_FACE('',(#9316),#9335,.F.);
#9316 = FACE_BOUND('',#9317,.F.);
#9317 = EDGE_LOOP('',(#9318,#9326,#9327,#9328));
#9318 = ORIENTED_EDGE('',*,*,#9319,.T.);
#9319 = EDGE_CURVE('',#9320,#7583,#9322,.T.);
#9320 = VERTEX_POINT('',#9321);
#9321 = CARTESIAN_POINT('',(-2.162652818513,-5.878322532225,
    7.644346614613));
#9322 = LINE('',#9323,#9324);
#9323 = CARTESIAN_POINT('',(-1.962652818513,-5.878322532225,
    7.644346614613));
#9324 = VECTOR('',#9325,1.);
#9325 = DIRECTION('',(-1.,2.6645352591E-13,0.));
#9326 = ORIENTED_EDGE('',*,*,#7590,.F.);
#9327 = ORIENTED_EDGE('',*,*,#9305,.F.);
#9328 = ORIENTED_EDGE('',*,*,#9329,.T.);
#9329 = EDGE_CURVE('',#9296,#9320,#9330,.T.);
#9330 = CIRCLE('',#9331,0.899999999953);
#9331 = AXIS2_PLACEMENT_3D('',#9332,#9333,#9334);
#9332 = CARTESIAN_POINT('',(-2.162652818513,-6.514718635132,8.2807427178
    ));
#9333 = DIRECTION('',(-1.,2.664927457447E-13,3.921983464598E-17));
#9334 = DIRECTION('',(1.884110950008E-13,0.707106781032,-0.707106781342)
  );
#9335 = CYLINDRICAL_SURFACE('',#9336,0.899999999953);
#9336 = AXIS2_PLACEMENT_3D('',#9337,#9338,#9339);
#9337 = CARTESIAN_POINT('',(-1.962652818513,-6.514718635132,8.2807427178
    ));
#9338 = DIRECTION('',(-1.,2.6645352591E-13,-1.558243763561E-29));
#9339 = DIRECTION('',(-1.884110950007E-13,-0.707106781032,0.707106781342
    ));
#9340 = ADVANCED_FACE('',(#9341),#9359,.T.);
#9341 = FACE_BOUND('',#9342,.T.);
#9342 = EDGE_LOOP('',(#9343,#9351,#9352,#9353));
#9343 = ORIENTED_EDGE('',*,*,#9344,.F.);
#9344 = EDGE_CURVE('',#9320,#9345,#9347,.T.);
#9345 = VERTEX_POINT('',#9346);
#9346 = CARTESIAN_POINT('',(-2.162652818513,-6.409693382301,
    7.112975764537));
#9347 = LINE('',#9348,#9349);
#9348 = CARTESIAN_POINT('',(-2.162652818512,-1.337902164266,
    12.184766982572));
#9349 = VECTOR('',#9350,1.);
#9350 = DIRECTION('',(-1.884665602641E-13,-0.707106781187,
    -0.707106781187));
#9351 = ORIENTED_EDGE('',*,*,#9319,.T.);
#9352 = ORIENTED_EDGE('',*,*,#7582,.T.);
#9353 = ORIENTED_EDGE('',*,*,#9354,.F.);
#9354 = EDGE_CURVE('',#9345,#7574,#9355,.T.);
#9355 = LINE('',#9356,#9357);
#9356 = CARTESIAN_POINT('',(-1.962652818513,-6.409693382301,
    7.112975764537));
#9357 = VECTOR('',#9358,1.);
#9358 = DIRECTION('',(-1.,2.6645352591E-13,0.));
#9359 = PLANE('',#9360);
#9360 = AXIS2_PLACEMENT_3D('',#9361,#9362,#9363);
#9361 = CARTESIAN_POINT('',(-1.962652818513,-6.409693382301,
    7.112975764537));
#9362 = DIRECTION('',(-1.884110950421E-13,-0.707106781187,0.707106781187
    ));
#9363 = DIRECTION('',(-1.,2.6645352591E-13,0.));
#9364 = ADVANCED_FACE('',(#9365),#9384,.T.);
#9365 = FACE_BOUND('',#9366,.T.);
#9366 = EDGE_LOOP('',(#9367,#9376,#9377,#9378));
#9367 = ORIENTED_EDGE('',*,*,#9368,.F.);
#9368 = EDGE_CURVE('',#9345,#9369,#9371,.T.);
#9369 = VERTEX_POINT('',#9370);
#9370 = CARTESIAN_POINT('',(-2.162652818513,-6.614718635132,
    6.618001017994));
#9371 = CIRCLE('',#9372,0.700000000047);
#9372 = AXIS2_PLACEMENT_3D('',#9373,#9374,#9375);
#9373 = CARTESIAN_POINT('',(-2.162652818513,-5.914718635132,
    6.618001018002));
#9374 = DIRECTION('',(1.,-2.664927457446E-13,-3.921983464628E-17));
#9375 = DIRECTION('',(-1.884110951628E-13,-0.70710678164,0.707106780733)
  );
#9376 = ORIENTED_EDGE('',*,*,#9354,.T.);
#9377 = ORIENTED_EDGE('',*,*,#7573,.T.);
#9378 = ORIENTED_EDGE('',*,*,#9379,.F.);
#9379 = EDGE_CURVE('',#9369,#7566,#9380,.T.);
#9380 = LINE('',#9381,#9382);
#9381 = CARTESIAN_POINT('',(-1.962652818513,-6.614718635132,
    6.618001017994));
#9382 = VECTOR('',#9383,1.);
#9383 = DIRECTION('',(-1.,2.6645352591E-13,0.));
#9384 = CYLINDRICAL_SURFACE('',#9385,0.700000000047);
#9385 = AXIS2_PLACEMENT_3D('',#9386,#9387,#9388);
#9386 = CARTESIAN_POINT('',(-1.962652818513,-5.914718635132,
    6.618001018002));
#9387 = DIRECTION('',(-1.,2.6645352591E-13,2.833459577559E-28));
#9388 = DIRECTION('',(-1.884110951628E-13,-0.70710678164,0.707106780733)
  );
#9389 = ADVANCED_FACE('',(#9390),#9408,.T.);
#9390 = FACE_BOUND('',#9391,.T.);
#9391 = EDGE_LOOP('',(#9392,#9400,#9401,#9402));
#9392 = ORIENTED_EDGE('',*,*,#9393,.F.);
#9393 = EDGE_CURVE('',#9369,#9394,#9396,.T.);
#9394 = VERTEX_POINT('',#9395);
#9395 = CARTESIAN_POINT('',(-2.162652818513,-6.614718635132,
    6.149371867866));
#9396 = LINE('',#9397,#9398);
#9397 = CARTESIAN_POINT('',(-2.162652818513,-6.614718635132,
    8.149371867872));
#9398 = VECTOR('',#9399,1.);
#9399 = DIRECTION('',(0.,0.,-1.));
#9400 = ORIENTED_EDGE('',*,*,#9379,.T.);
#9401 = ORIENTED_EDGE('',*,*,#7565,.T.);
#9402 = ORIENTED_EDGE('',*,*,#9403,.F.);
#9403 = EDGE_CURVE('',#9394,#7557,#9404,.T.);
#9404 = LINE('',#9405,#9406);
#9405 = CARTESIAN_POINT('',(-1.962652818513,-6.614718635132,
    6.149371867866));
#9406 = VECTOR('',#9407,1.);
#9407 = DIRECTION('',(-1.,2.6645352591E-13,0.));
#9408 = PLANE('',#9409);
#9409 = AXIS2_PLACEMENT_3D('',#9410,#9411,#9412);
#9410 = CARTESIAN_POINT('',(-1.962652818513,-6.614718635132,
    6.149371867866));
#9411 = DIRECTION('',(-2.6645352591E-13,-1.,0.));
#9412 = DIRECTION('',(-1.,2.6645352591E-13,0.));
#9413 = ADVANCED_FACE('',(#9414),#9433,.T.);
#9414 = FACE_BOUND('',#9415,.T.);
#9415 = EDGE_LOOP('',(#9416,#9425,#9426,#9427));
#9416 = ORIENTED_EDGE('',*,*,#9417,.F.);
#9417 = EDGE_CURVE('',#9394,#9418,#9420,.T.);
#9418 = VERTEX_POINT('',#9419);
#9419 = CARTESIAN_POINT('',(-2.162652818513,-5.914718635176,
    5.449371867901));
#9420 = CIRCLE('',#9421,0.700000000047);
#9421 = AXIS2_PLACEMENT_3D('',#9422,#9423,#9424);
#9422 = CARTESIAN_POINT('',(-2.162652818513,-5.914718635132,
    6.149371867901));
#9423 = DIRECTION('',(1.,-2.6645352591E-13,3.913623578525E-27));
#9424 = DIRECTION('',(-2.6645352591E-13,-1.,-4.989312534216E-11));
#9425 = ORIENTED_EDGE('',*,*,#9403,.T.);
#9426 = ORIENTED_EDGE('',*,*,#7556,.T.);
#9427 = ORIENTED_EDGE('',*,*,#9428,.F.);
#9428 = EDGE_CURVE('',#9418,#7549,#9429,.T.);
#9429 = LINE('',#9430,#9431);
#9430 = CARTESIAN_POINT('',(-1.962652818513,-5.914718635176,
    5.449371867901));
#9431 = VECTOR('',#9432,1.);
#9432 = DIRECTION('',(-1.,2.6645352591E-13,0.));
#9433 = CYLINDRICAL_SURFACE('',#9434,0.700000000047);
#9434 = AXIS2_PLACEMENT_3D('',#9435,#9436,#9437);
#9435 = CARTESIAN_POINT('',(-1.962652818513,-5.914718635132,
    6.149371867901));
#9436 = DIRECTION('',(-1.,2.6645352591E-13,-1.499355039114E-39));
#9437 = DIRECTION('',(-2.6645352591E-13,-1.,-4.989312534216E-11));
#9438 = ADVANCED_FACE('',(#9439),#9457,.T.);
#9439 = FACE_BOUND('',#9440,.T.);
#9440 = EDGE_LOOP('',(#9441,#9449,#9450,#9451));
#9441 = ORIENTED_EDGE('',*,*,#9442,.F.);
#9442 = EDGE_CURVE('',#9418,#9443,#9445,.T.);
#9443 = VERTEX_POINT('',#9444);
#9444 = CARTESIAN_POINT('',(-2.162652818512,-2.514718635065,
    5.449371867901));
#9445 = LINE('',#9446,#9447);
#9446 = CARTESIAN_POINT('',(-2.16265281851,4.163178375717,5.449371867901
    ));
#9447 = VECTOR('',#9448,1.);
#9448 = DIRECTION('',(2.665319655793E-13,1.,0.));
#9449 = ORIENTED_EDGE('',*,*,#9428,.T.);
#9450 = ORIENTED_EDGE('',*,*,#7548,.T.);
#9451 = ORIENTED_EDGE('',*,*,#9452,.F.);
#9452 = EDGE_CURVE('',#9443,#7540,#9453,.T.);
#9453 = LINE('',#9454,#9455);
#9454 = CARTESIAN_POINT('',(-1.962652818512,-2.514718635065,
    5.449371867901));
#9455 = VECTOR('',#9456,1.);
#9456 = DIRECTION('',(-1.,2.6645352591E-13,0.));
#9457 = PLANE('',#9458);
#9458 = AXIS2_PLACEMENT_3D('',#9459,#9460,#9461);
#9459 = CARTESIAN_POINT('',(-1.962652818512,-2.514718635065,
    5.449371867901));
#9460 = DIRECTION('',(0.,0.,-1.));
#9461 = DIRECTION('',(0.,-1.,0.));
#9462 = ADVANCED_FACE('',(#9463),#9482,.T.);
#9463 = FACE_BOUND('',#9464,.T.);
#9464 = EDGE_LOOP('',(#9465,#9474,#9475,#9476));
#9465 = ORIENTED_EDGE('',*,*,#9466,.F.);
#9466 = EDGE_CURVE('',#9443,#9467,#9469,.T.);
#9467 = VERTEX_POINT('',#9468);
#9468 = CARTESIAN_POINT('',(-2.162652818512,-1.814718635132,
    6.149371867866));
#9469 = CIRCLE('',#9470,0.700000000047);
#9470 = AXIS2_PLACEMENT_3D('',#9471,#9472,#9473);
#9471 = CARTESIAN_POINT('',(-2.162652818512,-2.514718635132,
    6.149371867901));
#9472 = DIRECTION('',(1.,-2.665319655793E-13,-7.521203734023E-27));
#9473 = DIRECTION('',(2.554905651222E-23,9.588560104003E-11,-1.));
#9474 = ORIENTED_EDGE('',*,*,#9452,.T.);
#9475 = ORIENTED_EDGE('',*,*,#7539,.T.);
#9476 = ORIENTED_EDGE('',*,*,#9477,.F.);
#9477 = EDGE_CURVE('',#9467,#7532,#9478,.T.);
#9478 = LINE('',#9479,#9480);
#9479 = CARTESIAN_POINT('',(-1.962652818512,-1.814718635132,
    6.149371867866));
#9480 = VECTOR('',#9481,1.);
#9481 = DIRECTION('',(-1.,2.6645352591E-13,0.));
#9482 = CYLINDRICAL_SURFACE('',#9483,0.700000000047);
#9483 = AXIS2_PLACEMENT_3D('',#9484,#9485,#9486);
#9484 = CARTESIAN_POINT('',(-1.962652818512,-2.514718635132,
    6.149371867901));
#9485 = DIRECTION('',(-1.,2.6645352591E-13,5.097807132988E-38));
#9486 = DIRECTION('',(2.554905648112E-23,9.588560104003E-11,-1.));
#9487 = ADVANCED_FACE('',(#9488),#9506,.T.);
#9488 = FACE_BOUND('',#9489,.T.);
#9489 = EDGE_LOOP('',(#9490,#9498,#9499,#9500));
#9490 = ORIENTED_EDGE('',*,*,#9491,.F.);
#9491 = EDGE_CURVE('',#9467,#9492,#9494,.T.);
#9492 = VERTEX_POINT('',#9493);
#9493 = CARTESIAN_POINT('',(-2.162652818512,-1.814718635132,
    6.618001017994));
#9494 = LINE('',#9495,#9496);
#9495 = CARTESIAN_POINT('',(-2.162652818512,-1.814718635132,
    8.383686442936));
#9496 = VECTOR('',#9497,1.);
#9497 = DIRECTION('',(0.,0.,1.));
#9498 = ORIENTED_EDGE('',*,*,#9477,.T.);
#9499 = ORIENTED_EDGE('',*,*,#7531,.T.);
#9500 = ORIENTED_EDGE('',*,*,#9501,.F.);
#9501 = EDGE_CURVE('',#9492,#7523,#9502,.T.);
#9502 = LINE('',#9503,#9504);
#9503 = CARTESIAN_POINT('',(-1.962652818512,-1.814718635132,
    6.618001017994));
#9504 = VECTOR('',#9505,1.);
#9505 = DIRECTION('',(-1.,2.6645352591E-13,0.));
#9506 = PLANE('',#9507);
#9507 = AXIS2_PLACEMENT_3D('',#9508,#9509,#9510);
#9508 = CARTESIAN_POINT('',(-1.962652818512,-1.814718635132,
    6.618001017994));
#9509 = DIRECTION('',(2.6645352591E-13,1.,0.));
#9510 = DIRECTION('',(1.,-2.6645352591E-13,0.));
#9511 = ADVANCED_FACE('',(#9512),#9524,.T.);
#9512 = FACE_BOUND('',#9513,.T.);
#9513 = EDGE_LOOP('',(#9514,#9521,#9522,#9523));
#9514 = ORIENTED_EDGE('',*,*,#9515,.F.);
#9515 = EDGE_CURVE('',#9492,#7492,#9516,.T.);
#9516 = CIRCLE('',#9517,0.700000000047);
#9517 = AXIS2_PLACEMENT_3D('',#9518,#9519,#9520);
#9518 = CARTESIAN_POINT('',(-2.162652818512,-2.514718635132,
    6.618001018002));
#9519 = DIRECTION('',(1.,-2.6645352591E-13,-1.000488296094E-27));
#9520 = DIRECTION('',(2.6645352591E-13,1.,-1.275517390037E-11));
#9521 = ORIENTED_EDGE('',*,*,#9501,.T.);
#9522 = ORIENTED_EDGE('',*,*,#7522,.T.);
#9523 = ORIENTED_EDGE('',*,*,#7499,.F.);
#9524 = CYLINDRICAL_SURFACE('',#9525,0.700000000047);
#9525 = AXIS2_PLACEMENT_3D('',#9526,#9527,#9528);
#9526 = CARTESIAN_POINT('',(-1.962652818512,-2.514718635132,
    6.618001018002));
#9527 = DIRECTION('',(-1.,2.6645352591E-13,7.496775195571E-40));
#9528 = DIRECTION('',(2.6645352591E-13,1.,-1.275517390037E-11));
#9529 = ADVANCED_FACE('',(#9530),#9540,.T.);
#9530 = FACE_BOUND('',#9531,.T.);
#9531 = EDGE_LOOP('',(#9532,#9533,#9539));
#9532 = ORIENTED_EDGE('',*,*,#895,.F.);
#9533 = ORIENTED_EDGE('',*,*,#9534,.F.);
#9534 = EDGE_CURVE('',#7898,#886,#9535,.T.);
#9535 = LINE('',#9536,#9537);
#9536 = CARTESIAN_POINT('',(-2.162652818506,21.916869408176,
    10.049371867901));
#9537 = VECTOR('',#9538,1.);
#9538 = DIRECTION('',(0.707106781187,0.707106781186,0.));
#9539 = ORIENTED_EDGE('',*,*,#8163,.T.);
#9540 = CONICAL_SURFACE('',#9541,0.2,0.785398163397);
#9541 = AXIS2_PLACEMENT_3D('',#9542,#9543,#9544);
#9542 = CARTESIAN_POINT('',(-2.162652818506,22.116869408176,
    10.049371867901));
#9543 = DIRECTION('',(-1.,2.670135769133E-13,-9.785893707426E-17));
#9544 = DIRECTION('',(-1.887379141863E-13,-0.707106781187,
    -0.707106781187));
#9545 = ADVANCED_FACE('',(#9546),#9557,.T.);
#9546 = FACE_BOUND('',#9547,.T.);
#9547 = EDGE_LOOP('',(#9548,#9549,#9550,#9551));
#9548 = ORIENTED_EDGE('',*,*,#8730,.T.);
#9549 = ORIENTED_EDGE('',*,*,#871,.F.);
#9550 = ORIENTED_EDGE('',*,*,#9262,.T.);
#9551 = ORIENTED_EDGE('',*,*,#9552,.F.);
#9552 = EDGE_CURVE('',#8187,#9263,#9553,.T.);
#9553 = LINE('',#9554,#9555);
#9554 = CARTESIAN_POINT('',(-1.962652818513,-5.414718635148,
    9.049371867934));
#9555 = VECTOR('',#9556,1.);
#9556 = DIRECTION('',(-0.57735026919,-0.577350269178,-0.577350269202));
#9557 = PLANE('',#9558);
#9558 = AXIS2_PLACEMENT_3D('',#9559,#9560,#9561);
#9559 = CARTESIAN_POINT('',(-2.062652818511,2.613178375689,
    8.949371868099));
#9560 = DIRECTION('',(0.707106781187,1.435797094325E-11,-0.707106781187)
  );
#9561 = DIRECTION('',(-1.615587133893E-27,-1.,-2.03052372361E-11));
#9562 = ADVANCED_FACE('',(#9563),#9574,.T.);
#9563 = FACE_BOUND('',#9564,.T.);
#9564 = EDGE_LOOP('',(#9565,#9566,#9567,#9573));
#9565 = ORIENTED_EDGE('',*,*,#854,.F.);
#9566 = ORIENTED_EDGE('',*,*,#8722,.T.);
#9567 = ORIENTED_EDGE('',*,*,#9568,.F.);
#9568 = EDGE_CURVE('',#9212,#8715,#9569,.T.);
#9569 = LINE('',#9570,#9571);
#9570 = CARTESIAN_POINT('',(-2.162652818515,-11.61471863516,
    9.849371867827));
#9571 = VECTOR('',#9572,1.);
#9572 = DIRECTION('',(0.707106781187,0.707106781186,0.));
#9573 = ORIENTED_EDGE('',*,*,#9245,.T.);
#9574 = CONICAL_SURFACE('',#9575,0.9,0.785398163397);
#9575 = AXIS2_PLACEMENT_3D('',#9576,#9577,#9578);
#9576 = CARTESIAN_POINT('',(-2.062652818514,-10.61471863516,
    9.849371867827));
#9577 = DIRECTION('',(-1.,2.664709569492E-13,1.743103914052E-17));
#9578 = DIRECTION('',(-1.884357462521E-13,-0.707106781179,
    -0.707106781194));
#9579 = ADVANCED_FACE('',(#9580),#9586,.T.);
#9580 = FACE_BOUND('',#9581,.T.);
#9581 = EDGE_LOOP('',(#9582,#9583,#9584,#9585));
#9582 = ORIENTED_EDGE('',*,*,#9568,.T.);
#9583 = ORIENTED_EDGE('',*,*,#8714,.T.);
#9584 = ORIENTED_EDGE('',*,*,#829,.F.);
#9585 = ORIENTED_EDGE('',*,*,#9211,.T.);
#9586 = PLANE('',#9587);
#9587 = AXIS2_PLACEMENT_3D('',#9588,#9589,#9590);
#9588 = CARTESIAN_POINT('',(-2.062652818514,-11.51471863516,
    9.499371867867));
#9589 = DIRECTION('',(0.707106781186,-0.707106781187,0.));
#9590 = DIRECTION('',(0.,0.,-1.));
#9591 = ADVANCED_FACE('',(#9592),#9603,.T.);
#9592 = FACE_BOUND('',#9593,.T.);
#9593 = EDGE_LOOP('',(#9594,#9595,#9596,#9602));
#9594 = ORIENTED_EDGE('',*,*,#812,.F.);
#9595 = ORIENTED_EDGE('',*,*,#8706,.T.);
#9596 = ORIENTED_EDGE('',*,*,#9597,.F.);
#9597 = EDGE_CURVE('',#9170,#8699,#9598,.T.);
#9598 = LINE('',#9599,#9600);
#9599 = CARTESIAN_POINT('',(-2.162652818514,-10.61471863516,
    16.549371867901));
#9600 = VECTOR('',#9601,1.);
#9601 = DIRECTION('',(0.707106781187,-1.884110950421E-13,-0.707106781187
    ));
#9602 = ORIENTED_EDGE('',*,*,#9194,.T.);
#9603 = CONICAL_SURFACE('',#9604,0.9,0.785398163397);
#9604 = AXIS2_PLACEMENT_3D('',#9605,#9606,#9607);
#9605 = CARTESIAN_POINT('',(-2.062652818514,-10.61471863516,
    15.549371867901));
#9606 = DIRECTION('',(-1.,2.664709569477E-13,-1.743103761799E-17));
#9607 = DIRECTION('',(-1.884357462519E-13,-0.707106781187,0.707106781187
    ));
#9608 = ADVANCED_FACE('',(#9609),#9615,.T.);
#9609 = FACE_BOUND('',#9610,.T.);
#9610 = EDGE_LOOP('',(#9611,#9612,#9613,#9614));
#9611 = ORIENTED_EDGE('',*,*,#9597,.T.);
#9612 = ORIENTED_EDGE('',*,*,#8698,.T.);
#9613 = ORIENTED_EDGE('',*,*,#787,.F.);
#9614 = ORIENTED_EDGE('',*,*,#9169,.T.);
#9615 = PLANE('',#9616);
#9616 = AXIS2_PLACEMENT_3D('',#9617,#9618,#9619);
#9617 = CARTESIAN_POINT('',(-2.062652818512,-0.386821624332,
    16.449371867901));
#9618 = DIRECTION('',(0.707106781187,-1.884665602641E-13,0.707106781187)
  );
#9619 = DIRECTION('',(0.,-1.,-2.665319655793E-13));
#9620 = ADVANCED_FACE('',(#9621),#9632,.T.);
#9621 = FACE_BOUND('',#9622,.T.);
#9622 = EDGE_LOOP('',(#9623,#9624,#9625,#9631));
#9623 = ORIENTED_EDGE('',*,*,#770,.F.);
#9624 = ORIENTED_EDGE('',*,*,#8690,.T.);
#9625 = ORIENTED_EDGE('',*,*,#9626,.F.);
#9626 = EDGE_CURVE('',#9127,#8683,#9627,.T.);
#9627 = LINE('',#9628,#9629);
#9628 = CARTESIAN_POINT('',(-2.162652818513,-7.114718635161,
    15.549371867901));
#9629 = VECTOR('',#9630,1.);
#9630 = DIRECTION('',(0.707106781186,-0.707106781187,0.));
#9631 = ORIENTED_EDGE('',*,*,#9152,.T.);
#9632 = CONICAL_SURFACE('',#9633,0.9,0.785398163397);
#9633 = AXIS2_PLACEMENT_3D('',#9634,#9635,#9636);
#9634 = CARTESIAN_POINT('',(-2.062652818514,-8.114718635161,
    15.549371867901));
#9635 = DIRECTION('',(-1.,2.664709569477E-13,1.743103761738E-17));
#9636 = DIRECTION('',(1.884357462519E-13,0.707106781187,0.707106781187)
  );
#9637 = ADVANCED_FACE('',(#9638),#9649,.T.);
#9638 = FACE_BOUND('',#9639,.T.);
#9639 = EDGE_LOOP('',(#9640,#9641,#9642,#9648));
#9640 = ORIENTED_EDGE('',*,*,#9626,.T.);
#9641 = ORIENTED_EDGE('',*,*,#8682,.T.);
#9642 = ORIENTED_EDGE('',*,*,#9643,.F.);
#9643 = EDGE_CURVE('',#9101,#8674,#9644,.T.);
#9644 = LINE('',#9645,#9646);
#9645 = CARTESIAN_POINT('',(-2.162652818513,-7.114718635161,
    12.549371867901));
#9646 = VECTOR('',#9647,1.);
#9647 = DIRECTION('',(0.707106781186,-0.707106781187,0.));
#9648 = ORIENTED_EDGE('',*,*,#9126,.T.);
#9649 = PLANE('',#9650);
#9650 = AXIS2_PLACEMENT_3D('',#9651,#9652,#9653);
#9651 = CARTESIAN_POINT('',(-2.062652818513,-7.214718635161,
    13.349371867889));
#9652 = DIRECTION('',(0.707106781187,0.707106781186,1.570092458684E-15)
  );
#9653 = DIRECTION('',(0.,2.220446049251E-15,-1.));
#9654 = ADVANCED_FACE('',(#9655),#9661,.F.);
#9655 = FACE_BOUND('',#9656,.F.);
#9656 = EDGE_LOOP('',(#9657,#9658,#9659,#9660));
#9657 = ORIENTED_EDGE('',*,*,#8673,.F.);
#9658 = ORIENTED_EDGE('',*,*,#9643,.F.);
#9659 = ORIENTED_EDGE('',*,*,#9100,.F.);
#9660 = ORIENTED_EDGE('',*,*,#736,.T.);
#9661 = CONICAL_SURFACE('',#9662,2.1,0.785398163397);
#9662 = AXIS2_PLACEMENT_3D('',#9663,#9664,#9665);
#9663 = CARTESIAN_POINT('',(-2.062652818513,-5.114718635162,
    12.549371867901));
#9664 = DIRECTION('',(1.,-2.66474069633E-13,-2.054372290742E-17));
#9665 = DIRECTION('',(-1.884401482536E-13,-0.707106781187,
    -0.707106781187));
#9666 = ADVANCED_FACE('',(#9667),#9678,.T.);
#9667 = FACE_BOUND('',#9668,.T.);
#9668 = EDGE_LOOP('',(#9669,#9670,#9671,#9677));
#9669 = ORIENTED_EDGE('',*,*,#717,.T.);
#9670 = ORIENTED_EDGE('',*,*,#8666,.T.);
#9671 = ORIENTED_EDGE('',*,*,#9672,.F.);
#9672 = EDGE_CURVE('',#1072,#8658,#9673,.T.);
#9673 = LINE('',#9674,#9675);
#9674 = CARTESIAN_POINT('',(-2.162652818511,2.212210969749,
    10.549371867901));
#9675 = VECTOR('',#9676,1.);
#9676 = DIRECTION('',(0.707106781187,-1.884110950421E-13,-0.707106781187
    ));
#9677 = ORIENTED_EDGE('',*,*,#9069,.T.);
#9678 = PLANE('',#9679);
#9679 = AXIS2_PLACEMENT_3D('',#9680,#9681,#9682);
#9680 = CARTESIAN_POINT('',(-2.062652818511,2.61317837566,
    10.449371867901));
#9681 = DIRECTION('',(0.707106781187,-1.884665602641E-13,0.707106781187)
  );
#9682 = DIRECTION('',(-2.665319655793E-13,-1.,5.048709793414E-29));
#9683 = ADVANCED_FACE('',(#9684),#9690,.F.);
#9684 = FACE_BOUND('',#9685,.F.);
#9685 = EDGE_LOOP('',(#9686,#9687,#9688,#9689));
#9686 = ORIENTED_EDGE('',*,*,#8657,.F.);
#9687 = ORIENTED_EDGE('',*,*,#9672,.F.);
#9688 = ORIENTED_EDGE('',*,*,#1094,.F.);
#9689 = ORIENTED_EDGE('',*,*,#694,.T.);
#9690 = CONICAL_SURFACE('',#9691,0.6,0.785398163397);
#9691 = AXIS2_PLACEMENT_3D('',#9692,#9693,#9694);
#9692 = CARTESIAN_POINT('',(-2.062652818511,2.212210969749,
    11.049371867901));
#9693 = DIRECTION('',(1.,-2.664764041469E-13,-2.287823687644E-17));
#9694 = DIRECTION('',(1.884434497549E-13,0.707106781187,0.707106781187)
  );
#9695 = ADVANCED_FACE('',(#9696),#9702,.T.);
#9696 = FACE_BOUND('',#9697,.T.);
#9697 = EDGE_LOOP('',(#9698,#9699,#9700,#9701));
#9698 = ORIENTED_EDGE('',*,*,#675,.T.);
#9699 = ORIENTED_EDGE('',*,*,#8650,.T.);
#9700 = ORIENTED_EDGE('',*,*,#661,.F.);
#9701 = ORIENTED_EDGE('',*,*,#9035,.T.);
#9702 = PLANE('',#9703);
#9703 = AXIS2_PLACEMENT_3D('',#9704,#9705,#9706);
#9704 = CARTESIAN_POINT('',(-2.06265281851,6.776643178124,
    11.649371867901));
#9705 = DIRECTION('',(0.707106781187,-1.881903601784E-13,-0.707106781187
    ));
#9706 = DIRECTION('',(0.,-1.,2.661413596721E-13));
#9707 = ADVANCED_FACE('',(#9708),#9719,.T.);
#9708 = FACE_BOUND('',#9709,.T.);
#9709 = EDGE_LOOP('',(#9710,#9711,#9712,#9718));
#9710 = ORIENTED_EDGE('',*,*,#644,.F.);
#9711 = ORIENTED_EDGE('',*,*,#8642,.T.);
#9712 = ORIENTED_EDGE('',*,*,#9713,.F.);
#9713 = EDGE_CURVE('',#8979,#8635,#9714,.T.);
#9714 = LINE('',#9715,#9716);
#9715 = CARTESIAN_POINT('',(-2.162652818513,-4.314718635179,
    14.549371867901));
#9716 = VECTOR('',#9717,1.);
#9717 = DIRECTION('',(0.707106781187,-1.884110950421E-13,-0.707106781187
    ));
#9718 = ORIENTED_EDGE('',*,*,#9018,.T.);
#9719 = CONICAL_SURFACE('',#9720,1.4,0.785398163397);
#9720 = AXIS2_PLACEMENT_3D('',#9721,#9722,#9723);
#9721 = CARTESIAN_POINT('',(-2.062652818513,-4.314718635179,
    13.049371867901));
#9722 = DIRECTION('',(-1.,2.66471735119E-13,-1.820920894029E-17));
#9723 = DIRECTION('',(-1.884368467523E-13,-0.707106781187,0.707106781187
    ));
#9724 = ADVANCED_FACE('',(#9725),#9736,.T.);
#9725 = FACE_BOUND('',#9726,.T.);
#9726 = EDGE_LOOP('',(#9727,#9728,#9729,#9735));
#9727 = ORIENTED_EDGE('',*,*,#9713,.T.);
#9728 = ORIENTED_EDGE('',*,*,#8634,.T.);
#9729 = ORIENTED_EDGE('',*,*,#9730,.F.);
#9730 = EDGE_CURVE('',#8954,#8626,#9731,.T.);
#9731 = LINE('',#9732,#9733);
#9732 = CARTESIAN_POINT('',(-2.16265281851,5.657759161336,
    14.549371867901));
#9733 = VECTOR('',#9734,1.);
#9734 = DIRECTION('',(0.707106781187,-1.884110950421E-13,-0.707106781187
    ));
#9735 = ORIENTED_EDGE('',*,*,#8978,.T.);
#9736 = PLANE('',#9737);
#9737 = AXIS2_PLACEMENT_3D('',#9738,#9739,#9740);
#9738 = CARTESIAN_POINT('',(-2.062652818511,2.51317837566,
    14.449371867901));
#9739 = DIRECTION('',(0.707106781187,-1.887048366092E-13,0.707106781187)
  );
#9740 = DIRECTION('',(-2.668689392181E-13,-1.,2.524354896707E-29));
#9741 = ADVANCED_FACE('',(#9742),#9748,.F.);
#9742 = FACE_BOUND('',#9743,.F.);
#9743 = EDGE_LOOP('',(#9744,#9745,#9746,#9747));
#9744 = ORIENTED_EDGE('',*,*,#8625,.F.);
#9745 = ORIENTED_EDGE('',*,*,#9730,.F.);
#9746 = ORIENTED_EDGE('',*,*,#8953,.F.);
#9747 = ORIENTED_EDGE('',*,*,#610,.T.);
#9748 = CONICAL_SURFACE('',#9749,1.6,0.785398163397);
#9749 = AXIS2_PLACEMENT_3D('',#9750,#9751,#9752);
#9750 = CARTESIAN_POINT('',(-2.06265281851,5.657759161336,
    16.049371867901));
#9751 = DIRECTION('',(1.,-2.664870647648E-13,5.809100041762E-17));
#9752 = DIRECTION('',(1.332938406645E-13,0.5,-0.866025403784));
#9753 = ADVANCED_FACE('',(#9754),#9765,.T.);
#9754 = FACE_BOUND('',#9755,.T.);
#9755 = EDGE_LOOP('',(#9756,#9757,#9758,#9764));
#9756 = ORIENTED_EDGE('',*,*,#569,.F.);
#9757 = ORIENTED_EDGE('',*,*,#8616,.T.);
#9758 = ORIENTED_EDGE('',*,*,#9759,.F.);
#9759 = EDGE_CURVE('',#8912,#8609,#9760,.T.);
#9760 = LINE('',#9761,#9762);
#9761 = CARTESIAN_POINT('',(-2.162652818509,8.255835372689,
    16.049371867901));
#9762 = VECTOR('',#9763,1.);
#9763 = DIRECTION('',(0.707106781187,-1.884110950421E-13,-0.707106781187
    ));
#9764 = ORIENTED_EDGE('',*,*,#8936,.T.);
#9765 = CONICAL_SURFACE('',#9766,1.4,0.785398163397);
#9766 = AXIS2_PLACEMENT_3D('',#9767,#9768,#9769);
#9767 = CARTESIAN_POINT('',(-2.062652818509,8.255835372689,
    14.549371867901));
#9768 = DIRECTION('',(-1.,2.66489054613E-13,-6.153751859896E-17));
#9769 = DIRECTION('',(-1.332978203609E-13,-0.5,0.866025403784));
#9770 = ADVANCED_FACE('',(#9771),#9782,.T.);
#9771 = FACE_BOUND('',#9772,.T.);
#9772 = EDGE_LOOP('',(#9773,#9774,#9775,#9781));
#9773 = ORIENTED_EDGE('',*,*,#9759,.T.);
#9774 = ORIENTED_EDGE('',*,*,#8608,.T.);
#9775 = ORIENTED_EDGE('',*,*,#9776,.F.);
#9776 = EDGE_CURVE('',#8886,#8600,#9777,.T.);
#9777 = LINE('',#9778,#9779);
#9778 = CARTESIAN_POINT('',(-2.162652818508,11.179455704415,
    16.049371867901));
#9779 = VECTOR('',#9780,1.);
#9780 = DIRECTION('',(0.707106781187,-1.884110950421E-13,-0.707106781187
    ));
#9781 = ORIENTED_EDGE('',*,*,#8911,.T.);
#9782 = PLANE('',#9783);
#9783 = AXIS2_PLACEMENT_3D('',#9784,#9785,#9786);
#9784 = CARTESIAN_POINT('',(-2.062652818509,9.115442677701,
    15.949371867901));
#9785 = DIRECTION('',(0.707106781187,-1.884665602641E-13,0.707106781187)
  );
#9786 = DIRECTION('',(0.,-1.,-2.665319655793E-13));
#9787 = ADVANCED_FACE('',(#9788),#9799,.T.);
#9788 = FACE_BOUND('',#9789,.T.);
#9789 = EDGE_LOOP('',(#9790,#9796,#9797,#9798));
#9790 = ORIENTED_EDGE('',*,*,#9791,.F.);
#9791 = EDGE_CURVE('',#1225,#8591,#9792,.T.);
#9792 = LINE('',#9793,#9794);
#9793 = CARTESIAN_POINT('',(-2.162652818508,12.379455704415,
    15.449371867901));
#9794 = VECTOR('',#9795,1.);
#9795 = DIRECTION('',(0.707106781186,-0.565685424949,-0.424264068712));
#9796 = ORIENTED_EDGE('',*,*,#8885,.T.);
#9797 = ORIENTED_EDGE('',*,*,#9776,.T.);
#9798 = ORIENTED_EDGE('',*,*,#8599,.T.);
#9799 = CONICAL_SURFACE('',#9800,1.4,0.785398163397);
#9800 = AXIS2_PLACEMENT_3D('',#9801,#9802,#9803);
#9801 = CARTESIAN_POINT('',(-2.062652818508,11.179455704415,
    14.549371867901));
#9802 = DIRECTION('',(-1.,2.6645352591E-13,0.));
#9803 = DIRECTION('',(0.,0.,1.));
#9804 = ADVANCED_FACE('',(#9805),#9811,.F.);
#9805 = FACE_BOUND('',#9806,.F.);
#9806 = EDGE_LOOP('',(#9807,#9808,#9809,#9810));
#9807 = ORIENTED_EDGE('',*,*,#8590,.F.);
#9808 = ORIENTED_EDGE('',*,*,#9791,.F.);
#9809 = ORIENTED_EDGE('',*,*,#1270,.F.);
#9810 = ORIENTED_EDGE('',*,*,#535,.T.);
#9811 = CONICAL_SURFACE('',#9812,1.6,0.785398163397);
#9812 = AXIS2_PLACEMENT_3D('',#9813,#9814,#9815);
#9813 = CARTESIAN_POINT('',(-2.062652818508,13.579455704415,
    16.349371867901));
#9814 = DIRECTION('',(1.,-2.664870647648E-13,-5.809100041701E-17));
#9815 = DIRECTION('',(-1.332938406645E-13,-0.5,-0.866025403784));
#9816 = ADVANCED_FACE('',(#9817),#9823,.T.);
#9817 = FACE_BOUND('',#9818,.T.);
#9818 = EDGE_LOOP('',(#9819,#9820,#9821,#9822));
#9819 = ORIENTED_EDGE('',*,*,#516,.T.);
#9820 = ORIENTED_EDGE('',*,*,#8583,.T.);
#9821 = ORIENTED_EDGE('',*,*,#502,.F.);
#9822 = ORIENTED_EDGE('',*,*,#8845,.T.);
#9823 = PLANE('',#9824);
#9824 = AXIS2_PLACEMENT_3D('',#9825,#9826,#9827);
#9825 = CARTESIAN_POINT('',(-2.062652818508,11.363039281192,
    14.749371867901));
#9826 = DIRECTION('',(0.707106781187,-1.889449008856E-13,0.707106781187)
  );
#9827 = DIRECTION('',(-2.672084413737E-13,-1.,0.));
#9828 = ADVANCED_FACE('',(#9829),#9840,.T.);
#9829 = FACE_BOUND('',#9830,.T.);
#9830 = EDGE_LOOP('',(#9831,#9832,#9833,#9839));
#9831 = ORIENTED_EDGE('',*,*,#485,.F.);
#9832 = ORIENTED_EDGE('',*,*,#8575,.T.);
#9833 = ORIENTED_EDGE('',*,*,#9834,.F.);
#9834 = EDGE_CURVE('',#8799,#8568,#9835,.T.);
#9835 = LINE('',#9836,#9837);
#9836 = CARTESIAN_POINT('',(-2.162652818504,26.796869408176,
    11.849371867901));
#9837 = VECTOR('',#9838,1.);
#9838 = DIRECTION('',(0.707106781187,-1.884110950421E-13,0.707106781187)
  );
#9839 = ORIENTED_EDGE('',*,*,#8826,.T.);
#9840 = CONICAL_SURFACE('',#9841,1.4,0.785398163397);
#9841 = AXIS2_PLACEMENT_3D('',#9842,#9843,#9844);
#9842 = CARTESIAN_POINT('',(-2.062652818504,26.796869408176,
    13.349371867901));
#9843 = DIRECTION('',(-1.,2.66471735119E-13,1.820920894578E-17));
#9844 = DIRECTION('',(1.884368467523E-13,0.707106781187,0.707106781187)
  );
#9845 = ADVANCED_FACE('',(#9846),#9857,.T.);
#9846 = FACE_BOUND('',#9847,.T.);
#9847 = EDGE_LOOP('',(#9848,#9849,#9850,#9856));
#9848 = ORIENTED_EDGE('',*,*,#9834,.T.);
#9849 = ORIENTED_EDGE('',*,*,#8567,.T.);
#9850 = ORIENTED_EDGE('',*,*,#9851,.F.);
#9851 = EDGE_CURVE('',#1320,#8559,#9852,.T.);
#9852 = LINE('',#9853,#9854);
#9853 = CARTESIAN_POINT('',(-2.162652818505,24.416869408176,
    11.849371867901));
#9854 = VECTOR('',#9855,1.);
#9855 = DIRECTION('',(0.707106781187,-1.884110950421E-13,0.707106781187)
  );
#9856 = ORIENTED_EDGE('',*,*,#8798,.T.);
#9857 = PLANE('',#9858);
#9858 = AXIS2_PLACEMENT_3D('',#9859,#9860,#9861);
#9859 = CARTESIAN_POINT('',(-2.062652818506,19.568972397337,
    11.949371867901));
#9860 = DIRECTION('',(0.707106781187,-1.882237624612E-13,-0.707106781187
    ));
#9861 = DIRECTION('',(0.,-1.,2.661885976336E-13));
#9862 = ADVANCED_FACE('',(#9863),#9869,.F.);
#9863 = FACE_BOUND('',#9864,.F.);
#9864 = EDGE_LOOP('',(#9865,#9866,#9867,#9868));
#9865 = ORIENTED_EDGE('',*,*,#8558,.F.);
#9866 = ORIENTED_EDGE('',*,*,#9851,.F.);
#9867 = ORIENTED_EDGE('',*,*,#1342,.F.);
#9868 = ORIENTED_EDGE('',*,*,#451,.T.);
#9869 = CONICAL_SURFACE('',#9870,1.1,0.785398163397);
#9870 = AXIS2_PLACEMENT_3D('',#9871,#9872,#9873);
#9871 = CARTESIAN_POINT('',(-2.062652818505,24.416869408176,
    10.849371867901));
#9872 = DIRECTION('',(1.,-2.669795653765E-13,5.260394664454E-16));
#9873 = DIRECTION('',(-1.891550271899E-13,-0.707106781187,0.707106781187
    ));
#9874 = ADVANCED_FACE('',(#9875),#9886,.T.);
#9875 = FACE_BOUND('',#9876,.T.);
#9876 = EDGE_LOOP('',(#9877,#9878,#9879,#9885));
#9877 = ORIENTED_EDGE('',*,*,#410,.F.);
#9878 = ORIENTED_EDGE('',*,*,#8549,.T.);
#9879 = ORIENTED_EDGE('',*,*,#9880,.F.);
#9880 = EDGE_CURVE('',#8745,#8542,#9881,.T.);
#9881 = LINE('',#9882,#9883);
#9882 = CARTESIAN_POINT('',(-2.162652818505,22.416869408176,
    9.849371867901));
#9883 = VECTOR('',#9884,1.);
#9884 = DIRECTION('',(0.707106781187,-1.884110950421E-13,0.707106781187)
  );
#9885 = ORIENTED_EDGE('',*,*,#8769,.T.);
#9886 = CONICAL_SURFACE('',#9887,0.9,0.785398163397);
#9887 = AXIS2_PLACEMENT_3D('',#9888,#9889,#9890);
#9888 = CARTESIAN_POINT('',(-2.062652818505,22.416869408176,
    10.849371867901));
#9889 = DIRECTION('',(-1.,2.664709569477E-13,-1.743103761196E-17));
#9890 = DIRECTION('',(1.884357462519E-13,0.707106781187,-0.707106781187)
  );
#9891 = ADVANCED_FACE('',(#9892),#9898,.T.);
#9892 = FACE_BOUND('',#9893,.T.);
#9893 = EDGE_LOOP('',(#9894,#9895,#9896,#9897));
#9894 = ORIENTED_EDGE('',*,*,#9880,.T.);
#9895 = ORIENTED_EDGE('',*,*,#8541,.T.);
#9896 = ORIENTED_EDGE('',*,*,#885,.T.);
#9897 = ORIENTED_EDGE('',*,*,#8744,.T.);
#9898 = PLANE('',#9899);
#9899 = AXIS2_PLACEMENT_3D('',#9900,#9901,#9902);
#9900 = CARTESIAN_POINT('',(-2.062652818507,17.128972397337,
    9.949371867901));
#9901 = DIRECTION('',(0.707106781187,-1.883056901352E-13,-0.707106781187
    ));
#9902 = DIRECTION('',(0.,-1.,2.663044608612E-13));
#9903 = ADVANCED_FACE('',(#9904),#9915,.T.);
#9904 = FACE_BOUND('',#9905,.T.);
#9905 = EDGE_LOOP('',(#9906,#9907,#9908,#9914));
#9906 = ORIENTED_EDGE('',*,*,#9534,.T.);
#9907 = ORIENTED_EDGE('',*,*,#8535,.T.);
#9908 = ORIENTED_EDGE('',*,*,#9909,.F.);
#9909 = EDGE_CURVE('',#7896,#8527,#9910,.T.);
#9910 = LINE('',#9911,#9912);
#9911 = CARTESIAN_POINT('',(-2.162652818506,21.916869408176,
    11.649371867901));
#9912 = VECTOR('',#9913,1.);
#9913 = DIRECTION('',(0.707106781187,0.707106781186,0.));
#9914 = ORIENTED_EDGE('',*,*,#7895,.T.);
#9915 = PLANE('',#9916);
#9916 = AXIS2_PLACEMENT_3D('',#9917,#9918,#9919);
#9917 = CARTESIAN_POINT('',(-2.062652818506,22.016869408176,
    9.999371867889));
#9918 = DIRECTION('',(0.707106781186,-0.707106781187,0.));
#9919 = DIRECTION('',(0.,0.,-1.));
#9920 = ADVANCED_FACE('',(#9921),#9927,.F.);
#9921 = FACE_BOUND('',#9922,.F.);
#9922 = EDGE_LOOP('',(#9923,#9924,#9925,#9926));
#9923 = ORIENTED_EDGE('',*,*,#8526,.F.);
#9924 = ORIENTED_EDGE('',*,*,#9909,.F.);
#9925 = ORIENTED_EDGE('',*,*,#8091,.F.);
#9926 = ORIENTED_EDGE('',*,*,#376,.T.);
#9927 = CONICAL_SURFACE('',#9928,0.3,0.785398163397);
#9928 = AXIS2_PLACEMENT_3D('',#9929,#9930,#9931);
#9929 = CARTESIAN_POINT('',(-2.062652818506,21.716869408175,
    11.649371867901));
#9930 = DIRECTION('',(1.,-2.664796724665E-13,-2.614655642291E-17));
#9931 = DIRECTION('',(1.884480718568E-13,0.707106781187,0.707106781187)
  );
#9932 = ADVANCED_FACE('',(#9933),#9944,.T.);
#9933 = FACE_BOUND('',#9934,.T.);
#9934 = EDGE_LOOP('',(#9935,#9936,#9937,#9943));
#9935 = ORIENTED_EDGE('',*,*,#357,.T.);
#9936 = ORIENTED_EDGE('',*,*,#8519,.T.);
#9937 = ORIENTED_EDGE('',*,*,#9938,.F.);
#9938 = EDGE_CURVE('',#3393,#8511,#9939,.T.);
#9939 = LINE('',#9940,#9941);
#9940 = CARTESIAN_POINT('',(-2.162652818506,19.096869408176,
    11.849371867901));
#9941 = VECTOR('',#9942,1.);
#9942 = DIRECTION('',(0.707106781187,-1.884110950421E-13,0.707106781187)
  );
#9943 = ORIENTED_EDGE('',*,*,#8040,.T.);
#9944 = PLANE('',#9945);
#9945 = AXIS2_PLACEMENT_3D('',#9946,#9947,#9948);
#9946 = CARTESIAN_POINT('',(-2.062652818506,19.568972397337,
    11.949371867901));
#9947 = DIRECTION('',(0.707106781187,-1.882237624612E-13,-0.707106781187
    ));
#9948 = DIRECTION('',(0.,-1.,2.661885976336E-13));
#9949 = ADVANCED_FACE('',(#9950),#9956,.F.);
#9950 = FACE_BOUND('',#9951,.F.);
#9951 = EDGE_LOOP('',(#9952,#9953,#9954,#9955));
#9952 = ORIENTED_EDGE('',*,*,#8510,.F.);
#9953 = ORIENTED_EDGE('',*,*,#9938,.F.);
#9954 = ORIENTED_EDGE('',*,*,#3413,.F.);
#9955 = ORIENTED_EDGE('',*,*,#334,.T.);
#9956 = CONICAL_SURFACE('',#9957,0.6,0.785398163397);
#9957 = AXIS2_PLACEMENT_3D('',#9958,#9959,#9960);
#9958 = CARTESIAN_POINT('',(-2.062652818506,19.096869408176,
    11.349371867901));
#9959 = DIRECTION('',(1.,-2.664764041469E-13,2.287823687768E-17));
#9960 = DIRECTION('',(-1.884434497549E-13,-0.707106781187,0.707106781187
    ));
#9961 = ADVANCED_FACE('',(#9962),#9973,.T.);
#9962 = FACE_BOUND('',#9963,.T.);
#9963 = EDGE_LOOP('',(#9964,#9965,#9966,#9972));
#9964 = ORIENTED_EDGE('',*,*,#315,.T.);
#9965 = ORIENTED_EDGE('',*,*,#8503,.T.);
#9966 = ORIENTED_EDGE('',*,*,#9967,.F.);
#9967 = EDGE_CURVE('',#3626,#8495,#9968,.T.);
#9968 = LINE('',#9969,#9970);
#9969 = CARTESIAN_POINT('',(-2.162652818506,18.596869408176,
    11.280742717861));
#9970 = VECTOR('',#9971,1.);
#9971 = DIRECTION('',(0.707106781186,-0.707106781187,4.816258617013E-11)
  );
#9972 = ORIENTED_EDGE('',*,*,#4065,.T.);
#9973 = PLANE('',#9974);
#9974 = AXIS2_PLACEMENT_3D('',#9975,#9976,#9977);
#9975 = CARTESIAN_POINT('',(-2.062652818507,18.496869408176,
    10.999371867889));
#9976 = DIRECTION('',(0.707106781187,0.707106781186,0.));
#9977 = DIRECTION('',(0.,0.,-1.));
#9978 = ADVANCED_FACE('',(#9979),#9990,.F.);
#9979 = FACE_BOUND('',#9980,.F.);
#9980 = EDGE_LOOP('',(#9981,#9982,#9988,#9989));
#9981 = ORIENTED_EDGE('',*,*,#3652,.F.);
#9982 = ORIENTED_EDGE('',*,*,#9983,.T.);
#9983 = EDGE_CURVE('',#3645,#8487,#9984,.T.);
#9984 = LINE('',#9985,#9986);
#9985 = CARTESIAN_POINT('',(-2.162652818506,18.860473304959,
    10.644346614933));
#9986 = VECTOR('',#9987,1.);
#9987 = DIRECTION('',(0.707106781186,-0.5,-0.5));
#9988 = ORIENTED_EDGE('',*,*,#8494,.F.);
#9989 = ORIENTED_EDGE('',*,*,#9967,.F.);
#9990 = CONICAL_SURFACE('',#9991,1.,0.785398163397);
#9991 = AXIS2_PLACEMENT_3D('',#9992,#9993,#9994);
#9992 = CARTESIAN_POINT('',(-2.062652818506,19.496869408175,
    11.2807427178));
#9993 = DIRECTION('',(1.,-2.664966677281E-13,2.938643048044E-27));
#9994 = DIRECTION('',(-2.664966677281E-13,-1.,6.811565200771E-11));
#9995 = ADVANCED_FACE('',(#9996),#10007,.T.);
#9996 = FACE_BOUND('',#9997,.T.);
#9997 = EDGE_LOOP('',(#9998,#9999,#10000,#10006));
#9998 = ORIENTED_EDGE('',*,*,#9983,.T.);
#9999 = ORIENTED_EDGE('',*,*,#8486,.T.);
#10000 = ORIENTED_EDGE('',*,*,#10001,.F.);
#10001 = EDGE_CURVE('',#3668,#8478,#10002,.T.);
#10002 = LINE('',#10003,#10004);
#10003 = CARTESIAN_POINT('',(-2.162652818506,19.141844154802,
    10.36297576509));
#10004 = VECTOR('',#10005,1.);
#10005 = DIRECTION('',(0.70710678112,-0.499999999814,-0.50000000028));
#10006 = ORIENTED_EDGE('',*,*,#3667,.T.);
#10007 = PLANE('',#10008);
#10008 = AXIS2_PLACEMENT_3D('',#10009,#10010,#10011);
#10009 = CARTESIAN_POINT('',(-2.062652818507,16.908656833989,
    12.454741729666));
#10010 = DIRECTION('',(0.707106781187,0.5,0.5));
#10011 = DIRECTION('',(-5.551115123126E-17,-0.707106781187,
    0.707106781186));
#10012 = ADVANCED_FACE('',(#10013),#10024,.T.);
#10013 = FACE_BOUND('',#10014,.T.);
#10014 = EDGE_LOOP('',(#10015,#10016,#10017,#10023));
#10015 = ORIENTED_EDGE('',*,*,#10001,.T.);
#10016 = ORIENTED_EDGE('',*,*,#8477,.T.);
#10017 = ORIENTED_EDGE('',*,*,#10018,.F.);
#10018 = EDGE_CURVE('',#3699,#8470,#10019,.T.);
#10019 = LINE('',#10020,#10021);
#10020 = CARTESIAN_POINT('',(-2.162652818506,19.346869408176,
    9.868001017964));
#10021 = VECTOR('',#10022,1.);
#10022 = DIRECTION('',(0.707106781186,-0.707106781187,0.));
#10023 = ORIENTED_EDGE('',*,*,#3698,.T.);
#10024 = CONICAL_SURFACE('',#10025,0.6,0.785398163397);
#10025 = AXIS2_PLACEMENT_3D('',#10026,#10027,#10028);
#10026 = CARTESIAN_POINT('',(-2.062652818506,18.646869408176,
    9.868001018003));
#10027 = DIRECTION('',(-1.,2.664862091056E-13,-1.775404342978E-27));
#10028 = DIRECTION('',(2.664862091056E-13,1.,-5.432286565021E-11));
#10029 = ADVANCED_FACE('',(#10030),#10041,.T.);
#10030 = FACE_BOUND('',#10031,.T.);
#10031 = EDGE_LOOP('',(#10032,#10033,#10034,#10040));
#10032 = ORIENTED_EDGE('',*,*,#10018,.T.);
#10033 = ORIENTED_EDGE('',*,*,#8469,.T.);
#10034 = ORIENTED_EDGE('',*,*,#10035,.F.);
#10035 = EDGE_CURVE('',#3732,#8461,#10036,.T.);
#10036 = LINE('',#10037,#10038);
#10037 = CARTESIAN_POINT('',(-2.162652818506,19.346869408176,
    9.599371867878));
#10038 = VECTOR('',#10039,1.);
#10039 = DIRECTION('',(0.707106781186,-0.707106781187,2.351998503108E-11
    ));
#10040 = ORIENTED_EDGE('',*,*,#3731,.T.);
#10041 = PLANE('',#10042);
#10042 = AXIS2_PLACEMENT_3D('',#10043,#10044,#10045);
#10043 = CARTESIAN_POINT('',(-2.062652818506,19.246869408175,
    10.008686442921));
#10044 = DIRECTION('',(0.707106781187,0.707106781186,0.));
#10045 = DIRECTION('',(0.,0.,-1.));
#10046 = ADVANCED_FACE('',(#10047),#10058,.T.);
#10047 = FACE_BOUND('',#10048,.T.);
#10048 = EDGE_LOOP('',(#10049,#10050,#10051,#10057));
#10049 = ORIENTED_EDGE('',*,*,#10035,.T.);
#10050 = ORIENTED_EDGE('',*,*,#8460,.T.);
#10051 = ORIENTED_EDGE('',*,*,#10052,.F.);
#10052 = EDGE_CURVE('',#3763,#8453,#10053,.T.);
#10053 = LINE('',#10054,#10055);
#10054 = CARTESIAN_POINT('',(-2.162652818506,18.646869408113,
    8.899371867901));
#10055 = VECTOR('',#10056,1.);
#10056 = DIRECTION('',(0.707106781187,-1.884110950421E-13,0.707106781187
    ));
#10057 = ORIENTED_EDGE('',*,*,#3762,.T.);
#10058 = CONICAL_SURFACE('',#10059,0.6,0.785398163397);
#10059 = AXIS2_PLACEMENT_3D('',#10060,#10061,#10062);
#10060 = CARTESIAN_POINT('',(-2.062652818506,18.646869408176,
    9.599371867901));
#10061 = DIRECTION('',(-1.,2.6645352591E-13,2.918194536976E-27));
#10062 = DIRECTION('',(-2.379508635552E-23,-8.929199972011E-11,-1.));
#10063 = ADVANCED_FACE('',(#10064),#10075,.T.);
#10064 = FACE_BOUND('',#10065,.T.);
#10065 = EDGE_LOOP('',(#10066,#10067,#10068,#10074));
#10066 = ORIENTED_EDGE('',*,*,#10052,.T.);
#10067 = ORIENTED_EDGE('',*,*,#8452,.T.);
#10068 = ORIENTED_EDGE('',*,*,#10069,.F.);
#10069 = EDGE_CURVE('',#3796,#8444,#10070,.T.);
#10070 = LINE('',#10071,#10072);
#10071 = CARTESIAN_POINT('',(-2.162652818507,16.246869408206,
    8.899371867901));
#10072 = VECTOR('',#10073,1.);
#10073 = DIRECTION('',(0.707106781187,-3.111923253111E-11,0.707106781187
    ));
#10074 = ORIENTED_EDGE('',*,*,#3795,.T.);
#10075 = PLANE('',#10076);
#10076 = AXIS2_PLACEMENT_3D('',#10077,#10078,#10079);
#10077 = CARTESIAN_POINT('',(-2.062652818508,14.743972397306,
    8.999371867901));
#10078 = DIRECTION('',(0.707106781187,-1.884665602641E-13,
    -0.707106781187));
#10079 = DIRECTION('',(2.524354896707E-29,-1.,2.665319655793E-13));
#10080 = ADVANCED_FACE('',(#10081),#10092,.T.);
#10081 = FACE_BOUND('',#10082,.T.);
#10082 = EDGE_LOOP('',(#10083,#10084,#10085,#10091));
#10083 = ORIENTED_EDGE('',*,*,#10069,.T.);
#10084 = ORIENTED_EDGE('',*,*,#8443,.T.);
#10085 = ORIENTED_EDGE('',*,*,#10086,.F.);
#10086 = EDGE_CURVE('',#3827,#8436,#10087,.T.);
#10087 = LINE('',#10088,#10089);
#10088 = CARTESIAN_POINT('',(-2.162652818507,15.546869408176,
    9.599371867878));
#10089 = VECTOR('',#10090,1.);
#10090 = DIRECTION('',(0.707106781187,0.707106781186,0.));
#10091 = ORIENTED_EDGE('',*,*,#3826,.T.);
#10092 = CONICAL_SURFACE('',#10093,0.6,0.785398163397);
#10093 = AXIS2_PLACEMENT_3D('',#10094,#10095,#10096);
#10094 = CARTESIAN_POINT('',(-2.062652818507,16.246869408176,
    9.599371867901));
#10095 = DIRECTION('',(-1.,2.664862091056E-13,1.087221334069E-27));
#10096 = DIRECTION('',(-2.664862091056E-13,-1.,-3.326621385765E-11));
#10097 = ADVANCED_FACE('',(#10098),#10109,.T.);
#10098 = FACE_BOUND('',#10099,.T.);
#10099 = EDGE_LOOP('',(#10100,#10101,#10102,#10108));
#10100 = ORIENTED_EDGE('',*,*,#10086,.T.);
#10101 = ORIENTED_EDGE('',*,*,#8435,.T.);
#10102 = ORIENTED_EDGE('',*,*,#10103,.F.);
#10103 = EDGE_CURVE('',#3860,#8427,#10104,.T.);
#10104 = LINE('',#10105,#10106);
#10105 = CARTESIAN_POINT('',(-2.162652818507,15.546869408176,
    9.868001017964));
#10106 = VECTOR('',#10107,1.);
#10107 = DIRECTION('',(0.707106781187,0.707106781186,3.840446153941E-11)
  );
#10108 = ORIENTED_EDGE('',*,*,#3859,.T.);
#10109 = PLANE('',#10110);
#10110 = AXIS2_PLACEMENT_3D('',#10111,#10112,#10113);
#10111 = CARTESIAN_POINT('',(-2.062652818507,15.646869408176,
    9.874371867878));
#10112 = DIRECTION('',(0.707106781186,-0.707106781187,0.));
#10113 = DIRECTION('',(0.,0.,-1.));
#10114 = ADVANCED_FACE('',(#10115),#10126,.T.);
#10115 = FACE_BOUND('',#10116,.T.);
#10116 = EDGE_LOOP('',(#10117,#10118,#10119,#10125));
#10117 = ORIENTED_EDGE('',*,*,#10103,.T.);
#10118 = ORIENTED_EDGE('',*,*,#8426,.T.);
#10119 = ORIENTED_EDGE('',*,*,#10120,.F.);
#10120 = EDGE_CURVE('',#3891,#8419,#10121,.T.);
#10121 = LINE('',#10122,#10123);
#10122 = CARTESIAN_POINT('',(-2.162652818507,15.751894661372,
    10.362975764799));
#10123 = VECTOR('',#10124,1.);
#10124 = DIRECTION('',(0.707106781187,0.499999999871,-0.500000000129));
#10125 = ORIENTED_EDGE('',*,*,#3890,.T.);
#10126 = CONICAL_SURFACE('',#10127,0.6,0.785398163397);
#10127 = AXIS2_PLACEMENT_3D('',#10128,#10129,#10130);
#10128 = CARTESIAN_POINT('',(-2.062652818507,16.246869408176,
    9.868001018003));
#10129 = DIRECTION('',(-1.,2.664698675078E-13,-1.634159777108E-17));
#10130 = DIRECTION('',(-1.884342055527E-13,-0.707106781192,
    0.707106781181));
#10131 = ADVANCED_FACE('',(#10132),#10143,.T.);
#10132 = FACE_BOUND('',#10133,.T.);
#10133 = EDGE_LOOP('',(#10134,#10135,#10136,#10142));
#10134 = ORIENTED_EDGE('',*,*,#10120,.T.);
#10135 = ORIENTED_EDGE('',*,*,#8418,.T.);
#10136 = ORIENTED_EDGE('',*,*,#10137,.F.);
#10137 = EDGE_CURVE('',#3924,#8410,#10138,.T.);
#10138 = LINE('',#10139,#10140);
#10139 = CARTESIAN_POINT('',(-2.162652818507,16.033265511361,
    10.644346614642));
#10140 = VECTOR('',#10141,1.);
#10141 = DIRECTION('',(0.707106781445,0.499999999828,-0.499999999807));
#10142 = ORIENTED_EDGE('',*,*,#3923,.T.);
#10143 = PLANE('',#10144);
#10144 = AXIS2_PLACEMENT_3D('',#10145,#10146,#10147);
#10145 = CARTESIAN_POINT('',(-2.062652818508,14.541499545888,
    9.011159293741));
#10146 = DIRECTION('',(0.707106781186,-0.499999999871,0.500000000129));
#10147 = DIRECTION('',(0.,-0.707106781369,-0.707106781004));
#10148 = ADVANCED_FACE('',(#10149),#10160,.F.);
#10149 = FACE_BOUND('',#10150,.F.);
#10150 = EDGE_LOOP('',(#10151,#10152,#10158,#10159));
#10151 = ORIENTED_EDGE('',*,*,#3963,.F.);
#10152 = ORIENTED_EDGE('',*,*,#10153,.T.);
#10153 = EDGE_CURVE('',#3532,#8402,#10154,.T.);
#10154 = LINE('',#10155,#10156);
#10155 = CARTESIAN_POINT('',(-2.162652818507,16.296869408176,
    11.280742717861));
#10156 = VECTOR('',#10157,1.);
#10157 = DIRECTION('',(0.707106781187,0.707106781186,0.));
#10158 = ORIENTED_EDGE('',*,*,#8409,.F.);
#10159 = ORIENTED_EDGE('',*,*,#10137,.F.);
#10160 = CONICAL_SURFACE('',#10161,1.,0.785398163397);
#10161 = AXIS2_PLACEMENT_3D('',#10162,#10163,#10164);
#10162 = CARTESIAN_POINT('',(-2.062652818507,15.396869408176,
    11.2807427178));
#10163 = DIRECTION('',(1.,-2.664750968191E-13,2.15709090579E-17));
#10164 = DIRECTION('',(1.884416009183E-13,0.707106781202,-0.707106781171
    ));
#10165 = ADVANCED_FACE('',(#10166),#10172,.T.);
#10166 = FACE_BOUND('',#10167,.T.);
#10167 = EDGE_LOOP('',(#10168,#10169,#10170,#10171));
#10168 = ORIENTED_EDGE('',*,*,#10153,.T.);
#10169 = ORIENTED_EDGE('',*,*,#8401,.T.);
#10170 = ORIENTED_EDGE('',*,*,#301,.F.);
#10171 = ORIENTED_EDGE('',*,*,#3531,.T.);
#10172 = PLANE('',#10173);
#10173 = AXIS2_PLACEMENT_3D('',#10174,#10175,#10176);
#10174 = CARTESIAN_POINT('',(-2.062652818507,16.396869408176,
    10.715057292869));
#10175 = DIRECTION('',(0.707106781186,-0.707106781187,
    -1.251166072812E-16));
#10176 = DIRECTION('',(1.232595164408E-32,1.769416028952E-16,-1.));
#10177 = ADVANCED_FACE('',(#10178),#10189,.T.);
#10178 = FACE_BOUND('',#10179,.T.);
#10179 = EDGE_LOOP('',(#10180,#10181,#10182,#10188));
#10180 = ORIENTED_EDGE('',*,*,#284,.F.);
#10181 = ORIENTED_EDGE('',*,*,#8393,.T.);
#10182 = ORIENTED_EDGE('',*,*,#10183,.F.);
#10183 = EDGE_CURVE('',#3980,#8386,#10184,.T.);
#10184 = LINE('',#10185,#10186);
#10185 = CARTESIAN_POINT('',(-2.162652818507,17.796869408176,
    12.849371867901));
#10186 = VECTOR('',#10187,1.);
#10187 = DIRECTION('',(0.707106781187,-1.884110950421E-13,
    -0.707106781187));
#10188 = ORIENTED_EDGE('',*,*,#3979,.T.);
#10189 = CONICAL_SURFACE('',#10190,1.4,0.785398163397);
#10190 = AXIS2_PLACEMENT_3D('',#10191,#10192,#10193);
#10191 = CARTESIAN_POINT('',(-2.062652818507,17.796869408176,
    11.349371867901));
#10192 = DIRECTION('',(-1.,2.66471735119E-13,-1.820920894449E-17));
#10193 = DIRECTION('',(-1.884368467523E-13,-0.707106781187,
    0.707106781187));
#10194 = ADVANCED_FACE('',(#10195),#10206,.T.);
#10195 = FACE_BOUND('',#10196,.T.);
#10196 = EDGE_LOOP('',(#10197,#10198,#10199,#10205));
#10197 = ORIENTED_EDGE('',*,*,#10183,.T.);
#10198 = ORIENTED_EDGE('',*,*,#8385,.T.);
#10199 = ORIENTED_EDGE('',*,*,#10200,.F.);
#10200 = EDGE_CURVE('',#3431,#8377,#10201,.T.);
#10201 = LINE('',#10202,#10203);
#10202 = CARTESIAN_POINT('',(-2.162652818504,26.796869408176,
    12.849371867901));
#10203 = VECTOR('',#10204,1.);
#10204 = DIRECTION('',(0.707106781187,-1.884110950421E-13,
    -0.707106781187));
#10205 = ORIENTED_EDGE('',*,*,#7840,.T.);
#10206 = PLANE('',#10207);
#10207 = AXIS2_PLACEMENT_3D('',#10208,#10209,#10210);
#10208 = CARTESIAN_POINT('',(-2.062652818508,13.568972397337,
    12.749371867901));
#10209 = DIRECTION('',(0.707106781187,-1.884665602641E-13,0.707106781187
    ));
#10210 = DIRECTION('',(-2.665319655793E-13,-1.,5.048709793414E-29));
#10211 = ADVANCED_FACE('',(#10212),#10218,.F.);
#10212 = FACE_BOUND('',#10213,.F.);
#10213 = EDGE_LOOP('',(#10214,#10215,#10216,#10217));
#10214 = ORIENTED_EDGE('',*,*,#8376,.F.);
#10215 = ORIENTED_EDGE('',*,*,#10200,.F.);
#10216 = ORIENTED_EDGE('',*,*,#3453,.F.);
#10217 = ORIENTED_EDGE('',*,*,#250,.T.);
#10218 = CONICAL_SURFACE('',#10219,0.6,0.785398163397);
#10219 = AXIS2_PLACEMENT_3D('',#10220,#10221,#10222);
#10220 = CARTESIAN_POINT('',(-2.062652818504,26.796869408176,
    13.349371867901));
#10221 = DIRECTION('',(1.,-2.664764041469E-13,-2.287823687915E-17));
#10222 = DIRECTION('',(1.884434497549E-13,0.707106781187,0.707106781187)
  );
#10223 = ADVANCED_FACE('',(#10224),#10235,.T.);
#10224 = FACE_BOUND('',#10225,.T.);
#10225 = EDGE_LOOP('',(#10226,#10227,#10228,#10234));
#10226 = ORIENTED_EDGE('',*,*,#231,.T.);
#10227 = ORIENTED_EDGE('',*,*,#8369,.T.);
#10228 = ORIENTED_EDGE('',*,*,#10229,.F.);
#10229 = EDGE_CURVE('',#4194,#8361,#10230,.T.);
#10230 = LINE('',#10231,#10232);
#10231 = CARTESIAN_POINT('',(-2.162652818507,15.245452221348,
    13.849371867901));
#10232 = VECTOR('',#10233,1.);
#10233 = DIRECTION('',(0.707106781187,-1.884110950421E-13,0.707106781187
    ));
#10234 = ORIENTED_EDGE('',*,*,#4193,.T.);
#10235 = PLANE('',#10236);
#10236 = AXIS2_PLACEMENT_3D('',#10237,#10238,#10239);
#10237 = CARTESIAN_POINT('',(-2.062652818506,19.068972397337,
    13.949371867901));
#10238 = DIRECTION('',(0.707106781187,-1.878886166203E-13,
    -0.707106781187));
#10239 = DIRECTION('',(2.524354896707E-29,-1.,2.6571462984E-13));
#10240 = ADVANCED_FACE('',(#10241),#10247,.F.);
#10241 = FACE_BOUND('',#10242,.F.);
#10242 = EDGE_LOOP('',(#10243,#10244,#10245,#10246));
#10243 = ORIENTED_EDGE('',*,*,#4233,.F.);
#10244 = ORIENTED_EDGE('',*,*,#217,.T.);
#10245 = ORIENTED_EDGE('',*,*,#8360,.F.);
#10246 = ORIENTED_EDGE('',*,*,#10229,.F.);
#10247 = CONICAL_SURFACE('',#10248,2.1,0.785398163397);
#10248 = AXIS2_PLACEMENT_3D('',#10249,#10250,#10251);
#10249 = CARTESIAN_POINT('',(-2.062652818507,15.245452221348,
    11.849371867901));
#10250 = DIRECTION('',(1.,-2.6645352591E-13,0.));
#10251 = DIRECTION('',(0.,0.,1.));
#10252 = ADVANCED_FACE('',(#10253),#10265,.T.);
#10253 = FACE_BOUND('',#10254,.T.);
#10254 = EDGE_LOOP('',(#10255,#10256,#10257,#10263,#10264));
#10255 = ORIENTED_EDGE('',*,*,#200,.F.);
#10256 = ORIENTED_EDGE('',*,*,#8352,.T.);
#10257 = ORIENTED_EDGE('',*,*,#10258,.F.);
#10258 = EDGE_CURVE('',#3233,#8344,#10259,.T.);
#10259 = LINE('',#10260,#10261);
#10260 = CARTESIAN_POINT('',(-2.16265281851,5.192327240395,
    11.942814490852));
#10261 = VECTOR('',#10262,1.);
#10262 = DIRECTION('',(0.707106781187,0.693289523075,0.139102973348));
#10263 = ORIENTED_EDGE('',*,*,#5883,.T.);
#10264 = ORIENTED_EDGE('',*,*,#2474,.T.);
#10265 = CONICAL_SURFACE('',#10266,4.,0.785398163397);
#10266 = AXIS2_PLACEMENT_3D('',#10267,#10268,#10269);
#10267 = CARTESIAN_POINT('',(-2.062652818509,9.212210969749,
    12.749371867901));
#10268 = DIRECTION('',(-1.,2.664903093787E-13,-7.317920001024E-18));
#10269 = DIRECTION('',(2.613695239465E-13,0.980778988433,-0.19512195122)
  );
#10270 = ADVANCED_FACE('',(#10271),#10277,.F.);
#10271 = FACE_BOUND('',#10272,.F.);
#10272 = EDGE_LOOP('',(#10273,#10274,#10275,#10276));
#10273 = ORIENTED_EDGE('',*,*,#8343,.F.);
#10274 = ORIENTED_EDGE('',*,*,#10258,.F.);
#10275 = ORIENTED_EDGE('',*,*,#3255,.F.);
#10276 = ORIENTED_EDGE('',*,*,#166,.T.);
#10277 = CONICAL_SURFACE('',#10278,2.1,0.785398163397);
#10278 = AXIS2_PLACEMENT_3D('',#10279,#10280,#10281);
#10279 = CARTESIAN_POINT('',(-2.062652818511,3.231408348027,
    11.549371867901));
#10280 = DIRECTION('',(1.,-2.666194034454E-13,-2.024654690933E-16));
#10281 = DIRECTION('',(1.691267208865E-13,0.633750222298,0.773537753272)
  );
#10282 = ADVANCED_FACE('',(#10283),#10294,.T.);
#10283 = FACE_BOUND('',#10284,.T.);
#10284 = EDGE_LOOP('',(#10285,#10286,#10287,#10293));
#10285 = ORIENTED_EDGE('',*,*,#147,.T.);
#10286 = ORIENTED_EDGE('',*,*,#8336,.T.);
#10287 = ORIENTED_EDGE('',*,*,#10288,.F.);
#10288 = EDGE_CURVE('',#3353,#8328,#10289,.T.);
#10289 = LINE('',#10290,#10291);
#10290 = CARTESIAN_POINT('',(-2.162652818513,-4.314718635179,
    13.549371867901));
#10291 = VECTOR('',#10292,1.);
#10292 = DIRECTION('',(0.707106781187,-1.884110950421E-13,0.707106781187
    ));
#10293 = ORIENTED_EDGE('',*,*,#4248,.T.);
#10294 = PLANE('',#10295);
#10295 = AXIS2_PLACEMENT_3D('',#10296,#10297,#10298);
#10296 = CARTESIAN_POINT('',(-2.062652818509,8.016046251835,
    13.649371867901));
#10297 = DIRECTION('',(0.707106781187,-1.879958025415E-13,
    -0.707106781187));
#10298 = DIRECTION('',(0.,-1.,2.658662136234E-13));
#10299 = ADVANCED_FACE('',(#10300),#10306,.F.);
#10300 = FACE_BOUND('',#10301,.F.);
#10301 = EDGE_LOOP('',(#10302,#10303,#10304,#10305));
#10302 = ORIENTED_EDGE('',*,*,#8327,.F.);
#10303 = ORIENTED_EDGE('',*,*,#10288,.F.);
#10304 = ORIENTED_EDGE('',*,*,#3375,.F.);
#10305 = ORIENTED_EDGE('',*,*,#124,.T.);
#10306 = CONICAL_SURFACE('',#10307,0.6,0.785398163397);
#10307 = AXIS2_PLACEMENT_3D('',#10308,#10309,#10310);
#10308 = CARTESIAN_POINT('',(-2.062652818513,-4.314718635179,
    13.049371867901));
#10309 = DIRECTION('',(1.,-2.664764041469E-13,2.287823687493E-17));
#10310 = DIRECTION('',(-1.884434497549E-13,-0.707106781187,
    0.707106781187));
#10311 = ADVANCED_FACE('',(#10312),#10318,.T.);
#10312 = FACE_BOUND('',#10313,.T.);
#10313 = EDGE_LOOP('',(#10314,#10315,#10316,#10317));
#10314 = ORIENTED_EDGE('',*,*,#105,.T.);
#10315 = ORIENTED_EDGE('',*,*,#8320,.T.);
#10316 = ORIENTED_EDGE('',*,*,#91,.F.);
#10317 = ORIENTED_EDGE('',*,*,#4129,.T.);
#10318 = PLANE('',#10319);
#10319 = AXIS2_PLACEMENT_3D('',#10320,#10321,#10322);
#10320 = CARTESIAN_POINT('',(-2.062652818511,3.01317837566,
    12.449371867901));
#10321 = DIRECTION('',(0.707106781187,-1.887427603499E-13,0.707106781187
    ));
#10322 = DIRECTION('',(-2.669225714865E-13,-1.,2.524354896707E-29));
#10323 = ADVANCED_FACE('',(#10324),#10335,.T.);
#10324 = FACE_BOUND('',#10325,.T.);
#10325 = EDGE_LOOP('',(#10326,#10327,#10328,#10334));
#10326 = ORIENTED_EDGE('',*,*,#74,.F.);
#10327 = ORIENTED_EDGE('',*,*,#8312,.T.);
#10328 = ORIENTED_EDGE('',*,*,#10329,.F.);
#10329 = EDGE_CURVE('',#3563,#8305,#10330,.T.);
#10330 = LINE('',#10331,#10332);
#10331 = CARTESIAN_POINT('',(-2.162652818511,2.212210969749,
    9.549371867901));
#10332 = VECTOR('',#10333,1.);
#10333 = DIRECTION('',(0.707106781187,-1.884110950421E-13,0.707106781187
    ));
#10334 = ORIENTED_EDGE('',*,*,#4017,.T.);
#10335 = CONICAL_SURFACE('',#10336,1.4,0.785398163397);
#10336 = AXIS2_PLACEMENT_3D('',#10337,#10338,#10339);
#10337 = CARTESIAN_POINT('',(-2.062652818511,2.212210969749,
    11.049371867901));
#10338 = DIRECTION('',(-1.,2.66471735119E-13,1.820920894199E-17));
#10339 = DIRECTION('',(1.884368467523E-13,0.707106781187,0.707106781187)
  );
#10340 = ADVANCED_FACE('',(#10341),#10352,.T.);
#10341 = FACE_BOUND('',#10342,.T.);
#10342 = EDGE_LOOP('',(#10343,#10344,#10345,#10351));
#10343 = ORIENTED_EDGE('',*,*,#10329,.T.);
#10344 = ORIENTED_EDGE('',*,*,#8304,.T.);
#10345 = ORIENTED_EDGE('',*,*,#10346,.F.);
#10346 = EDGE_CURVE('',#1809,#8296,#10347,.T.);
#10347 = LINE('',#10348,#10349);
#10348 = CARTESIAN_POINT('',(-2.162652818512,-1.814718635122,
    9.549371867901));
#10349 = VECTOR('',#10350,1.);
#10350 = DIRECTION('',(0.707106781187,-1.884110950421E-13,0.707106781187
    ));
#10351 = ORIENTED_EDGE('',*,*,#3562,.T.);
#10352 = PLANE('',#10353);
#10353 = AXIS2_PLACEMENT_3D('',#10354,#10355,#10356);
#10354 = CARTESIAN_POINT('',(-2.062652818509,7.276643178124,
    9.649371867901));
#10355 = DIRECTION('',(0.707106781187,-1.884665602641E-13,
    -0.707106781187));
#10356 = DIRECTION('',(0.,-1.,2.665319655793E-13));
#10357 = ADVANCED_FACE('',(#10358),#10364,.F.);
#10358 = FACE_BOUND('',#10359,.F.);
#10359 = EDGE_LOOP('',(#10360,#10361,#10362,#10363));
#10360 = ORIENTED_EDGE('',*,*,#8295,.F.);
#10361 = ORIENTED_EDGE('',*,*,#10346,.F.);
#10362 = ORIENTED_EDGE('',*,*,#1831,.F.);
#10363 = ORIENTED_EDGE('',*,*,#40,.T.);
#10364 = CONICAL_SURFACE('',#10365,1.1,0.785398163397);
#10365 = AXIS2_PLACEMENT_3D('',#10366,#10367,#10368);
#10366 = CARTESIAN_POINT('',(-2.062652818512,-1.814718635122,
    8.549371867901));
#10367 = DIRECTION('',(1.,-2.664749185471E-13,2.139263707896E-17));
#10368 = DIRECTION('',(-1.884413487961E-13,-0.707106781174,0.7071067812)
  );
#10369 = ADVANCED_FACE('',(#10370),#10381,.T.);
#10370 = FACE_BOUND('',#10371,.T.);
#10371 = EDGE_LOOP('',(#10372,#10373,#10374,#10380));
#10372 = ORIENTED_EDGE('',*,*,#21,.T.);
#10373 = ORIENTED_EDGE('',*,*,#8288,.T.);
#10374 = ORIENTED_EDGE('',*,*,#10375,.F.);
#10375 = EDGE_CURVE('',#7428,#8280,#10376,.T.);
#10376 = LINE('',#10377,#10378);
#10377 = CARTESIAN_POINT('',(-2.162652818512,-2.814718635132,
    8.280742717832));
#10378 = VECTOR('',#10379,1.);
#10379 = DIRECTION('',(0.707106781269,-0.707106781104,2.530203997464E-11
    ));
#10380 = ORIENTED_EDGE('',*,*,#7427,.T.);
#10381 = PLANE('',#10382);
#10382 = AXIS2_PLACEMENT_3D('',#10383,#10384,#10385);
#10383 = CARTESIAN_POINT('',(-2.062652818512,-2.914718635075,
    9.849371868144));
#10384 = DIRECTION('',(0.707106781187,0.707106781186,-2.601372780002E-11
    ));
#10385 = DIRECTION('',(0.,-3.678896666268E-11,-1.));
#10386 = ADVANCED_FACE('',(#10387),#10398,.F.);
#10387 = FACE_BOUND('',#10388,.F.);
#10388 = EDGE_LOOP('',(#10389,#10390,#10396,#10397));
#10389 = ORIENTED_EDGE('',*,*,#7476,.F.);
#10390 = ORIENTED_EDGE('',*,*,#10391,.T.);
#10391 = EDGE_CURVE('',#7469,#8272,#10392,.T.);
#10392 = LINE('',#10393,#10394);
#10393 = CARTESIAN_POINT('',(-2.162652818512,-2.551114738452,
    7.64434661505));
#10394 = VECTOR('',#10395,1.);
#10395 = DIRECTION('',(0.707106781186,-0.5,-0.5));
#10396 = ORIENTED_EDGE('',*,*,#8279,.F.);
#10397 = ORIENTED_EDGE('',*,*,#10375,.F.);
#10398 = CONICAL_SURFACE('',#10399,0.999999999953,0.785398163397);
#10399 = AXIS2_PLACEMENT_3D('',#10400,#10401,#10402);
#10400 = CARTESIAN_POINT('',(-2.062652818512,-1.914718635132,
    8.2807427178));
#10401 = DIRECTION('',(1.,-2.664966677281E-13,1.543561935663E-27));
#10402 = DIRECTION('',(-2.664966677281E-13,-1.,3.577867169369E-11));
#10403 = ADVANCED_FACE('',(#10404),#10415,.T.);
#10404 = FACE_BOUND('',#10405,.T.);
#10405 = EDGE_LOOP('',(#10406,#10407,#10408,#10414));
#10406 = ORIENTED_EDGE('',*,*,#10391,.T.);
#10407 = ORIENTED_EDGE('',*,*,#8271,.T.);
#10408 = ORIENTED_EDGE('',*,*,#10409,.F.);
#10409 = EDGE_CURVE('',#7492,#8263,#10410,.T.);
#10410 = LINE('',#10411,#10412);
#10411 = CARTESIAN_POINT('',(-2.162652818512,-2.019743888376,
    7.112975764974));
#10412 = VECTOR('',#10413,1.);
#10413 = DIRECTION('',(0.707106781186,-0.499999999892,-0.500000000109));
#10414 = ORIENTED_EDGE('',*,*,#7491,.T.);
#10415 = PLANE('',#10416);
#10416 = AXIS2_PLACEMENT_3D('',#10417,#10418,#10419);
#10417 = CARTESIAN_POINT('',(-2.062652818511,9.99658014597E-02,
    4.851844718901));
#10418 = DIRECTION('',(0.707106781187,0.5,0.5));
#10419 = DIRECTION('',(0.,-0.707106781187,0.707106781186));
#10420 = ADVANCED_FACE('',(#10421),#10432,.T.);
#10421 = FACE_BOUND('',#10422,.T.);
#10422 = EDGE_LOOP('',(#10423,#10424,#10425,#10431));
#10423 = ORIENTED_EDGE('',*,*,#10409,.T.);
#10424 = ORIENTED_EDGE('',*,*,#8262,.T.);
#10425 = ORIENTED_EDGE('',*,*,#10426,.F.);
#10426 = EDGE_CURVE('',#9492,#8255,#10427,.T.);
#10427 = LINE('',#10428,#10429);
#10428 = CARTESIAN_POINT('',(-2.162652818512,-1.814718635132,
    6.618001017994));
#10429 = VECTOR('',#10430,1.);
#10430 = DIRECTION('',(0.707106781186,-0.707106781187,0.));
#10431 = ORIENTED_EDGE('',*,*,#9515,.T.);
#10432 = CONICAL_SURFACE('',#10433,0.600000000047,0.785398163397);
#10433 = AXIS2_PLACEMENT_3D('',#10434,#10435,#10436);
#10434 = CARTESIAN_POINT('',(-2.062652818512,-2.514718635132,
    6.618001018002));
#10435 = DIRECTION('',(-1.,2.664862091056E-13,-4.168701233802E-28));
#10436 = DIRECTION('',(2.664862091056E-13,1.,-1.275599995902E-11));
#10437 = ADVANCED_FACE('',(#10438),#10449,.T.);
#10438 = FACE_BOUND('',#10439,.T.);
#10439 = EDGE_LOOP('',(#10440,#10441,#10442,#10448));
#10440 = ORIENTED_EDGE('',*,*,#10426,.T.);
#10441 = ORIENTED_EDGE('',*,*,#8254,.T.);
#10442 = ORIENTED_EDGE('',*,*,#10443,.F.);
#10443 = EDGE_CURVE('',#9467,#8246,#10444,.T.);
#10444 = LINE('',#10445,#10446);
#10445 = CARTESIAN_POINT('',(-2.162652818512,-1.814718635132,
    6.149371867866));
#10446 = VECTOR('',#10447,1.);
#10447 = DIRECTION('',(0.707106781269,-0.707106781104,3.527997755074E-11
    ));
#10448 = ORIENTED_EDGE('',*,*,#9491,.T.);
#10449 = PLANE('',#10450);
#10450 = AXIS2_PLACEMENT_3D('',#10451,#10452,#10453);
#10451 = CARTESIAN_POINT('',(-2.062652818512,-1.914718635132,
    8.383686442936));
#10452 = DIRECTION('',(0.707106781187,0.707106781186,0.));
#10453 = DIRECTION('',(0.,0.,-1.));
#10454 = ADVANCED_FACE('',(#10455),#10466,.T.);
#10455 = FACE_BOUND('',#10456,.T.);
#10456 = EDGE_LOOP('',(#10457,#10458,#10459,#10465));
#10457 = ORIENTED_EDGE('',*,*,#10443,.T.);
#10458 = ORIENTED_EDGE('',*,*,#8245,.T.);
#10459 = ORIENTED_EDGE('',*,*,#10460,.F.);
#10460 = EDGE_CURVE('',#9443,#8238,#10461,.T.);
#10461 = LINE('',#10462,#10463);
#10462 = CARTESIAN_POINT('',(-2.162652818512,-2.514718635065,
    5.449371867901));
#10463 = VECTOR('',#10464,1.);
#10464 = DIRECTION('',(0.707106781187,-1.884110950421E-13,0.707106781187
    ));
#10465 = ORIENTED_EDGE('',*,*,#9466,.T.);
#10466 = CONICAL_SURFACE('',#10467,0.600000000047,0.785398163397);
#10467 = AXIS2_PLACEMENT_3D('',#10468,#10469,#10470);
#10468 = CARTESIAN_POINT('',(-2.062652818512,-2.514718635132,
    6.149371867901));
#10469 = DIRECTION('',(-1.,2.6645352591E-13,-3.133834889242E-27));
#10470 = DIRECTION('',(2.555175010317E-23,9.588394892137E-11,-1.));
#10471 = ADVANCED_FACE('',(#10472),#10483,.T.);
#10472 = FACE_BOUND('',#10473,.T.);
#10473 = EDGE_LOOP('',(#10474,#10475,#10476,#10482));
#10474 = ORIENTED_EDGE('',*,*,#10460,.T.);
#10475 = ORIENTED_EDGE('',*,*,#8237,.T.);
#10476 = ORIENTED_EDGE('',*,*,#10477,.F.);
#10477 = EDGE_CURVE('',#9418,#8229,#10478,.T.);
#10478 = LINE('',#10479,#10480);
#10479 = CARTESIAN_POINT('',(-2.162652818513,-5.914718635176,
    5.449371867901));
#10480 = VECTOR('',#10481,1.);
#10481 = DIRECTION('',(0.707106781269,4.372707497945E-11,0.707106781104)
  );
#10482 = ORIENTED_EDGE('',*,*,#9442,.T.);
#10483 = PLANE('',#10484);
#10484 = AXIS2_PLACEMENT_3D('',#10485,#10486,#10487);
#10485 = CARTESIAN_POINT('',(-2.06265281851,4.163178375717,
    5.549371867901));
#10486 = DIRECTION('',(0.707106781187,-1.884665602641E-13,
    -0.707106781187));
#10487 = DIRECTION('',(2.524354896707E-29,-1.,2.665319655793E-13));
#10488 = ADVANCED_FACE('',(#10489),#10500,.T.);
#10489 = FACE_BOUND('',#10490,.T.);
#10490 = EDGE_LOOP('',(#10491,#10492,#10493,#10499));
#10491 = ORIENTED_EDGE('',*,*,#10477,.T.);
#10492 = ORIENTED_EDGE('',*,*,#8228,.T.);
#10493 = ORIENTED_EDGE('',*,*,#10494,.F.);
#10494 = EDGE_CURVE('',#9394,#8221,#10495,.T.);
#10495 = LINE('',#10496,#10497);
#10496 = CARTESIAN_POINT('',(-2.162652818513,-6.614718635132,
    6.149371867866));
#10497 = VECTOR('',#10498,1.);
#10498 = DIRECTION('',(0.707106781187,0.707106781186,0.));
#10499 = ORIENTED_EDGE('',*,*,#9417,.T.);
#10500 = CONICAL_SURFACE('',#10501,0.600000000047,0.785398163397);
#10501 = AXIS2_PLACEMENT_3D('',#10502,#10503,#10504);
#10502 = CARTESIAN_POINT('',(-2.062652818513,-5.914718635132,
    6.149371867901));
#10503 = DIRECTION('',(-1.,2.664862091056E-13,1.630676490986E-27));
#10504 = DIRECTION('',(-2.664862091056E-13,-1.,-4.989353837101E-11));
#10505 = ADVANCED_FACE('',(#10506),#10517,.T.);
#10506 = FACE_BOUND('',#10507,.T.);
#10507 = EDGE_LOOP('',(#10508,#10509,#10510,#10516));
#10508 = ORIENTED_EDGE('',*,*,#10494,.T.);
#10509 = ORIENTED_EDGE('',*,*,#8220,.T.);
#10510 = ORIENTED_EDGE('',*,*,#10511,.F.);
#10511 = EDGE_CURVE('',#9369,#8212,#10512,.T.);
#10512 = LINE('',#10513,#10514);
#10513 = CARTESIAN_POINT('',(-2.162652818513,-6.614718635132,
    6.618001017994));
#10514 = VECTOR('',#10515,1.);
#10515 = DIRECTION('',(0.707106781269,0.707106781104,9.020181176191E-12)
  );
#10516 = ORIENTED_EDGE('',*,*,#9393,.T.);
#10517 = PLANE('',#10518);
#10518 = AXIS2_PLACEMENT_3D('',#10519,#10520,#10521);
#10519 = CARTESIAN_POINT('',(-2.062652818513,-6.514718635132,
    8.149371867872));
#10520 = DIRECTION('',(0.707106781186,-0.707106781187,0.));
#10521 = DIRECTION('',(0.,0.,-1.));
#10522 = ADVANCED_FACE('',(#10523),#10534,.T.);
#10523 = FACE_BOUND('',#10524,.T.);
#10524 = EDGE_LOOP('',(#10525,#10526,#10527,#10533));
#10525 = ORIENTED_EDGE('',*,*,#10511,.T.);
#10526 = ORIENTED_EDGE('',*,*,#8211,.T.);
#10527 = ORIENTED_EDGE('',*,*,#10528,.F.);
#10528 = EDGE_CURVE('',#9345,#8204,#10529,.T.);
#10529 = LINE('',#10530,#10531);
#10530 = CARTESIAN_POINT('',(-2.162652818513,-6.409693382301,
    7.112975764537));
#10531 = VECTOR('',#10532,1.);
#10532 = DIRECTION('',(0.707106781187,0.5,-0.5));
#10533 = ORIENTED_EDGE('',*,*,#9368,.T.);
#10534 = CONICAL_SURFACE('',#10535,0.600000000047,0.785398163397);
#10535 = AXIS2_PLACEMENT_3D('',#10536,#10537,#10538);
#10536 = CARTESIAN_POINT('',(-2.062652818513,-5.914718635132,
    6.618001018002));
#10537 = DIRECTION('',(-1.,2.664698675078E-13,-1.634159776852E-17));
#10538 = DIRECTION('',(-1.88434205672E-13,-0.70710678164,0.707106780733)
  );
#10539 = ADVANCED_FACE('',(#10540),#10551,.T.);
#10540 = FACE_BOUND('',#10541,.T.);
#10541 = EDGE_LOOP('',(#10542,#10543,#10544,#10550));
#10542 = ORIENTED_EDGE('',*,*,#10528,.T.);
#10543 = ORIENTED_EDGE('',*,*,#8203,.T.);
#10544 = ORIENTED_EDGE('',*,*,#10545,.F.);
#10545 = EDGE_CURVE('',#9320,#8195,#10546,.T.);
#10546 = LINE('',#10547,#10548);
#10547 = CARTESIAN_POINT('',(-2.162652818513,-5.878322532225,
    7.644346614613));
#10548 = VECTOR('',#10549,1.);
#10549 = DIRECTION('',(0.707106781216,0.499999999869,-0.500000000089));
#10550 = ORIENTED_EDGE('',*,*,#9344,.T.);
#10551 = PLANE('',#10552);
#10552 = AXIS2_PLACEMENT_3D('',#10553,#10554,#10555);
#10553 = CARTESIAN_POINT('',(-2.062652818512,-1.267191486148,
    12.114056304453));
#10554 = DIRECTION('',(0.707106781186,-0.5,0.5));
#10555 = DIRECTION('',(5.551115123126E-17,-0.707106781186,
    -0.707106781187));
#10556 = ADVANCED_FACE('',(#10557),#10568,.F.);
#10557 = FACE_BOUND('',#10558,.F.);
#10558 = EDGE_LOOP('',(#10559,#10560,#10566,#10567));
#10559 = ORIENTED_EDGE('',*,*,#9329,.F.);
#10560 = ORIENTED_EDGE('',*,*,#10561,.T.);
#10561 = EDGE_CURVE('',#9296,#8185,#10562,.T.);
#10562 = LINE('',#10563,#10564);
#10563 = CARTESIAN_POINT('',(-2.162652818513,-5.614718635132,
    8.280742717832));
#10564 = VECTOR('',#10565,1.);
#10565 = DIRECTION('',(0.707106781187,0.707106781186,1.454690662971E-11)
  );
#10566 = ORIENTED_EDGE('',*,*,#8194,.F.);
#10567 = ORIENTED_EDGE('',*,*,#10545,.F.);
#10568 = CONICAL_SURFACE('',#10569,0.999999999953,0.785398163397);
#10569 = AXIS2_PLACEMENT_3D('',#10570,#10571,#10572);
#10570 = CARTESIAN_POINT('',(-2.062652818513,-6.514718635132,
    8.2807427178));
#10571 = DIRECTION('',(1.,-2.664750968191E-13,2.157090905482E-17));
#10572 = DIRECTION('',(1.884416008729E-13,0.707106781032,-0.707106781342
    ));
#10573 = ADVANCED_FACE('',(#10574),#10580,.T.);
#10574 = FACE_BOUND('',#10575,.T.);
#10575 = EDGE_LOOP('',(#10576,#10577,#10578,#10579));
#10576 = ORIENTED_EDGE('',*,*,#9295,.T.);
#10577 = ORIENTED_EDGE('',*,*,#10561,.T.);
#10578 = ORIENTED_EDGE('',*,*,#8184,.T.);
#10579 = ORIENTED_EDGE('',*,*,#9552,.T.);
#10580 = PLANE('',#10581);
#10581 = AXIS2_PLACEMENT_3D('',#10582,#10583,#10584);
#10582 = CARTESIAN_POINT('',(-2.062652818513,-5.514718635151,
    9.215057292687));
#10583 = DIRECTION('',(0.707106781186,-0.707106781187,
    -1.454701108291E-11));
#10584 = DIRECTION('',(0.,2.057258036544E-11,-1.));
#10585 = ( GEOMETRIC_REPRESENTATION_CONTEXT(3) 
GLOBAL_UNCERTAINTY_ASSIGNED_CONTEXT((#10589)) 
GLOBAL_UNIT_ASSIGNED_CONTEXT((#10586,#10587,#10588)) 
REPRESENTATION_CONTEXT('Context #1',
  '3D Context with UNIT and UNCERTAINTY') );
#10586 = ( LENGTH_UNIT() NAMED_UNIT(*) SI_UNIT(.MILLI.,.METRE.) );
#10587 = ( NAMED_UNIT(*) PLANE_ANGLE_UNIT() SI_UNIT($,.RADIAN.) );
#10588 = ( NAMED_UNIT(*) SI_UNIT($,.STERADIAN.) SOLID_ANGLE_UNIT() );
#10589 = UNCERTAINTY_MEASURE_WITH_UNIT(LENGTH_MEASURE(5.E-05),#10586,
  'distance_accuracy_value','confusion accuracy');
#10590 = PRODUCT_RELATED_PRODUCT_CATEGORY('part',$,(#7));
ENDSEC;
END-ISO-10303-21;
