ISO-10303-21;
HEADER;
FILE_DESCRIPTION(('FreeCAD Model'),'2;1');
FILE_NAME('Open CASCADE Shape Model','2026-10-04T21:29:05',('Author'),(
    ''),'Open CASCADE STEP processor 7.9','FreeCAD','Unknown');
FILE_SCHEMA(('AUTOMOTIVE_DESIGN { 1 0 10303 214 1 1 1 1 }'));
ENDSEC;
DATA;
#1 = APPLICATION_PROTOCOL_DEFINITION('international standard',
  'automotive_design',2000,#2);
#2 = APPLICATION_CONTEXT(
  'core data for automotive mechanical design processes');
#3 = SHAPE_DEFINITION_REPRESENTATION(#4,#10);
#4 = PRODUCT_DEFINITION_SHAPE('','',#5);
#5 = PRODUCT_DEFINITION('design','',#6,#9);
#6 = PRODUCT_DEFINITION_FORMATION('','',#7);
#7 = PRODUCT('scroll-wheel','scroll-wheel','',(#8));
#8 = PRODUCT_CONTEXT('',#2,'mechanical');
#9 = PRODUCT_DEFINITION_CONTEXT('part definition',#2,'design');
#10 = ADVANCED_BREP_SHAPE_REPRESENTATION('',(#11,#15),#5975);
#11 = AXIS2_PLACEMENT_3D('',#12,#13,#14);
#12 = CARTESIAN_POINT('',(0.,0.,0.));
#13 = DIRECTION('',(0.,0.,1.));
#14 = DIRECTION('',(1.,0.,-0.));
#15 = MANIFOLD_SOLID_BREP('',#16);
#16 = CLOSED_SHELL('',(#17,#469,#513,#587,#629,#663,#705,#743,#778,#811,
    #853,#891,#923,#965,#996,#1038,#1063,#1093,#1111,#1135,#1153,#1187,
    #1221,#1238,#1255,#1297,#1328,#1370,#1395,#1425,#1443,#1467,#1485,
    #1519,#1553,#1570,#1587,#1629,#1660,#1702,#1727,#1757,#1775,#1799,
    #1817,#1851,#1885,#1902,#1919,#1961,#1992,#2034,#2059,#2089,#2107,
    #2131,#2149,#2183,#2217,#2234,#2251,#2293,#2324,#2366,#2391,#2421,
    #2439,#2463,#2481,#2515,#2549,#2566,#2583,#2625,#2656,#2698,#2723,
    #2753,#2771,#2795,#2813,#2847,#2881,#2898,#2915,#2957,#2988,#3030,
    #3055,#3085,#3103,#3127,#3145,#3179,#3213,#3230,#3247,#3289,#3320,
    #3362,#3387,#3417,#3435,#3459,#3477,#3511,#3545,#3562,#3579,#3621,
    #3652,#3694,#3719,#3749,#3767,#3791,#3809,#3843,#3877,#3894,#3911,
    #3953,#3984,#4026,#4051,#4081,#4099,#4123,#4141,#4175,#4209,#4226,
    #4243,#4285,#4316,#4358,#4383,#4413,#4431,#4455,#4473,#4507,#4541,
    #4558,#4575,#4617,#4648,#4690,#4715,#4745,#4763,#4787,#4805,#4839,
    #4873,#4890,#4907,#4949,#4980,#5022,#5047,#5077,#5095,#5119,#5137,
    #5171,#5205,#5222,#5239,#5263,#5275,#5293,#5311,#5361,#5731,#5829,
    #5841,#5853,#5951,#5963));
#17 = ADVANCED_FACE('',(#18),#108,.F.);
#18 = FACE_BOUND('',#19,.F.);
#19 = EDGE_LOOP('',(#20,#33,#66,#77));
#20 = ORIENTED_EDGE('',*,*,#21,.T.);
#21 = EDGE_CURVE('',#22,#24,#26,.T.);
#22 = VERTEX_POINT('',#23);
#23 = CARTESIAN_POINT('',(4.098685036711,9.212181052125,26.126295981196)
  );
#24 = VERTEX_POINT('',#25);
#25 = CARTESIAN_POINT('',(2.976009326267,9.212181052125,26.126295981196)
  );
#26 = B_SPLINE_CURVE_WITH_KNOTS('',3,(#27,#28,#29,#30,#31,#32),
  .UNSPECIFIED.,.F.,.F.,(4,1,1,4),(0.,0.285714285714,0.571428571429,1.),
  .UNSPECIFIED.);
#27 = CARTESIAN_POINT('',(4.098685036711,9.212181052125,26.126295981196)
  );
#28 = CARTESIAN_POINT('',(4.014244511146,9.212180866142,26.209453309627)
  );
#29 = CARTESIAN_POINT('',(3.808093564901,9.212180580297,26.337262163003)
  );
#30 = CARTESIAN_POINT('',(3.384854503462,9.212180472399,26.385506036043)
  );
#31 = CARTESIAN_POINT('',(3.102670114614,9.212180773151,26.251031973843)
  );
#32 = CARTESIAN_POINT('',(2.976009326267,9.212181052125,26.126295981196)
  );
#33 = ORIENTED_EDGE('',*,*,#34,.F.);
#34 = EDGE_CURVE('',#35,#24,#37,.T.);
#35 = VERTEX_POINT('',#36);
#36 = CARTESIAN_POINT('',(2.975993718556,9.222992300616,-0.627501978272)
  );
#37 = B_SPLINE_CURVE_WITH_KNOTS('',3,(#38,#39,#40,#41,#42,#43,#44,#45,
    #46,#47,#48,#49,#50,#51,#52,#53,#54,#55,#56,#57,#58,#59,#60,#61,#62,
    #63,#64,#65),.UNSPECIFIED.,.F.,.F.,(4,1,1,1,1,1,1,1,1,1,1,1,1,1,1,1,
    1,1,1,1,1,1,1,1,1,4),(2.576111136159E-04,1.215930164974E-02,
    4.786438713228E-02,0.119274558097,0.143077948419,0.178783033902,
    0.214488119384,0.250193204867,0.285898290349,0.357308461314,
    0.393013546797,0.428718632279,0.500128803244,0.535833888727,
    0.57153897421,0.607244059692,0.642949145175,0.71435931614,
    0.750064401622,0.785769487105,0.821474572587,0.85717965807,
    0.892884743552,0.928589829035,0.964294914517,1.),.UNSPECIFIED.);
#38 = CARTESIAN_POINT('',(2.975993718556,9.222992300616,-0.627501978272)
  );
#39 = CARTESIAN_POINT('',(2.976009326267,9.389024264733,-0.627373761144)
  );
#40 = CARTESIAN_POINT('',(2.976009326267,10.052966029451,-0.614554178925
    ));
#41 = CARTESIAN_POINT('',(2.976009326267,11.710485029053,-0.45866357727)
  );
#42 = CARTESIAN_POINT('',(2.976009326267,13.485765997837,
    1.69388753456E-02));
#43 = CARTESIAN_POINT('',(2.976009326267,15.162080116526,0.74651900437)
  );
#44 = CARTESIAN_POINT('',(2.976009326267,16.329401554037,1.389958779695)
  );
#45 = CARTESIAN_POINT('',(2.976009326267,17.563222053683,2.262488949027)
  );
#46 = CARTESIAN_POINT('',(2.976009326267,18.685814058641,3.266407180535)
  );
#47 = CARTESIAN_POINT('',(2.976009326267,20.014794266333,4.748479577485)
  );
#48 = CARTESIAN_POINT('',(2.976009326267,21.09757990713,6.468021949638)
  );
#49 = CARTESIAN_POINT('',(2.976009326267,21.860620489042,8.31168599018)
  );
#50 = CARTESIAN_POINT('',(2.976009326267,22.418132308138,10.234151946642
    ));
#51 = CARTESIAN_POINT('',(2.976009326267,22.645610790874,12.249143263808
    ));
#52 = CARTESIAN_POINT('',(2.976009326267,22.533668771451,14.236596500412
    ));
#53 = CARTESIAN_POINT('',(2.976009326267,22.284004340674,15.724394398454
    ));
#54 = CARTESIAN_POINT('',(2.976009326267,21.864526922346,17.176231920225
    ));
#55 = CARTESIAN_POINT('',(2.976009326267,21.103904772229,19.017519906421
    ));
#56 = CARTESIAN_POINT('',(2.976009326267,20.02973682091,20.730544258056)
  );
#57 = CARTESIAN_POINT('',(2.976009326267,18.691317202289,22.227560041536
    ));
#58 = CARTESIAN_POINT('',(2.976009326267,17.578358667044,23.222837232776
    ));
#59 = CARTESIAN_POINT('',(2.976009326267,16.347936710117,24.098110988667
    ));
#60 = CARTESIAN_POINT('',(2.976009326267,15.026597283544,24.827438772713
    ));
#61 = CARTESIAN_POINT('',(2.976009326267,13.645099815985,25.400057346945
    ));
#62 = CARTESIAN_POINT('',(2.976009326267,12.201470613316,25.81699009394)
  );
#63 = CARTESIAN_POINT('',(2.976009326267,10.711867083927,26.070562597366
    ));
#64 = CARTESIAN_POINT('',(2.976009326267,9.710658813953,26.126297096046)
  );
#65 = CARTESIAN_POINT('',(2.976009326267,9.212181052125,26.126295981196)
  );
#66 = ORIENTED_EDGE('',*,*,#67,.F.);
#67 = EDGE_CURVE('',#68,#35,#70,.T.);
#68 = VERTEX_POINT('',#69);
#69 = CARTESIAN_POINT('',(4.098700644422,9.222992108968,-0.627501978415)
  );
#70 = B_SPLINE_CURVE_WITH_KNOTS('',3,(#71,#72,#73,#74,#75,#76),
  .UNSPECIFIED.,.F.,.F.,(4,1,1,4),(0.,0.285714285714,0.571428571429,1.),
  .UNSPECIFIED.);
#71 = CARTESIAN_POINT('',(4.098700644422,9.222992108968,-0.627501978415)
  );
#72 = CARTESIAN_POINT('',(4.014244511146,9.223059107591,-0.710643721237)
  );
#73 = CARTESIAN_POINT('',(3.808093564901,9.223162116046,-0.838451948859)
  );
#74 = CARTESIAN_POINT('',(3.384854503462,9.223201026341,-0.88669557359)
  );
#75 = CARTESIAN_POINT('',(3.102670114614,9.223092593976,-0.752222192436)
  );
#76 = CARTESIAN_POINT('',(2.975993718556,9.222992300616,-0.627501978272)
  );
#77 = ORIENTED_EDGE('',*,*,#78,.F.);
#78 = EDGE_CURVE('',#22,#68,#79,.T.);
#79 = B_SPLINE_CURVE_WITH_KNOTS('',3,(#80,#81,#82,#83,#84,#85,#86,#87,
    #88,#89,#90,#91,#92,#93,#94,#95,#96,#97,#98,#99,#100,#101,#102,#103,
    #104,#105,#106,#107),.UNSPECIFIED.,.F.,.F.,(4,1,1,1,1,1,1,1,1,1,1,1,
    1,1,1,1,1,1,1,1,1,1,1,1,1,4),(0.,3.570508548254E-02,
    7.141017096508E-02,0.107115256448,0.14282034193,0.178525427413,
    0.214230512895,0.249935598378,0.28564068386,0.357050854825,
    0.392755940308,0.42846102579,0.464166111273,0.499871196756,
    0.571281367721,0.606986453203,0.642691538686,0.714101709651,
    0.749806795133,0.785511880616,0.821216966098,0.856922051581,
    0.880725441903,0.952135612868,0.98784069835,0.999742393466),
  .UNSPECIFIED.);
#80 = CARTESIAN_POINT('',(4.098685036711,9.212181052125,26.126295981196)
  );
#81 = CARTESIAN_POINT('',(4.098685036711,9.710658813953,26.126297096046)
  );
#82 = CARTESIAN_POINT('',(4.098685036711,10.711867083927,26.070562597366
    ));
#83 = CARTESIAN_POINT('',(4.098685036711,12.201470613316,25.81699009394)
  );
#84 = CARTESIAN_POINT('',(4.098685036711,13.645099815985,25.400057346945
    ));
#85 = CARTESIAN_POINT('',(4.098685036711,15.026597283544,24.827438772713
    ));
#86 = CARTESIAN_POINT('',(4.098685036711,16.347936710117,24.098110988667
    ));
#87 = CARTESIAN_POINT('',(4.098685036711,17.578358667044,23.222837232776
    ));
#88 = CARTESIAN_POINT('',(4.098685036711,18.691317202289,22.227560041536
    ));
#89 = CARTESIAN_POINT('',(4.098685036711,20.02973682091,20.730544258056)
  );
#90 = CARTESIAN_POINT('',(4.098685036711,21.103904772229,19.017519906421
    ));
#91 = CARTESIAN_POINT('',(4.098685036711,21.864526922346,17.176231920225
    ));
#92 = CARTESIAN_POINT('',(4.098685036711,22.284004340674,15.724394398454
    ));
#93 = CARTESIAN_POINT('',(4.098685036711,22.533668771451,14.236596500412
    ));
#94 = CARTESIAN_POINT('',(4.098685036711,22.645610790874,12.249143263808
    ));
#95 = CARTESIAN_POINT('',(4.098685036711,22.418132308139,10.234151946642
    ));
#96 = CARTESIAN_POINT('',(4.098685036711,21.860620489042,8.311685990181)
  );
#97 = CARTESIAN_POINT('',(4.098685036711,21.09757990713,6.468021949638)
  );
#98 = CARTESIAN_POINT('',(4.098685036711,20.014794266333,4.748479577485)
  );
#99 = CARTESIAN_POINT('',(4.098685036711,18.685814058641,3.266407180535)
  );
#100 = CARTESIAN_POINT('',(4.098685036711,17.563222053683,2.262488949027
    ));
#101 = CARTESIAN_POINT('',(4.098685036711,16.329401554037,1.389958779695
    ));
#102 = CARTESIAN_POINT('',(4.098685036711,15.162080116526,0.74651900437)
  );
#103 = CARTESIAN_POINT('',(4.098685036711,13.485765997837,
    1.69388753456E-02));
#104 = CARTESIAN_POINT('',(4.098685036711,11.710485029054,-0.45866357727
    ));
#105 = CARTESIAN_POINT('',(4.098685036711,10.052965965676,
    -0.614554184923));
#106 = CARTESIAN_POINT('',(4.098685036711,9.389024137003,-0.62737376361)
  );
#107 = CARTESIAN_POINT('',(4.098700644422,9.222992108968,-0.627501978415
    ));
#108 = B_SPLINE_SURFACE_WITH_KNOTS('',3,3,(
    (#109,#110,#111,#112,#113,#114,#115,#116,#117,#118,#119,#120,#121
      ,#122,#123,#124,#125,#126,#127,#128,#129,#130,#131,#132,#133,#134
      ,#135,#136,#137,#138,#139,#140,#141,#142,#143,#144,#145,#146,#147
      ,#148,#149,#150,#151,#152,#153,#154,#155,#156,#157,#158,#159,#160
      ,#161,#162,#163,#164,#165,#166,#167,#168)
    ,(#169,#170,#171,#172,#173,#174,#175,#176,#177,#178,#179,#180,#181
      ,#182,#183,#184,#185,#186,#187,#188,#189,#190,#191,#192,#193,#194
      ,#195,#196,#197,#198,#199,#200,#201,#202,#203,#204,#205,#206,#207
      ,#208,#209,#210,#211,#212,#213,#214,#215,#216,#217,#218,#219,#220
      ,#221,#222,#223,#224,#225,#226,#227,#228)
    ,(#229,#230,#231,#232,#233,#234,#235,#236,#237,#238,#239,#240,#241
      ,#242,#243,#244,#245,#246,#247,#248,#249,#250,#251,#252,#253,#254
      ,#255,#256,#257,#258,#259,#260,#261,#262,#263,#264,#265,#266,#267
      ,#268,#269,#270,#271,#272,#273,#274,#275,#276,#277,#278,#279,#280
      ,#281,#282,#283,#284,#285,#286,#287,#288)
    ,(#289,#290,#291,#292,#293,#294,#295,#296,#297,#298,#299,#300,#301
      ,#302,#303,#304,#305,#306,#307,#308,#309,#310,#311,#312,#313,#314
      ,#315,#316,#317,#318,#319,#320,#321,#322,#323,#324,#325,#326,#327
      ,#328,#329,#330,#331,#332,#333,#334,#335,#336,#337,#338,#339,#340
      ,#341,#342,#343,#344,#345,#346,#347,#348)
    ,(#349,#350,#351,#352,#353,#354,#355,#356,#357,#358,#359,#360,#361
      ,#362,#363,#364,#365,#366,#367,#368,#369,#370,#371,#372,#373,#374
      ,#375,#376,#377,#378,#379,#380,#381,#382,#383,#384,#385,#386,#387
      ,#388,#389,#390,#391,#392,#393,#394,#395,#396,#397,#398,#399,#400
      ,#401,#402,#403,#404,#405,#406,#407,#408)
    ,(#409,#410,#411,#412,#413,#414,#415,#416,#417,#418,#419,#420,#421
      ,#422,#423,#424,#425,#426,#427,#428,#429,#430,#431,#432,#433,#434
      ,#435,#436,#437,#438,#439,#440,#441,#442,#443,#444,#445,#446,#447
      ,#448,#449,#450,#451,#452,#453,#454,#455,#456,#457,#458,#459,#460
      ,#461,#462,#463,#464,#465,#466,#467,#468
  )),.UNSPECIFIED.,.F.,.T.,.F.,(4,1,1,4),(1,3,1,1,1,1,1,1,1,1,1,1,1,1,1,
    1,1,1,1,1,1,1,1,1,1,1,1,1,1,1,1,1,1,1,1,1,1,1,1,1,1,1,1,1,1,1,1,1,1,
    1,1,1,1,1,1,1,1,1,3,1),(0.,0.285714285714,0.571428571429,1.),(
    3.94568765812,3.999249029045,4.142079351511,4.284909673977,
    4.427739996443,4.570570318909,4.713400641374,4.85623096384,
    4.999061286306,5.141891608772,5.427552253704,5.57038257617,
    5.713212898636,5.856043221102,5.998873543567,6.284534188499,
    6.427364510965,6.570194833431,6.855855478363,6.998685800829,
    7.141516123295,7.28434644576,7.427176768226,7.522396983204,
    7.808057628135,7.950887950601,8.093718273067,8.188938488044,
    8.379378917999,8.569819347953,8.950700207863,9.04592042284,
    9.141140637817,9.331581067772,9.522021497726,9.617241712703,
    9.712461927681,9.81958466953,9.855292250147,9.998122572612,
    10.283783217544,10.337344588469,10.42661354001,10.569443862476,
    10.640859023709,10.747981765558,10.855104507408,10.997934829874,
    11.140765152339,11.319303055422,11.426425797271,11.462133377888,
    11.569256119737,11.622817490662,11.712086442203,11.854916764669,
    11.890624345286,11.94418571621,11.997747087135,12.140577409601),
  .UNSPECIFIED.);
#109 = CARTESIAN_POINT('',(4.098685036711,9.212181052125,26.126295981196
    ));
#110 = CARTESIAN_POINT('',(4.098685036711,9.710658813953,26.126297096046
    ));
#111 = CARTESIAN_POINT('',(4.098685036711,10.711867083927,
    26.070562597366));
#112 = CARTESIAN_POINT('',(4.098685036711,12.201470613316,25.81699009394
    ));
#113 = CARTESIAN_POINT('',(4.098685036711,13.645099815985,
    25.400057346945));
#114 = CARTESIAN_POINT('',(4.098685036711,15.026597283544,
    24.827438772713));
#115 = CARTESIAN_POINT('',(4.098685036711,16.347936710117,
    24.098110988667));
#116 = CARTESIAN_POINT('',(4.098685036711,17.578358667044,
    23.222837232776));
#117 = CARTESIAN_POINT('',(4.098685036711,18.691317202289,
    22.227560041536));
#118 = CARTESIAN_POINT('',(4.098685036711,20.02973682091,20.730544258056
    ));
#119 = CARTESIAN_POINT('',(4.098685036711,21.103904772229,
    19.017519906421));
#120 = CARTESIAN_POINT('',(4.098685036711,21.864526922346,
    17.176231920225));
#121 = CARTESIAN_POINT('',(4.098685036711,22.284004340674,
    15.724394398454));
#122 = CARTESIAN_POINT('',(4.098685036711,22.533668771451,
    14.236596500412));
#123 = CARTESIAN_POINT('',(4.098685036711,22.645610790874,
    12.249143263808));
#124 = CARTESIAN_POINT('',(4.098685036711,22.418132308139,
    10.234151946642));
#125 = CARTESIAN_POINT('',(4.098685036711,21.860620489042,8.311685990181
    ));
#126 = CARTESIAN_POINT('',(4.098685036711,21.09757990713,6.468021949638)
  );
#127 = CARTESIAN_POINT('',(4.098685036711,20.014794266333,4.748479577485
    ));
#128 = CARTESIAN_POINT('',(4.098685036711,18.685814058641,3.266407180535
    ));
#129 = CARTESIAN_POINT('',(4.098685036711,17.563222053683,2.262488949027
    ));
#130 = CARTESIAN_POINT('',(4.098685036711,16.329401554037,1.389958779695
    ));
#131 = CARTESIAN_POINT('',(4.098685036711,15.162080116526,0.74651900437)
  );
#132 = CARTESIAN_POINT('',(4.098685036711,13.485765997837,
    1.69388753456E-02));
#133 = CARTESIAN_POINT('',(4.098685036711,11.710485029054,-0.45866357727
    ));
#134 = CARTESIAN_POINT('',(4.098685036711,9.721462152242,-0.645732306525
    ));
#135 = CARTESIAN_POINT('',(4.098685036711,8.392644289924,-0.621834799397
    ));
#136 = CARTESIAN_POINT('',(4.098685036711,6.896690307436,-0.456192465122
    ));
#137 = CARTESIAN_POINT('',(4.098685036711,5.257050011317,
    -8.07159692877E-02));
#138 = CARTESIAN_POINT('',(4.098685036711,2.78081393441,0.886779240011)
  );
#139 = CARTESIAN_POINT('',(4.098685036711,0.811310600445,2.22590715936)
  );
#140 = CARTESIAN_POINT('',(4.098685036711,-0.594807980119,3.634689885156
    ));
#141 = CARTESIAN_POINT('',(4.098685036711,-1.467766962718,4.644951612447
    ));
#142 = CARTESIAN_POINT('',(4.098685036711,-2.415620989923,6.035790497773
    ));
#143 = CARTESIAN_POINT('',(4.098685036711,-3.138713077605,7.536789969868
    ));
#144 = CARTESIAN_POINT('',(4.098685036711,-3.579201808794,8.792649703469
    ));
#145 = CARTESIAN_POINT('',(4.098685036711,-3.851336356191,9.805297198298
    ));
#146 = CARTESIAN_POINT('',(4.098685036711,-4.003181735112,
    10.627124227166));
#147 = CARTESIAN_POINT('',(4.098685036711,-4.129384071075,
    11.624416023944));
#148 = CARTESIAN_POINT('',(4.098685036711,-4.221061507362,
    13.238613120924));
#149 = CARTESIAN_POINT('',(4.098685036711,-4.032261561922,
    14.933210244953));
#150 = CARTESIAN_POINT('',(4.098685036711,-3.665875039458,
    16.394709190052));
#151 = CARTESIAN_POINT('',(4.098685036711,-3.368552427487,
    17.350093049033));
#152 = CARTESIAN_POINT('',(4.098685036711,-2.964292867452,
    18.327167237697));
#153 = CARTESIAN_POINT('',(4.098685036711,-2.446563387313,
    19.330717591818));
#154 = CARTESIAN_POINT('',(4.098685036711,-1.924725822617,
    20.188434781757));
#155 = CARTESIAN_POINT('',(4.098685036711,-1.182025997229,
    21.203901290836));
#156 = CARTESIAN_POINT('',(4.098685036711,-0.269260932585,
    22.225060055201));
#157 = CARTESIAN_POINT('',(4.098685036711,0.943711119558,23.310484115243
    ));
#158 = CARTESIAN_POINT('',(4.098685036711,2.189581218794,24.168698077527
    ));
#159 = CARTESIAN_POINT('',(4.098685036711,3.183692639429,24.699212129812
    ));
#160 = CARTESIAN_POINT('',(4.098685036711,3.973802420684,25.066170843966
    ));
#161 = CARTESIAN_POINT('',(4.098685036711,4.611039941544,25.319856584579
    ));
#162 = CARTESIAN_POINT('',(4.098685036711,5.44500124229,25.59239863205)
  );
#163 = CARTESIAN_POINT('',(4.098685036711,6.41585525324,25.8501949892));
#164 = CARTESIAN_POINT('',(4.098685036711,7.345667406181,26.007883202544
    ));
#165 = CARTESIAN_POINT('',(4.098685036711,8.15447069925,26.087173551569)
  );
#166 = CARTESIAN_POINT('',(4.098685036711,8.65250638924,26.118503440625)
  );
#167 = CARTESIAN_POINT('',(4.098685036711,9.025251891439,26.126295563127
    ));
#168 = CARTESIAN_POINT('',(4.098685036711,9.212181052125,26.126295981196
    ));
#169 = CARTESIAN_POINT('',(4.014244511146,9.212180866142,26.209453309627
    ));
#170 = CARTESIAN_POINT('',(4.014244511146,9.71376380435,26.209454431423)
  );
#171 = CARTESIAN_POINT('',(4.014244511146,10.721185026588,
    26.153373465294));
#172 = CARTESIAN_POINT('',(4.014244511146,12.22005579045,25.898224633418
    ));
#173 = CARTESIAN_POINT('',(4.014244511146,13.672655595316,
    25.478700031788));
#174 = CARTESIAN_POINT('',(4.014244511146,15.062742867924,24.90252179304
    ));
#175 = CARTESIAN_POINT('',(4.014244511146,16.392295464307,
    24.168660164859));
#176 = CARTESIAN_POINT('',(4.014244511146,17.630366796136,
    23.287945265849));
#177 = CARTESIAN_POINT('',(4.014244511146,18.750243749483,22.28648100556
    ));
#178 = CARTESIAN_POINT('',(4.014244511146,20.09698382575,20.780158939126
    ));
#179 = CARTESIAN_POINT('',(4.014244511146,21.177829120025,
    19.056485813546));
#180 = CARTESIAN_POINT('',(4.014244511146,21.943179777136,
    17.203751348623));
#181 = CARTESIAN_POINT('',(4.014244511146,22.365264822526,
    15.742888558585));
#182 = CARTESIAN_POINT('',(4.014244511146,22.616481305053,
    14.245841810524));
#183 = CARTESIAN_POINT('',(4.014244511146,22.729119196796,
    12.246033545108));
#184 = CARTESIAN_POINT('',(4.014244511146,22.500226612887,
    10.218516196623));
#185 = CARTESIAN_POINT('',(4.014244511146,21.939249031591,8.284099216063
    ));
#186 = CARTESIAN_POINT('',(4.014244511146,21.171464997797,6.428974049136
    ));
#187 = CARTESIAN_POINT('',(4.014244511146,20.081948291084,4.698742251564
    ));
#188 = CARTESIAN_POINT('',(4.014244511146,18.744706509331,3.20745657351)
  );
#189 = CARTESIAN_POINT('',(4.014244511146,17.615135874449,2.197297452193
    ));
#190 = CARTESIAN_POINT('',(4.014244511146,16.37364543094,1.319343282694)
  );
#191 = CARTESIAN_POINT('',(4.014244511146,15.199067314083,0.671903534818
    ));
#192 = CARTESIAN_POINT('',(4.014244511146,13.512332454182,
    -6.22119820168E-02));
#193 = CARTESIAN_POINT('',(4.014244511146,11.726015499871,-0.54077102481
    ));
#194 = CARTESIAN_POINT('',(4.014244511146,9.724627914587,-0.729002647909
    ));
#195 = CARTESIAN_POINT('',(4.014244511146,8.387549434281,-0.70495659665)
  );
#196 = CARTESIAN_POINT('',(4.014244511146,6.882295940916,-0.538284533084
    ));
#197 = CARTESIAN_POINT('',(4.014244511146,5.232462859845,-0.160473926131
    ));
#198 = CARTESIAN_POINT('',(4.014244511146,2.740833246767,0.813035760258)
  );
#199 = CARTESIAN_POINT('',(4.014244511146,0.759086669369,2.160488235974)
  );
#200 = CARTESIAN_POINT('',(4.014244511146,-0.655773076659,3.578028669468
    ));
#201 = CARTESIAN_POINT('',(4.014244511146,-1.534158809449,4.594570705004
    ));
#202 = CARTESIAN_POINT('',(4.014244511146,-2.487905133002,5.994055667754
    ));
#203 = CARTESIAN_POINT('',(4.014244511146,-3.215492293569,7.504386063762
    ));
#204 = CARTESIAN_POINT('',(4.014244511146,-3.658719323918,8.768052822305
    ));
#205 = CARTESIAN_POINT('',(4.014244511146,-3.932545610358,9.786995505597
    ));
#206 = CARTESIAN_POINT('',(4.014244511146,-4.085334895608,
    10.613931316256));
#207 = CARTESIAN_POINT('',(4.014244511146,-4.212321802679,11.61742272254
    ));
#208 = CARTESIAN_POINT('',(4.014244511146,-4.304569083728,
    13.241654624322));
#209 = CARTESIAN_POINT('',(4.014244511146,-4.114595562085,
    14.946785870817));
#210 = CARTESIAN_POINT('',(4.014244511146,-3.745931349243,
    16.417370351384));
#211 = CARTESIAN_POINT('',(4.014244511146,-3.446760468556,
    17.378693276682));
#212 = CARTESIAN_POINT('',(4.014244511146,-3.039987774815,
    18.361841554915));
#213 = CARTESIAN_POINT('',(4.014244511146,-2.519039915756,19.37163031355
    ));
#214 = CARTESIAN_POINT('',(4.014244511146,-1.993958280077,
    20.234679607224));
#215 = CARTESIAN_POINT('',(4.014244511146,-1.246641570762,
    21.256458623684));
#216 = CARTESIAN_POINT('',(4.014244511146,-0.328202248003,
    22.283965468114));
#217 = CARTESIAN_POINT('',(4.014244511146,0.892310159855,23.376137016919
    ));
#218 = CARTESIAN_POINT('',(4.014244511146,2.145925300939,24.239686078411
    ));
#219 = CARTESIAN_POINT('',(4.014244511146,3.146216322675,24.773497962462
    ));
#220 = CARTESIAN_POINT('',(4.014244511146,3.941238107286,25.142737973678
    ));
#221 = CARTESIAN_POINT('',(4.014244511146,4.582436758622,25.398000688629
    ));
#222 = CARTESIAN_POINT('',(4.014244511146,5.421582561914,25.672237007925
    ));
#223 = CARTESIAN_POINT('',(4.014244511146,6.398471603512,25.931635956786
    ));
#224 = CARTESIAN_POINT('',(4.014244511146,7.334064365752,26.090304413299
    ));
#225 = CARTESIAN_POINT('',(4.014244511146,8.147894811465,26.170087678985
    ));
#226 = CARTESIAN_POINT('',(4.014244511146,8.649028487335,26.201612336024
    ));
#227 = CARTESIAN_POINT('',(4.014244511146,9.024087264315,26.209452888954
    ));
#228 = CARTESIAN_POINT('',(4.014244511146,9.212180866142,26.209453309627
    ));
#229 = CARTESIAN_POINT('',(3.808093564901,9.212180580297,26.337262163003
    ));
#230 = CARTESIAN_POINT('',(3.808093564901,9.718525392581,26.337263295448
    ));
#231 = CARTESIAN_POINT('',(3.808093564901,10.735513958326,
    26.280649817498));
#232 = CARTESIAN_POINT('',(3.808093564901,12.248616142654,26.02307824562
    ));
#233 = CARTESIAN_POINT('',(3.808093564901,13.715009456173,
    25.599570090504));
#234 = CARTESIAN_POINT('',(3.808093564901,15.118295927715,
    25.017920808389));
#235 = CARTESIAN_POINT('',(3.808093564901,16.460473278522,
    24.277090870108));
#236 = CARTESIAN_POINT('',(3.808093564901,17.710300527455,
    23.388013234419));
#237 = CARTESIAN_POINT('',(3.808093564901,18.840811195146,
    22.377039664294));
#238 = CARTESIAN_POINT('',(3.808093564901,20.200339079428,
    20.856414483831));
#239 = CARTESIAN_POINT('',(3.808093564901,21.291447458068,
    19.116374366079));
#240 = CARTESIAN_POINT('',(3.808093564901,22.06406540985,17.246047467739
    ));
#241 = CARTESIAN_POINT('',(3.808093564901,22.490158327378,
    15.771313195583));
#242 = CARTESIAN_POINT('',(3.808093564901,22.743760208305,
    14.260051388933));
#243 = CARTESIAN_POINT('',(3.808093564901,22.857467643533,
    12.241254154514));
#244 = CARTESIAN_POINT('',(3.808093564901,22.626401631262,
    10.194484703147));
#245 = CARTESIAN_POINT('',(3.808093564901,22.060097344049,8.241699668253
    ));
#246 = CARTESIAN_POINT('',(3.808093564901,21.285022897762,6.368959350778
    ));
#247 = CARTESIAN_POINT('',(3.808093564901,20.185160788399,4.62229830153)
  );
#248 = CARTESIAN_POINT('',(3.808093564901,18.83522136148,3.116852271697)
  );
#249 = CARTESIAN_POINT('',(3.808093564901,17.694925010433,2.097101293269
    ));
#250 = CARTESIAN_POINT('',(3.808093564901,16.441646109334,1.210810589613
    ));
#251 = CARTESIAN_POINT('',(3.808093564901,15.255914910939,0.557223148511
    ));
#252 = CARTESIAN_POINT('',(3.808093564901,13.55316382595,-0.183863092546
    ));
#253 = CARTESIAN_POINT('',(3.808093564901,11.749885077338,
    -0.666966242203));
#254 = CARTESIAN_POINT('',(3.808093564901,9.729493516346,-0.856985201732
    ));
#255 = CARTESIAN_POINT('',(3.808093564901,8.379718948597,-0.832710821711
    ));
#256 = CARTESIAN_POINT('',(3.808093564901,6.860172464798,-0.664456142648
    ));
#257 = CARTESIAN_POINT('',(3.808093564901,5.194673559215,-0.283058069018
    ));
#258 = CARTESIAN_POINT('',(3.808093564901,2.679384936925,0.699695472093)
  );
#259 = CARTESIAN_POINT('',(3.808093564901,0.678820866682,2.059942561067)
  );
#260 = CARTESIAN_POINT('',(3.808093564901,-0.749473529738,3.490943101743
    ));
#261 = CARTESIAN_POINT('',(3.808093564901,-1.636199883271,4.517137604819
    ));
#262 = CARTESIAN_POINT('',(3.808093564901,-2.599002411461,5.929911241919
    ));
#263 = CARTESIAN_POINT('',(3.808093564901,-3.333498304512,7.454582829176
    ));
#264 = CARTESIAN_POINT('',(3.808093564901,-3.780933951136,8.730248608289
    ));
#265 = CARTESIAN_POINT('',(3.808093564901,-4.057360324787,9.758866547655
    ));
#266 = CARTESIAN_POINT('',(3.808093564901,-4.211600410298,
    10.593654455909));
#267 = CARTESIAN_POINT('',(3.808093564901,-4.339793103819,
    11.606674418354));
#268 = CARTESIAN_POINT('',(3.808093564901,-4.432916318479,
    13.246329026215));
#269 = CARTESIAN_POINT('',(3.808093564901,-4.241138909721,
    14.967651215581));
#270 = CARTESIAN_POINT('',(3.808093564901,-3.868974090491,
    16.452199461883));
#271 = CARTESIAN_POINT('',(3.808093564901,-3.566962458672,
    17.422650539905));
#272 = CARTESIAN_POINT('',(3.808093564901,-3.156327304155,
    18.415134186448));
#273 = CARTESIAN_POINT('',(3.808093564901,-2.630432827048,
    19.434511311995));
#274 = CARTESIAN_POINT('',(3.808093564901,-2.100365342097,
    20.305755586907));
#275 = CARTESIAN_POINT('',(3.808093564901,-1.345952549644,21.33723681904
    ));
#276 = CARTESIAN_POINT('',(3.808093564901,-0.418792288569,
    22.374500242153));
#277 = CARTESIAN_POINT('',(3.808093564901,0.81330937994,23.477042399562)
  );
#278 = CARTESIAN_POINT('',(3.808093564901,2.078828081786,24.348791200189
    ));
#279 = CARTESIAN_POINT('',(3.808093564901,3.088617302549,24.88767185431)
  );
#280 = CARTESIAN_POINT('',(3.808093564901,3.891188096001,25.260417932704
    ));
#281 = CARTESIAN_POINT('',(3.808093564901,4.538475217107,25.518104476789
    ));
#282 = CARTESIAN_POINT('',(3.808093564901,5.385589018177,25.794944776779
    ));
#283 = CARTESIAN_POINT('',(3.808093564901,6.371754046486,26.05680682143)
  );
#284 = CARTESIAN_POINT('',(3.808093564901,7.316230575186,26.21698190128)
  );
#285 = CARTESIAN_POINT('',(3.808093564901,8.137788767104,26.297522739611
    ));
#286 = CARTESIAN_POINT('',(3.808093564901,8.643680645453,26.329346735002
    ));
#287 = CARTESIAN_POINT('',(3.808093564901,9.02230127569,26.337261738336)
  );
#288 = CARTESIAN_POINT('',(3.808093564901,9.212180580297,26.337262163003
    ));
#289 = CARTESIAN_POINT('',(3.384854503462,9.212180472399,26.385506036043
    ));
#290 = CARTESIAN_POINT('',(3.384854503462,9.720300058029,26.385507172458
    ));
#291 = CARTESIAN_POINT('',(3.384854503462,10.74093910677,26.328692671078
    ));
#292 = CARTESIAN_POINT('',(3.384854503462,12.259387871469,
    26.070206593822));
#293 = CARTESIAN_POINT('',(3.384854503462,13.731000862855,
    25.645194778764));
#294 = CARTESIAN_POINT('',(3.384854503462,15.139263387762,
    25.061480329465));
#295 = CARTESIAN_POINT('',(3.384854503462,16.486209398958,
    24.318020054325));
#296 = CARTESIAN_POINT('',(3.384854503462,17.740472418177,
    23.425785833044));
#297 = CARTESIAN_POINT('',(3.384854503462,18.874997911266,
    22.411222624447));
#298 = CARTESIAN_POINT('',(3.384854503462,20.239352072493,
    20.885198888549));
#299 = CARTESIAN_POINT('',(3.384854503462,21.33433514277,19.138980027478
    ));
#300 = CARTESIAN_POINT('',(3.384854503462,22.10969585579,17.262013084901
    ));
#301 = CARTESIAN_POINT('',(3.384854503462,22.537301777457,
    15.782042599822));
#302 = CARTESIAN_POINT('',(3.384854503462,22.791804005594,
    14.265415014608));
#303 = CARTESIAN_POINT('',(3.384854503462,22.905915204798,
    12.239450294072));
#304 = CARTESIAN_POINT('',(3.384854503462,22.674028743441,
    10.185413367891));
#305 = CARTESIAN_POINT('',(3.384854503462,22.105713801954,8.22569517737)
  );
#306 = CARTESIAN_POINT('',(3.384854503462,21.327887551923,6.346305804642
    ));
#307 = CARTESIAN_POINT('',(3.384854503462,20.224120214529,4.593442980111
    ));
#308 = CARTESIAN_POINT('',(3.384854503462,18.869387822385,3.08265190521)
  );
#309 = CARTESIAN_POINT('',(3.384854503462,17.725043071994,2.059280497638
    ));
#310 = CARTESIAN_POINT('',(3.384854503462,16.46731414004,1.169842788885)
  );
#311 = CARTESIAN_POINT('',(3.384854503462,15.277373189617,0.513934942553
    ));
#312 = CARTESIAN_POINT('',(3.384854503462,13.568576387142,
    -0.229782635293));
#313 = CARTESIAN_POINT('',(3.384854503462,11.758895066296,
    -0.714600977122));
#314 = CARTESIAN_POINT('',(3.384854503462,9.731330078296,-0.905294651794
    ));
#315 = CARTESIAN_POINT('',(3.384854503462,8.376763321654,-0.880934034608
    ));
#316 = CARTESIAN_POINT('',(3.384854503462,6.851821496264,-0.712082030025
    ));
#317 = CARTESIAN_POINT('',(3.384854503462,5.18040922954,-0.329329694491)
  );
#318 = CARTESIAN_POINT('',(3.384854503462,2.656190327884,0.65691287978)
  );
#319 = CARTESIAN_POINT('',(3.384854503462,0.648522788803,2.021989893306)
  );
#320 = CARTESIAN_POINT('',(3.384854503462,-0.784842547733,3.458071051857
    ));
#321 = CARTESIAN_POINT('',(3.384854503462,-1.674717150098,4.487908918467
    ));
#322 = CARTESIAN_POINT('',(3.384854503462,-2.640938169283,5.905698756383
    ));
#323 = CARTESIAN_POINT('',(3.384854503462,-3.378041935987,7.435783709891
    ));
#324 = CARTESIAN_POINT('',(3.384854503462,-3.827066163763,8.715978736072
    ));
#325 = CARTESIAN_POINT('',(3.384854503462,-4.104473914649,9.748248466743
    ));
#326 = CARTESIAN_POINT('',(3.384854503462,-4.259261762743,
    10.586000603678));
#327 = CARTESIAN_POINT('',(3.384854503462,-4.387909470979,
    11.602617410271));
#328 = CARTESIAN_POINT('',(3.384854503462,-4.481363556665,
    13.248092947278));
#329 = CARTESIAN_POINT('',(3.384854503462,-4.288904902916,14.97552777789
    ));
#330 = CARTESIAN_POINT('',(3.384854503462,-3.915418916677,
    16.465346337019));
#331 = CARTESIAN_POINT('',(3.384854503462,-3.612334882569,
    17.439243202596));
#332 = CARTESIAN_POINT('',(3.384854503462,-3.20024199527,18.43525019554)
  );
#333 = CARTESIAN_POINT('',(3.384854503462,-2.672480061227,
    19.458247135898));
#334 = CARTESIAN_POINT('',(3.384854503462,-2.140530857444,
    20.332584317448));
#335 = CARTESIAN_POINT('',(3.384854503462,-1.383439188802,21.36772824529
    ));
#336 = CARTESIAN_POINT('',(3.384854503462,-0.452987313501,
    22.408674222033));
#337 = CARTESIAN_POINT('',(3.384854503462,0.783489139469,23.515131046886
    ));
#338 = CARTESIAN_POINT('',(3.384854503462,2.053500639814,24.389974878642
    ));
#339 = CARTESIAN_POINT('',(3.384854503462,3.066876088161,24.930769176759
    ));
#340 = CARTESIAN_POINT('',(3.384854503462,3.872295317729,25.304838307416
    ));
#341 = CARTESIAN_POINT('',(3.384854503462,4.521881502312,25.563439973714
    ));
#342 = CARTESIAN_POINT('',(3.384854503462,5.372002258893,25.841263122141
    ));
#343 = CARTESIAN_POINT('',(3.384854503462,6.361669605784,26.104054884758
    ));
#344 = CARTESIAN_POINT('',(3.384854503462,7.30949787034,26.264798745502)
  );
#345 = CARTESIAN_POINT('',(3.384854503462,8.133975717438,26.345625508172
    ));
#346 = CARTESIAN_POINT('',(3.384854503462,8.641656726977,26.377562471537
    ));
#347 = CARTESIAN_POINT('',(3.384854503462,9.021635627788,26.385505609888
    ));
#348 = CARTESIAN_POINT('',(3.384854503462,9.212180472399,26.385506036043
    ));
#349 = CARTESIAN_POINT('',(3.102670114614,9.212180773151,26.251031973843
    ));
#350 = CARTESIAN_POINT('',(3.102670114614,9.715332616036,26.251033099147
    ));
#351 = CARTESIAN_POINT('',(3.102670114614,10.725832187038,
    26.194778911343));
#352 = CARTESIAN_POINT('',(3.102670114614,12.229354792481,
    25.938841912557));
#353 = CARTESIAN_POINT('',(3.102670114614,13.686430507747,
    25.518021378006));
#354 = CARTESIAN_POINT('',(3.102670114614,15.08081716676,24.940063320103
    ));
#355 = CARTESIAN_POINT('',(3.102670114614,16.414474041024,
    24.203934781505));
#356 = CARTESIAN_POINT('',(3.102670114614,17.656371299773,
    23.320499247787));
#357 = CARTESIAN_POINT('',(3.102670114614,18.779706794397,
    22.315941574752));
#358 = CARTESIAN_POINT('',(3.102670114614,20.130607619813,
    20.804966060506));
#359 = CARTESIAN_POINT('',(3.102670114614,21.21479108498,19.075969060078
    ));
#360 = CARTESIAN_POINT('',(3.102670114614,21.982506295369,
    17.217510958029));
#361 = CARTESIAN_POINT('',(3.102670114614,22.405895041465,15.75213564836
    ));
#362 = CARTESIAN_POINT('',(3.102670114614,22.657887597772,
    14.250464500747));
#363 = CARTESIAN_POINT('',(3.102670114614,22.770873393652,
    12.244478533942));
#364 = CARTESIAN_POINT('',(3.102670114614,22.54127379323,10.210698460256
    ));
#365 = CARTESIAN_POINT('',(3.102670114614,21.978563322356,8.270305813399
    ));
#366 = CARTESIAN_POINT('',(3.102670114614,21.208407490289,6.409449999102
    ));
#367 = CARTESIAN_POINT('',(3.102670114614,20.115525365555,4.673873663584
    ));
#368 = CARTESIAN_POINT('',(3.102670114614,18.774152795694,3.17798131047)
  );
#369 = CARTESIAN_POINT('',(3.102670114614,17.641092683722,2.164701601095
    ));
#370 = CARTESIAN_POINT('',(3.102670114614,16.395767451111,1.284035591427
    ));
#371 = CARTESIAN_POINT('',(3.102670114614,15.217560858006,0.634595743606
    ));
#372 = CARTESIAN_POINT('',(3.102670114614,13.525615692159,
    -0.101787391709));
#373 = CARTESIAN_POINT('',(3.102670114614,11.733780760643,
    -0.581824777815));
#374 = CARTESIAN_POINT('',(3.102670114614,9.72621083288,-0.770637811051)
  );
#375 = CARTESIAN_POINT('',(3.102670114614,8.385001907043,-0.746517523795
    ));
#376 = CARTESIAN_POINT('',(3.102670114614,6.87509878883,-0.579330550501)
  );
#377 = CARTESIAN_POINT('',(3.102670114614,5.220169314485,-0.20035296325)
  );
#378 = CARTESIAN_POINT('',(3.102670114614,2.720842744972,0.776164130652)
  );
#379 = CARTESIAN_POINT('',(3.102670114614,0.732974869269,2.12777862895)
  );
#380 = CARTESIAN_POINT('',(3.102670114614,-0.686255620018,3.549698027473
    ));
#381 = CARTESIAN_POINT('',(3.102670114614,-1.56735478291,4.569380320126)
  );
#382 = CARTESIAN_POINT('',(3.102670114614,-2.52404721509,5.973188221668)
  );
#383 = CARTESIAN_POINT('',(3.102670114614,-3.253881882114,7.488184071058
    ));
#384 = CARTESIAN_POINT('',(3.102670114614,-3.698478091382,8.755754349673
    ));
#385 = CARTESIAN_POINT('',(3.102670114614,-3.973150301244,9.777844855476
    ));
#386 = CARTESIAN_POINT('',(3.102670114614,-4.12641144577,10.607334837174
    ));
#387 = CARTESIAN_POINT('',(3.102670114614,-4.253790733494,
    11.613925969018));
#388 = CARTESIAN_POINT('',(3.102670114614,-4.346322769136,
    13.243175750369));
#389 = CARTESIAN_POINT('',(3.102670114614,-4.155762699343,
    14.953573293473));
#390 = CARTESIAN_POINT('',(3.102670114614,-3.785959495172,
    16.428700955395));
#391 = CARTESIAN_POINT('',(3.102670114614,-3.485864557053,17.39299327477
    ));
#392 = CARTESIAN_POINT('',(3.102670114614,-3.077835133762,
    18.379178932388));
#393 = CARTESIAN_POINT('',(3.102670114614,-2.555278273853,
    19.392086530742));
#394 = CARTESIAN_POINT('',(3.102670114614,-2.028574398111,
    20.257802195824));
#395 = CARTESIAN_POINT('',(3.102670114614,-1.278949480706,
    21.282737170665));
#396 = CARTESIAN_POINT('',(3.102670114614,-0.357672835303,22.31341823625
    ));
#397 = CARTESIAN_POINT('',(3.102670114614,0.866609607668,23.408963468478
    ));
#398 = CARTESIAN_POINT('',(3.102670114614,2.124097576082,24.275180162826
    ));
#399 = CARTESIAN_POINT('',(3.102670114614,3.127477713367,24.810640717715
    ));
#400 = CARTESIAN_POINT('',(3.102670114614,3.924956276624,25.181021650203
    ));
#401 = CARTESIAN_POINT('',(3.102670114614,4.568134878105,25.437072707049
    ));
#402 = CARTESIAN_POINT('',(3.102670114614,5.40987344778,25.712156215055)
  );
#403 = CARTESIAN_POINT('',(3.102670114614,6.38977934182,25.972356477178)
  );
#404 = CARTESIAN_POINT('',(3.102670114614,7.32826356673,26.131514999629)
  );
#405 = CARTESIAN_POINT('',(3.102670114614,8.144605667736,26.211544749399
    ));
#406 = CARTESIAN_POINT('',(3.102670114614,8.647293329745,26.243166806942
    ));
#407 = CARTESIAN_POINT('',(3.102670114614,9.023498832069,26.251031551854
    ));
#408 = CARTESIAN_POINT('',(3.102670114614,9.212180773151,26.251031973843
    ));
#409 = CARTESIAN_POINT('',(2.976009326267,9.212181052125,26.126295981196
    ));
#410 = CARTESIAN_POINT('',(2.976009326267,9.710658813953,26.126297096046
    ));
#411 = CARTESIAN_POINT('',(2.976009326267,10.711867083927,
    26.070562597366));
#412 = CARTESIAN_POINT('',(2.976009326267,12.201470613316,25.81699009394
    ));
#413 = CARTESIAN_POINT('',(2.976009326267,13.645099815985,
    25.400057346945));
#414 = CARTESIAN_POINT('',(2.976009326267,15.026597283544,
    24.827438772713));
#415 = CARTESIAN_POINT('',(2.976009326267,16.347936710117,
    24.098110988667));
#416 = CARTESIAN_POINT('',(2.976009326267,17.578358667044,
    23.222837232776));
#417 = CARTESIAN_POINT('',(2.976009326267,18.691317202289,
    22.227560041536));
#418 = CARTESIAN_POINT('',(2.976009326267,20.02973682091,20.730544258056
    ));
#419 = CARTESIAN_POINT('',(2.976009326267,21.103904772229,
    19.017519906421));
#420 = CARTESIAN_POINT('',(2.976009326267,21.864526922346,
    17.176231920225));
#421 = CARTESIAN_POINT('',(2.976009326267,22.284004340674,
    15.724394398454));
#422 = CARTESIAN_POINT('',(2.976009326267,22.533668771451,
    14.236596500412));
#423 = CARTESIAN_POINT('',(2.976009326267,22.645610790874,
    12.249143263808));
#424 = CARTESIAN_POINT('',(2.976009326267,22.418132308138,
    10.234151946642));
#425 = CARTESIAN_POINT('',(2.976009326267,21.860620489042,8.31168599018)
  );
#426 = CARTESIAN_POINT('',(2.976009326267,21.09757990713,6.468021949638)
  );
#427 = CARTESIAN_POINT('',(2.976009326267,20.014794266333,4.748479577485
    ));
#428 = CARTESIAN_POINT('',(2.976009326267,18.685814058641,3.266407180535
    ));
#429 = CARTESIAN_POINT('',(2.976009326267,17.563222053683,2.262488949027
    ));
#430 = CARTESIAN_POINT('',(2.976009326267,16.329401554037,1.389958779695
    ));
#431 = CARTESIAN_POINT('',(2.976009326267,15.162080116526,0.74651900437)
  );
#432 = CARTESIAN_POINT('',(2.976009326267,13.485765997837,
    1.69388753456E-02));
#433 = CARTESIAN_POINT('',(2.976009326267,11.710485029053,-0.45866357727
    ));
#434 = CARTESIAN_POINT('',(2.976009326267,9.721462152242,-0.645732306525
    ));
#435 = CARTESIAN_POINT('',(2.976009326267,8.392644289924,-0.621834799397
    ));
#436 = CARTESIAN_POINT('',(2.976009326267,6.896690307436,-0.456192465122
    ));
#437 = CARTESIAN_POINT('',(2.976009326267,5.257050011317,
    -8.07159692877E-02));
#438 = CARTESIAN_POINT('',(2.976009326267,2.78081393441,0.886779240011)
  );
#439 = CARTESIAN_POINT('',(2.976009326267,0.811310600445,2.22590715936)
  );
#440 = CARTESIAN_POINT('',(2.976009326267,-0.594807980119,3.634689885156
    ));
#441 = CARTESIAN_POINT('',(2.976009326267,-1.467766962718,4.644951612447
    ));
#442 = CARTESIAN_POINT('',(2.976009326267,-2.415620989923,6.035790497773
    ));
#443 = CARTESIAN_POINT('',(2.976009326267,-3.138713077605,7.536789969868
    ));
#444 = CARTESIAN_POINT('',(2.976009326267,-3.579201808794,8.792649703469
    ));
#445 = CARTESIAN_POINT('',(2.976009326267,-3.851336356191,9.805297198298
    ));
#446 = CARTESIAN_POINT('',(2.976009326267,-4.003181735112,
    10.627124227166));
#447 = CARTESIAN_POINT('',(2.976009326267,-4.129384071075,
    11.624416023944));
#448 = CARTESIAN_POINT('',(2.976009326267,-4.221061507362,
    13.238613120924));
#449 = CARTESIAN_POINT('',(2.976009326267,-4.032261561922,
    14.933210244953));
#450 = CARTESIAN_POINT('',(2.976009326267,-3.665875039458,
    16.394709190052));
#451 = CARTESIAN_POINT('',(2.976009326267,-3.368552427487,
    17.350093049033));
#452 = CARTESIAN_POINT('',(2.976009326267,-2.964292867452,
    18.327167237697));
#453 = CARTESIAN_POINT('',(2.976009326267,-2.446563387313,
    19.330717591818));
#454 = CARTESIAN_POINT('',(2.976009326267,-1.924725822617,
    20.188434781757));
#455 = CARTESIAN_POINT('',(2.976009326267,-1.182025997229,
    21.203901290836));
#456 = CARTESIAN_POINT('',(2.976009326267,-0.269260932585,
    22.225060055201));
#457 = CARTESIAN_POINT('',(2.976009326267,0.943711119558,23.310484115243
    ));
#458 = CARTESIAN_POINT('',(2.976009326267,2.189581218794,24.168698077527
    ));
#459 = CARTESIAN_POINT('',(2.976009326267,3.183692639429,24.699212129812
    ));
#460 = CARTESIAN_POINT('',(2.976009326267,3.973802420684,25.066170843966
    ));
#461 = CARTESIAN_POINT('',(2.976009326267,4.611039941544,25.319856584579
    ));
#462 = CARTESIAN_POINT('',(2.976009326267,5.44500124229,25.59239863205)
  );
#463 = CARTESIAN_POINT('',(2.976009326267,6.41585525324,25.8501949892));
#464 = CARTESIAN_POINT('',(2.976009326267,7.345667406181,26.007883202544
    ));
#465 = CARTESIAN_POINT('',(2.976009326267,8.15447069925,26.087173551569)
  );
#466 = CARTESIAN_POINT('',(2.976009326267,8.652506389239,26.118503440625
    ));
#467 = CARTESIAN_POINT('',(2.976009326267,9.025251891439,26.126295563127
    ));
#468 = CARTESIAN_POINT('',(2.976009326267,9.212181052125,26.126295981196
    ));
#469 = ADVANCED_FACE('',(#470),#508,.F.);
#470 = FACE_BOUND('',#471,.F.);
#471 = EDGE_LOOP('',(#472,#483,#492,#501));
#472 = ORIENTED_EDGE('',*,*,#473,.T.);
#473 = EDGE_CURVE('',#474,#476,#478,.T.);
#474 = VERTEX_POINT('',#475);
#475 = CARTESIAN_POINT('',(7.003003208405,9.212210969745,26.799371867901
    ));
#476 = VERTEX_POINT('',#477);
#477 = CARTESIAN_POINT('',(7.003003208405,9.212210969745,-1.300628132099
    ));
#478 = CIRCLE('',#479,14.05);
#479 = AXIS2_PLACEMENT_3D('',#480,#481,#482);
#480 = CARTESIAN_POINT('',(7.003003208405,9.212210969745,12.749371867901
    ));
#481 = DIRECTION('',(1.,3.E-15,-0.));
#482 = DIRECTION('',(0.,0.,1.));
#483 = ORIENTED_EDGE('',*,*,#484,.T.);
#484 = EDGE_CURVE('',#476,#485,#487,.T.);
#485 = VERTEX_POINT('',#486);
#486 = CARTESIAN_POINT('',(5.337347181489,9.212210969745,-0.120028132099
    ));
#487 = CIRCLE('',#488,1.7653);
#488 = AXIS2_PLACEMENT_3D('',#489,#490,#491);
#489 = CARTESIAN_POINT('',(5.337347181489,9.212210969745,-1.885328132099
    ));
#490 = DIRECTION('',(3.E-15,-1.,1.224646799147E-16));
#491 = DIRECTION('',(3.673940397442E-31,-1.224646799147E-16,-1.));
#492 = ORIENTED_EDGE('',*,*,#493,.F.);
#493 = EDGE_CURVE('',#494,#485,#496,.T.);
#494 = VERTEX_POINT('',#495);
#495 = CARTESIAN_POINT('',(5.337347181489,9.212210969745,25.618771867901
    ));
#496 = CIRCLE('',#497,12.8694);
#497 = AXIS2_PLACEMENT_3D('',#498,#499,#500);
#498 = CARTESIAN_POINT('',(5.337347181489,9.212210969745,12.749371867901
    ));
#499 = DIRECTION('',(1.,3.E-15,-0.));
#500 = DIRECTION('',(0.,0.,1.));
#501 = ORIENTED_EDGE('',*,*,#502,.F.);
#502 = EDGE_CURVE('',#474,#494,#503,.T.);
#503 = CIRCLE('',#504,1.7653);
#504 = AXIS2_PLACEMENT_3D('',#505,#506,#507);
#505 = CARTESIAN_POINT('',(5.337347181489,9.212210969745,27.384071867901
    ));
#506 = DIRECTION('',(-3.E-15,1.,0.));
#507 = DIRECTION('',(0.,0.,1.));
#508 = TOROIDAL_SURFACE('',#509,14.6347,1.7653);
#509 = AXIS2_PLACEMENT_3D('',#510,#511,#512);
#510 = CARTESIAN_POINT('',(5.337347181489,9.212210969745,12.749371867901
    ));
#511 = DIRECTION('',(1.,3.E-15,0.));
#512 = DIRECTION('',(0.,0.,1.));
#513 = ADVANCED_FACE('',(#514),#582,.F.);
#514 = FACE_BOUND('',#515,.F.);
#515 = EDGE_LOOP('',(#516,#557,#566,#575));
#516 = ORIENTED_EDGE('',*,*,#517,.T.);
#517 = EDGE_CURVE('',#24,#518,#520,.T.);
#518 = VERTEX_POINT('',#519);
#519 = CARTESIAN_POINT('',(2.976009326267,9.212210969745,-0.627552245427
    ));
#520 = B_SPLINE_CURVE_WITH_KNOTS('',3,(#521,#522,#523,#524,#525,#526,
    #527,#528,#529,#530,#531,#532,#533,#534,#535,#536,#537,#538,#539,
    #540,#541,#542,#543,#544,#545,#546,#547,#548,#549,#550,#551,#552,
    #553,#554,#555,#556),.UNSPECIFIED.,.F.,.F.,(4,1,1,1,1,1,1,1,1,1,1,1,
    1,1,1,1,1,1,1,1,1,1,1,1,1,1,1,1,1,1,1,1,1,4),(0.,1.33963493148E-02,
    2.67926986296E-02,3.57235981728E-02,7.144719634561E-02,
    9.377444520361E-02,0.107170794518,0.133963493148,0.142894392691,
    0.169687091321,0.214341589037,0.25006518721,0.285788785382,
    0.312581484012,0.339374182642,0.357235981728,0.392959579901,
    0.415286828759,0.428683178074,0.500130374419,0.535853972592,
    0.544784872135,0.571577570765,0.59539330288,0.619209034995,
    0.666840499226,0.714471963456,0.738287695571,0.762103427686,
    0.857366356147,0.904997820378,0.952629284608,0.976445016723,1.),
  .UNSPECIFIED.);
#521 = CARTESIAN_POINT('',(2.976009326267,9.212181052125,26.126295981196
    ));
#522 = CARTESIAN_POINT('',(2.976009326267,9.025251891439,26.126295563127
    ));
#523 = CARTESIAN_POINT('',(2.976009326267,8.652506389239,26.118503440625
    ));
#524 = CARTESIAN_POINT('',(2.976009326267,8.15447069925,26.087173551569)
  );
#525 = CARTESIAN_POINT('',(2.976009326267,7.345667406181,26.007883202544
    ));
#526 = CARTESIAN_POINT('',(2.976009326267,6.41585525324,25.8501949892));
#527 = CARTESIAN_POINT('',(2.976009326267,5.44500124229,25.59239863205)
  );
#528 = CARTESIAN_POINT('',(2.976009326267,4.611039941544,25.319856584579
    ));
#529 = CARTESIAN_POINT('',(2.976009326267,3.973802420684,25.066170843966
    ));
#530 = CARTESIAN_POINT('',(2.976009326267,3.183692639429,24.699212129812
    ));
#531 = CARTESIAN_POINT('',(2.976009326267,2.189581218794,24.168698077527
    ));
#532 = CARTESIAN_POINT('',(2.976009326267,0.943711119558,23.310484115243
    ));
#533 = CARTESIAN_POINT('',(2.976009326267,-0.269260932585,
    22.225060055201));
#534 = CARTESIAN_POINT('',(2.976009326267,-1.182025997229,
    21.203901290836));
#535 = CARTESIAN_POINT('',(2.976009326267,-1.924725822617,
    20.188434781757));
#536 = CARTESIAN_POINT('',(2.976009326267,-2.446563387313,
    19.330717591818));
#537 = CARTESIAN_POINT('',(2.976009326267,-2.964292867452,
    18.327167237697));
#538 = CARTESIAN_POINT('',(2.976009326267,-3.368552427487,
    17.350093049033));
#539 = CARTESIAN_POINT('',(2.976009326267,-3.665875039458,
    16.394709190052));
#540 = CARTESIAN_POINT('',(2.976009326267,-4.032261561922,
    14.933210244953));
#541 = CARTESIAN_POINT('',(2.976009326267,-4.221061507362,
    13.238613120924));
#542 = CARTESIAN_POINT('',(2.976009326267,-4.129384071075,
    11.624416023944));
#543 = CARTESIAN_POINT('',(2.976009326267,-4.003181735112,
    10.627124227166));
#544 = CARTESIAN_POINT('',(2.976009326267,-3.851336356191,9.805297198298
    ));
#545 = CARTESIAN_POINT('',(2.976009326267,-3.579201808794,8.792649703469
    ));
#546 = CARTESIAN_POINT('',(2.976009326267,-3.138713077605,7.536789969868
    ));
#547 = CARTESIAN_POINT('',(2.976009326267,-2.415620989923,6.035790497773
    ));
#548 = CARTESIAN_POINT('',(2.976009326267,-1.467766962718,4.644951612447
    ));
#549 = CARTESIAN_POINT('',(2.976009326267,-0.594807980119,3.634689885156
    ));
#550 = CARTESIAN_POINT('',(2.976009326267,0.811310600445,2.22590715936)
  );
#551 = CARTESIAN_POINT('',(2.976009326267,2.78081393441,0.886779240011)
  );
#552 = CARTESIAN_POINT('',(2.976009326267,5.257050011317,
    -8.07159692877E-02));
#553 = CARTESIAN_POINT('',(2.976009326267,6.896690307436,-0.456192465122
    ));
#554 = CARTESIAN_POINT('',(2.976009326267,8.222787492679,-0.603027084241
    ));
#555 = CARTESIAN_POINT('',(2.976009326267,8.883652650594,-0.627445520784
    ));
#556 = CARTESIAN_POINT('',(2.976009326267,9.212210969745,-0.627552245427
    ));
#557 = ORIENTED_EDGE('',*,*,#558,.T.);
#558 = EDGE_CURVE('',#518,#559,#561,.T.);
#559 = VERTEX_POINT('',#560);
#560 = CARTESIAN_POINT('',(1.737347181489,9.212210969745,-0.120028132099
    ));
#561 = CIRCLE('',#562,1.7653);
#562 = AXIS2_PLACEMENT_3D('',#563,#564,#565);
#563 = CARTESIAN_POINT('',(1.737347181489,9.212210969745,-1.885328132099
    ));
#564 = DIRECTION('',(3.E-15,-1.,1.224646799147E-16));
#565 = DIRECTION('',(3.673940397442E-31,-1.224646799147E-16,-1.));
#566 = ORIENTED_EDGE('',*,*,#567,.F.);
#567 = EDGE_CURVE('',#568,#559,#570,.T.);
#568 = VERTEX_POINT('',#569);
#569 = CARTESIAN_POINT('',(1.737347181489,9.212210969745,25.618771867901
    ));
#570 = CIRCLE('',#571,12.8694);
#571 = AXIS2_PLACEMENT_3D('',#572,#573,#574);
#572 = CARTESIAN_POINT('',(1.737347181489,9.212210969745,12.749371867901
    ));
#573 = DIRECTION('',(1.,3.E-15,-0.));
#574 = DIRECTION('',(0.,0.,1.));
#575 = ORIENTED_EDGE('',*,*,#576,.F.);
#576 = EDGE_CURVE('',#24,#568,#577,.T.);
#577 = CIRCLE('',#578,1.7653);
#578 = AXIS2_PLACEMENT_3D('',#579,#580,#581);
#579 = CARTESIAN_POINT('',(1.737347181489,9.212210969745,27.384071867901
    ));
#580 = DIRECTION('',(-3.E-15,1.,0.));
#581 = DIRECTION('',(0.,0.,1.));
#582 = TOROIDAL_SURFACE('',#583,14.6347,1.7653);
#583 = AXIS2_PLACEMENT_3D('',#584,#585,#586);
#584 = CARTESIAN_POINT('',(1.737347181489,9.212210969745,12.749371867901
    ));
#585 = DIRECTION('',(1.,3.E-15,0.));
#586 = DIRECTION('',(0.,0.,1.));
#587 = ADVANCED_FACE('',(#588),#624,.T.);
#588 = FACE_BOUND('',#589,.T.);
#589 = EDGE_LOOP('',(#590,#601,#609,#618));
#590 = ORIENTED_EDGE('',*,*,#591,.T.);
#591 = EDGE_CURVE('',#592,#594,#596,.T.);
#592 = VERTEX_POINT('',#593);
#593 = CARTESIAN_POINT('',(7.687347181489,9.212210969745,-0.900628132099
    ));
#594 = VERTEX_POINT('',#595);
#595 = CARTESIAN_POINT('',(7.687347181489,9.212210969745,26.399371867901
    ));
#596 = CIRCLE('',#597,13.65);
#597 = AXIS2_PLACEMENT_3D('',#598,#599,#600);
#598 = CARTESIAN_POINT('',(7.687347181489,9.212210969745,12.749371867901
    ));
#599 = DIRECTION('',(-1.,-3.E-15,-0.));
#600 = DIRECTION('',(0.,0.,-1.));
#601 = ORIENTED_EDGE('',*,*,#602,.T.);
#602 = EDGE_CURVE('',#594,#603,#605,.T.);
#603 = VERTEX_POINT('',#604);
#604 = CARTESIAN_POINT('',(7.287347181489,9.212210969745,26.799371867901
    ));
#605 = LINE('',#606,#607);
#606 = CARTESIAN_POINT('',(7.487347181489,9.212210969745,26.599371867901
    ));
#607 = VECTOR('',#608,1.);
#608 = DIRECTION('',(-0.707106781187,-2.207915949183E-15,0.707106781187)
  );
#609 = ORIENTED_EDGE('',*,*,#610,.T.);
#610 = EDGE_CURVE('',#603,#611,#613,.T.);
#611 = VERTEX_POINT('',#612);
#612 = CARTESIAN_POINT('',(7.287347181489,9.212210969745,-1.300628132099
    ));
#613 = CIRCLE('',#614,14.05);
#614 = AXIS2_PLACEMENT_3D('',#615,#616,#617);
#615 = CARTESIAN_POINT('',(7.287347181489,9.212210969745,12.749371867901
    ));
#616 = DIRECTION('',(1.,3.E-15,0.));
#617 = DIRECTION('',(0.,0.,-1.));
#618 = ORIENTED_EDGE('',*,*,#619,.F.);
#619 = EDGE_CURVE('',#592,#611,#620,.T.);
#620 = LINE('',#621,#622);
#621 = CARTESIAN_POINT('',(7.487347181489,9.212210969745,-1.100628132099
    ));
#622 = VECTOR('',#623,1.);
#623 = DIRECTION('',(-0.707106781187,-2.12132034356E-15,-0.707106781187)
  );
#624 = CONICAL_SURFACE('',#625,13.85,0.785398163397);
#625 = AXIS2_PLACEMENT_3D('',#626,#627,#628);
#626 = CARTESIAN_POINT('',(7.487347181489,9.212210969745,12.749371867901
    ));
#627 = DIRECTION('',(-1.,-3.E-15,0.));
#628 = DIRECTION('',(0.,0.,-1.));
#629 = ADVANCED_FACE('',(#630),#658,.T.);
#630 = FACE_BOUND('',#631,.T.);
#631 = EDGE_LOOP('',(#632,#639,#645,#652));
#632 = ORIENTED_EDGE('',*,*,#633,.F.);
#633 = EDGE_CURVE('',#611,#603,#634,.T.);
#634 = CIRCLE('',#635,14.05);
#635 = AXIS2_PLACEMENT_3D('',#636,#637,#638);
#636 = CARTESIAN_POINT('',(7.287347181489,9.212210969745,12.749371867901
    ));
#637 = DIRECTION('',(1.,3.E-15,0.));
#638 = DIRECTION('',(0.,0.,-1.));
#639 = ORIENTED_EDGE('',*,*,#640,.T.);
#640 = EDGE_CURVE('',#611,#476,#641,.T.);
#641 = LINE('',#642,#643);
#642 = CARTESIAN_POINT('',(7.687347181489,9.212210969745,-1.300628132099
    ));
#643 = VECTOR('',#644,1.);
#644 = DIRECTION('',(-1.,-3.E-15,0.));
#645 = ORIENTED_EDGE('',*,*,#646,.T.);
#646 = EDGE_CURVE('',#476,#474,#647,.T.);
#647 = CIRCLE('',#648,14.05);
#648 = AXIS2_PLACEMENT_3D('',#649,#650,#651);
#649 = CARTESIAN_POINT('',(7.003003208405,9.212210969745,12.749371867901
    ));
#650 = DIRECTION('',(1.,3.E-15,-0.));
#651 = DIRECTION('',(0.,0.,1.));
#652 = ORIENTED_EDGE('',*,*,#653,.F.);
#653 = EDGE_CURVE('',#603,#474,#654,.T.);
#654 = LINE('',#655,#656);
#655 = CARTESIAN_POINT('',(7.687347181489,9.212210969745,26.799371867901
    ));
#656 = VECTOR('',#657,1.);
#657 = DIRECTION('',(-1.,-3.E-15,0.));
#658 = CYLINDRICAL_SURFACE('',#659,14.05);
#659 = AXIS2_PLACEMENT_3D('',#660,#661,#662);
#660 = CARTESIAN_POINT('',(7.687347181489,9.212210969745,12.749371867901
    ));
#661 = DIRECTION('',(-1.,-3.E-15,0.));
#662 = DIRECTION('',(0.,0.,1.));
#663 = ADVANCED_FACE('',(#664),#700,.T.);
#664 = FACE_BOUND('',#665,.T.);
#665 = EDGE_LOOP('',(#666,#677,#685,#694));
#666 = ORIENTED_EDGE('',*,*,#667,.T.);
#667 = EDGE_CURVE('',#668,#670,#672,.T.);
#668 = VERTEX_POINT('',#669);
#669 = CARTESIAN_POINT('',(-0.612652818511,9.212210969745,
    26.399371867901));
#670 = VERTEX_POINT('',#671);
#671 = CARTESIAN_POINT('',(-0.612652818511,9.212210969745,
    -0.900628132099));
#672 = CIRCLE('',#673,13.65);
#673 = AXIS2_PLACEMENT_3D('',#674,#675,#676);
#674 = CARTESIAN_POINT('',(-0.612652818511,9.212210969745,
    12.749371867901));
#675 = DIRECTION('',(1.,3.E-15,-0.));
#676 = DIRECTION('',(0.,0.,1.));
#677 = ORIENTED_EDGE('',*,*,#678,.T.);
#678 = EDGE_CURVE('',#670,#679,#681,.T.);
#679 = VERTEX_POINT('',#680);
#680 = CARTESIAN_POINT('',(-0.212652818511,9.212210969745,
    -1.300628132099));
#681 = LINE('',#682,#683);
#682 = CARTESIAN_POINT('',(-0.412652818511,9.212210969745,
    -1.100628132099));
#683 = VECTOR('',#684,1.);
#684 = DIRECTION('',(0.707106781187,2.034724737936E-15,-0.707106781187)
  );
#685 = ORIENTED_EDGE('',*,*,#686,.T.);
#686 = EDGE_CURVE('',#679,#687,#689,.T.);
#687 = VERTEX_POINT('',#688);
#688 = CARTESIAN_POINT('',(-0.212652818511,9.212210969745,
    26.799371867901));
#689 = CIRCLE('',#690,14.05);
#690 = AXIS2_PLACEMENT_3D('',#691,#692,#693);
#691 = CARTESIAN_POINT('',(-0.212652818511,9.212210969745,
    12.749371867901));
#692 = DIRECTION('',(-1.,-3.E-15,0.));
#693 = DIRECTION('',(0.,0.,1.));
#694 = ORIENTED_EDGE('',*,*,#695,.F.);
#695 = EDGE_CURVE('',#668,#687,#696,.T.);
#696 = LINE('',#697,#698);
#697 = CARTESIAN_POINT('',(-0.412652818511,9.212210969745,
    26.599371867901));
#698 = VECTOR('',#699,1.);
#699 = DIRECTION('',(0.707106781187,2.12132034356E-15,0.707106781187));
#700 = CONICAL_SURFACE('',#701,13.85,0.785398163397);
#701 = AXIS2_PLACEMENT_3D('',#702,#703,#704);
#702 = CARTESIAN_POINT('',(-0.412652818511,9.212210969745,
    12.749371867901));
#703 = DIRECTION('',(1.,3.E-15,0.));
#704 = DIRECTION('',(0.,0.,1.));
#705 = ADVANCED_FACE('',(#706),#738,.T.);
#706 = FACE_BOUND('',#707,.T.);
#707 = EDGE_LOOP('',(#708,#719,#725,#732));
#708 = ORIENTED_EDGE('',*,*,#709,.T.);
#709 = EDGE_CURVE('',#710,#712,#714,.T.);
#710 = VERTEX_POINT('',#711);
#711 = CARTESIAN_POINT('',(7.169115457348E-02,9.212210969745,
    26.799371867901));
#712 = VERTEX_POINT('',#713);
#713 = CARTESIAN_POINT('',(7.169115457348E-02,9.212210969745,
    -1.300628132099));
#714 = CIRCLE('',#715,14.05);
#715 = AXIS2_PLACEMENT_3D('',#716,#717,#718);
#716 = CARTESIAN_POINT('',(7.169115457348E-02,9.212210969745,
    12.749371867901));
#717 = DIRECTION('',(-1.,-3.E-15,0.));
#718 = DIRECTION('',(0.,0.,1.));
#719 = ORIENTED_EDGE('',*,*,#720,.T.);
#720 = EDGE_CURVE('',#712,#679,#721,.T.);
#721 = LINE('',#722,#723);
#722 = CARTESIAN_POINT('',(7.687347181489,9.212210969745,-1.300628132099
    ));
#723 = VECTOR('',#724,1.);
#724 = DIRECTION('',(-1.,-3.E-15,0.));
#725 = ORIENTED_EDGE('',*,*,#726,.F.);
#726 = EDGE_CURVE('',#687,#679,#727,.T.);
#727 = CIRCLE('',#728,14.05);
#728 = AXIS2_PLACEMENT_3D('',#729,#730,#731);
#729 = CARTESIAN_POINT('',(-0.212652818511,9.212210969745,
    12.749371867901));
#730 = DIRECTION('',(-1.,-3.E-15,0.));
#731 = DIRECTION('',(0.,0.,1.));
#732 = ORIENTED_EDGE('',*,*,#733,.F.);
#733 = EDGE_CURVE('',#710,#687,#734,.T.);
#734 = LINE('',#735,#736);
#735 = CARTESIAN_POINT('',(7.687347181489,9.212210969745,26.799371867901
    ));
#736 = VECTOR('',#737,1.);
#737 = DIRECTION('',(-1.,-3.E-15,0.));
#738 = CYLINDRICAL_SURFACE('',#739,14.05);
#739 = AXIS2_PLACEMENT_3D('',#740,#741,#742);
#740 = CARTESIAN_POINT('',(7.687347181489,9.212210969745,12.749371867901
    ));
#741 = DIRECTION('',(-1.,-3.E-15,0.));
#742 = DIRECTION('',(0.,0.,1.));
#743 = ADVANCED_FACE('',(#744),#773,.F.);
#744 = FACE_BOUND('',#745,.F.);
#745 = EDGE_LOOP('',(#746,#747,#756,#763,#764,#765,#766));
#746 = ORIENTED_EDGE('',*,*,#78,.T.);
#747 = ORIENTED_EDGE('',*,*,#748,.T.);
#748 = EDGE_CURVE('',#68,#749,#751,.T.);
#749 = VERTEX_POINT('',#750);
#750 = CARTESIAN_POINT('',(4.098685036711,9.212210969745,-0.627552245427
    ));
#751 = B_SPLINE_CURVE_WITH_KNOTS('',3,(#752,#753,#754,#755),
  .UNSPECIFIED.,.F.,.F.,(4,4),(0.999742393466,1.),
  .PIECEWISE_BEZIER_KNOTS.);
#752 = CARTESIAN_POINT('',(4.098700644422,9.222992108968,-0.627501978415
    ));
#753 = CARTESIAN_POINT('',(4.098685036711,9.219398412129,-0.627489242789
    ));
#754 = CARTESIAN_POINT('',(4.098685036711,9.215804705703,-0.627490240834
    ));
#755 = CARTESIAN_POINT('',(4.098685036711,9.212210969745,-0.627552245427
    ));
#756 = ORIENTED_EDGE('',*,*,#757,.F.);
#757 = EDGE_CURVE('',#485,#749,#758,.T.);
#758 = CIRCLE('',#759,1.7653);
#759 = AXIS2_PLACEMENT_3D('',#760,#761,#762);
#760 = CARTESIAN_POINT('',(5.337347181489,9.212210969745,-1.885328132099
    ));
#761 = DIRECTION('',(3.E-15,-1.,1.224646799147E-16));
#762 = DIRECTION('',(3.673940397442E-31,-1.224646799147E-16,-1.));
#763 = ORIENTED_EDGE('',*,*,#484,.F.);
#764 = ORIENTED_EDGE('',*,*,#646,.T.);
#765 = ORIENTED_EDGE('',*,*,#502,.T.);
#766 = ORIENTED_EDGE('',*,*,#767,.T.);
#767 = EDGE_CURVE('',#494,#22,#768,.T.);
#768 = CIRCLE('',#769,1.7653);
#769 = AXIS2_PLACEMENT_3D('',#770,#771,#772);
#770 = CARTESIAN_POINT('',(5.337347181489,9.212210969745,27.384071867901
    ));
#771 = DIRECTION('',(-3.E-15,1.,0.));
#772 = DIRECTION('',(0.,0.,1.));
#773 = TOROIDAL_SURFACE('',#774,14.6347,1.7653);
#774 = AXIS2_PLACEMENT_3D('',#775,#776,#777);
#775 = CARTESIAN_POINT('',(5.337347181489,9.212210969745,12.749371867901
    ));
#776 = DIRECTION('',(1.,3.E-15,0.));
#777 = DIRECTION('',(0.,0.,1.));
#778 = ADVANCED_FACE('',(#779),#806,.F.);
#779 = FACE_BOUND('',#780,.F.);
#780 = EDGE_LOOP('',(#781,#782,#789,#790,#797,#798,#805));
#781 = ORIENTED_EDGE('',*,*,#576,.T.);
#782 = ORIENTED_EDGE('',*,*,#783,.T.);
#783 = EDGE_CURVE('',#568,#710,#784,.T.);
#784 = CIRCLE('',#785,1.7653);
#785 = AXIS2_PLACEMENT_3D('',#786,#787,#788);
#786 = CARTESIAN_POINT('',(1.737347181489,9.212210969745,27.384071867901
    ));
#787 = DIRECTION('',(-3.E-15,1.,0.));
#788 = DIRECTION('',(0.,0.,1.));
#789 = ORIENTED_EDGE('',*,*,#709,.T.);
#790 = ORIENTED_EDGE('',*,*,#791,.F.);
#791 = EDGE_CURVE('',#559,#712,#792,.T.);
#792 = CIRCLE('',#793,1.7653);
#793 = AXIS2_PLACEMENT_3D('',#794,#795,#796);
#794 = CARTESIAN_POINT('',(1.737347181489,9.212210969745,-1.885328132099
    ));
#795 = DIRECTION('',(3.E-15,-1.,1.224646799147E-16));
#796 = DIRECTION('',(3.673940397442E-31,-1.224646799147E-16,-1.));
#797 = ORIENTED_EDGE('',*,*,#558,.F.);
#798 = ORIENTED_EDGE('',*,*,#799,.T.);
#799 = EDGE_CURVE('',#518,#35,#800,.T.);
#800 = B_SPLINE_CURVE_WITH_KNOTS('',3,(#801,#802,#803,#804),
  .UNSPECIFIED.,.F.,.F.,(4,4),(0.,2.576111136159E-04),
  .PIECEWISE_BEZIER_KNOTS.);
#801 = CARTESIAN_POINT('',(2.976009326267,9.212210969745,-0.627552245427
    ));
#802 = CARTESIAN_POINT('',(2.976009326267,9.215804769586,-0.627490240842
    ));
#803 = CARTESIAN_POINT('',(2.976009326267,9.219398539895,-0.627489242753
    ));
#804 = CARTESIAN_POINT('',(2.975993718556,9.222992300616,-0.627501978272
    ));
#805 = ORIENTED_EDGE('',*,*,#34,.T.);
#806 = TOROIDAL_SURFACE('',#807,14.6347,1.7653);
#807 = AXIS2_PLACEMENT_3D('',#808,#809,#810);
#808 = CARTESIAN_POINT('',(1.737347181489,9.212210969745,12.749371867901
    ));
#809 = DIRECTION('',(1.,3.E-15,0.));
#810 = DIRECTION('',(0.,0.,1.));
#811 = ADVANCED_FACE('',(#812),#848,.F.);
#812 = FACE_BOUND('',#813,.F.);
#813 = EDGE_LOOP('',(#814,#824,#833,#841));
#814 = ORIENTED_EDGE('',*,*,#815,.T.);
#815 = EDGE_CURVE('',#816,#818,#820,.T.);
#816 = VERTEX_POINT('',#817);
#817 = CARTESIAN_POINT('',(-1.2652818511E-02,10.782210969745,
    12.749371867901));
#818 = VERTEX_POINT('',#819);
#819 = CARTESIAN_POINT('',(-0.612652818511,11.382210969745,
    12.749371867901));
#820 = LINE('',#821,#822);
#821 = CARTESIAN_POINT('',(-0.312652818511,11.082210969745,
    12.749371867901));
#822 = VECTOR('',#823,1.);
#823 = DIRECTION('',(-0.707106781187,0.707106781187,-0.));
#824 = ORIENTED_EDGE('',*,*,#825,.F.);
#825 = EDGE_CURVE('',#826,#818,#828,.T.);
#826 = VERTEX_POINT('',#827);
#827 = CARTESIAN_POINT('',(-0.612652818511,7.042210969745,
    12.749371867901));
#828 = CIRCLE('',#829,2.17);
#829 = AXIS2_PLACEMENT_3D('',#830,#831,#832);
#830 = CARTESIAN_POINT('',(-0.612652818511,9.212210969745,
    12.749371867901));
#831 = DIRECTION('',(-1.,-3.E-15,-0.));
#832 = DIRECTION('',(-3.E-15,1.,0.));
#833 = ORIENTED_EDGE('',*,*,#834,.F.);
#834 = EDGE_CURVE('',#835,#826,#837,.T.);
#835 = VERTEX_POINT('',#836);
#836 = CARTESIAN_POINT('',(-1.2652818511E-02,7.642210969745,
    12.749371867901));
#837 = LINE('',#838,#839);
#838 = CARTESIAN_POINT('',(-0.312652818511,7.342210969745,
    12.749371867901));
#839 = VECTOR('',#840,1.);
#840 = DIRECTION('',(-0.707106781187,-0.707106781187,-8.659560562355E-17
    ));
#841 = ORIENTED_EDGE('',*,*,#842,.F.);
#842 = EDGE_CURVE('',#816,#835,#843,.T.);
#843 = CIRCLE('',#844,1.57);
#844 = AXIS2_PLACEMENT_3D('',#845,#846,#847);
#845 = CARTESIAN_POINT('',(-1.2652818511E-02,9.212210969745,
    12.749371867901));
#846 = DIRECTION('',(1.,3.E-15,-0.));
#847 = DIRECTION('',(-3.E-15,1.,0.));
#848 = CONICAL_SURFACE('',#849,1.87,0.785398163397);
#849 = AXIS2_PLACEMENT_3D('',#850,#851,#852);
#850 = CARTESIAN_POINT('',(-0.312652818511,9.212210969745,
    12.749371867901));
#851 = DIRECTION('',(-1.,-3.E-15,0.));
#852 = DIRECTION('',(-3.E-15,1.,0.));
#853 = ADVANCED_FACE('',(#854),#886,.F.);
#854 = FACE_BOUND('',#855,.F.);
#855 = EDGE_LOOP('',(#856,#864,#873,#879));
#856 = ORIENTED_EDGE('',*,*,#857,.T.);
#857 = EDGE_CURVE('',#816,#858,#860,.T.);
#858 = VERTEX_POINT('',#859);
#859 = CARTESIAN_POINT('',(7.087347181489,10.782210969745,
    12.749371867901));
#860 = LINE('',#861,#862);
#861 = CARTESIAN_POINT('',(-0.612652818511,10.782210969745,
    12.749371867901));
#862 = VECTOR('',#863,1.);
#863 = DIRECTION('',(1.,3.E-15,0.));
#864 = ORIENTED_EDGE('',*,*,#865,.T.);
#865 = EDGE_CURVE('',#858,#866,#868,.T.);
#866 = VERTEX_POINT('',#867);
#867 = CARTESIAN_POINT('',(7.087347181489,7.642210969745,12.749371867901
    ));
#868 = CIRCLE('',#869,1.57);
#869 = AXIS2_PLACEMENT_3D('',#870,#871,#872);
#870 = CARTESIAN_POINT('',(7.087347181489,9.212210969745,12.749371867901
    ));
#871 = DIRECTION('',(-1.,-3.E-15,-0.));
#872 = DIRECTION('',(-3.E-15,1.,0.));
#873 = ORIENTED_EDGE('',*,*,#874,.F.);
#874 = EDGE_CURVE('',#835,#866,#875,.T.);
#875 = LINE('',#876,#877);
#876 = CARTESIAN_POINT('',(-0.612652818511,7.642210969745,
    12.749371867901));
#877 = VECTOR('',#878,1.);
#878 = DIRECTION('',(1.,3.E-15,0.));
#879 = ORIENTED_EDGE('',*,*,#880,.T.);
#880 = EDGE_CURVE('',#835,#816,#881,.T.);
#881 = CIRCLE('',#882,1.57);
#882 = AXIS2_PLACEMENT_3D('',#883,#884,#885);
#883 = CARTESIAN_POINT('',(-1.2652818511E-02,9.212210969745,
    12.749371867901));
#884 = DIRECTION('',(1.,3.E-15,-0.));
#885 = DIRECTION('',(-3.E-15,1.,0.));
#886 = CYLINDRICAL_SURFACE('',#887,1.57);
#887 = AXIS2_PLACEMENT_3D('',#888,#889,#890);
#888 = CARTESIAN_POINT('',(-0.612652818511,9.212210969745,
    12.749371867901));
#889 = DIRECTION('',(1.,3.E-15,0.));
#890 = DIRECTION('',(-3.E-15,1.,0.));
#891 = ADVANCED_FACE('',(#892),#918,.F.);
#892 = FACE_BOUND('',#893,.F.);
#893 = EDGE_LOOP('',(#894,#902,#911,#917));
#894 = ORIENTED_EDGE('',*,*,#895,.T.);
#895 = EDGE_CURVE('',#858,#896,#898,.T.);
#896 = VERTEX_POINT('',#897);
#897 = CARTESIAN_POINT('',(7.687347181489,11.382210969745,
    12.749371867901));
#898 = LINE('',#899,#900);
#899 = CARTESIAN_POINT('',(7.387347181489,11.082210969745,
    12.749371867901));
#900 = VECTOR('',#901,1.);
#901 = DIRECTION('',(0.707106781187,0.707106781187,0.));
#902 = ORIENTED_EDGE('',*,*,#903,.F.);
#903 = EDGE_CURVE('',#904,#896,#906,.T.);
#904 = VERTEX_POINT('',#905);
#905 = CARTESIAN_POINT('',(7.687347181489,7.042210969745,12.749371867901
    ));
#906 = CIRCLE('',#907,2.17);
#907 = AXIS2_PLACEMENT_3D('',#908,#909,#910);
#908 = CARTESIAN_POINT('',(7.687347181489,9.212210969745,12.749371867901
    ));
#909 = DIRECTION('',(1.,3.E-15,-0.));
#910 = DIRECTION('',(-3.E-15,1.,0.));
#911 = ORIENTED_EDGE('',*,*,#912,.F.);
#912 = EDGE_CURVE('',#866,#904,#913,.T.);
#913 = LINE('',#914,#915);
#914 = CARTESIAN_POINT('',(7.387347181489,7.342210969745,12.749371867901
    ));
#915 = VECTOR('',#916,1.);
#916 = DIRECTION('',(0.707106781187,-0.707106781187,8.659560562355E-17)
  );
#917 = ORIENTED_EDGE('',*,*,#865,.F.);
#918 = CONICAL_SURFACE('',#919,1.87,0.785398163397);
#919 = AXIS2_PLACEMENT_3D('',#920,#921,#922);
#920 = CARTESIAN_POINT('',(7.387347181489,9.212210969745,12.749371867901
    ));
#921 = DIRECTION('',(1.,3.E-15,0.));
#922 = DIRECTION('',(-3.E-15,1.,0.));
#923 = ADVANCED_FACE('',(#924),#960,.F.);
#924 = FACE_BOUND('',#925,.F.);
#925 = EDGE_LOOP('',(#926,#936,#945,#953));
#926 = ORIENTED_EDGE('',*,*,#927,.F.);
#927 = EDGE_CURVE('',#928,#930,#932,.T.);
#928 = VERTEX_POINT('',#929);
#929 = CARTESIAN_POINT('',(7.287347181489,-1.95393323622,11.378341754593
    ));
#930 = VERTEX_POINT('',#931);
#931 = CARTESIAN_POINT('',(-0.212652818511,-1.95393323622,
    11.378341754593));
#932 = LINE('',#933,#934);
#933 = CARTESIAN_POINT('',(7.687347181489,-1.95393323622,11.378341754593
    ));
#934 = VECTOR('',#935,1.);
#935 = DIRECTION('',(-1.,-3.E-15,0.));
#936 = ORIENTED_EDGE('',*,*,#937,.T.);
#937 = EDGE_CURVE('',#928,#938,#940,.T.);
#938 = VERTEX_POINT('',#939);
#939 = CARTESIAN_POINT('',(7.287347181489,-1.95393323622,14.120401981209
    ));
#940 = CIRCLE('',#941,11.25);
#941 = AXIS2_PLACEMENT_3D('',#942,#943,#944);
#942 = CARTESIAN_POINT('',(7.287347181489,9.212210969745,12.749371867901
    ));
#943 = DIRECTION('',(-1.,-3.E-15,0.));
#944 = DIRECTION('',(0.,0.,1.));
#945 = ORIENTED_EDGE('',*,*,#946,.T.);
#946 = EDGE_CURVE('',#938,#947,#949,.T.);
#947 = VERTEX_POINT('',#948);
#948 = CARTESIAN_POINT('',(-0.212652818511,-1.95393323622,
    14.120401981209));
#949 = LINE('',#950,#951);
#950 = CARTESIAN_POINT('',(7.687347181489,-1.95393323622,14.120401981209
    ));
#951 = VECTOR('',#952,1.);
#952 = DIRECTION('',(-1.,-3.E-15,0.));
#953 = ORIENTED_EDGE('',*,*,#954,.T.);
#954 = EDGE_CURVE('',#947,#930,#955,.T.);
#955 = CIRCLE('',#956,11.25);
#956 = AXIS2_PLACEMENT_3D('',#957,#958,#959);
#957 = CARTESIAN_POINT('',(-0.212652818511,9.212210969745,
    12.749371867901));
#958 = DIRECTION('',(1.,3.E-15,-0.));
#959 = DIRECTION('',(0.,0.,1.));
#960 = CYLINDRICAL_SURFACE('',#961,11.25);
#961 = AXIS2_PLACEMENT_3D('',#962,#963,#964);
#962 = CARTESIAN_POINT('',(7.687347181489,9.212210969745,12.749371867901
    ));
#963 = DIRECTION('',(-1.,-3.E-15,0.));
#964 = DIRECTION('',(0.,0.,1.));
#965 = ADVANCED_FACE('',(#966),#991,.F.);
#966 = FACE_BOUND('',#967,.T.);
#967 = EDGE_LOOP('',(#968,#976,#984,#990));
#968 = ORIENTED_EDGE('',*,*,#969,.F.);
#969 = EDGE_CURVE('',#970,#947,#972,.T.);
#970 = VERTEX_POINT('',#971);
#971 = CARTESIAN_POINT('',(-0.212652818511,0.527432142883,
    13.815728622696));
#972 = LINE('',#973,#974);
#973 = CARTESIAN_POINT('',(-0.212652818511,3.629138866763,
    13.434886924555));
#974 = VECTOR('',#975,1.);
#975 = DIRECTION('',(2.977638454924E-15,-0.992546151641,0.121869343405)
  );
#976 = ORIENTED_EDGE('',*,*,#977,.F.);
#977 = EDGE_CURVE('',#978,#970,#980,.T.);
#978 = VERTEX_POINT('',#979);
#979 = CARTESIAN_POINT('',(7.287347181489,0.527432142883,13.815728622696
    ));
#980 = LINE('',#981,#982);
#981 = CARTESIAN_POINT('',(7.687347181489,0.527432142883,13.815728622696
    ));
#982 = VECTOR('',#983,1.);
#983 = DIRECTION('',(-1.,-3.E-15,0.));
#984 = ORIENTED_EDGE('',*,*,#985,.F.);
#985 = EDGE_CURVE('',#938,#978,#986,.T.);
#986 = LINE('',#987,#988);
#987 = CARTESIAN_POINT('',(7.287347181489,3.629138866763,13.434886924555
    ));
#988 = VECTOR('',#989,1.);
#989 = DIRECTION('',(-2.977638454924E-15,0.992546151641,-0.121869343405)
  );
#990 = ORIENTED_EDGE('',*,*,#946,.T.);
#991 = PLANE('',#992);
#992 = AXIS2_PLACEMENT_3D('',#993,#994,#995);
#993 = CARTESIAN_POINT('',(7.687347181489,-1.95393323622,14.120401981209
    ));
#994 = DIRECTION('',(-3.656080302154E-16,0.121869343405,0.992546151641)
  );
#995 = DIRECTION('',(-2.977638454924E-15,0.992546151641,-0.121869343405)
  );
#996 = ADVANCED_FACE('',(#997),#1033,.T.);
#997 = FACE_BOUND('',#998,.T.);
#998 = EDGE_LOOP('',(#999,#1010,#1017,#1026));
#999 = ORIENTED_EDGE('',*,*,#1000,.T.);
#1000 = EDGE_CURVE('',#1001,#1003,#1005,.T.);
#1001 = VERTEX_POINT('',#1002);
#1002 = CARTESIAN_POINT('',(7.687347181489,0.982713226962,
    11.335912670918));
#1003 = VERTEX_POINT('',#1004);
#1004 = CARTESIAN_POINT('',(7.687347181489,0.982713226962,
    14.162831064884));
#1005 = CIRCLE('',#1006,8.35);
#1006 = AXIS2_PLACEMENT_3D('',#1007,#1008,#1009);
#1007 = CARTESIAN_POINT('',(7.687347181489,9.212210969745,
    12.749371867901));
#1008 = DIRECTION('',(-1.,-3.E-15,-0.));
#1009 = DIRECTION('',(0.,0.,-1.));
#1010 = ORIENTED_EDGE('',*,*,#1011,.F.);
#1011 = EDGE_CURVE('',#978,#1003,#1012,.T.);
#1012 = B_SPLINE_CURVE_WITH_KNOTS('',3,(#1013,#1014,#1015,#1016),
  .UNSPECIFIED.,.F.,.F.,(4,4),(-6.982290066634E-02,0.),
  .PIECEWISE_BEZIER_KNOTS.);
#1013 = CARTESIAN_POINT('',(7.287347181489,0.527432142883,
    13.815728622696));
#1014 = CARTESIAN_POINT('',(7.421721030602,0.677180442464,
    13.932724816753));
#1015 = CARTESIAN_POINT('',(7.555171446326,0.828971952225,
    14.048539767931));
#1016 = CARTESIAN_POINT('',(7.687347181489,0.982713226962,
    14.162831064884));
#1017 = ORIENTED_EDGE('',*,*,#1018,.T.);
#1018 = EDGE_CURVE('',#978,#1019,#1021,.T.);
#1019 = VERTEX_POINT('',#1020);
#1020 = CARTESIAN_POINT('',(7.287347181489,0.527432142883,
    11.683015113106));
#1021 = CIRCLE('',#1022,8.75);
#1022 = AXIS2_PLACEMENT_3D('',#1023,#1024,#1025);
#1023 = CARTESIAN_POINT('',(7.287347181489,9.212210969745,
    12.749371867901));
#1024 = DIRECTION('',(1.,3.E-15,0.));
#1025 = DIRECTION('',(0.,0.,-1.));
#1026 = ORIENTED_EDGE('',*,*,#1027,.F.);
#1027 = EDGE_CURVE('',#1001,#1019,#1028,.T.);
#1028 = B_SPLINE_CURVE_WITH_KNOTS('',3,(#1029,#1030,#1031,#1032),
  .UNSPECIFIED.,.F.,.F.,(4,4),(-6.982270016183E-02,0.),
  .PIECEWISE_BEZIER_KNOTS.);
#1029 = CARTESIAN_POINT('',(7.687347181489,0.982713226962,
    11.335912670918));
#1030 = CARTESIAN_POINT('',(7.555171446326,0.828971952225,
    11.450203967871));
#1031 = CARTESIAN_POINT('',(7.421721030602,0.677180442464,11.56601891905
    ));
#1032 = CARTESIAN_POINT('',(7.287347181489,0.527432142883,
    11.683015113106));
#1033 = CONICAL_SURFACE('',#1034,8.55,0.785398163397);
#1034 = AXIS2_PLACEMENT_3D('',#1035,#1036,#1037);
#1035 = CARTESIAN_POINT('',(7.487347181489,9.212210969745,
    12.749371867901));
#1036 = DIRECTION('',(-1.,-3.E-15,0.));
#1037 = DIRECTION('',(0.,0.,-1.));
#1038 = ADVANCED_FACE('',(#1039),#1058,.T.);
#1039 = FACE_BOUND('',#1040,.T.);
#1040 = EDGE_LOOP('',(#1041,#1042,#1043,#1051));
#1041 = ORIENTED_EDGE('',*,*,#985,.T.);
#1042 = ORIENTED_EDGE('',*,*,#1011,.T.);
#1043 = ORIENTED_EDGE('',*,*,#1044,.T.);
#1044 = EDGE_CURVE('',#1003,#1045,#1047,.T.);
#1045 = VERTEX_POINT('',#1046);
#1046 = CARTESIAN_POINT('',(7.687347181489,-2.295386182028,
    14.565331061413));
#1047 = LINE('',#1048,#1049);
#1048 = CARTESIAN_POINT('',(7.687347181489,3.677886604125,
    13.831905385211));
#1049 = VECTOR('',#1050,1.);
#1050 = DIRECTION('',(2.977638454924E-15,-0.992546151641,0.121869343405)
  );
#1051 = ORIENTED_EDGE('',*,*,#1052,.T.);
#1052 = EDGE_CURVE('',#1045,#938,#1053,.T.);
#1053 = B_SPLINE_CURVE_WITH_KNOTS('',3,(#1054,#1055,#1056,#1057),
  .UNSPECIFIED.,.F.,.F.,(4,4),(-6.887844636534E-02,0.),
  .PIECEWISE_BEZIER_KNOTS.);
#1054 = CARTESIAN_POINT('',(7.687347181489,-2.295386182028,
    14.565331061413));
#1055 = CARTESIAN_POINT('',(7.553299161919,-2.183166082518,
    14.41649746897));
#1056 = CARTESIAN_POINT('',(7.419903813324,-2.069347221336,
    14.268125145697));
#1057 = CARTESIAN_POINT('',(7.287347181489,-1.95393323622,
    14.120401981209));
#1058 = PLANE('',#1059);
#1059 = AXIS2_PLACEMENT_3D('',#1060,#1061,#1062);
#1060 = CARTESIAN_POINT('',(7.487347181489,3.653512735444,
    13.633396154883));
#1061 = DIRECTION('',(0.707106781187,-8.617463914053E-02,-0.701836114466
    ));
#1062 = DIRECTION('',(-2.977638454924E-15,0.992546151641,-0.121869343405
    ));
#1063 = ADVANCED_FACE('',(#1064),#1088,.T.);
#1064 = FACE_BOUND('',#1065,.T.);
#1065 = EDGE_LOOP('',(#1066,#1074,#1075,#1081));
#1066 = ORIENTED_EDGE('',*,*,#1067,.T.);
#1067 = EDGE_CURVE('',#1068,#1001,#1070,.T.);
#1068 = VERTEX_POINT('',#1069);
#1069 = CARTESIAN_POINT('',(7.687347181489,-2.295386182028,
    10.933412674389));
#1070 = LINE('',#1071,#1072);
#1071 = CARTESIAN_POINT('',(7.687347181489,4.918569293676,
    11.819175029847));
#1072 = VECTOR('',#1073,1.);
#1073 = DIRECTION('',(-2.977638454924E-15,0.992546151641,0.121869343405)
  );
#1074 = ORIENTED_EDGE('',*,*,#1027,.T.);
#1075 = ORIENTED_EDGE('',*,*,#1076,.T.);
#1076 = EDGE_CURVE('',#1019,#928,#1077,.T.);
#1077 = LINE('',#1078,#1079);
#1078 = CARTESIAN_POINT('',(7.287347181489,4.869821556314,
    12.216193490503));
#1079 = VECTOR('',#1080,1.);
#1080 = DIRECTION('',(2.977638454924E-15,-0.992546151641,-0.121869343405
    ));
#1081 = ORIENTED_EDGE('',*,*,#1082,.F.);
#1082 = EDGE_CURVE('',#1068,#928,#1083,.T.);
#1083 = B_SPLINE_CURVE_WITH_KNOTS('',3,(#1084,#1085,#1086,#1087),
  .UNSPECIFIED.,.F.,.F.,(4,4),(-6.88784463654E-02,0.),
  .PIECEWISE_BEZIER_KNOTS.);
#1084 = CARTESIAN_POINT('',(7.687347181489,-2.295386182028,
    10.933412674389));
#1085 = CARTESIAN_POINT('',(7.553299161919,-2.183166082519,
    11.082246266832));
#1086 = CARTESIAN_POINT('',(7.419903813324,-2.069347221336,
    11.230618590105));
#1087 = CARTESIAN_POINT('',(7.287347181489,-1.95393323622,
    11.378341754593));
#1088 = PLANE('',#1089);
#1089 = AXIS2_PLACEMENT_3D('',#1090,#1091,#1092);
#1090 = CARTESIAN_POINT('',(7.487347181489,4.894195424995,
    12.017684260175));
#1091 = DIRECTION('',(0.707106781187,-8.617463914053E-02,0.701836114466)
  );
#1092 = DIRECTION('',(-2.977638454924E-15,0.992546151641,0.121869343405)
  );
#1093 = ADVANCED_FACE('',(#1094),#1106,.F.);
#1094 = FACE_BOUND('',#1095,.F.);
#1095 = EDGE_LOOP('',(#1096,#1097,#1098,#1099));
#1096 = ORIENTED_EDGE('',*,*,#1052,.T.);
#1097 = ORIENTED_EDGE('',*,*,#937,.F.);
#1098 = ORIENTED_EDGE('',*,*,#1082,.F.);
#1099 = ORIENTED_EDGE('',*,*,#1100,.F.);
#1100 = EDGE_CURVE('',#1045,#1068,#1101,.T.);
#1101 = CIRCLE('',#1102,11.65);
#1102 = AXIS2_PLACEMENT_3D('',#1103,#1104,#1105);
#1103 = CARTESIAN_POINT('',(7.687347181489,9.212210969745,
    12.749371867901));
#1104 = DIRECTION('',(1.,3.E-15,-0.));
#1105 = DIRECTION('',(0.,0.,1.));
#1106 = CONICAL_SURFACE('',#1107,11.45,0.785398163397);
#1107 = AXIS2_PLACEMENT_3D('',#1108,#1109,#1110);
#1108 = CARTESIAN_POINT('',(7.487347181489,9.212210969745,
    12.749371867901));
#1109 = DIRECTION('',(1.,3.E-15,0.));
#1110 = DIRECTION('',(0.,0.,1.));
#1111 = ADVANCED_FACE('',(#1112),#1130,.F.);
#1112 = FACE_BOUND('',#1113,.T.);
#1113 = EDGE_LOOP('',(#1114,#1122,#1123,#1124));
#1114 = ORIENTED_EDGE('',*,*,#1115,.F.);
#1115 = EDGE_CURVE('',#930,#1116,#1118,.T.);
#1116 = VERTEX_POINT('',#1117);
#1117 = CARTESIAN_POINT('',(-0.212652818511,0.527432142883,
    11.683015113106));
#1118 = LINE('',#1119,#1120);
#1119 = CARTESIAN_POINT('',(-0.212652818511,4.869821556314,
    12.216193490503));
#1120 = VECTOR('',#1121,1.);
#1121 = DIRECTION('',(-2.977638454924E-15,0.992546151641,0.121869343405)
  );
#1122 = ORIENTED_EDGE('',*,*,#927,.F.);
#1123 = ORIENTED_EDGE('',*,*,#1076,.F.);
#1124 = ORIENTED_EDGE('',*,*,#1125,.T.);
#1125 = EDGE_CURVE('',#1019,#1116,#1126,.T.);
#1126 = LINE('',#1127,#1128);
#1127 = CARTESIAN_POINT('',(7.687347181489,0.527432142883,
    11.683015113106));
#1128 = VECTOR('',#1129,1.);
#1129 = DIRECTION('',(-1.,-3.E-15,0.));
#1130 = PLANE('',#1131);
#1131 = AXIS2_PLACEMENT_3D('',#1132,#1133,#1134);
#1132 = CARTESIAN_POINT('',(7.687347181489,0.527432142883,
    11.683015113106));
#1133 = DIRECTION('',(-3.656080302154E-16,0.121869343405,-0.992546151641
    ));
#1134 = DIRECTION('',(-1.,-3.E-15,0.));
#1135 = ADVANCED_FACE('',(#1136),#1148,.T.);
#1136 = FACE_BOUND('',#1137,.T.);
#1137 = EDGE_LOOP('',(#1138,#1145,#1146,#1147));
#1138 = ORIENTED_EDGE('',*,*,#1139,.F.);
#1139 = EDGE_CURVE('',#1116,#970,#1140,.T.);
#1140 = CIRCLE('',#1141,8.75);
#1141 = AXIS2_PLACEMENT_3D('',#1142,#1143,#1144);
#1142 = CARTESIAN_POINT('',(-0.212652818511,9.212210969745,
    12.749371867901));
#1143 = DIRECTION('',(-1.,-3.E-15,-0.));
#1144 = DIRECTION('',(0.,0.,-1.));
#1145 = ORIENTED_EDGE('',*,*,#1125,.F.);
#1146 = ORIENTED_EDGE('',*,*,#1018,.F.);
#1147 = ORIENTED_EDGE('',*,*,#977,.T.);
#1148 = CYLINDRICAL_SURFACE('',#1149,8.75);
#1149 = AXIS2_PLACEMENT_3D('',#1150,#1151,#1152);
#1150 = CARTESIAN_POINT('',(7.687347181489,9.212210969745,
    12.749371867901));
#1151 = DIRECTION('',(-1.,-3.E-15,0.));
#1152 = DIRECTION('',(0.,0.,-1.));
#1153 = ADVANCED_FACE('',(#1154),#1182,.F.);
#1154 = FACE_BOUND('',#1155,.F.);
#1155 = EDGE_LOOP('',(#1156,#1165,#1166,#1175));
#1156 = ORIENTED_EDGE('',*,*,#1157,.F.);
#1157 = EDGE_CURVE('',#930,#1158,#1160,.T.);
#1158 = VERTEX_POINT('',#1159);
#1159 = CARTESIAN_POINT('',(-0.612652818511,-2.295386182028,
    10.933412674389));
#1160 = B_SPLINE_CURVE_WITH_KNOTS('',3,(#1161,#1162,#1163,#1164),
  .UNSPECIFIED.,.F.,.F.,(4,4),(-6.887836704766E-02,0.),
  .PIECEWISE_BEZIER_KNOTS.);
#1161 = CARTESIAN_POINT('',(-0.212652818511,-1.95393323622,
    11.378341754593));
#1162 = CARTESIAN_POINT('',(-0.345209450346,-2.069347221336,
    11.230618590105));
#1163 = CARTESIAN_POINT('',(-0.478604798941,-2.183166082519,
    11.082246266832));
#1164 = CARTESIAN_POINT('',(-0.612652818511,-2.295386182028,
    10.933412674389));
#1165 = ORIENTED_EDGE('',*,*,#954,.F.);
#1166 = ORIENTED_EDGE('',*,*,#1167,.T.);
#1167 = EDGE_CURVE('',#947,#1168,#1170,.T.);
#1168 = VERTEX_POINT('',#1169);
#1169 = CARTESIAN_POINT('',(-0.612652818511,-2.295386182028,
    14.565331061413));
#1170 = B_SPLINE_CURVE_WITH_KNOTS('',3,(#1171,#1172,#1173,#1174),
  .UNSPECIFIED.,.F.,.F.,(4,4),(-6.887836704778E-02,0.),
  .PIECEWISE_BEZIER_KNOTS.);
#1171 = CARTESIAN_POINT('',(-0.212652818511,-1.95393323622,
    14.120401981209));
#1172 = CARTESIAN_POINT('',(-0.345209450346,-2.069347221336,
    14.268125145697));
#1173 = CARTESIAN_POINT('',(-0.478604798941,-2.183166082519,
    14.41649746897));
#1174 = CARTESIAN_POINT('',(-0.612652818511,-2.295386182028,
    14.565331061413));
#1175 = ORIENTED_EDGE('',*,*,#1176,.F.);
#1176 = EDGE_CURVE('',#1158,#1168,#1177,.T.);
#1177 = CIRCLE('',#1178,11.65);
#1178 = AXIS2_PLACEMENT_3D('',#1179,#1180,#1181);
#1179 = CARTESIAN_POINT('',(-0.612652818511,9.212210969745,
    12.749371867901));
#1180 = DIRECTION('',(-1.,-3.E-15,0.));
#1181 = DIRECTION('',(0.,0.,1.));
#1182 = CONICAL_SURFACE('',#1183,11.45,0.785398163397);
#1183 = AXIS2_PLACEMENT_3D('',#1184,#1185,#1186);
#1184 = CARTESIAN_POINT('',(-0.412652818511,9.212210969745,
    12.749371867901));
#1185 = DIRECTION('',(-1.,-3.E-15,0.));
#1186 = DIRECTION('',(0.,0.,1.));
#1187 = ADVANCED_FACE('',(#1188),#1216,.T.);
#1188 = FACE_BOUND('',#1189,.T.);
#1189 = EDGE_LOOP('',(#1190,#1201,#1208,#1209));
#1190 = ORIENTED_EDGE('',*,*,#1191,.T.);
#1191 = EDGE_CURVE('',#1192,#1194,#1196,.T.);
#1192 = VERTEX_POINT('',#1193);
#1193 = CARTESIAN_POINT('',(-0.612652818511,0.982713226962,
    14.162831064884));
#1194 = VERTEX_POINT('',#1195);
#1195 = CARTESIAN_POINT('',(-0.612652818511,0.982713226962,
    11.335912670918));
#1196 = CIRCLE('',#1197,8.35);
#1197 = AXIS2_PLACEMENT_3D('',#1198,#1199,#1200);
#1198 = CARTESIAN_POINT('',(-0.612652818511,9.212210969745,
    12.749371867901));
#1199 = DIRECTION('',(1.,3.E-15,0.));
#1200 = DIRECTION('',(0.,0.,-1.));
#1201 = ORIENTED_EDGE('',*,*,#1202,.F.);
#1202 = EDGE_CURVE('',#1116,#1194,#1203,.T.);
#1203 = B_SPLINE_CURVE_WITH_KNOTS('',3,(#1204,#1205,#1206,#1207),
  .UNSPECIFIED.,.F.,.F.,(4,4),(-6.982290066637E-02,0.),
  .PIECEWISE_BEZIER_KNOTS.);
#1204 = CARTESIAN_POINT('',(-0.212652818511,0.527432142883,
    11.683015113106));
#1205 = CARTESIAN_POINT('',(-0.347026667624,0.677180442464,
    11.56601891905));
#1206 = CARTESIAN_POINT('',(-0.480477083348,0.828971952225,
    11.450203967871));
#1207 = CARTESIAN_POINT('',(-0.612652818511,0.982713226962,
    11.335912670918));
#1208 = ORIENTED_EDGE('',*,*,#1139,.T.);
#1209 = ORIENTED_EDGE('',*,*,#1210,.F.);
#1210 = EDGE_CURVE('',#1192,#970,#1211,.T.);
#1211 = B_SPLINE_CURVE_WITH_KNOTS('',3,(#1212,#1213,#1214,#1215),
  .UNSPECIFIED.,.F.,.F.,(4,4),(-6.982270016191E-02,0.),
  .PIECEWISE_BEZIER_KNOTS.);
#1212 = CARTESIAN_POINT('',(-0.612652818511,0.982713226962,
    14.162831064884));
#1213 = CARTESIAN_POINT('',(-0.480477083348,0.828971952225,
    14.048539767931));
#1214 = CARTESIAN_POINT('',(-0.347026667624,0.677180442464,
    13.932724816753));
#1215 = CARTESIAN_POINT('',(-0.212652818511,0.527432142883,
    13.815728622696));
#1216 = CONICAL_SURFACE('',#1217,8.55,0.785398163397);
#1217 = AXIS2_PLACEMENT_3D('',#1218,#1219,#1220);
#1218 = CARTESIAN_POINT('',(-0.412652818511,9.212210969745,
    12.749371867901));
#1219 = DIRECTION('',(1.,3.E-15,0.));
#1220 = DIRECTION('',(0.,0.,-1.));
#1221 = ADVANCED_FACE('',(#1222),#1233,.T.);
#1222 = FACE_BOUND('',#1223,.T.);
#1223 = EDGE_LOOP('',(#1224,#1225,#1226,#1232));
#1224 = ORIENTED_EDGE('',*,*,#1115,.T.);
#1225 = ORIENTED_EDGE('',*,*,#1202,.T.);
#1226 = ORIENTED_EDGE('',*,*,#1227,.T.);
#1227 = EDGE_CURVE('',#1194,#1158,#1228,.T.);
#1228 = LINE('',#1229,#1230);
#1229 = CARTESIAN_POINT('',(-0.612652818511,4.918569293676,
    11.819175029847));
#1230 = VECTOR('',#1231,1.);
#1231 = DIRECTION('',(2.977638454924E-15,-0.992546151641,-0.121869343405
    ));
#1232 = ORIENTED_EDGE('',*,*,#1157,.F.);
#1233 = PLANE('',#1234);
#1234 = AXIS2_PLACEMENT_3D('',#1235,#1236,#1237);
#1235 = CARTESIAN_POINT('',(-0.412652818511,4.894195424995,
    12.017684260175));
#1236 = DIRECTION('',(-0.707106781187,-8.617463914053E-02,0.701836114466
    ));
#1237 = DIRECTION('',(-0.704456660303,-2.127247768717E-15,
    -0.709747006865));
#1238 = ADVANCED_FACE('',(#1239),#1250,.T.);
#1239 = FACE_BOUND('',#1240,.T.);
#1240 = EDGE_LOOP('',(#1241,#1247,#1248,#1249));
#1241 = ORIENTED_EDGE('',*,*,#1242,.T.);
#1242 = EDGE_CURVE('',#1168,#1192,#1243,.T.);
#1243 = LINE('',#1244,#1245);
#1244 = CARTESIAN_POINT('',(-0.612652818511,3.677886604125,
    13.831905385211));
#1245 = VECTOR('',#1246,1.);
#1246 = DIRECTION('',(-2.977638454924E-15,0.992546151641,-0.121869343405
    ));
#1247 = ORIENTED_EDGE('',*,*,#1210,.T.);
#1248 = ORIENTED_EDGE('',*,*,#969,.T.);
#1249 = ORIENTED_EDGE('',*,*,#1167,.T.);
#1250 = PLANE('',#1251);
#1251 = AXIS2_PLACEMENT_3D('',#1252,#1253,#1254);
#1252 = CARTESIAN_POINT('',(-0.412652818511,3.653512735444,
    13.633396154883));
#1253 = DIRECTION('',(-0.707106781187,-8.617463914053E-02,
    -0.701836114466));
#1254 = DIRECTION('',(0.120974291151,-0.992655640633,-6.938893903907E-18
    ));
#1255 = ADVANCED_FACE('',(#1256),#1292,.F.);
#1256 = FACE_BOUND('',#1257,.F.);
#1257 = EDGE_LOOP('',(#1258,#1268,#1277,#1285));
#1258 = ORIENTED_EDGE('',*,*,#1259,.F.);
#1259 = EDGE_CURVE('',#1260,#1262,#1264,.T.);
#1260 = VERTEX_POINT('',#1261);
#1261 = CARTESIAN_POINT('',(7.287347181489,-3.776923751527E-02,
    6.346219037826));
#1262 = VERTEX_POINT('',#1263);
#1263 = CARTESIAN_POINT('',(-0.212652818511,-3.776923751529E-02,
    6.346219037826));
#1264 = LINE('',#1265,#1266);
#1265 = CARTESIAN_POINT('',(7.687347181489,-3.776923751527E-02,
    6.346219037826));
#1266 = VECTOR('',#1267,1.);
#1267 = DIRECTION('',(-1.,-3.E-15,0.));
#1268 = ORIENTED_EDGE('',*,*,#1269,.T.);
#1269 = EDGE_CURVE('',#1260,#1270,#1272,.T.);
#1270 = VERTEX_POINT('',#1271);
#1271 = CARTESIAN_POINT('',(7.287347181489,-1.312068163963,
    8.774192788187));
#1272 = CIRCLE('',#1273,11.25);
#1273 = AXIS2_PLACEMENT_3D('',#1274,#1275,#1276);
#1274 = CARTESIAN_POINT('',(7.287347181489,9.212210969745,
    12.749371867901));
#1275 = DIRECTION('',(-1.,-3.E-15,0.));
#1276 = DIRECTION('',(1.394169516131E-15,-0.464723172044,0.885456025653)
  );
#1277 = ORIENTED_EDGE('',*,*,#1278,.T.);
#1278 = EDGE_CURVE('',#1270,#1279,#1281,.T.);
#1279 = VERTEX_POINT('',#1280);
#1280 = CARTESIAN_POINT('',(-0.212652818511,-1.312068163963,
    8.774192788187));
#1281 = LINE('',#1282,#1283);
#1282 = CARTESIAN_POINT('',(7.687347181489,-1.312068163963,
    8.774192788187));
#1283 = VECTOR('',#1284,1.);
#1284 = DIRECTION('',(-1.,-3.E-15,0.));
#1285 = ORIENTED_EDGE('',*,*,#1286,.T.);
#1286 = EDGE_CURVE('',#1279,#1262,#1287,.T.);
#1287 = CIRCLE('',#1288,11.25);
#1288 = AXIS2_PLACEMENT_3D('',#1289,#1290,#1291);
#1289 = CARTESIAN_POINT('',(-0.212652818511,9.212210969745,
    12.749371867901));
#1290 = DIRECTION('',(1.,3.E-15,0.));
#1291 = DIRECTION('',(1.394169516131E-15,-0.464723172044,0.885456025653)
  );
#1292 = CYLINDRICAL_SURFACE('',#1293,11.25);
#1293 = AXIS2_PLACEMENT_3D('',#1294,#1295,#1296);
#1294 = CARTESIAN_POINT('',(7.687347181489,9.212210969745,
    12.749371867901));
#1295 = DIRECTION('',(-1.,-3.E-15,0.));
#1296 = DIRECTION('',(1.394169516131E-15,-0.464723172044,0.885456025653)
  );
#1297 = ADVANCED_FACE('',(#1298),#1323,.F.);
#1298 = FACE_BOUND('',#1299,.T.);
#1299 = EDGE_LOOP('',(#1300,#1308,#1316,#1322));
#1300 = ORIENTED_EDGE('',*,*,#1301,.F.);
#1301 = EDGE_CURVE('',#1302,#1279,#1304,.T.);
#1302 = VERTEX_POINT('',#1303);
#1303 = CARTESIAN_POINT('',(-0.212652818511,1.026660532416,
    9.657565917013));
#1304 = LINE('',#1305,#1306);
#1305 = CARTESIAN_POINT('',(-0.212652818511,3.950071402891,
    10.761782328044));
#1306 = VECTOR('',#1307,1.);
#1307 = DIRECTION('',(2.806474435656E-15,-0.935491478552,-0.35334925153)
  );
#1308 = ORIENTED_EDGE('',*,*,#1309,.F.);
#1309 = EDGE_CURVE('',#1310,#1302,#1312,.T.);
#1310 = VERTEX_POINT('',#1311);
#1311 = CARTESIAN_POINT('',(7.287347181489,1.026660532416,9.657565917013
    ));
#1312 = LINE('',#1313,#1314);
#1313 = CARTESIAN_POINT('',(7.687347181489,1.026660532416,9.657565917013
    ));
#1314 = VECTOR('',#1315,1.);
#1315 = DIRECTION('',(-1.,-3.E-15,0.));
#1316 = ORIENTED_EDGE('',*,*,#1317,.F.);
#1317 = EDGE_CURVE('',#1270,#1310,#1318,.T.);
#1318 = LINE('',#1319,#1320);
#1319 = CARTESIAN_POINT('',(7.287347181489,3.950071402891,
    10.761782328044));
#1320 = VECTOR('',#1321,1.);
#1321 = DIRECTION('',(-2.806474435656E-15,0.935491478552,0.35334925153)
  );
#1322 = ORIENTED_EDGE('',*,*,#1278,.T.);
#1323 = PLANE('',#1324);
#1324 = AXIS2_PLACEMENT_3D('',#1325,#1326,#1327);
#1325 = CARTESIAN_POINT('',(7.687347181489,-1.312068163963,
    8.774192788187));
#1326 = DIRECTION('',(1.06004775459E-15,-0.35334925153,0.935491478552));
#1327 = DIRECTION('',(-1.,-3.E-15,0.));
#1328 = ADVANCED_FACE('',(#1329),#1365,.T.);
#1329 = FACE_BOUND('',#1330,.T.);
#1330 = EDGE_LOOP('',(#1331,#1342,#1349,#1358));
#1331 = ORIENTED_EDGE('',*,*,#1332,.T.);
#1332 = EDGE_CURVE('',#1333,#1335,#1337,.T.);
#1333 = VERTEX_POINT('',#1334);
#1334 = CARTESIAN_POINT('',(7.687347181489,2.582219846875,7.673377609565
    ));
#1335 = VERTEX_POINT('',#1336);
#1336 = CARTESIAN_POINT('',(7.687347181489,1.268485363722,
    10.176489535531));
#1337 = CIRCLE('',#1338,8.35);
#1338 = AXIS2_PLACEMENT_3D('',#1339,#1340,#1341);
#1339 = CARTESIAN_POINT('',(7.687347181489,9.212210969745,
    12.749371867901));
#1340 = DIRECTION('',(-1.,-3.E-15,0.));
#1341 = DIRECTION('',(-1.394169516131E-15,0.464723172044,-0.885456025653
    ));
#1342 = ORIENTED_EDGE('',*,*,#1343,.F.);
#1343 = EDGE_CURVE('',#1310,#1335,#1344,.T.);
#1344 = B_SPLINE_CURVE_WITH_KNOTS('',3,(#1345,#1346,#1347,#1348),
  .UNSPECIFIED.,.F.,.F.,(4,4),(-6.982290066636E-02,0.),
  .PIECEWISE_BEZIER_KNOTS.);
#1345 = CARTESIAN_POINT('',(7.287347181489,1.026660532416,9.657565917013
    ));
#1346 = CARTESIAN_POINT('',(7.421721030602,1.104885224193,9.830752406808
    ));
#1347 = CARTESIAN_POINT('',(7.555171446326,1.185468039671,
    10.003842485095));
#1348 = CARTESIAN_POINT('',(7.687347181489,1.268485363722,
    10.176489535531));
#1349 = ORIENTED_EDGE('',*,*,#1350,.T.);
#1350 = EDGE_CURVE('',#1310,#1351,#1353,.T.);
#1351 = VERTEX_POINT('',#1352);
#1352 = CARTESIAN_POINT('',(7.287347181489,2.017781919654,7.769141888954
    ));
#1353 = CIRCLE('',#1354,8.75);
#1354 = AXIS2_PLACEMENT_3D('',#1355,#1356,#1357);
#1355 = CARTESIAN_POINT('',(7.287347181489,9.212210969745,
    12.749371867901));
#1356 = DIRECTION('',(1.,3.E-15,0.));
#1357 = DIRECTION('',(-1.394169516131E-15,0.464723172044,-0.885456025653
    ));
#1358 = ORIENTED_EDGE('',*,*,#1359,.F.);
#1359 = EDGE_CURVE('',#1333,#1351,#1360,.T.);
#1360 = B_SPLINE_CURVE_WITH_KNOTS('',3,(#1361,#1362,#1363,#1364),
  .UNSPECIFIED.,.F.,.F.,(4,4),(-6.982270016185E-02,0.),
  .PIECEWISE_BEZIER_KNOTS.);
#1361 = CARTESIAN_POINT('',(7.687347181489,2.582219846875,7.673377609565
    ));
#1362 = CARTESIAN_POINT('',(7.555171446326,2.39297489471,7.703130394261)
  );
#1363 = CARTESIAN_POINT('',(7.421721030602,2.204748296268,7.735138408738
    ));
#1364 = CARTESIAN_POINT('',(7.287347181489,2.017781919654,7.769141888954
    ));
#1365 = CONICAL_SURFACE('',#1366,8.55,0.785398163397);
#1366 = AXIS2_PLACEMENT_3D('',#1367,#1368,#1369);
#1367 = CARTESIAN_POINT('',(7.487347181489,9.212210969745,
    12.749371867901));
#1368 = DIRECTION('',(-1.,-3.E-15,0.));
#1369 = DIRECTION('',(-1.394169516131E-15,0.464723172044,-0.885456025653
    ));
#1370 = ADVANCED_FACE('',(#1371),#1390,.T.);
#1371 = FACE_BOUND('',#1372,.T.);
#1372 = EDGE_LOOP('',(#1373,#1374,#1375,#1383));
#1373 = ORIENTED_EDGE('',*,*,#1317,.T.);
#1374 = ORIENTED_EDGE('',*,*,#1343,.T.);
#1375 = ORIENTED_EDGE('',*,*,#1376,.T.);
#1376 = EDGE_CURVE('',#1335,#1377,#1379,.T.);
#1377 = VERTEX_POINT('',#1378);
#1378 = CARTESIAN_POINT('',(7.687347181489,-1.821178585793,
    9.009476827162));
#1379 = LINE('',#1380,#1381);
#1380 = CARTESIAN_POINT('',(7.687347181489,3.808731702279,
    11.135978919465));
#1381 = VECTOR('',#1382,1.);
#1382 = DIRECTION('',(2.806474435656E-15,-0.935491478552,-0.35334925153)
  );
#1383 = ORIENTED_EDGE('',*,*,#1384,.T.);
#1384 = EDGE_CURVE('',#1377,#1270,#1385,.T.);
#1385 = B_SPLINE_CURVE_WITH_KNOTS('',3,(#1386,#1387,#1388,#1389),
  .UNSPECIFIED.,.F.,.F.,(4,4),(-6.887844636533E-02,0.),
  .PIECEWISE_BEZIER_KNOTS.);
#1386 = CARTESIAN_POINT('',(7.687347181489,-1.821178585793,
    9.009476827162));
#1387 = CARTESIAN_POINT('',(7.553299161919,-1.652646203296,
    8.929842506525));
#1388 = CARTESIAN_POINT('',(7.419903813324,-1.482912550114,8.85135960105
    ));
#1389 = CARTESIAN_POINT('',(7.287347181489,-1.312068163963,
    8.774192788187));
#1390 = PLANE('',#1391);
#1391 = AXIS2_PLACEMENT_3D('',#1392,#1393,#1394);
#1392 = CARTESIAN_POINT('',(7.487347181489,3.879401552585,
    10.948880623755));
#1393 = DIRECTION('',(0.707106781187,0.249855651884,-0.661492368226));
#1394 = DIRECTION('',(-2.77871886004E-15,0.935491478552,0.35334925153));
#1395 = ADVANCED_FACE('',(#1396),#1420,.T.);
#1396 = FACE_BOUND('',#1397,.T.);
#1397 = EDGE_LOOP('',(#1398,#1406,#1407,#1413));
#1398 = ORIENTED_EDGE('',*,*,#1399,.T.);
#1399 = EDGE_CURVE('',#1400,#1333,#1402,.T.);
#1400 = VERTEX_POINT('',#1401);
#1401 = CARTESIAN_POINT('',(7.687347181489,-0.133341952372,
    5.793572806692));
#1402 = LINE('',#1403,#1404);
#1403 = CARTESIAN_POINT('',(7.687347181489,5.84266410088,9.930368693281)
  );
#1404 = VECTOR('',#1405,1.);
#1405 = DIRECTION('',(-2.466661388603E-15,0.822220462868,0.569169140451)
  );
#1406 = ORIENTED_EDGE('',*,*,#1359,.T.);
#1407 = ORIENTED_EDGE('',*,*,#1408,.T.);
#1408 = EDGE_CURVE('',#1351,#1260,#1409,.T.);
#1409 = LINE('',#1410,#1411);
#1410 = CARTESIAN_POINT('',(7.287347181489,5.614996444699,
    10.259256878428));
#1411 = VECTOR('',#1412,1.);
#1412 = DIRECTION('',(2.466661388603E-15,-0.822220462868,-0.569169140451
    ));
#1413 = ORIENTED_EDGE('',*,*,#1414,.F.);
#1414 = EDGE_CURVE('',#1400,#1260,#1415,.T.);
#1415 = B_SPLINE_CURVE_WITH_KNOTS('',3,(#1416,#1417,#1418,#1419),
  .UNSPECIFIED.,.F.,.F.,(4,4),(-6.88784463654E-02,0.),
  .PIECEWISE_BEZIER_KNOTS.);
#1416 = CARTESIAN_POINT('',(7.687347181489,-0.133341952372,
    5.793572806692));
#1417 = CARTESIAN_POINT('',(7.553299161919,-0.103142408248,
    5.977509688551));
#1418 = CARTESIAN_POINT('',(7.419903813324,-7.131286849613E-02,
    6.161781118441));
#1419 = CARTESIAN_POINT('',(7.287347181489,-3.776923751527E-02,
    6.346219037826));
#1420 = PLANE('',#1421);
#1421 = AXIS2_PLACEMENT_3D('',#1422,#1423,#1424);
#1422 = CARTESIAN_POINT('',(7.487347181489,5.72883027279,10.094812785854
    ));
#1423 = DIRECTION('',(0.707106781187,-0.402463358855,0.581397664924));
#1424 = DIRECTION('',(-2.494416964218E-15,0.822220462868,0.569169140451)
  );
#1425 = ADVANCED_FACE('',(#1426),#1438,.F.);
#1426 = FACE_BOUND('',#1427,.F.);
#1427 = EDGE_LOOP('',(#1428,#1429,#1430,#1431));
#1428 = ORIENTED_EDGE('',*,*,#1384,.T.);
#1429 = ORIENTED_EDGE('',*,*,#1269,.F.);
#1430 = ORIENTED_EDGE('',*,*,#1414,.F.);
#1431 = ORIENTED_EDGE('',*,*,#1432,.F.);
#1432 = EDGE_CURVE('',#1377,#1400,#1433,.T.);
#1433 = CIRCLE('',#1434,11.65);
#1434 = AXIS2_PLACEMENT_3D('',#1435,#1436,#1437);
#1435 = CARTESIAN_POINT('',(7.687347181489,9.212210969745,
    12.749371867901));
#1436 = DIRECTION('',(1.,3.E-15,0.));
#1437 = DIRECTION('',(1.394169516131E-15,-0.464723172044,0.885456025653)
  );
#1438 = CONICAL_SURFACE('',#1439,11.45,0.785398163397);
#1439 = AXIS2_PLACEMENT_3D('',#1440,#1441,#1442);
#1440 = CARTESIAN_POINT('',(7.487347181489,9.212210969745,
    12.749371867901));
#1441 = DIRECTION('',(1.,3.E-15,0.));
#1442 = DIRECTION('',(1.394169516131E-15,-0.464723172044,0.885456025653)
  );
#1443 = ADVANCED_FACE('',(#1444),#1462,.F.);
#1444 = FACE_BOUND('',#1445,.T.);
#1445 = EDGE_LOOP('',(#1446,#1454,#1455,#1456));
#1446 = ORIENTED_EDGE('',*,*,#1447,.F.);
#1447 = EDGE_CURVE('',#1262,#1448,#1450,.T.);
#1448 = VERTEX_POINT('',#1449);
#1449 = CARTESIAN_POINT('',(-0.212652818511,2.017781919654,
    7.769141888954));
#1450 = LINE('',#1451,#1452);
#1451 = CARTESIAN_POINT('',(-0.212652818511,5.614996444699,
    10.259256878428));
#1452 = VECTOR('',#1453,1.);
#1453 = DIRECTION('',(-2.466661388603E-15,0.822220462868,0.569169140451)
  );
#1454 = ORIENTED_EDGE('',*,*,#1259,.F.);
#1455 = ORIENTED_EDGE('',*,*,#1408,.F.);
#1456 = ORIENTED_EDGE('',*,*,#1457,.T.);
#1457 = EDGE_CURVE('',#1351,#1448,#1458,.T.);
#1458 = LINE('',#1459,#1460);
#1459 = CARTESIAN_POINT('',(7.687347181489,2.017781919654,7.769141888954
    ));
#1460 = VECTOR('',#1461,1.);
#1461 = DIRECTION('',(-1.,-3.E-15,0.));
#1462 = PLANE('',#1463);
#1463 = AXIS2_PLACEMENT_3D('',#1464,#1465,#1466);
#1464 = CARTESIAN_POINT('',(7.687347181489,2.017781919654,7.769141888954
    ));
#1465 = DIRECTION('',(-1.707507421353E-15,0.569169140451,-0.822220462868
    ));
#1466 = DIRECTION('',(-1.,-3.E-15,0.));
#1467 = ADVANCED_FACE('',(#1468),#1480,.T.);
#1468 = FACE_BOUND('',#1469,.T.);
#1469 = EDGE_LOOP('',(#1470,#1477,#1478,#1479));
#1470 = ORIENTED_EDGE('',*,*,#1471,.F.);
#1471 = EDGE_CURVE('',#1448,#1302,#1472,.T.);
#1472 = CIRCLE('',#1473,8.75);
#1473 = AXIS2_PLACEMENT_3D('',#1474,#1475,#1476);
#1474 = CARTESIAN_POINT('',(-0.212652818511,9.212210969745,
    12.749371867901));
#1475 = DIRECTION('',(-1.,-3.E-15,0.));
#1476 = DIRECTION('',(-1.394169516131E-15,0.464723172044,-0.885456025653
    ));
#1477 = ORIENTED_EDGE('',*,*,#1457,.F.);
#1478 = ORIENTED_EDGE('',*,*,#1350,.F.);
#1479 = ORIENTED_EDGE('',*,*,#1309,.T.);
#1480 = CYLINDRICAL_SURFACE('',#1481,8.75);
#1481 = AXIS2_PLACEMENT_3D('',#1482,#1483,#1484);
#1482 = CARTESIAN_POINT('',(7.687347181489,9.212210969745,
    12.749371867901));
#1483 = DIRECTION('',(-1.,-3.E-15,0.));
#1484 = DIRECTION('',(-1.394169516131E-15,0.464723172044,-0.885456025653
    ));
#1485 = ADVANCED_FACE('',(#1486),#1514,.F.);
#1486 = FACE_BOUND('',#1487,.F.);
#1487 = EDGE_LOOP('',(#1488,#1497,#1498,#1507));
#1488 = ORIENTED_EDGE('',*,*,#1489,.F.);
#1489 = EDGE_CURVE('',#1262,#1490,#1492,.T.);
#1490 = VERTEX_POINT('',#1491);
#1491 = CARTESIAN_POINT('',(-0.612652818511,-0.133341952372,
    5.793572806692));
#1492 = B_SPLINE_CURVE_WITH_KNOTS('',3,(#1493,#1494,#1495,#1496),
  .UNSPECIFIED.,.F.,.F.,(4,4),(-6.887836704767E-02,0.),
  .PIECEWISE_BEZIER_KNOTS.);
#1493 = CARTESIAN_POINT('',(-0.212652818511,-3.776923751529E-02,
    6.346219037826));
#1494 = CARTESIAN_POINT('',(-0.345209450346,-7.131286849615E-02,
    6.161781118441));
#1495 = CARTESIAN_POINT('',(-0.478604798941,-0.103142408248,
    5.977509688551));
#1496 = CARTESIAN_POINT('',(-0.612652818511,-0.133341952372,
    5.793572806692));
#1497 = ORIENTED_EDGE('',*,*,#1286,.F.);
#1498 = ORIENTED_EDGE('',*,*,#1499,.T.);
#1499 = EDGE_CURVE('',#1279,#1500,#1502,.T.);
#1500 = VERTEX_POINT('',#1501);
#1501 = CARTESIAN_POINT('',(-0.612652818511,-1.821178585793,
    9.009476827162));
#1502 = B_SPLINE_CURVE_WITH_KNOTS('',3,(#1503,#1504,#1505,#1506),
  .UNSPECIFIED.,.F.,.F.,(4,4),(-6.887836704781E-02,0.),
  .PIECEWISE_BEZIER_KNOTS.);
#1503 = CARTESIAN_POINT('',(-0.212652818511,-1.312068163963,
    8.774192788187));
#1504 = CARTESIAN_POINT('',(-0.345209450346,-1.482912550114,
    8.85135960105));
#1505 = CARTESIAN_POINT('',(-0.478604798941,-1.652646203296,
    8.929842506525));
#1506 = CARTESIAN_POINT('',(-0.612652818511,-1.821178585793,
    9.009476827162));
#1507 = ORIENTED_EDGE('',*,*,#1508,.F.);
#1508 = EDGE_CURVE('',#1490,#1500,#1509,.T.);
#1509 = CIRCLE('',#1510,11.65);
#1510 = AXIS2_PLACEMENT_3D('',#1511,#1512,#1513);
#1511 = CARTESIAN_POINT('',(-0.612652818511,9.212210969745,
    12.749371867901));
#1512 = DIRECTION('',(-1.,-3.E-15,0.));
#1513 = DIRECTION('',(1.394169516131E-15,-0.464723172044,0.885456025653)
  );
#1514 = CONICAL_SURFACE('',#1515,11.45,0.785398163397);
#1515 = AXIS2_PLACEMENT_3D('',#1516,#1517,#1518);
#1516 = CARTESIAN_POINT('',(-0.412652818511,9.212210969745,
    12.749371867901));
#1517 = DIRECTION('',(-1.,-3.E-15,0.));
#1518 = DIRECTION('',(1.394169516131E-15,-0.464723172044,0.885456025653)
  );
#1519 = ADVANCED_FACE('',(#1520),#1548,.T.);
#1520 = FACE_BOUND('',#1521,.T.);
#1521 = EDGE_LOOP('',(#1522,#1533,#1540,#1541));
#1522 = ORIENTED_EDGE('',*,*,#1523,.T.);
#1523 = EDGE_CURVE('',#1524,#1526,#1528,.T.);
#1524 = VERTEX_POINT('',#1525);
#1525 = CARTESIAN_POINT('',(-0.612652818511,1.268485363722,
    10.176489535531));
#1526 = VERTEX_POINT('',#1527);
#1527 = CARTESIAN_POINT('',(-0.612652818511,2.582219846875,
    7.673377609565));
#1528 = CIRCLE('',#1529,8.35);
#1529 = AXIS2_PLACEMENT_3D('',#1530,#1531,#1532);
#1530 = CARTESIAN_POINT('',(-0.612652818511,9.212210969745,
    12.749371867901));
#1531 = DIRECTION('',(1.,3.E-15,0.));
#1532 = DIRECTION('',(-1.394169516131E-15,0.464723172044,-0.885456025653
    ));
#1533 = ORIENTED_EDGE('',*,*,#1534,.F.);
#1534 = EDGE_CURVE('',#1448,#1526,#1535,.T.);
#1535 = B_SPLINE_CURVE_WITH_KNOTS('',3,(#1536,#1537,#1538,#1539),
  .UNSPECIFIED.,.F.,.F.,(4,4),(-6.982290066636E-02,0.),
  .PIECEWISE_BEZIER_KNOTS.);
#1536 = CARTESIAN_POINT('',(-0.212652818511,2.017781919654,
    7.769141888954));
#1537 = CARTESIAN_POINT('',(-0.347026667624,2.204748296268,
    7.735138408738));
#1538 = CARTESIAN_POINT('',(-0.480477083348,2.39297489471,7.703130394261
    ));
#1539 = CARTESIAN_POINT('',(-0.612652818511,2.582219846875,
    7.673377609565));
#1540 = ORIENTED_EDGE('',*,*,#1471,.T.);
#1541 = ORIENTED_EDGE('',*,*,#1542,.F.);
#1542 = EDGE_CURVE('',#1524,#1302,#1543,.T.);
#1543 = B_SPLINE_CURVE_WITH_KNOTS('',3,(#1544,#1545,#1546,#1547),
  .UNSPECIFIED.,.F.,.F.,(4,4),(-6.982270016186E-02,0.),
  .PIECEWISE_BEZIER_KNOTS.);
#1544 = CARTESIAN_POINT('',(-0.612652818511,1.268485363722,
    10.176489535531));
#1545 = CARTESIAN_POINT('',(-0.480477083348,1.185468039671,
    10.003842485095));
#1546 = CARTESIAN_POINT('',(-0.347026667624,1.104885224193,
    9.830752406808));
#1547 = CARTESIAN_POINT('',(-0.212652818511,1.026660532416,
    9.657565917013));
#1548 = CONICAL_SURFACE('',#1549,8.55,0.785398163397);
#1549 = AXIS2_PLACEMENT_3D('',#1550,#1551,#1552);
#1550 = CARTESIAN_POINT('',(-0.412652818511,9.212210969745,
    12.749371867901));
#1551 = DIRECTION('',(1.,3.E-15,0.));
#1552 = DIRECTION('',(-1.394169516131E-15,0.464723172044,-0.885456025653
    ));
#1553 = ADVANCED_FACE('',(#1554),#1565,.T.);
#1554 = FACE_BOUND('',#1555,.T.);
#1555 = EDGE_LOOP('',(#1556,#1557,#1558,#1564));
#1556 = ORIENTED_EDGE('',*,*,#1447,.T.);
#1557 = ORIENTED_EDGE('',*,*,#1534,.T.);
#1558 = ORIENTED_EDGE('',*,*,#1559,.T.);
#1559 = EDGE_CURVE('',#1526,#1490,#1560,.T.);
#1560 = LINE('',#1561,#1562);
#1561 = CARTESIAN_POINT('',(-0.612652818511,5.84266410088,9.930368693281
    ));
#1562 = VECTOR('',#1563,1.);
#1563 = DIRECTION('',(2.466661388603E-15,-0.822220462868,-0.569169140451
    ));
#1564 = ORIENTED_EDGE('',*,*,#1489,.F.);
#1565 = PLANE('',#1566);
#1566 = AXIS2_PLACEMENT_3D('',#1567,#1568,#1569);
#1567 = CARTESIAN_POINT('',(-0.412652818511,5.72883027279,
    10.094812785854));
#1568 = DIRECTION('',(-0.707106781187,-0.402463358855,0.581397664924));
#1569 = DIRECTION('',(-0.635104588774,-1.905313766322E-15,
    -0.772426152663));
#1570 = ADVANCED_FACE('',(#1571),#1582,.T.);
#1571 = FACE_BOUND('',#1572,.T.);
#1572 = EDGE_LOOP('',(#1573,#1579,#1580,#1581));
#1573 = ORIENTED_EDGE('',*,*,#1574,.T.);
#1574 = EDGE_CURVE('',#1500,#1524,#1575,.T.);
#1575 = LINE('',#1576,#1577);
#1576 = CARTESIAN_POINT('',(-0.612652818511,3.808731702279,
    11.135978919465));
#1577 = VECTOR('',#1578,1.);
#1578 = DIRECTION('',(-2.806474435656E-15,0.935491478552,0.35334925153)
  );
#1579 = ORIENTED_EDGE('',*,*,#1542,.T.);
#1580 = ORIENTED_EDGE('',*,*,#1301,.T.);
#1581 = ORIENTED_EDGE('',*,*,#1499,.T.);
#1582 = PLANE('',#1583);
#1583 = AXIS2_PLACEMENT_3D('',#1584,#1585,#1586);
#1584 = CARTESIAN_POINT('',(-0.412652818511,3.879401552585,
    10.948880623755));
#1585 = DIRECTION('',(-0.707106781187,0.249855651884,-0.661492368226));
#1586 = DIRECTION('',(-0.333162237623,-0.942869515586,5.551115123126E-17
    ));
#1587 = ADVANCED_FACE('',(#1588),#1624,.F.);
#1588 = FACE_BOUND('',#1589,.F.);
#1589 = EDGE_LOOP('',(#1590,#1600,#1609,#1617));
#1590 = ORIENTED_EDGE('',*,*,#1591,.F.);
#1591 = EDGE_CURVE('',#1592,#1594,#1596,.T.);
#1592 = VERTEX_POINT('',#1593);
#1593 = CARTESIAN_POINT('',(7.287347181489,3.997453752327,2.780981468073
    ));
#1594 = VERTEX_POINT('',#1595);
#1595 = CARTESIAN_POINT('',(-0.212652818511,3.997453752327,
    2.780981468073));
#1596 = LINE('',#1597,#1598);
#1597 = CARTESIAN_POINT('',(7.687347181489,3.997453752327,2.780981468073
    ));
#1598 = VECTOR('',#1599,1.);
#1599 = DIRECTION('',(-1.,-3.E-15,0.));
#1600 = ORIENTED_EDGE('',*,*,#1601,.T.);
#1601 = EDGE_CURVE('',#1592,#1602,#1604,.T.);
#1602 = VERTEX_POINT('',#1603);
#1603 = CARTESIAN_POINT('',(7.287347181489,1.740782426513,4.338649216227
    ));
#1604 = CIRCLE('',#1605,11.25);
#1605 = AXIS2_PLACEMENT_3D('',#1606,#1607,#1608);
#1606 = CARTESIAN_POINT('',(7.287347181489,9.212210969745,
    12.749371867901));
#1607 = DIRECTION('',(-1.,-3.E-15,1.972152263053E-31));
#1608 = DIRECTION('',(2.468951597681E-15,-0.822983865894,0.568064746731)
  );
#1609 = ORIENTED_EDGE('',*,*,#1610,.T.);
#1610 = EDGE_CURVE('',#1602,#1611,#1613,.T.);
#1611 = VERTEX_POINT('',#1612);
#1612 = CARTESIAN_POINT('',(-0.212652818511,1.740782426513,
    4.338649216227));
#1613 = LINE('',#1614,#1615);
#1614 = CARTESIAN_POINT('',(7.687347181489,1.740782426513,4.338649216227
    ));
#1615 = VECTOR('',#1616,1.);
#1616 = DIRECTION('',(-1.,-3.E-15,0.));
#1617 = ORIENTED_EDGE('',*,*,#1618,.T.);
#1618 = EDGE_CURVE('',#1611,#1594,#1619,.T.);
#1619 = CIRCLE('',#1620,11.25);
#1620 = AXIS2_PLACEMENT_3D('',#1621,#1622,#1623);
#1621 = CARTESIAN_POINT('',(-0.212652818511,9.212210969745,
    12.749371867901));
#1622 = DIRECTION('',(1.,3.E-15,-1.972152263053E-31));
#1623 = DIRECTION('',(2.468951597681E-15,-0.822983865894,0.568064746731)
  );
#1624 = CYLINDRICAL_SURFACE('',#1625,11.25);
#1625 = AXIS2_PLACEMENT_3D('',#1626,#1627,#1628);
#1626 = CARTESIAN_POINT('',(7.687347181489,9.212210969745,
    12.749371867901));
#1627 = DIRECTION('',(-1.,-3.E-15,0.));
#1628 = DIRECTION('',(2.468951597681E-15,-0.822983865894,0.568064746731)
  );
#1629 = ADVANCED_FACE('',(#1630),#1655,.F.);
#1630 = FACE_BOUND('',#1631,.T.);
#1631 = EDGE_LOOP('',(#1632,#1640,#1648,#1654));
#1632 = ORIENTED_EDGE('',*,*,#1633,.F.);
#1633 = EDGE_CURVE('',#1634,#1611,#1636,.T.);
#1634 = VERTEX_POINT('',#1635);
#1635 = CARTESIAN_POINT('',(-0.212652818511,3.401099880565,
    6.207698694377));
#1636 = LINE('',#1637,#1638);
#1637 = CARTESIAN_POINT('',(-0.212652818511,5.476496698129,
    8.544010542064));
#1638 = VECTOR('',#1639,1.);
#1639 = DIRECTION('',(1.992380944862E-15,-0.664126981621,-0.74761979126)
  );
#1640 = ORIENTED_EDGE('',*,*,#1641,.F.);
#1641 = EDGE_CURVE('',#1642,#1634,#1644,.T.);
#1642 = VERTEX_POINT('',#1643);
#1643 = CARTESIAN_POINT('',(7.287347181489,3.401099880565,6.207698694377
    ));
#1644 = LINE('',#1645,#1646);
#1645 = CARTESIAN_POINT('',(7.687347181489,3.401099880565,6.207698694377
    ));
#1646 = VECTOR('',#1647,1.);
#1647 = DIRECTION('',(-1.,-3.E-15,0.));
#1648 = ORIENTED_EDGE('',*,*,#1649,.F.);
#1649 = EDGE_CURVE('',#1602,#1642,#1650,.T.);
#1650 = LINE('',#1651,#1652);
#1651 = CARTESIAN_POINT('',(7.287347181489,5.476496698129,8.544010542064
    ));
#1652 = VECTOR('',#1653,1.);
#1653 = DIRECTION('',(-1.992380944862E-15,0.664126981621,0.74761979126)
  );
#1654 = ORIENTED_EDGE('',*,*,#1610,.T.);
#1655 = PLANE('',#1656);
#1656 = AXIS2_PLACEMENT_3D('',#1657,#1658,#1659);
#1657 = CARTESIAN_POINT('',(7.687347181489,1.740782426513,4.338649216227
    ));
#1658 = DIRECTION('',(2.24285937378E-15,-0.74761979126,0.664126981621));
#1659 = DIRECTION('',(-1.,-3.E-15,0.));
#1660 = ADVANCED_FACE('',(#1661),#1697,.T.);
#1661 = FACE_BOUND('',#1662,.T.);
#1662 = EDGE_LOOP('',(#1663,#1674,#1681,#1690));
#1663 = ORIENTED_EDGE('',*,*,#1664,.T.);
#1664 = EDGE_CURVE('',#1665,#1667,#1669,.T.);
#1665 = VERTEX_POINT('',#1666);
#1666 = CARTESIAN_POINT('',(7.687347181489,5.700577532982,5.173691660434
    ));
#1667 = VERTEX_POINT('',#1668);
#1668 = CARTESIAN_POINT('',(7.687347181489,3.374069304551,6.779564341931
    ));
#1669 = CIRCLE('',#1670,8.35);
#1670 = AXIS2_PLACEMENT_3D('',#1671,#1672,#1673);
#1671 = CARTESIAN_POINT('',(7.687347181489,9.212210969745,
    12.749371867901));
#1672 = DIRECTION('',(-1.,-3.E-15,0.));
#1673 = DIRECTION('',(-2.468951597681E-15,0.822983865894,-0.568064746731
    ));
#1674 = ORIENTED_EDGE('',*,*,#1675,.F.);
#1675 = EDGE_CURVE('',#1642,#1667,#1676,.T.);
#1676 = B_SPLINE_CURVE_WITH_KNOTS('',3,(#1677,#1678,#1679,#1680),
  .UNSPECIFIED.,.F.,.F.,(4,4),(-6.982290066635E-02,0.),
  .PIECEWISE_BEZIER_KNOTS.);
#1677 = CARTESIAN_POINT('',(7.287347181489,3.401099880565,6.207698694377
    ));
#1678 = CARTESIAN_POINT('',(7.421721030602,3.38988063036,6.397400542222)
  );
#1679 = CARTESIAN_POINT('',(7.555171446326,3.380794199659,6.588112896643
    ));
#1680 = CARTESIAN_POINT('',(7.687347181489,3.374069304551,6.779564341931
    ));
#1681 = ORIENTED_EDGE('',*,*,#1682,.T.);
#1682 = EDGE_CURVE('',#1642,#1683,#1685,.T.);
#1683 = VERTEX_POINT('',#1684);
#1684 = CARTESIAN_POINT('',(7.287347181489,5.156288689531,4.996179334701
    ));
#1685 = CIRCLE('',#1686,8.75);
#1686 = AXIS2_PLACEMENT_3D('',#1687,#1688,#1689);
#1687 = CARTESIAN_POINT('',(7.287347181489,9.212210969745,
    12.749371867901));
#1688 = DIRECTION('',(1.,3.E-15,-1.972152263053E-31));
#1689 = DIRECTION('',(-2.468951597681E-15,0.822983865894,-0.568064746731
    ));
#1690 = ORIENTED_EDGE('',*,*,#1691,.F.);
#1691 = EDGE_CURVE('',#1665,#1683,#1692,.T.);
#1692 = B_SPLINE_CURVE_WITH_KNOTS('',3,(#1693,#1694,#1695,#1696),
  .UNSPECIFIED.,.F.,.F.,(4,4),(-6.982270016184E-02,0.),
  .PIECEWISE_BEZIER_KNOTS.);
#1693 = CARTESIAN_POINT('',(7.687347181489,5.700577532982,5.173691660434
    ));
#1694 = CARTESIAN_POINT('',(7.555171446326,5.519182641282,5.11208992846)
  );
#1695 = CARTESIAN_POINT('',(7.421721030602,5.337641399485,5.052958355856
    ));
#1696 = CARTESIAN_POINT('',(7.287347181489,5.156288689531,4.996179334701
    ));
#1697 = CONICAL_SURFACE('',#1698,8.55,0.785398163397);
#1698 = AXIS2_PLACEMENT_3D('',#1699,#1700,#1701);
#1699 = CARTESIAN_POINT('',(7.487347181489,9.212210969745,
    12.749371867901));
#1700 = DIRECTION('',(-1.,-3.E-15,0.));
#1701 = DIRECTION('',(-2.468951597681E-15,0.822983865894,-0.568064746731
    ));
#1702 = ADVANCED_FACE('',(#1703),#1722,.T.);
#1703 = FACE_BOUND('',#1704,.T.);
#1704 = EDGE_LOOP('',(#1705,#1706,#1707,#1715));
#1705 = ORIENTED_EDGE('',*,*,#1649,.T.);
#1706 = ORIENTED_EDGE('',*,*,#1675,.T.);
#1707 = ORIENTED_EDGE('',*,*,#1708,.T.);
#1708 = EDGE_CURVE('',#1667,#1709,#1711,.T.);
#1709 = VERTEX_POINT('',#1710);
#1710 = CARTESIAN_POINT('',(7.687347181489,1.180645590858,4.310387476124
    ));
#1711 = LINE('',#1712,#1713);
#1712 = CARTESIAN_POINT('',(7.687347181489,5.177448781625,8.809661334712
    ));
#1713 = VECTOR('',#1714,1.);
#1714 = DIRECTION('',(1.992380944862E-15,-0.664126981621,-0.74761979126)
  );
#1715 = ORIENTED_EDGE('',*,*,#1716,.T.);
#1716 = EDGE_CURVE('',#1709,#1602,#1717,.T.);
#1717 = B_SPLINE_CURVE_WITH_KNOTS('',3,(#1718,#1719,#1720,#1721),
  .UNSPECIFIED.,.F.,.F.,(4,4),(-6.887844636541E-02,0.),
  .PIECEWISE_BEZIER_KNOTS.);
#1718 = CARTESIAN_POINT('',(7.687347181489,1.180645590858,4.310387476124
    ));
#1719 = CARTESIAN_POINT('',(7.553299161919,1.366881518547,4.318195690453
    ));
#1720 = CARTESIAN_POINT('',(7.419903813324,1.553646029297,4.327581690599
    ));
#1721 = CARTESIAN_POINT('',(7.287347181489,1.740782426513,4.338649216227
    ));
#1722 = PLANE('',#1723);
#1723 = AXIS2_PLACEMENT_3D('',#1724,#1725,#1726);
#1724 = CARTESIAN_POINT('',(7.487347181489,5.326972739877,8.676835938388
    ));
#1725 = DIRECTION('',(0.707106781187,0.528647024149,-0.469608692273));
#1726 = DIRECTION('',(-1.909114218015E-15,0.664126981621,0.74761979126)
  );
#1727 = ADVANCED_FACE('',(#1728),#1752,.T.);
#1728 = FACE_BOUND('',#1729,.T.);
#1729 = EDGE_LOOP('',(#1730,#1738,#1739,#1745));
#1730 = ORIENTED_EDGE('',*,*,#1731,.T.);
#1731 = EDGE_CURVE('',#1732,#1665,#1734,.T.);
#1732 = VERTEX_POINT('',#1733);
#1733 = CARTESIAN_POINT('',(7.687347181489,4.16965582562,2.247222677452)
  );
#1734 = LINE('',#1735,#1736);
#1735 = CARTESIAN_POINT('',(7.687347181489,7.538681488298,8.687362011349
    ));
#1736 = VECTOR('',#1737,1.);
#1737 = DIRECTION('',(-1.390601924645E-15,0.463533974882,0.886079146651)
  );
#1738 = ORIENTED_EDGE('',*,*,#1691,.T.);
#1739 = ORIENTED_EDGE('',*,*,#1740,.T.);
#1740 = EDGE_CURVE('',#1683,#1592,#1741,.T.);
#1741 = LINE('',#1742,#1743);
#1742 = CARTESIAN_POINT('',(7.287347181489,7.184249829638,8.872775601301
    ));
#1743 = VECTOR('',#1744,1.);
#1744 = DIRECTION('',(1.390601924645E-15,-0.463533974882,-0.886079146651
    ));
#1745 = ORIENTED_EDGE('',*,*,#1746,.F.);
#1746 = EDGE_CURVE('',#1732,#1592,#1747,.T.);
#1747 = B_SPLINE_CURVE_WITH_KNOTS('',3,(#1748,#1749,#1750,#1751),
  .UNSPECIFIED.,.F.,.F.,(4,4),(-6.88784463654E-02,0.),
  .PIECEWISE_BEZIER_KNOTS.);
#1748 = CARTESIAN_POINT('',(7.687347181489,4.16965582562,2.247222677452)
  );
#1749 = CARTESIAN_POINT('',(7.553299161919,4.110916462743,2.424125125773
    ));
#1750 = CARTESIAN_POINT('',(7.419903813324,4.053464917095,2.602081298403
    ));
#1751 = CARTESIAN_POINT('',(7.287347181489,3.997453752327,2.780981468073
    ));
#1752 = PLANE('',#1753);
#1753 = AXIS2_PLACEMENT_3D('',#1754,#1755,#1756);
#1754 = CARTESIAN_POINT('',(7.487347181489,7.361465658968,8.780068806325
    ));
#1755 = DIRECTION('',(0.707106781187,-0.626552573265,0.327768016949));
#1756 = DIRECTION('',(-1.362846349029E-15,0.463533974882,0.886079146651)
  );
#1757 = ADVANCED_FACE('',(#1758),#1770,.F.);
#1758 = FACE_BOUND('',#1759,.F.);
#1759 = EDGE_LOOP('',(#1760,#1761,#1762,#1763));
#1760 = ORIENTED_EDGE('',*,*,#1716,.T.);
#1761 = ORIENTED_EDGE('',*,*,#1601,.F.);
#1762 = ORIENTED_EDGE('',*,*,#1746,.F.);
#1763 = ORIENTED_EDGE('',*,*,#1764,.F.);
#1764 = EDGE_CURVE('',#1709,#1732,#1765,.T.);
#1765 = CIRCLE('',#1766,11.65);
#1766 = AXIS2_PLACEMENT_3D('',#1767,#1768,#1769);
#1767 = CARTESIAN_POINT('',(7.687347181489,9.212210969745,
    12.749371867901));
#1768 = DIRECTION('',(1.,3.E-15,-1.972152263053E-31));
#1769 = DIRECTION('',(2.468951597681E-15,-0.822983865894,0.568064746731)
  );
#1770 = CONICAL_SURFACE('',#1771,11.45,0.785398163397);
#1771 = AXIS2_PLACEMENT_3D('',#1772,#1773,#1774);
#1772 = CARTESIAN_POINT('',(7.487347181489,9.212210969745,
    12.749371867901));
#1773 = DIRECTION('',(1.,3.E-15,0.));
#1774 = DIRECTION('',(2.468951597681E-15,-0.822983865894,0.568064746731)
  );
#1775 = ADVANCED_FACE('',(#1776),#1794,.F.);
#1776 = FACE_BOUND('',#1777,.T.);
#1777 = EDGE_LOOP('',(#1778,#1786,#1787,#1788));
#1778 = ORIENTED_EDGE('',*,*,#1779,.F.);
#1779 = EDGE_CURVE('',#1594,#1780,#1782,.T.);
#1780 = VERTEX_POINT('',#1781);
#1781 = CARTESIAN_POINT('',(-0.212652818511,5.156288689531,
    4.996179334701));
#1782 = LINE('',#1783,#1784);
#1783 = CARTESIAN_POINT('',(-0.212652818511,7.184249829638,
    8.872775601301));
#1784 = VECTOR('',#1785,1.);
#1785 = DIRECTION('',(-1.390601924645E-15,0.463533974882,0.886079146651)
  );
#1786 = ORIENTED_EDGE('',*,*,#1591,.F.);
#1787 = ORIENTED_EDGE('',*,*,#1740,.F.);
#1788 = ORIENTED_EDGE('',*,*,#1789,.T.);
#1789 = EDGE_CURVE('',#1683,#1780,#1790,.T.);
#1790 = LINE('',#1791,#1792);
#1791 = CARTESIAN_POINT('',(7.687347181489,5.156288689531,4.996179334701
    ));
#1792 = VECTOR('',#1793,1.);
#1793 = DIRECTION('',(-1.,-3.E-15,0.));
#1794 = PLANE('',#1795);
#1795 = AXIS2_PLACEMENT_3D('',#1796,#1797,#1798);
#1796 = CARTESIAN_POINT('',(7.687347181489,5.156288689531,4.996179334701
    ));
#1797 = DIRECTION('',(-2.658237439954E-15,0.886079146651,-0.463533974882
    ));
#1798 = DIRECTION('',(-1.,-3.E-15,0.));
#1799 = ADVANCED_FACE('',(#1800),#1812,.T.);
#1800 = FACE_BOUND('',#1801,.T.);
#1801 = EDGE_LOOP('',(#1802,#1809,#1810,#1811));
#1802 = ORIENTED_EDGE('',*,*,#1803,.F.);
#1803 = EDGE_CURVE('',#1780,#1634,#1804,.T.);
#1804 = CIRCLE('',#1805,8.75);
#1805 = AXIS2_PLACEMENT_3D('',#1806,#1807,#1808);
#1806 = CARTESIAN_POINT('',(-0.212652818511,9.212210969745,
    12.749371867901));
#1807 = DIRECTION('',(-1.,-3.E-15,1.972152263053E-31));
#1808 = DIRECTION('',(-2.468951597681E-15,0.822983865894,-0.568064746731
    ));
#1809 = ORIENTED_EDGE('',*,*,#1789,.F.);
#1810 = ORIENTED_EDGE('',*,*,#1682,.F.);
#1811 = ORIENTED_EDGE('',*,*,#1641,.T.);
#1812 = CYLINDRICAL_SURFACE('',#1813,8.75);
#1813 = AXIS2_PLACEMENT_3D('',#1814,#1815,#1816);
#1814 = CARTESIAN_POINT('',(7.687347181489,9.212210969745,
    12.749371867901));
#1815 = DIRECTION('',(-1.,-3.E-15,0.));
#1816 = DIRECTION('',(-2.468951597681E-15,0.822983865894,-0.568064746731
    ));
#1817 = ADVANCED_FACE('',(#1818),#1846,.F.);
#1818 = FACE_BOUND('',#1819,.F.);
#1819 = EDGE_LOOP('',(#1820,#1829,#1830,#1839));
#1820 = ORIENTED_EDGE('',*,*,#1821,.F.);
#1821 = EDGE_CURVE('',#1594,#1822,#1824,.T.);
#1822 = VERTEX_POINT('',#1823);
#1823 = CARTESIAN_POINT('',(-0.612652818511,4.16965582562,2.247222677452
    ));
#1824 = B_SPLINE_CURVE_WITH_KNOTS('',3,(#1825,#1826,#1827,#1828),
  .UNSPECIFIED.,.F.,.F.,(4,4),(-6.887836704764E-02,0.),
  .PIECEWISE_BEZIER_KNOTS.);
#1825 = CARTESIAN_POINT('',(-0.212652818511,3.997453752327,
    2.780981468073));
#1826 = CARTESIAN_POINT('',(-0.345209450346,4.053464917095,
    2.602081298403));
#1827 = CARTESIAN_POINT('',(-0.478604798941,4.110916462743,
    2.424125125773));
#1828 = CARTESIAN_POINT('',(-0.612652818511,4.16965582562,2.247222677452
    ));
#1829 = ORIENTED_EDGE('',*,*,#1618,.F.);
#1830 = ORIENTED_EDGE('',*,*,#1831,.T.);
#1831 = EDGE_CURVE('',#1611,#1832,#1834,.T.);
#1832 = VERTEX_POINT('',#1833);
#1833 = CARTESIAN_POINT('',(-0.612652818511,1.180645590857,
    4.310387476124));
#1834 = B_SPLINE_CURVE_WITH_KNOTS('',3,(#1835,#1836,#1837,#1838),
  .UNSPECIFIED.,.F.,.F.,(4,4),(-6.887836704764E-02,0.),
  .PIECEWISE_BEZIER_KNOTS.);
#1835 = CARTESIAN_POINT('',(-0.212652818511,1.740782426513,
    4.338649216227));
#1836 = CARTESIAN_POINT('',(-0.345209450346,1.553646029297,
    4.327581690599));
#1837 = CARTESIAN_POINT('',(-0.478604798941,1.366881518547,
    4.318195690453));
#1838 = CARTESIAN_POINT('',(-0.612652818511,1.180645590857,
    4.310387476124));
#1839 = ORIENTED_EDGE('',*,*,#1840,.F.);
#1840 = EDGE_CURVE('',#1822,#1832,#1841,.T.);
#1841 = CIRCLE('',#1842,11.65);
#1842 = AXIS2_PLACEMENT_3D('',#1843,#1844,#1845);
#1843 = CARTESIAN_POINT('',(-0.612652818511,9.212210969745,
    12.749371867901));
#1844 = DIRECTION('',(-1.,-3.E-15,1.972152263053E-31));
#1845 = DIRECTION('',(2.468951597681E-15,-0.822983865894,0.568064746731)
  );
#1846 = CONICAL_SURFACE('',#1847,11.45,0.785398163397);
#1847 = AXIS2_PLACEMENT_3D('',#1848,#1849,#1850);
#1848 = CARTESIAN_POINT('',(-0.412652818511,9.212210969745,
    12.749371867901));
#1849 = DIRECTION('',(-1.,-3.E-15,0.));
#1850 = DIRECTION('',(2.468951597681E-15,-0.822983865894,0.568064746731)
  );
#1851 = ADVANCED_FACE('',(#1852),#1880,.T.);
#1852 = FACE_BOUND('',#1853,.T.);
#1853 = EDGE_LOOP('',(#1854,#1865,#1872,#1873));
#1854 = ORIENTED_EDGE('',*,*,#1855,.T.);
#1855 = EDGE_CURVE('',#1856,#1858,#1860,.T.);
#1856 = VERTEX_POINT('',#1857);
#1857 = CARTESIAN_POINT('',(-0.612652818511,3.374069304551,
    6.779564341931));
#1858 = VERTEX_POINT('',#1859);
#1859 = CARTESIAN_POINT('',(-0.612652818511,5.700577532982,
    5.173691660434));
#1860 = CIRCLE('',#1861,8.35);
#1861 = AXIS2_PLACEMENT_3D('',#1862,#1863,#1864);
#1862 = CARTESIAN_POINT('',(-0.612652818511,9.212210969745,
    12.749371867901));
#1863 = DIRECTION('',(1.,3.E-15,0.));
#1864 = DIRECTION('',(-2.468951597681E-15,0.822983865894,-0.568064746731
    ));
#1865 = ORIENTED_EDGE('',*,*,#1866,.F.);
#1866 = EDGE_CURVE('',#1780,#1858,#1867,.T.);
#1867 = B_SPLINE_CURVE_WITH_KNOTS('',3,(#1868,#1869,#1870,#1871),
  .UNSPECIFIED.,.F.,.F.,(4,4),(-6.982290066636E-02,0.),
  .PIECEWISE_BEZIER_KNOTS.);
#1868 = CARTESIAN_POINT('',(-0.212652818511,5.156288689531,
    4.996179334701));
#1869 = CARTESIAN_POINT('',(-0.347026667624,5.337641399485,
    5.052958355856));
#1870 = CARTESIAN_POINT('',(-0.480477083348,5.519182641282,5.11208992846
    ));
#1871 = CARTESIAN_POINT('',(-0.612652818511,5.700577532982,
    5.173691660434));
#1872 = ORIENTED_EDGE('',*,*,#1803,.T.);
#1873 = ORIENTED_EDGE('',*,*,#1874,.F.);
#1874 = EDGE_CURVE('',#1856,#1634,#1875,.T.);
#1875 = B_SPLINE_CURVE_WITH_KNOTS('',3,(#1876,#1877,#1878,#1879),
  .UNSPECIFIED.,.F.,.F.,(4,4),(-6.982270016186E-02,0.),
  .PIECEWISE_BEZIER_KNOTS.);
#1876 = CARTESIAN_POINT('',(-0.612652818511,3.374069304551,
    6.779564341931));
#1877 = CARTESIAN_POINT('',(-0.480477083348,3.380794199659,
    6.588112896643));
#1878 = CARTESIAN_POINT('',(-0.347026667624,3.38988063036,6.397400542222
    ));
#1879 = CARTESIAN_POINT('',(-0.212652818511,3.401099880565,
    6.207698694377));
#1880 = CONICAL_SURFACE('',#1881,8.55,0.785398163397);
#1881 = AXIS2_PLACEMENT_3D('',#1882,#1883,#1884);
#1882 = CARTESIAN_POINT('',(-0.412652818511,9.212210969745,
    12.749371867901));
#1883 = DIRECTION('',(1.,3.E-15,0.));
#1884 = DIRECTION('',(-2.468951597681E-15,0.822983865894,-0.568064746731
    ));
#1885 = ADVANCED_FACE('',(#1886),#1897,.T.);
#1886 = FACE_BOUND('',#1887,.T.);
#1887 = EDGE_LOOP('',(#1888,#1889,#1890,#1896));
#1888 = ORIENTED_EDGE('',*,*,#1779,.T.);
#1889 = ORIENTED_EDGE('',*,*,#1866,.T.);
#1890 = ORIENTED_EDGE('',*,*,#1891,.T.);
#1891 = EDGE_CURVE('',#1858,#1822,#1892,.T.);
#1892 = LINE('',#1893,#1894);
#1893 = CARTESIAN_POINT('',(-0.612652818511,7.538681488298,
    8.687362011349));
#1894 = VECTOR('',#1895,1.);
#1895 = DIRECTION('',(1.390601924645E-15,-0.463533974882,-0.886079146651
    ));
#1896 = ORIENTED_EDGE('',*,*,#1821,.F.);
#1897 = PLANE('',#1898);
#1898 = AXIS2_PLACEMENT_3D('',#1899,#1900,#1901);
#1899 = CARTESIAN_POINT('',(-0.412652818511,7.361465658968,
    8.780068806325));
#1900 = DIRECTION('',(-0.707106781187,-0.626552573265,0.327768016949));
#1901 = DIRECTION('',(-0.420550143422,-1.28940600588E-15,-0.907269296774
    ));
#1902 = ADVANCED_FACE('',(#1903),#1914,.T.);
#1903 = FACE_BOUND('',#1904,.T.);
#1904 = EDGE_LOOP('',(#1905,#1911,#1912,#1913));
#1905 = ORIENTED_EDGE('',*,*,#1906,.T.);
#1906 = EDGE_CURVE('',#1832,#1856,#1907,.T.);
#1907 = LINE('',#1908,#1909);
#1908 = CARTESIAN_POINT('',(-0.612652818511,5.177448781625,
    8.809661334712));
#1909 = VECTOR('',#1910,1.);
#1910 = DIRECTION('',(-1.992380944862E-15,0.664126981621,0.74761979126)
  );
#1911 = ORIENTED_EDGE('',*,*,#1874,.T.);
#1912 = ORIENTED_EDGE('',*,*,#1633,.T.);
#1913 = ORIENTED_EDGE('',*,*,#1831,.T.);
#1914 = PLANE('',#1915);
#1915 = AXIS2_PLACEMENT_3D('',#1916,#1917,#1918);
#1916 = CARTESIAN_POINT('',(-0.412652818511,5.326972739877,
    8.676835938388));
#1917 = DIRECTION('',(-0.707106781187,0.528647024149,-0.469608692273));
#1918 = DIRECTION('',(-0.598779242868,-0.800914114191,0.));
#1919 = ADVANCED_FACE('',(#1920),#1956,.F.);
#1920 = FACE_BOUND('',#1921,.F.);
#1921 = EDGE_LOOP('',(#1922,#1932,#1941,#1949));
#1922 = ORIENTED_EDGE('',*,*,#1923,.F.);
#1923 = EDGE_CURVE('',#1924,#1926,#1928,.T.);
#1924 = VERTEX_POINT('',#1925);
#1925 = CARTESIAN_POINT('',(7.287347181489,9.227314776042,1.499382006793
    ));
#1926 = VERTEX_POINT('',#1927);
#1927 = CARTESIAN_POINT('',(-0.212652818511,9.227314776042,
    1.499382006793));
#1928 = LINE('',#1929,#1930);
#1929 = CARTESIAN_POINT('',(7.687347181489,9.227314776042,1.499382006793
    ));
#1930 = VECTOR('',#1931,1.);
#1931 = DIRECTION('',(-1.,-3.E-15,0.));
#1932 = ORIENTED_EDGE('',*,*,#1933,.T.);
#1933 = EDGE_CURVE('',#1924,#1934,#1936,.T.);
#1934 = VERTEX_POINT('',#1935);
#1935 = CARTESIAN_POINT('',(7.287347181489,6.505247255769,1.829900843569
    ));
#1936 = CIRCLE('',#1937,11.25);
#1937 = AXIS2_PLACEMENT_3D('',#1938,#1939,#1940);
#1938 = CARTESIAN_POINT('',(7.287347181489,9.212210969745,
    12.749371867901));
#1939 = DIRECTION('',(-1.,-3.E-15,0.));
#1940 = DIRECTION('',(2.978126622294E-15,-0.992708874098,0.120536680255)
  );
#1941 = ORIENTED_EDGE('',*,*,#1942,.T.);
#1942 = EDGE_CURVE('',#1934,#1943,#1945,.T.);
#1943 = VERTEX_POINT('',#1944);
#1944 = CARTESIAN_POINT('',(-0.212652818511,6.505247255769,
    1.829900843569));
#1945 = LINE('',#1946,#1947);
#1946 = CARTESIAN_POINT('',(7.687347181489,6.505247255769,1.829900843569
    ));
#1947 = VECTOR('',#1948,1.);
#1948 = DIRECTION('',(-1.,-3.E-15,0.));
#1949 = ORIENTED_EDGE('',*,*,#1950,.T.);
#1950 = EDGE_CURVE('',#1943,#1926,#1951,.T.);
#1951 = CIRCLE('',#1952,11.25);
#1952 = AXIS2_PLACEMENT_3D('',#1953,#1954,#1955);
#1953 = CARTESIAN_POINT('',(-0.212652818511,9.212210969745,
    12.749371867901));
#1954 = DIRECTION('',(1.,3.E-15,0.));
#1955 = DIRECTION('',(2.978126622294E-15,-0.992708874098,0.120536680255)
  );
#1956 = CYLINDRICAL_SURFACE('',#1957,11.25);
#1957 = AXIS2_PLACEMENT_3D('',#1958,#1959,#1960);
#1958 = CARTESIAN_POINT('',(7.687347181489,9.212210969745,
    12.749371867901));
#1959 = DIRECTION('',(-1.,-3.E-15,0.));
#1960 = DIRECTION('',(2.978126622294E-15,-0.992708874098,0.120536680255)
  );
#1961 = ADVANCED_FACE('',(#1962),#1987,.F.);
#1962 = FACE_BOUND('',#1963,.T.);
#1963 = EDGE_LOOP('',(#1964,#1972,#1980,#1986));
#1964 = ORIENTED_EDGE('',*,*,#1965,.F.);
#1965 = EDGE_CURVE('',#1966,#1943,#1968,.T.);
#1966 = VERTEX_POINT('',#1967);
#1967 = CARTESIAN_POINT('',(-0.212652818511,7.106794747764,
    4.256449960087));
#1968 = LINE('',#1969,#1970);
#1969 = CARTESIAN_POINT('',(-0.212652818511,7.858729112757,
    7.289636355735));
#1970 = VECTOR('',#1971,1.);
#1971 = DIRECTION('',(7.218569903935E-16,-0.240618996798,-0.970619646607
    ));
#1972 = ORIENTED_EDGE('',*,*,#1973,.F.);
#1973 = EDGE_CURVE('',#1974,#1966,#1976,.T.);
#1974 = VERTEX_POINT('',#1975);
#1975 = CARTESIAN_POINT('',(7.287347181489,7.106794747764,4.256449960087
    ));
#1976 = LINE('',#1977,#1978);
#1977 = CARTESIAN_POINT('',(7.687347181489,7.106794747764,4.256449960087
    ));
#1978 = VECTOR('',#1979,1.);
#1979 = DIRECTION('',(-1.,-3.E-15,0.));
#1980 = ORIENTED_EDGE('',*,*,#1981,.F.);
#1981 = EDGE_CURVE('',#1934,#1974,#1982,.T.);
#1982 = LINE('',#1983,#1984);
#1983 = CARTESIAN_POINT('',(7.287347181489,7.858729112757,7.289636355735
    ));
#1984 = VECTOR('',#1985,1.);
#1985 = DIRECTION('',(-7.218569903935E-16,0.240618996798,0.970619646607)
  );
#1986 = ORIENTED_EDGE('',*,*,#1942,.T.);
#1987 = PLANE('',#1988);
#1988 = AXIS2_PLACEMENT_3D('',#1989,#1990,#1991);
#1989 = CARTESIAN_POINT('',(7.687347181489,6.505247255769,1.829900843569
    ));
#1990 = DIRECTION('',(2.911858939822E-15,-0.970619646607,0.240618996798)
  );
#1991 = DIRECTION('',(-1.,-3.E-15,0.));
#1992 = ADVANCED_FACE('',(#1993),#2029,.T.);
#1993 = FACE_BOUND('',#1994,.T.);
#1994 = EDGE_LOOP('',(#1995,#2006,#2013,#2022));
#1995 = ORIENTED_EDGE('',*,*,#1996,.T.);
#1996 = EDGE_CURVE('',#1997,#1999,#2001,.T.);
#1997 = VERTEX_POINT('',#1998);
#1998 = CARTESIAN_POINT('',(7.687347181489,9.623408119681,4.40950274999)
  );
#1999 = VERTEX_POINT('',#2000);
#2000 = CARTESIAN_POINT('',(7.687347181489,6.817101143641,4.750250108551
    ));
#2001 = CIRCLE('',#2002,8.35);
#2002 = AXIS2_PLACEMENT_3D('',#2003,#2004,#2005);
#2003 = CARTESIAN_POINT('',(7.687347181489,9.212210969745,
    12.749371867901));
#2004 = DIRECTION('',(-1.,-3.E-15,0.));
#2005 = DIRECTION('',(-2.978126622294E-15,0.992708874098,-0.120536680255
    ));
#2006 = ORIENTED_EDGE('',*,*,#2007,.F.);
#2007 = EDGE_CURVE('',#1974,#1999,#2008,.T.);
#2008 = B_SPLINE_CURVE_WITH_KNOTS('',3,(#2009,#2010,#2011,#2012),
  .UNSPECIFIED.,.F.,.F.,(4,4),(-6.982290066635E-02,0.),
  .PIECEWISE_BEZIER_KNOTS.);
#2009 = CARTESIAN_POINT('',(7.287347181489,7.106794747764,4.256449960087
    ));
#2010 = CARTESIAN_POINT('',(7.421721030602,7.008701750594,4.419208758797
    ));
#2011 = CARTESIAN_POINT('',(7.555171446326,6.912027665483,4.583853487288
    ));
#2012 = CARTESIAN_POINT('',(7.687347181489,6.817101143641,4.750250108551
    ));
#2013 = ORIENTED_EDGE('',*,*,#2014,.T.);
#2014 = EDGE_CURVE('',#1974,#2015,#2017,.T.);
#2015 = VERTEX_POINT('',#2016);
#2016 = CARTESIAN_POINT('',(7.287347181489,9.223958374643,3.999379753706
    ));
#2017 = CIRCLE('',#2018,8.75);
#2018 = AXIS2_PLACEMENT_3D('',#2019,#2020,#2021);
#2019 = CARTESIAN_POINT('',(7.287347181489,9.212210969745,
    12.749371867901));
#2020 = DIRECTION('',(1.,3.E-15,4.930380657631E-32));
#2021 = DIRECTION('',(-2.978126622294E-15,0.992708874098,-0.120536680255
    ));
#2022 = ORIENTED_EDGE('',*,*,#2023,.F.);
#2023 = EDGE_CURVE('',#1997,#2015,#2024,.T.);
#2024 = B_SPLINE_CURVE_WITH_KNOTS('',3,(#2025,#2026,#2027,#2028),
  .UNSPECIFIED.,.F.,.F.,(4,4),(-6.982270016189E-02,0.),
  .PIECEWISE_BEZIER_KNOTS.);
#2025 = CARTESIAN_POINT('',(7.687347181489,9.623408119681,4.40950274999)
  );
#2026 = CARTESIAN_POINT('',(7.555171446326,9.491418672089,4.27065871576)
  );
#2027 = CARTESIAN_POINT('',(7.421721030602,9.358151697624,4.133933886747
    ));
#2028 = CARTESIAN_POINT('',(7.287347181489,9.223958374643,3.999379753706
    ));
#2029 = CONICAL_SURFACE('',#2030,8.55,0.785398163397);
#2030 = AXIS2_PLACEMENT_3D('',#2031,#2032,#2033);
#2031 = CARTESIAN_POINT('',(7.487347181489,9.212210969745,
    12.749371867901));
#2032 = DIRECTION('',(-1.,-3.E-15,0.));
#2033 = DIRECTION('',(-2.978126622294E-15,0.992708874098,-0.120536680255
    ));
#2034 = ADVANCED_FACE('',(#2035),#2054,.T.);
#2035 = FACE_BOUND('',#2036,.T.);
#2036 = EDGE_LOOP('',(#2037,#2038,#2039,#2047));
#2037 = ORIENTED_EDGE('',*,*,#1981,.T.);
#2038 = ORIENTED_EDGE('',*,*,#2007,.T.);
#2039 = ORIENTED_EDGE('',*,*,#2040,.T.);
#2040 = EDGE_CURVE('',#1999,#2041,#2043,.T.);
#2041 = VERTEX_POINT('',#2042);
#2042 = CARTESIAN_POINT('',(7.687347181489,6.022404604956,1.544567748455
    ));
#2043 = LINE('',#2044,#2045);
#2044 = CARTESIAN_POINT('',(7.687347181489,7.470481254114,7.385883954454
    ));
#2045 = VECTOR('',#2046,1.);
#2046 = DIRECTION('',(7.218569903935E-16,-0.240618996798,-0.970619646607
    ));
#2047 = ORIENTED_EDGE('',*,*,#2048,.T.);
#2048 = EDGE_CURVE('',#2041,#1934,#2049,.T.);
#2049 = B_SPLINE_CURVE_WITH_KNOTS('',3,(#2050,#2051,#2052,#2053),
  .UNSPECIFIED.,.F.,.F.,(4,4),(-6.88784463654E-02,0.),
  .PIECEWISE_BEZIER_KNOTS.);
#2050 = CARTESIAN_POINT('',(7.687347181489,6.022404604956,1.544567748455
    ));
#2051 = CARTESIAN_POINT('',(7.553299161919,6.18367967119,1.638029729947)
  );
#2052 = CARTESIAN_POINT('',(7.419903813324,6.344689540852,1.733134416193
    ));
#2053 = CARTESIAN_POINT('',(7.287347181489,6.505247255769,1.829900843569
    ));
#2054 = PLANE('',#2055);
#2055 = AXIS2_PLACEMENT_3D('',#2056,#2057,#2058);
#2056 = CARTESIAN_POINT('',(7.487347181489,7.664605183436,7.337760155095
    ));
#2057 = DIRECTION('',(0.707106781187,0.686331734069,-0.170143324318));
#2058 = DIRECTION('',(-7.218569903935E-16,0.240618996798,0.970619646607)
  );
#2059 = ADVANCED_FACE('',(#2060),#2084,.T.);
#2060 = FACE_BOUND('',#2061,.T.);
#2061 = EDGE_LOOP('',(#2062,#2070,#2071,#2077));
#2062 = ORIENTED_EDGE('',*,*,#2063,.T.);
#2063 = EDGE_CURVE('',#2064,#1997,#2066,.T.);
#2064 = VERTEX_POINT('',#2065);
#2065 = CARTESIAN_POINT('',(7.687347181489,9.627842217754,1.106788363125
    ));
#2066 = LINE('',#2067,#2068);
#2067 = CARTESIAN_POINT('',(7.687347181489,9.6180843117,8.374912835027)
  );
#2068 = VECTOR('',#2069,1.);
#2069 = DIRECTION('',(4.027681679256E-18,-1.342560559752E-03,
    0.999999098765));
#2070 = ORIENTED_EDGE('',*,*,#2023,.T.);
#2071 = ORIENTED_EDGE('',*,*,#2072,.T.);
#2072 = EDGE_CURVE('',#2015,#1924,#2073,.T.);
#2073 = LINE('',#2074,#2075);
#2074 = CARTESIAN_POINT('',(7.287347181489,9.218084672194,8.374375810803
    ));
#2075 = VECTOR('',#2076,1.);
#2076 = DIRECTION('',(-4.027681679256E-18,1.342560559752E-03,
    -0.999999098765));
#2077 = ORIENTED_EDGE('',*,*,#2078,.F.);
#2078 = EDGE_CURVE('',#2064,#1924,#2079,.T.);
#2079 = B_SPLINE_CURVE_WITH_KNOTS('',3,(#2080,#2081,#2082,#2083),
  .UNSPECIFIED.,.F.,.F.,(4,4),(-6.887844636538E-02,0.),
  .PIECEWISE_BEZIER_KNOTS.);
#2080 = CARTESIAN_POINT('',(7.687347181489,9.627842217754,1.106788363125
    ));
#2081 = CARTESIAN_POINT('',(7.553299161919,9.493620428025,1.236130158904
    ));
#2082 = CARTESIAN_POINT('',(7.419903813324,9.360049253718,1.367003459729
    ));
#2083 = CARTESIAN_POINT('',(7.287347181489,9.227314776042,1.499382006793
    ));
#2084 = PLANE('',#2085);
#2085 = AXIS2_PLACEMENT_3D('',#2086,#2087,#2088);
#2086 = CARTESIAN_POINT('',(7.487347181489,9.418084491947,8.374644322915
    ));
#2087 = DIRECTION('',(0.707106781187,-0.707106143917,-9.493336759543E-04
    ));
#2088 = DIRECTION('',(3.919261462008E-18,-1.342560559752E-03,
    0.999999098765));
#2089 = ADVANCED_FACE('',(#2090),#2102,.F.);
#2090 = FACE_BOUND('',#2091,.F.);
#2091 = EDGE_LOOP('',(#2092,#2093,#2094,#2095));
#2092 = ORIENTED_EDGE('',*,*,#2048,.T.);
#2093 = ORIENTED_EDGE('',*,*,#1933,.F.);
#2094 = ORIENTED_EDGE('',*,*,#2078,.F.);
#2095 = ORIENTED_EDGE('',*,*,#2096,.F.);
#2096 = EDGE_CURVE('',#2041,#2064,#2097,.T.);
#2097 = CIRCLE('',#2098,11.65);
#2098 = AXIS2_PLACEMENT_3D('',#2099,#2100,#2101);
#2099 = CARTESIAN_POINT('',(7.687347181489,9.212210969745,
    12.749371867901));
#2100 = DIRECTION('',(1.,3.E-15,0.));
#2101 = DIRECTION('',(2.978126622294E-15,-0.992708874098,0.120536680255)
  );
#2102 = CONICAL_SURFACE('',#2103,11.45,0.785398163397);
#2103 = AXIS2_PLACEMENT_3D('',#2104,#2105,#2106);
#2104 = CARTESIAN_POINT('',(7.487347181489,9.212210969745,
    12.749371867901));
#2105 = DIRECTION('',(1.,3.E-15,0.));
#2106 = DIRECTION('',(2.978126622294E-15,-0.992708874098,0.120536680255)
  );
#2107 = ADVANCED_FACE('',(#2108),#2126,.F.);
#2108 = FACE_BOUND('',#2109,.T.);
#2109 = EDGE_LOOP('',(#2110,#2118,#2119,#2120));
#2110 = ORIENTED_EDGE('',*,*,#2111,.F.);
#2111 = EDGE_CURVE('',#1926,#2112,#2114,.T.);
#2112 = VERTEX_POINT('',#2113);
#2113 = CARTESIAN_POINT('',(-0.212652818511,9.223958374643,
    3.999379753706));
#2114 = LINE('',#2115,#2116);
#2115 = CARTESIAN_POINT('',(-0.212652818511,9.218084672194,
    8.374375810803));
#2116 = VECTOR('',#2117,1.);
#2117 = DIRECTION('',(4.027681679256E-18,-1.342560559752E-03,
    0.999999098765));
#2118 = ORIENTED_EDGE('',*,*,#1923,.F.);
#2119 = ORIENTED_EDGE('',*,*,#2072,.F.);
#2120 = ORIENTED_EDGE('',*,*,#2121,.T.);
#2121 = EDGE_CURVE('',#2015,#2112,#2122,.T.);
#2122 = LINE('',#2123,#2124);
#2123 = CARTESIAN_POINT('',(7.687347181489,9.223958374643,3.999379753706
    ));
#2124 = VECTOR('',#2125,1.);
#2125 = DIRECTION('',(-1.,-3.E-15,0.));
#2126 = PLANE('',#2127);
#2127 = AXIS2_PLACEMENT_3D('',#2128,#2129,#2130);
#2128 = CARTESIAN_POINT('',(7.687347181489,9.223958374643,3.999379753706
    ));
#2129 = DIRECTION('',(-2.999997296295E-15,0.999999098765,
    1.342560559752E-03));
#2130 = DIRECTION('',(4.027681679256E-18,-1.342560559752E-03,
    0.999999098765));
#2131 = ADVANCED_FACE('',(#2132),#2144,.T.);
#2132 = FACE_BOUND('',#2133,.T.);
#2133 = EDGE_LOOP('',(#2134,#2141,#2142,#2143));
#2134 = ORIENTED_EDGE('',*,*,#2135,.F.);
#2135 = EDGE_CURVE('',#2112,#1966,#2136,.T.);
#2136 = CIRCLE('',#2137,8.75);
#2137 = AXIS2_PLACEMENT_3D('',#2138,#2139,#2140);
#2138 = CARTESIAN_POINT('',(-0.212652818511,9.212210969745,
    12.749371867901));
#2139 = DIRECTION('',(-1.,-3.E-15,-4.930380657631E-32));
#2140 = DIRECTION('',(-2.978126622294E-15,0.992708874098,-0.120536680255
    ));
#2141 = ORIENTED_EDGE('',*,*,#2121,.F.);
#2142 = ORIENTED_EDGE('',*,*,#2014,.F.);
#2143 = ORIENTED_EDGE('',*,*,#1973,.T.);
#2144 = CYLINDRICAL_SURFACE('',#2145,8.75);
#2145 = AXIS2_PLACEMENT_3D('',#2146,#2147,#2148);
#2146 = CARTESIAN_POINT('',(7.687347181489,9.212210969745,
    12.749371867901));
#2147 = DIRECTION('',(-1.,-3.E-15,0.));
#2148 = DIRECTION('',(-2.978126622294E-15,0.992708874098,-0.120536680255
    ));
#2149 = ADVANCED_FACE('',(#2150),#2178,.F.);
#2150 = FACE_BOUND('',#2151,.F.);
#2151 = EDGE_LOOP('',(#2152,#2161,#2162,#2171));
#2152 = ORIENTED_EDGE('',*,*,#2153,.F.);
#2153 = EDGE_CURVE('',#1926,#2154,#2156,.T.);
#2154 = VERTEX_POINT('',#2155);
#2155 = CARTESIAN_POINT('',(-0.612652818511,9.627842217753,
    1.106788363125));
#2156 = B_SPLINE_CURVE_WITH_KNOTS('',3,(#2157,#2158,#2159,#2160),
  .UNSPECIFIED.,.F.,.F.,(4,4),(-6.887836704767E-02,0.),
  .PIECEWISE_BEZIER_KNOTS.);
#2157 = CARTESIAN_POINT('',(-0.212652818511,9.227314776042,
    1.499382006793));
#2158 = CARTESIAN_POINT('',(-0.345209450346,9.360049253718,
    1.367003459729));
#2159 = CARTESIAN_POINT('',(-0.478604798941,9.493620428025,
    1.236130158904));
#2160 = CARTESIAN_POINT('',(-0.612652818511,9.627842217753,
    1.106788363125));
#2161 = ORIENTED_EDGE('',*,*,#1950,.F.);
#2162 = ORIENTED_EDGE('',*,*,#2163,.T.);
#2163 = EDGE_CURVE('',#1943,#2164,#2166,.T.);
#2164 = VERTEX_POINT('',#2165);
#2165 = CARTESIAN_POINT('',(-0.612652818511,6.022404604956,
    1.544567748455));
#2166 = B_SPLINE_CURVE_WITH_KNOTS('',3,(#2167,#2168,#2169,#2170),
  .UNSPECIFIED.,.F.,.F.,(4,4),(-6.887836704765E-02,0.),
  .PIECEWISE_BEZIER_KNOTS.);
#2167 = CARTESIAN_POINT('',(-0.212652818511,6.505247255769,
    1.829900843569));
#2168 = CARTESIAN_POINT('',(-0.345209450346,6.344689540851,
    1.733134416193));
#2169 = CARTESIAN_POINT('',(-0.478604798941,6.18367967119,1.638029729947
    ));
#2170 = CARTESIAN_POINT('',(-0.612652818511,6.022404604956,
    1.544567748455));
#2171 = ORIENTED_EDGE('',*,*,#2172,.F.);
#2172 = EDGE_CURVE('',#2154,#2164,#2173,.T.);
#2173 = CIRCLE('',#2174,11.65);
#2174 = AXIS2_PLACEMENT_3D('',#2175,#2176,#2177);
#2175 = CARTESIAN_POINT('',(-0.612652818511,9.212210969745,
    12.749371867901));
#2176 = DIRECTION('',(-1.,-3.E-15,0.));
#2177 = DIRECTION('',(2.978126622294E-15,-0.992708874098,0.120536680255)
  );
#2178 = CONICAL_SURFACE('',#2179,11.45,0.785398163397);
#2179 = AXIS2_PLACEMENT_3D('',#2180,#2181,#2182);
#2180 = CARTESIAN_POINT('',(-0.412652818511,9.212210969745,
    12.749371867901));
#2181 = DIRECTION('',(-1.,-3.E-15,0.));
#2182 = DIRECTION('',(2.978126622294E-15,-0.992708874098,0.120536680255)
  );
#2183 = ADVANCED_FACE('',(#2184),#2212,.T.);
#2184 = FACE_BOUND('',#2185,.T.);
#2185 = EDGE_LOOP('',(#2186,#2197,#2204,#2205));
#2186 = ORIENTED_EDGE('',*,*,#2187,.T.);
#2187 = EDGE_CURVE('',#2188,#2190,#2192,.T.);
#2188 = VERTEX_POINT('',#2189);
#2189 = CARTESIAN_POINT('',(-0.612652818511,6.817101143641,
    4.750250108551));
#2190 = VERTEX_POINT('',#2191);
#2191 = CARTESIAN_POINT('',(-0.612652818511,9.623408119681,4.40950274999
    ));
#2192 = CIRCLE('',#2193,8.35);
#2193 = AXIS2_PLACEMENT_3D('',#2194,#2195,#2196);
#2194 = CARTESIAN_POINT('',(-0.612652818511,9.212210969745,
    12.749371867901));
#2195 = DIRECTION('',(1.,3.E-15,0.));
#2196 = DIRECTION('',(-2.978126622294E-15,0.992708874098,-0.120536680255
    ));
#2197 = ORIENTED_EDGE('',*,*,#2198,.F.);
#2198 = EDGE_CURVE('',#2112,#2190,#2199,.T.);
#2199 = B_SPLINE_CURVE_WITH_KNOTS('',3,(#2200,#2201,#2202,#2203),
  .UNSPECIFIED.,.F.,.F.,(4,4),(-6.982290066634E-02,0.),
  .PIECEWISE_BEZIER_KNOTS.);
#2200 = CARTESIAN_POINT('',(-0.212652818511,9.223958374643,
    3.999379753706));
#2201 = CARTESIAN_POINT('',(-0.347026667624,9.358151697624,
    4.133933886747));
#2202 = CARTESIAN_POINT('',(-0.480477083348,9.491418672089,4.27065871576
    ));
#2203 = CARTESIAN_POINT('',(-0.612652818511,9.623408119681,4.40950274999
    ));
#2204 = ORIENTED_EDGE('',*,*,#2135,.T.);
#2205 = ORIENTED_EDGE('',*,*,#2206,.F.);
#2206 = EDGE_CURVE('',#2188,#1966,#2207,.T.);
#2207 = B_SPLINE_CURVE_WITH_KNOTS('',3,(#2208,#2209,#2210,#2211),
  .UNSPECIFIED.,.F.,.F.,(4,4),(-6.982270016188E-02,0.),
  .PIECEWISE_BEZIER_KNOTS.);
#2208 = CARTESIAN_POINT('',(-0.612652818511,6.817101143641,
    4.750250108551));
#2209 = CARTESIAN_POINT('',(-0.480477083348,6.912027665483,
    4.583853487288));
#2210 = CARTESIAN_POINT('',(-0.347026667624,7.008701750594,
    4.419208758797));
#2211 = CARTESIAN_POINT('',(-0.212652818511,7.106794747764,
    4.256449960087));
#2212 = CONICAL_SURFACE('',#2213,8.55,0.785398163397);
#2213 = AXIS2_PLACEMENT_3D('',#2214,#2215,#2216);
#2214 = CARTESIAN_POINT('',(-0.412652818511,9.212210969745,
    12.749371867901));
#2215 = DIRECTION('',(1.,3.E-15,0.));
#2216 = DIRECTION('',(-2.978126622294E-15,0.992708874098,-0.120536680255
    ));
#2217 = ADVANCED_FACE('',(#2218),#2229,.T.);
#2218 = FACE_BOUND('',#2219,.T.);
#2219 = EDGE_LOOP('',(#2220,#2221,#2222,#2228));
#2220 = ORIENTED_EDGE('',*,*,#2111,.T.);
#2221 = ORIENTED_EDGE('',*,*,#2198,.T.);
#2222 = ORIENTED_EDGE('',*,*,#2223,.T.);
#2223 = EDGE_CURVE('',#2190,#2154,#2224,.T.);
#2224 = LINE('',#2225,#2226);
#2225 = CARTESIAN_POINT('',(-0.612652818511,9.6180843117,8.374912835027)
  );
#2226 = VECTOR('',#2227,1.);
#2227 = DIRECTION('',(-4.027681679256E-18,1.342560559752E-03,
    -0.999999098765));
#2228 = ORIENTED_EDGE('',*,*,#2153,.F.);
#2229 = PLANE('',#2230);
#2230 = AXIS2_PLACEMENT_3D('',#2231,#2232,#2233);
#2231 = CARTESIAN_POINT('',(-0.412652818511,9.418084491947,
    8.374644322915));
#2232 = DIRECTION('',(-0.707106781187,-0.707106143917,
    -9.493336759543E-04));
#2233 = DIRECTION('',(1.342559349792E-03,4.027678049376E-18,
    -0.999999098767));
#2234 = ADVANCED_FACE('',(#2235),#2246,.T.);
#2235 = FACE_BOUND('',#2236,.T.);
#2236 = EDGE_LOOP('',(#2237,#2243,#2244,#2245));
#2237 = ORIENTED_EDGE('',*,*,#2238,.T.);
#2238 = EDGE_CURVE('',#2164,#2188,#2239,.T.);
#2239 = LINE('',#2240,#2241);
#2240 = CARTESIAN_POINT('',(-0.612652818511,7.470481254114,
    7.385883954454));
#2241 = VECTOR('',#2242,1.);
#2242 = DIRECTION('',(-7.218569903935E-16,0.240618996798,0.970619646607)
  );
#2243 = ORIENTED_EDGE('',*,*,#2206,.T.);
#2244 = ORIENTED_EDGE('',*,*,#1965,.T.);
#2245 = ORIENTED_EDGE('',*,*,#2163,.T.);
#2246 = PLANE('',#2247);
#2247 = AXIS2_PLACEMENT_3D('',#2248,#2249,#2250);
#2248 = CARTESIAN_POINT('',(-0.412652818511,7.664605183436,
    7.337760155095));
#2249 = DIRECTION('',(-0.707106781187,0.686331734069,-0.170143324318));
#2250 = DIRECTION('',(-0.696486983317,-0.717569426655,
    -2.775557561563E-17));
#2251 = ADVANCED_FACE('',(#2252),#2288,.F.);
#2252 = FACE_BOUND('',#2253,.F.);
#2253 = EDGE_LOOP('',(#2254,#2264,#2273,#2281));
#2254 = ORIENTED_EDGE('',*,*,#2255,.F.);
#2255 = EDGE_CURVE('',#2256,#2258,#2260,.T.);
#2256 = VERTEX_POINT('',#2257);
#2257 = CARTESIAN_POINT('',(7.287347181489,14.453715699756,
    2.795019645618));
#2258 = VERTEX_POINT('',#2259);
#2259 = CARTESIAN_POINT('',(-0.212652818511,14.453715699756,
    2.795019645618));
#2260 = LINE('',#2261,#2262);
#2261 = CARTESIAN_POINT('',(7.687347181489,14.453715699756,
    2.795019645618));
#2262 = VECTOR('',#2263,1.);
#2263 = DIRECTION('',(-1.,-3.E-15,0.));
#2264 = ORIENTED_EDGE('',*,*,#2265,.T.);
#2265 = EDGE_CURVE('',#2256,#2266,#2268,.T.);
#2266 = VERTEX_POINT('',#2267);
#2267 = CARTESIAN_POINT('',(7.287347181489,11.889844849448,
    1.822671688695));
#2268 = CIRCLE('',#2269,11.25);
#2269 = AXIS2_PLACEMENT_3D('',#2270,#2271,#2272);
#2270 = CARTESIAN_POINT('',(7.287347181489,9.212210969745,
    12.749371867901));
#2271 = DIRECTION('',(-1.,-3.E-15,0.));
#2272 = DIRECTION('',(2.805048728056E-15,-0.935016242685,-0.354604887043
    ));
#2273 = ORIENTED_EDGE('',*,*,#2274,.T.);
#2274 = EDGE_CURVE('',#2266,#2275,#2277,.T.);
#2275 = VERTEX_POINT('',#2276);
#2276 = CARTESIAN_POINT('',(-0.212652818511,11.889844849448,
    1.822671688695));
#2277 = LINE('',#2278,#2279);
#2278 = CARTESIAN_POINT('',(7.687347181489,11.889844849448,
    1.822671688695));
#2279 = VECTOR('',#2280,1.);
#2280 = DIRECTION('',(-1.,-3.E-15,0.));
#2281 = ORIENTED_EDGE('',*,*,#2282,.T.);
#2282 = EDGE_CURVE('',#2275,#2258,#2283,.T.);
#2283 = CIRCLE('',#2284,11.25);
#2284 = AXIS2_PLACEMENT_3D('',#2285,#2286,#2287);
#2285 = CARTESIAN_POINT('',(-0.212652818511,9.212210969745,
    12.749371867901));
#2286 = DIRECTION('',(1.,3.E-15,0.));
#2287 = DIRECTION('',(2.805048728056E-15,-0.935016242685,-0.354604887043
    ));
#2288 = CYLINDRICAL_SURFACE('',#2289,11.25);
#2289 = AXIS2_PLACEMENT_3D('',#2290,#2291,#2292);
#2290 = CARTESIAN_POINT('',(7.687347181489,9.212210969745,
    12.749371867901));
#2291 = DIRECTION('',(-1.,-3.E-15,0.));
#2292 = DIRECTION('',(2.805048728056E-15,-0.935016242685,-0.354604887043
    ));
#2293 = ADVANCED_FACE('',(#2294),#2319,.F.);
#2294 = FACE_BOUND('',#2295,.T.);
#2295 = EDGE_LOOP('',(#2296,#2304,#2312,#2318));
#2296 = ORIENTED_EDGE('',*,*,#2297,.F.);
#2297 = EDGE_CURVE('',#2298,#2275,#2300,.T.);
#2298 = VERTEX_POINT('',#2299);
#2299 = CARTESIAN_POINT('',(-0.212652818511,11.294815098403,
    4.250827284074));
#2300 = LINE('',#2301,#2302);
#2301 = CARTESIAN_POINT('',(-0.212652818511,10.551027909597,
    7.286021778298));
#2302 = VECTOR('',#2303,1.);
#2303 = DIRECTION('',(-7.140357012542E-16,0.238011900418,-0.971262238152
    ));
#2304 = ORIENTED_EDGE('',*,*,#2305,.F.);
#2305 = EDGE_CURVE('',#2306,#2298,#2308,.T.);
#2306 = VERTEX_POINT('',#2307);
#2307 = CARTESIAN_POINT('',(7.287347181489,11.294815098403,
    4.250827284074));
#2308 = LINE('',#2309,#2310);
#2309 = CARTESIAN_POINT('',(7.687347181489,11.294815098403,
    4.250827284074));
#2310 = VECTOR('',#2311,1.);
#2311 = DIRECTION('',(-1.,-3.E-15,0.));
#2312 = ORIENTED_EDGE('',*,*,#2313,.F.);
#2313 = EDGE_CURVE('',#2266,#2306,#2314,.T.);
#2314 = LINE('',#2315,#2316);
#2315 = CARTESIAN_POINT('',(7.287347181489,10.551027909597,
    7.286021778298));
#2316 = VECTOR('',#2317,1.);
#2317 = DIRECTION('',(7.140357012542E-16,-0.238011900418,0.971262238152)
  );
#2318 = ORIENTED_EDGE('',*,*,#2274,.T.);
#2319 = PLANE('',#2320);
#2320 = AXIS2_PLACEMENT_3D('',#2321,#2322,#2323);
#2321 = CARTESIAN_POINT('',(7.687347181489,11.889844849448,
    1.822671688695));
#2322 = DIRECTION('',(2.913786714455E-15,-0.971262238152,-0.238011900418
    ));
#2323 = DIRECTION('',(1.,3.E-15,0.));
#2324 = ADVANCED_FACE('',(#2325),#2361,.T.);
#2325 = FACE_BOUND('',#2326,.T.);
#2326 = EDGE_LOOP('',(#2327,#2338,#2345,#2354));
#2327 = ORIENTED_EDGE('',*,*,#2328,.T.);
#2328 = EDGE_CURVE('',#2329,#2331,#2333,.T.);
#2329 = VERTEX_POINT('',#2330);
#2330 = CARTESIAN_POINT('',(7.687347181489,13.452038394793,
    5.555877348141));
#2331 = VERTEX_POINT('',#2332);
#2332 = CARTESIAN_POINT('',(7.687347181489,10.80882377969,4.553438270371
    ));
#2333 = CIRCLE('',#2334,8.35);
#2334 = AXIS2_PLACEMENT_3D('',#2335,#2336,#2337);
#2335 = CARTESIAN_POINT('',(7.687347181489,9.212210969745,
    12.749371867901));
#2336 = DIRECTION('',(-1.,-3.E-15,-1.972152263053E-31));
#2337 = DIRECTION('',(-2.805048728056E-15,0.935016242685,0.354604887043)
  );
#2338 = ORIENTED_EDGE('',*,*,#2339,.F.);
#2339 = EDGE_CURVE('',#2306,#2331,#2340,.T.);
#2340 = B_SPLINE_CURVE_WITH_KNOTS('',3,(#2341,#2342,#2343,#2344),
  .UNSPECIFIED.,.F.,.F.,(4,4),(-6.982290066637E-02,0.),
  .PIECEWISE_BEZIER_KNOTS.);
#2341 = CARTESIAN_POINT('',(7.287347181489,11.294815098403,
    4.250827284074));
#2342 = CARTESIAN_POINT('',(7.421721030602,11.13232027777,4.349356954319
    ));
#2343 = CARTESIAN_POINT('',(7.555171446326,10.9702054061,4.450215933766)
  );
#2344 = CARTESIAN_POINT('',(7.687347181489,10.80882377969,4.553438270371
    ));
#2345 = ORIENTED_EDGE('',*,*,#2346,.T.);
#2346 = EDGE_CURVE('',#2306,#2347,#2349,.T.);
#2347 = VERTEX_POINT('',#2348);
#2348 = CARTESIAN_POINT('',(7.287347181489,13.288936870864,
    5.007097917236));
#2349 = CIRCLE('',#2350,8.75);
#2350 = AXIS2_PLACEMENT_3D('',#2351,#2352,#2353);
#2351 = CARTESIAN_POINT('',(7.287347181489,9.212210969745,
    12.749371867901));
#2352 = DIRECTION('',(1.,3.E-15,0.));
#2353 = DIRECTION('',(-2.805048728056E-15,0.935016242685,0.354604887043)
  );
#2354 = ORIENTED_EDGE('',*,*,#2355,.F.);
#2355 = EDGE_CURVE('',#2329,#2347,#2356,.T.);
#2356 = B_SPLINE_CURVE_WITH_KNOTS('',3,(#2357,#2358,#2359,#2360),
  .UNSPECIFIED.,.F.,.F.,(4,4),(-6.98227001618E-02,0.),
  .PIECEWISE_BEZIER_KNOTS.);
#2357 = CARTESIAN_POINT('',(7.687347181489,13.452038394793,
    5.555877348141));
#2358 = CARTESIAN_POINT('',(7.555171446326,13.399691583107,
    5.371598506645));
#2359 = CARTESIAN_POINT('',(7.421721030602,13.345228733782,
    5.188602431837));
#2360 = CARTESIAN_POINT('',(7.287347181489,13.288936870864,
    5.007097917236));
#2361 = CONICAL_SURFACE('',#2362,8.55,0.785398163397);
#2362 = AXIS2_PLACEMENT_3D('',#2363,#2364,#2365);
#2363 = CARTESIAN_POINT('',(7.487347181489,9.212210969745,
    12.749371867901));
#2364 = DIRECTION('',(-1.,-3.E-15,0.));
#2365 = DIRECTION('',(-2.805048728056E-15,0.935016242685,0.354604887043)
  );
#2366 = ADVANCED_FACE('',(#2367),#2386,.T.);
#2367 = FACE_BOUND('',#2368,.T.);
#2368 = EDGE_LOOP('',(#2369,#2370,#2371,#2379));
#2369 = ORIENTED_EDGE('',*,*,#2313,.T.);
#2370 = ORIENTED_EDGE('',*,*,#2339,.T.);
#2371 = ORIENTED_EDGE('',*,*,#2372,.T.);
#2372 = EDGE_CURVE('',#2331,#2373,#2375,.T.);
#2373 = VERTEX_POINT('',#2374);
#2374 = CARTESIAN_POINT('',(7.687347181489,11.594909815893,
    1.345633612024));
#2375 = LINE('',#2376,#2377);
#2376 = CARTESIAN_POINT('',(7.687347181489,10.162523014336,
    7.190817018131));
#2377 = VECTOR('',#2378,1.);
#2378 = DIRECTION('',(-7.140357012542E-16,0.238011900418,-0.971262238152
    ));
#2379 = ORIENTED_EDGE('',*,*,#2380,.T.);
#2380 = EDGE_CURVE('',#2373,#2266,#2381,.T.);
#2381 = B_SPLINE_CURVE_WITH_KNOTS('',3,(#2382,#2383,#2384,#2385),
  .UNSPECIFIED.,.F.,.F.,(4,4),(-6.887844636535E-02,0.),
  .PIECEWISE_BEZIER_KNOTS.);
#2382 = CARTESIAN_POINT('',(7.687347181489,11.594909815893,
    1.345633612024));
#2383 = CARTESIAN_POINT('',(7.553299161919,11.694277846574,
    1.503338347057));
#2384 = CARTESIAN_POINT('',(7.419903813324,11.792647654387,
    1.662374381921));
#2385 = CARTESIAN_POINT('',(7.287347181489,11.889844849448,
    1.822671688695));
#2386 = PLANE('',#2387);
#2387 = AXIS2_PLACEMENT_3D('',#2388,#2389,#2390);
#2388 = CARTESIAN_POINT('',(7.487347181489,10.356775461966,
    7.238419398214));
#2389 = DIRECTION('',(0.707106781187,0.686786114907,0.168299828789));
#2390 = DIRECTION('',(6.862801256385E-16,-0.238011900418,0.971262238152)
  );
#2391 = ADVANCED_FACE('',(#2392),#2416,.T.);
#2392 = FACE_BOUND('',#2393,.T.);
#2393 = EDGE_LOOP('',(#2394,#2402,#2403,#2409));
#2394 = ORIENTED_EDGE('',*,*,#2395,.T.);
#2395 = EDGE_CURVE('',#2396,#2329,#2398,.T.);
#2396 = VERTEX_POINT('',#2397);
#2397 = CARTESIAN_POINT('',(7.687347181489,14.990812499868,
    2.633529621402));
#2398 = LINE('',#2399,#2400);
#2399 = CARTESIAN_POINT('',(7.687347181489,11.604506443764,
    9.064599505191));
#2400 = VECTOR('',#2401,1.);
#2401 = DIRECTION('',(1.397734594669E-15,-0.465911531556,0.884831308647)
  );
#2402 = ORIENTED_EDGE('',*,*,#2355,.T.);
#2403 = ORIENTED_EDGE('',*,*,#2404,.T.);
#2404 = EDGE_CURVE('',#2347,#2256,#2405,.T.);
#2405 = LINE('',#2406,#2407);
#2406 = CARTESIAN_POINT('',(7.287347181489,11.250573920305,
    8.878234892569));
#2407 = VECTOR('',#2408,1.);
#2408 = DIRECTION('',(-1.397734594669E-15,0.465911531556,-0.884831308647
    ));
#2409 = ORIENTED_EDGE('',*,*,#2410,.F.);
#2410 = EDGE_CURVE('',#2396,#2256,#2411,.T.);
#2411 = B_SPLINE_CURVE_WITH_KNOTS('',3,(#2412,#2413,#2414,#2415),
  .UNSPECIFIED.,.F.,.F.,(4,4),(-6.88784463654E-02,0.),
  .PIECEWISE_BEZIER_KNOTS.);
#2412 = CARTESIAN_POINT('',(7.687347181489,14.990812499868,
    2.633529621402));
#2413 = CARTESIAN_POINT('',(7.553299161919,14.811856877766,
    2.685680117963));
#2414 = CARTESIAN_POINT('',(7.419903813324,14.632765621128,
    2.739489050958));
#2415 = CARTESIAN_POINT('',(7.287347181489,14.453715699756,
    2.795019645618));
#2416 = PLANE('',#2417);
#2417 = AXIS2_PLACEMENT_3D('',#2418,#2419,#2420);
#2418 = CARTESIAN_POINT('',(7.487347181489,11.427540182034,8.97141719888
    ));
#2419 = DIRECTION('',(0.707106781187,-0.625670218551,-0.329449203397));
#2420 = DIRECTION('',(1.369979019054E-15,-0.465911531556,0.884831308647)
  );
#2421 = ADVANCED_FACE('',(#2422),#2434,.F.);
#2422 = FACE_BOUND('',#2423,.F.);
#2423 = EDGE_LOOP('',(#2424,#2425,#2426,#2427));
#2424 = ORIENTED_EDGE('',*,*,#2380,.T.);
#2425 = ORIENTED_EDGE('',*,*,#2265,.F.);
#2426 = ORIENTED_EDGE('',*,*,#2410,.F.);
#2427 = ORIENTED_EDGE('',*,*,#2428,.F.);
#2428 = EDGE_CURVE('',#2373,#2396,#2429,.T.);
#2429 = CIRCLE('',#2430,11.65);
#2430 = AXIS2_PLACEMENT_3D('',#2431,#2432,#2433);
#2431 = CARTESIAN_POINT('',(7.687347181489,9.212210969745,
    12.749371867901));
#2432 = DIRECTION('',(1.,3.E-15,0.));
#2433 = DIRECTION('',(2.805048728056E-15,-0.935016242685,-0.354604887043
    ));
#2434 = CONICAL_SURFACE('',#2435,11.45,0.785398163397);
#2435 = AXIS2_PLACEMENT_3D('',#2436,#2437,#2438);
#2436 = CARTESIAN_POINT('',(7.487347181489,9.212210969745,
    12.749371867901));
#2437 = DIRECTION('',(1.,3.E-15,0.));
#2438 = DIRECTION('',(2.805048728056E-15,-0.935016242685,-0.354604887043
    ));
#2439 = ADVANCED_FACE('',(#2440),#2458,.F.);
#2440 = FACE_BOUND('',#2441,.T.);
#2441 = EDGE_LOOP('',(#2442,#2450,#2451,#2452));
#2442 = ORIENTED_EDGE('',*,*,#2443,.F.);
#2443 = EDGE_CURVE('',#2258,#2444,#2446,.T.);
#2444 = VERTEX_POINT('',#2445);
#2445 = CARTESIAN_POINT('',(-0.212652818511,13.288936870864,
    5.007097917236));
#2446 = LINE('',#2447,#2448);
#2447 = CARTESIAN_POINT('',(-0.212652818511,11.250573920305,
    8.878234892569));
#2448 = VECTOR('',#2449,1.);
#2449 = DIRECTION('',(1.397734594669E-15,-0.465911531556,0.884831308647)
  );
#2450 = ORIENTED_EDGE('',*,*,#2255,.F.);
#2451 = ORIENTED_EDGE('',*,*,#2404,.F.);
#2452 = ORIENTED_EDGE('',*,*,#2453,.T.);
#2453 = EDGE_CURVE('',#2347,#2444,#2454,.T.);
#2454 = LINE('',#2455,#2456);
#2455 = CARTESIAN_POINT('',(7.687347181489,13.288936870864,
    5.007097917236));
#2456 = VECTOR('',#2457,1.);
#2457 = DIRECTION('',(-1.,-3.E-15,0.));
#2458 = PLANE('',#2459);
#2459 = AXIS2_PLACEMENT_3D('',#2460,#2461,#2462);
#2460 = CARTESIAN_POINT('',(7.687347181489,13.288936870864,
    5.007097917236));
#2461 = DIRECTION('',(-2.654493925942E-15,0.884831308647,0.465911531556)
  );
#2462 = DIRECTION('',(1.397734594669E-15,-0.465911531556,0.884831308647)
  );
#2463 = ADVANCED_FACE('',(#2464),#2476,.T.);
#2464 = FACE_BOUND('',#2465,.T.);
#2465 = EDGE_LOOP('',(#2466,#2473,#2474,#2475));
#2466 = ORIENTED_EDGE('',*,*,#2467,.F.);
#2467 = EDGE_CURVE('',#2444,#2298,#2468,.T.);
#2468 = CIRCLE('',#2469,8.75);
#2469 = AXIS2_PLACEMENT_3D('',#2470,#2471,#2472);
#2470 = CARTESIAN_POINT('',(-0.212652818511,9.212210969745,
    12.749371867901));
#2471 = DIRECTION('',(-1.,-3.E-15,0.));
#2472 = DIRECTION('',(-2.805048728056E-15,0.935016242685,0.354604887043)
  );
#2473 = ORIENTED_EDGE('',*,*,#2453,.F.);
#2474 = ORIENTED_EDGE('',*,*,#2346,.F.);
#2475 = ORIENTED_EDGE('',*,*,#2305,.T.);
#2476 = CYLINDRICAL_SURFACE('',#2477,8.75);
#2477 = AXIS2_PLACEMENT_3D('',#2478,#2479,#2480);
#2478 = CARTESIAN_POINT('',(7.687347181489,9.212210969745,
    12.749371867901));
#2479 = DIRECTION('',(-1.,-3.E-15,0.));
#2480 = DIRECTION('',(-2.805048728056E-15,0.935016242685,0.354604887043)
  );
#2481 = ADVANCED_FACE('',(#2482),#2510,.F.);
#2482 = FACE_BOUND('',#2483,.F.);
#2483 = EDGE_LOOP('',(#2484,#2493,#2494,#2503));
#2484 = ORIENTED_EDGE('',*,*,#2485,.F.);
#2485 = EDGE_CURVE('',#2258,#2486,#2488,.T.);
#2486 = VERTEX_POINT('',#2487);
#2487 = CARTESIAN_POINT('',(-0.612652818511,14.990812499868,
    2.633529621402));
#2488 = B_SPLINE_CURVE_WITH_KNOTS('',3,(#2489,#2490,#2491,#2492),
  .UNSPECIFIED.,.F.,.F.,(4,4),(-6.887836704765E-02,0.),
  .PIECEWISE_BEZIER_KNOTS.);
#2489 = CARTESIAN_POINT('',(-0.212652818511,14.453715699756,
    2.795019645618));
#2490 = CARTESIAN_POINT('',(-0.345209450346,14.632765621128,
    2.739489050958));
#2491 = CARTESIAN_POINT('',(-0.478604798941,14.811856877766,
    2.685680117963));
#2492 = CARTESIAN_POINT('',(-0.612652818511,14.990812499868,
    2.633529621402));
#2493 = ORIENTED_EDGE('',*,*,#2282,.F.);
#2494 = ORIENTED_EDGE('',*,*,#2495,.T.);
#2495 = EDGE_CURVE('',#2275,#2496,#2498,.T.);
#2496 = VERTEX_POINT('',#2497);
#2497 = CARTESIAN_POINT('',(-0.612652818511,11.594909815893,
    1.345633612024));
#2498 = B_SPLINE_CURVE_WITH_KNOTS('',3,(#2499,#2500,#2501,#2502),
  .UNSPECIFIED.,.F.,.F.,(4,4),(-6.887836704776E-02,0.),
  .PIECEWISE_BEZIER_KNOTS.);
#2499 = CARTESIAN_POINT('',(-0.212652818511,11.889844849448,
    1.822671688695));
#2500 = CARTESIAN_POINT('',(-0.345209450346,11.792647654387,
    1.662374381921));
#2501 = CARTESIAN_POINT('',(-0.478604798941,11.694277846574,
    1.503338347057));
#2502 = CARTESIAN_POINT('',(-0.612652818511,11.594909815893,
    1.345633612024));
#2503 = ORIENTED_EDGE('',*,*,#2504,.F.);
#2504 = EDGE_CURVE('',#2486,#2496,#2505,.T.);
#2505 = CIRCLE('',#2506,11.65);
#2506 = AXIS2_PLACEMENT_3D('',#2507,#2508,#2509);
#2507 = CARTESIAN_POINT('',(-0.612652818511,9.212210969745,
    12.749371867901));
#2508 = DIRECTION('',(-1.,-3.E-15,0.));
#2509 = DIRECTION('',(2.805048728056E-15,-0.935016242685,-0.354604887043
    ));
#2510 = CONICAL_SURFACE('',#2511,11.45,0.785398163397);
#2511 = AXIS2_PLACEMENT_3D('',#2512,#2513,#2514);
#2512 = CARTESIAN_POINT('',(-0.412652818511,9.212210969745,
    12.749371867901));
#2513 = DIRECTION('',(-1.,-3.E-15,0.));
#2514 = DIRECTION('',(2.805048728056E-15,-0.935016242685,-0.354604887043
    ));
#2515 = ADVANCED_FACE('',(#2516),#2544,.T.);
#2516 = FACE_BOUND('',#2517,.T.);
#2517 = EDGE_LOOP('',(#2518,#2529,#2536,#2537));
#2518 = ORIENTED_EDGE('',*,*,#2519,.T.);
#2519 = EDGE_CURVE('',#2520,#2522,#2524,.T.);
#2520 = VERTEX_POINT('',#2521);
#2521 = CARTESIAN_POINT('',(-0.612652818511,10.808823779689,
    4.553438270371));
#2522 = VERTEX_POINT('',#2523);
#2523 = CARTESIAN_POINT('',(-0.612652818511,13.452038394793,
    5.555877348141));
#2524 = CIRCLE('',#2525,8.35);
#2525 = AXIS2_PLACEMENT_3D('',#2526,#2527,#2528);
#2526 = CARTESIAN_POINT('',(-0.612652818511,9.212210969745,
    12.749371867901));
#2527 = DIRECTION('',(1.,3.E-15,1.972152263053E-31));
#2528 = DIRECTION('',(-2.805048728056E-15,0.935016242685,0.354604887043)
  );
#2529 = ORIENTED_EDGE('',*,*,#2530,.F.);
#2530 = EDGE_CURVE('',#2444,#2522,#2531,.T.);
#2531 = B_SPLINE_CURVE_WITH_KNOTS('',3,(#2532,#2533,#2534,#2535),
  .UNSPECIFIED.,.F.,.F.,(4,4),(-6.982290066636E-02,0.),
  .PIECEWISE_BEZIER_KNOTS.);
#2532 = CARTESIAN_POINT('',(-0.212652818511,13.288936870864,
    5.007097917236));
#2533 = CARTESIAN_POINT('',(-0.347026667624,13.345228733782,
    5.188602431837));
#2534 = CARTESIAN_POINT('',(-0.480477083348,13.399691583107,
    5.371598506645));
#2535 = CARTESIAN_POINT('',(-0.612652818511,13.452038394793,
    5.555877348141));
#2536 = ORIENTED_EDGE('',*,*,#2467,.T.);
#2537 = ORIENTED_EDGE('',*,*,#2538,.F.);
#2538 = EDGE_CURVE('',#2520,#2298,#2539,.T.);
#2539 = B_SPLINE_CURVE_WITH_KNOTS('',3,(#2540,#2541,#2542,#2543),
  .UNSPECIFIED.,.F.,.F.,(4,4),(-6.982270016184E-02,0.),
  .PIECEWISE_BEZIER_KNOTS.);
#2540 = CARTESIAN_POINT('',(-0.612652818511,10.808823779689,
    4.553438270371));
#2541 = CARTESIAN_POINT('',(-0.480477083348,10.9702054061,4.450215933766
    ));
#2542 = CARTESIAN_POINT('',(-0.347026667624,11.13232027777,
    4.349356954319));
#2543 = CARTESIAN_POINT('',(-0.212652818511,11.294815098403,
    4.250827284074));
#2544 = CONICAL_SURFACE('',#2545,8.55,0.785398163397);
#2545 = AXIS2_PLACEMENT_3D('',#2546,#2547,#2548);
#2546 = CARTESIAN_POINT('',(-0.412652818511,9.212210969745,
    12.749371867901));
#2547 = DIRECTION('',(1.,3.E-15,0.));
#2548 = DIRECTION('',(-2.805048728056E-15,0.935016242685,0.354604887043)
  );
#2549 = ADVANCED_FACE('',(#2550),#2561,.T.);
#2550 = FACE_BOUND('',#2551,.T.);
#2551 = EDGE_LOOP('',(#2552,#2553,#2554,#2560));
#2552 = ORIENTED_EDGE('',*,*,#2443,.T.);
#2553 = ORIENTED_EDGE('',*,*,#2530,.T.);
#2554 = ORIENTED_EDGE('',*,*,#2555,.T.);
#2555 = EDGE_CURVE('',#2522,#2486,#2556,.T.);
#2556 = LINE('',#2557,#2558);
#2557 = CARTESIAN_POINT('',(-0.612652818511,11.604506443764,
    9.064599505191));
#2558 = VECTOR('',#2559,1.);
#2559 = DIRECTION('',(-1.397734594669E-15,0.465911531556,-0.884831308647
    ));
#2560 = ORIENTED_EDGE('',*,*,#2485,.F.);
#2561 = PLANE('',#2562);
#2562 = AXIS2_PLACEMENT_3D('',#2563,#2564,#2565);
#2563 = CARTESIAN_POINT('',(-0.412652818511,11.427540182034,
    8.97141719888));
#2564 = DIRECTION('',(-0.707106781187,-0.625670218551,-0.329449203397));
#2565 = DIRECTION('',(0.422323303887,1.26696991166E-15,-0.906445269718)
  );
#2566 = ADVANCED_FACE('',(#2567),#2578,.T.);
#2567 = FACE_BOUND('',#2568,.T.);
#2568 = EDGE_LOOP('',(#2569,#2575,#2576,#2577));
#2569 = ORIENTED_EDGE('',*,*,#2570,.T.);
#2570 = EDGE_CURVE('',#2496,#2520,#2571,.T.);
#2571 = LINE('',#2572,#2573);
#2572 = CARTESIAN_POINT('',(-0.612652818511,10.162523014336,
    7.190817018131));
#2573 = VECTOR('',#2574,1.);
#2574 = DIRECTION('',(7.140357012542E-16,-0.238011900418,0.971262238152)
  );
#2575 = ORIENTED_EDGE('',*,*,#2538,.T.);
#2576 = ORIENTED_EDGE('',*,*,#2297,.T.);
#2577 = ORIENTED_EDGE('',*,*,#2495,.T.);
#2578 = PLANE('',#2579);
#2579 = AXIS2_PLACEMENT_3D('',#2580,#2581,#2582);
#2580 = CARTESIAN_POINT('',(-0.412652818511,10.356775461966,
    7.238419398214));
#2581 = DIRECTION('',(-0.707106781187,0.686786114907,0.168299828789));
#2582 = DIRECTION('',(-0.696724294163,-0.71733901185,-4.163336342344E-17
    ));
#2583 = ADVANCED_FACE('',(#2584),#2620,.F.);
#2584 = FACE_BOUND('',#2585,.F.);
#2585 = EDGE_LOOP('',(#2586,#2596,#2605,#2613));
#2586 = ORIENTED_EDGE('',*,*,#2587,.F.);
#2587 = EDGE_CURVE('',#2588,#2590,#2592,.T.);
#2588 = VERTEX_POINT('',#2589);
#2589 = CARTESIAN_POINT('',(7.287347181489,18.479351056803,
    6.371079415619));
#2590 = VERTEX_POINT('',#2591);
#2591 = CARTESIAN_POINT('',(-0.212652818511,18.479351056803,
    6.371079415619));
#2592 = LINE('',#2593,#2594);
#2593 = CARTESIAN_POINT('',(7.687347181489,18.479351056803,
    6.371079415619));
#2594 = VECTOR('',#2595,1.);
#2595 = DIRECTION('',(-1.,-3.E-15,0.));
#2596 = ORIENTED_EDGE('',*,*,#2597,.T.);
#2597 = EDGE_CURVE('',#2588,#2598,#2600,.T.);
#2598 = VERTEX_POINT('',#2599);
#2599 = CARTESIAN_POINT('',(7.287347181489,16.661028790273,
    4.318617863864));
#2600 = CIRCLE('',#2601,11.25);
#2601 = AXIS2_PLACEMENT_3D('',#2602,#2603,#2604);
#2602 = CARTESIAN_POINT('',(7.287347181489,9.212210969745,
    12.749371867901));
#2603 = DIRECTION('',(-1.,-3.E-15,1.972152263053E-31));
#2604 = DIRECTION('',(1.989367974722E-15,-0.663122658241,-0.748510748171
    ));
#2605 = ORIENTED_EDGE('',*,*,#2606,.T.);
#2606 = EDGE_CURVE('',#2598,#2607,#2609,.T.);
#2607 = VERTEX_POINT('',#2608);
#2608 = CARTESIAN_POINT('',(-0.212652818511,16.661028790273,
    4.318617863864));
#2609 = LINE('',#2610,#2611);
#2610 = CARTESIAN_POINT('',(7.687347181489,16.661028790273,
    4.318617863864));
#2611 = VECTOR('',#2612,1.);
#2612 = DIRECTION('',(-1.,-3.E-15,0.));
#2613 = ORIENTED_EDGE('',*,*,#2614,.T.);
#2614 = EDGE_CURVE('',#2607,#2590,#2615,.T.);
#2615 = CIRCLE('',#2616,11.25);
#2616 = AXIS2_PLACEMENT_3D('',#2617,#2618,#2619);
#2617 = CARTESIAN_POINT('',(-0.212652818511,9.212210969745,
    12.749371867901));
#2618 = DIRECTION('',(1.,3.E-15,-1.972152263053E-31));
#2619 = DIRECTION('',(1.989367974722E-15,-0.663122658241,-0.748510748171
    ));
#2620 = CYLINDRICAL_SURFACE('',#2621,11.25);
#2621 = AXIS2_PLACEMENT_3D('',#2622,#2623,#2624);
#2622 = CARTESIAN_POINT('',(7.687347181489,9.212210969745,
    12.749371867901));
#2623 = DIRECTION('',(-1.,-3.E-15,0.));
#2624 = DIRECTION('',(1.989367974722E-15,-0.663122658241,-0.748510748171
    ));
#2625 = ADVANCED_FACE('',(#2626),#2651,.F.);
#2626 = FACE_BOUND('',#2627,.T.);
#2627 = EDGE_LOOP('',(#2628,#2636,#2644,#2650));
#2628 = ORIENTED_EDGE('',*,*,#2629,.F.);
#2629 = EDGE_CURVE('',#2630,#2607,#2632,.T.);
#2630 = VERTEX_POINT('',#2631);
#2631 = CARTESIAN_POINT('',(-0.212652818511,15.005735941267,
    6.19211875365));
#2632 = LINE('',#2633,#2634);
#2633 = CARTESIAN_POINT('',(-0.212652818511,12.936619880009,
    8.533994865883));
#2634 = VECTOR('',#2635,1.);
#2635 = DIRECTION('',(-1.986351418808E-15,0.662117139603,-0.749400355914
    ));
#2636 = ORIENTED_EDGE('',*,*,#2637,.F.);
#2637 = EDGE_CURVE('',#2638,#2630,#2640,.T.);
#2638 = VERTEX_POINT('',#2639);
#2639 = CARTESIAN_POINT('',(7.287347181489,15.005735941267,6.19211875365
    ));
#2640 = LINE('',#2641,#2642);
#2641 = CARTESIAN_POINT('',(7.687347181489,15.005735941267,6.19211875365
    ));
#2642 = VECTOR('',#2643,1.);
#2643 = DIRECTION('',(-1.,-3.E-15,0.));
#2644 = ORIENTED_EDGE('',*,*,#2645,.F.);
#2645 = EDGE_CURVE('',#2598,#2638,#2646,.T.);
#2646 = LINE('',#2647,#2648);
#2647 = CARTESIAN_POINT('',(7.287347181489,12.936619880009,
    8.533994865883));
#2648 = VECTOR('',#2649,1.);
#2649 = DIRECTION('',(1.986351418808E-15,-0.662117139603,0.749400355914)
  );
#2650 = ORIENTED_EDGE('',*,*,#2606,.T.);
#2651 = PLANE('',#2652);
#2652 = AXIS2_PLACEMENT_3D('',#2653,#2654,#2655);
#2653 = CARTESIAN_POINT('',(7.687347181489,16.661028790273,
    4.318617863864));
#2654 = DIRECTION('',(2.248201067743E-15,-0.749400355914,-0.662117139603
    ));
#2655 = DIRECTION('',(1.,3.E-15,0.));
#2656 = ADVANCED_FACE('',(#2657),#2693,.T.);
#2657 = FACE_BOUND('',#2658,.T.);
#2658 = EDGE_LOOP('',(#2659,#2670,#2677,#2686));
#2659 = ORIENTED_EDGE('',*,*,#2660,.T.);
#2660 = EDGE_CURVE('',#2661,#2663,#2665,.T.);
#2661 = VERTEX_POINT('',#2662);
#2662 = CARTESIAN_POINT('',(7.687347181489,16.309375302286,
    8.350194849763));
#2663 = VERTEX_POINT('',#2664);
#2664 = CARTESIAN_POINT('',(7.687347181489,14.43478166225,6.234216047678
    ));
#2665 = CIRCLE('',#2666,8.35);
#2666 = AXIS2_PLACEMENT_3D('',#2667,#2668,#2669);
#2667 = CARTESIAN_POINT('',(7.687347181489,9.212210969745,
    12.749371867901));
#2668 = DIRECTION('',(-1.,-3.E-15,1.972152263053E-31));
#2669 = DIRECTION('',(-1.989367974722E-15,0.663122658241,0.748510748171)
  );
#2670 = ORIENTED_EDGE('',*,*,#2671,.F.);
#2671 = EDGE_CURVE('',#2638,#2663,#2672,.T.);
#2672 = B_SPLINE_CURVE_WITH_KNOTS('',3,(#2673,#2674,#2675,#2676),
  .UNSPECIFIED.,.F.,.F.,(4,4),(-6.982290066631E-02,0.),
  .PIECEWISE_BEZIER_KNOTS.);
#2673 = CARTESIAN_POINT('',(7.287347181489,15.005735941267,6.19211875365
    ));
#2674 = CARTESIAN_POINT('',(7.421721030602,14.816064902303,
    6.203847335389));
#2675 = CARTESIAN_POINT('',(7.555171446326,14.625647807477,
    6.217814989084));
#2676 = CARTESIAN_POINT('',(7.687347181489,14.43478166225,6.234216047678
    ));
#2677 = ORIENTED_EDGE('',*,*,#2678,.T.);
#2678 = EDGE_CURVE('',#2638,#2679,#2681,.T.);
#2679 = VERTEX_POINT('',#2680);
#2680 = CARTESIAN_POINT('',(7.287347181489,16.419986593012,
    7.788477738348));
#2681 = CIRCLE('',#2682,8.75);
#2682 = AXIS2_PLACEMENT_3D('',#2683,#2684,#2685);
#2683 = CARTESIAN_POINT('',(7.287347181489,9.212210969745,
    12.749371867901));
#2684 = DIRECTION('',(1.,3.E-15,-1.972152263053E-31));
#2685 = DIRECTION('',(-1.989367974722E-15,0.663122658241,0.748510748171)
  );
#2686 = ORIENTED_EDGE('',*,*,#2687,.F.);
#2687 = EDGE_CURVE('',#2661,#2679,#2688,.T.);
#2688 = B_SPLINE_CURVE_WITH_KNOTS('',3,(#2689,#2690,#2691,#2692),
  .UNSPECIFIED.,.F.,.F.,(4,4),(-6.982270016189E-02,0.),
  .PIECEWISE_BEZIER_KNOTS.);
#2689 = CARTESIAN_POINT('',(7.687347181489,16.309375302286,
    8.350194849763));
#2690 = CARTESIAN_POINT('',(7.555171446326,16.348663150215,
    8.162697262786));
#2691 = CARTESIAN_POINT('',(7.421721030602,16.385481208462,7.97535213758
    ));
#2692 = CARTESIAN_POINT('',(7.287347181489,16.419986593012,
    7.788477738348));
#2693 = CONICAL_SURFACE('',#2694,8.55,0.785398163397);
#2694 = AXIS2_PLACEMENT_3D('',#2695,#2696,#2697);
#2695 = CARTESIAN_POINT('',(7.487347181489,9.212210969745,
    12.749371867901));
#2696 = DIRECTION('',(-1.,-3.E-15,0.));
#2697 = DIRECTION('',(-1.989367974722E-15,0.663122658241,0.748510748171)
  );
#2698 = ADVANCED_FACE('',(#2699),#2718,.T.);
#2699 = FACE_BOUND('',#2700,.T.);
#2700 = EDGE_LOOP('',(#2701,#2702,#2703,#2711));
#2701 = ORIENTED_EDGE('',*,*,#2645,.T.);
#2702 = ORIENTED_EDGE('',*,*,#2671,.T.);
#2703 = ORIENTED_EDGE('',*,*,#2704,.T.);
#2704 = EDGE_CURVE('',#2663,#2705,#2707,.T.);
#2705 = VERTEX_POINT('',#2706);
#2706 = CARTESIAN_POINT('',(7.687347181489,16.621567435812,
    3.759158480069));
#2707 = LINE('',#2708,#2709);
#2708 = CARTESIAN_POINT('',(7.687347181489,12.636859737643,
    8.269148010042));
#2709 = VECTOR('',#2710,1.);
#2710 = DIRECTION('',(-1.986351418808E-15,0.662117139603,-0.749400355914
    ));
#2711 = ORIENTED_EDGE('',*,*,#2712,.T.);
#2712 = EDGE_CURVE('',#2705,#2598,#2713,.T.);
#2713 = B_SPLINE_CURVE_WITH_KNOTS('',3,(#2714,#2715,#2716,#2717),
  .UNSPECIFIED.,.F.,.F.,(4,4),(-6.88784463654E-02,0.),
  .PIECEWISE_BEZIER_KNOTS.);
#2714 = CARTESIAN_POINT('',(7.687347181489,16.621567435812,
    3.759158480069));
#2715 = CARTESIAN_POINT('',(7.553299161919,16.636264412625,
    3.944977714396));
#2716 = CARTESIAN_POINT('',(7.419903813324,16.649458821103,
    4.131511858883));
#2717 = CARTESIAN_POINT('',(7.287347181489,16.661028790273,
    4.318617863864));
#2718 = PLANE('',#2719);
#2719 = AXIS2_PLACEMENT_3D('',#2720,#2721,#2722);
#2720 = CARTESIAN_POINT('',(7.487347181489,12.786739808826,
    8.401571437962));
#2721 = DIRECTION('',(0.707106781187,0.529906073491,0.468187519353));
#2722 = DIRECTION('',(2.041862570039E-15,-0.662117139603,0.749400355914)
  );
#2723 = ADVANCED_FACE('',(#2724),#2748,.T.);
#2724 = FACE_BOUND('',#2725,.T.);
#2725 = EDGE_LOOP('',(#2726,#2734,#2735,#2741));
#2726 = ORIENTED_EDGE('',*,*,#2727,.T.);
#2727 = EDGE_CURVE('',#2728,#2661,#2730,.T.);
#2728 = VERTEX_POINT('',#2729);
#2729 = CARTESIAN_POINT('',(7.687347181489,19.029974811129,
    6.477688429236));
#2730 = LINE('',#2731,#2732);
#2731 = CARTESIAN_POINT('',(7.687347181489,13.042882513015,
    10.598423117331));
#2732 = VECTOR('',#2733,1.);
#2733 = DIRECTION('',(2.471237356549E-15,-0.823745785516,0.566959329092)
  );
#2734 = ORIENTED_EDGE('',*,*,#2687,.T.);
#2735 = ORIENTED_EDGE('',*,*,#2736,.T.);
#2736 = EDGE_CURVE('',#2679,#2588,#2737,.T.);
#2737 = LINE('',#2738,#2739);
#2738 = CARTESIAN_POINT('',(7.287347181489,12.816098781379,
    10.268924803125));
#2739 = VECTOR('',#2740,1.);
#2740 = DIRECTION('',(-2.471237356549E-15,0.823745785516,-0.566959329092
    ));
#2741 = ORIENTED_EDGE('',*,*,#2742,.F.);
#2742 = EDGE_CURVE('',#2728,#2588,#2743,.T.);
#2743 = B_SPLINE_CURVE_WITH_KNOTS('',3,(#2744,#2745,#2746,#2747),
  .UNSPECIFIED.,.F.,.F.,(4,4),(-6.887844636536E-02,0.),
  .PIECEWISE_BEZIER_KNOTS.);
#2744 = CARTESIAN_POINT('',(7.687347181489,19.029974811129,
    6.477688429236));
#2745 = CARTESIAN_POINT('',(7.553299161919,18.847281933029,
    6.440700576299));
#2746 = CARTESIAN_POINT('',(7.419903813324,18.663698242671,
    6.405118163383));
#2747 = CARTESIAN_POINT('',(7.287347181489,18.479351056803,
    6.371079415619));
#2748 = PLANE('',#2749);
#2749 = AXIS2_PLACEMENT_3D('',#2750,#2751,#2752);
#2750 = CARTESIAN_POINT('',(7.487347181489,12.929490647197,
    10.433673960228));
#2751 = DIRECTION('',(0.707106781187,-0.400900786258,-0.582476230912));
#2752 = DIRECTION('',(-2.498992932164E-15,0.823745785516,-0.566959329092
    ));
#2753 = ADVANCED_FACE('',(#2754),#2766,.F.);
#2754 = FACE_BOUND('',#2755,.F.);
#2755 = EDGE_LOOP('',(#2756,#2757,#2758,#2759));
#2756 = ORIENTED_EDGE('',*,*,#2712,.T.);
#2757 = ORIENTED_EDGE('',*,*,#2597,.F.);
#2758 = ORIENTED_EDGE('',*,*,#2742,.F.);
#2759 = ORIENTED_EDGE('',*,*,#2760,.F.);
#2760 = EDGE_CURVE('',#2705,#2728,#2761,.T.);
#2761 = CIRCLE('',#2762,11.65);
#2762 = AXIS2_PLACEMENT_3D('',#2763,#2764,#2765);
#2763 = CARTESIAN_POINT('',(7.687347181489,9.212210969745,
    12.749371867901));
#2764 = DIRECTION('',(1.,3.E-15,0.));
#2765 = DIRECTION('',(1.989367974722E-15,-0.663122658241,-0.748510748171
    ));
#2766 = CONICAL_SURFACE('',#2767,11.45,0.785398163397);
#2767 = AXIS2_PLACEMENT_3D('',#2768,#2769,#2770);
#2768 = CARTESIAN_POINT('',(7.487347181489,9.212210969745,
    12.749371867901));
#2769 = DIRECTION('',(1.,3.E-15,0.));
#2770 = DIRECTION('',(1.989367974722E-15,-0.663122658241,-0.748510748171
    ));
#2771 = ADVANCED_FACE('',(#2772),#2790,.F.);
#2772 = FACE_BOUND('',#2773,.T.);
#2773 = EDGE_LOOP('',(#2774,#2782,#2783,#2784));
#2774 = ORIENTED_EDGE('',*,*,#2775,.F.);
#2775 = EDGE_CURVE('',#2590,#2776,#2778,.T.);
#2776 = VERTEX_POINT('',#2777);
#2777 = CARTESIAN_POINT('',(-0.212652818511,16.419986593012,
    7.788477738348));
#2778 = LINE('',#2779,#2780);
#2779 = CARTESIAN_POINT('',(-0.212652818511,12.816098781379,
    10.268924803125));
#2780 = VECTOR('',#2781,1.);
#2781 = DIRECTION('',(2.471237356549E-15,-0.823745785516,0.566959329092)
  );
#2782 = ORIENTED_EDGE('',*,*,#2587,.F.);
#2783 = ORIENTED_EDGE('',*,*,#2736,.F.);
#2784 = ORIENTED_EDGE('',*,*,#2785,.T.);
#2785 = EDGE_CURVE('',#2679,#2776,#2786,.T.);
#2786 = LINE('',#2787,#2788);
#2787 = CARTESIAN_POINT('',(7.687347181489,16.419986593012,
    7.788477738348));
#2788 = VECTOR('',#2789,1.);
#2789 = DIRECTION('',(-1.,-3.E-15,0.));
#2790 = PLANE('',#2791);
#2791 = AXIS2_PLACEMENT_3D('',#2792,#2793,#2794);
#2792 = CARTESIAN_POINT('',(7.687347181489,16.419986593012,
    7.788477738348));
#2793 = DIRECTION('',(-1.700877987275E-15,0.566959329092,0.823745785516)
  );
#2794 = DIRECTION('',(-2.471237356549E-15,0.823745785516,-0.566959329092
    ));
#2795 = ADVANCED_FACE('',(#2796),#2808,.T.);
#2796 = FACE_BOUND('',#2797,.T.);
#2797 = EDGE_LOOP('',(#2798,#2805,#2806,#2807));
#2798 = ORIENTED_EDGE('',*,*,#2799,.F.);
#2799 = EDGE_CURVE('',#2776,#2630,#2800,.T.);
#2800 = CIRCLE('',#2801,8.75);
#2801 = AXIS2_PLACEMENT_3D('',#2802,#2803,#2804);
#2802 = CARTESIAN_POINT('',(-0.212652818511,9.212210969745,
    12.749371867901));
#2803 = DIRECTION('',(-1.,-3.E-15,1.972152263053E-31));
#2804 = DIRECTION('',(-1.989367974722E-15,0.663122658241,0.748510748171)
  );
#2805 = ORIENTED_EDGE('',*,*,#2785,.F.);
#2806 = ORIENTED_EDGE('',*,*,#2678,.F.);
#2807 = ORIENTED_EDGE('',*,*,#2637,.T.);
#2808 = CYLINDRICAL_SURFACE('',#2809,8.75);
#2809 = AXIS2_PLACEMENT_3D('',#2810,#2811,#2812);
#2810 = CARTESIAN_POINT('',(7.687347181489,9.212210969745,
    12.749371867901));
#2811 = DIRECTION('',(-1.,-3.E-15,0.));
#2812 = DIRECTION('',(-1.989367974722E-15,0.663122658241,0.748510748171)
  );
#2813 = ADVANCED_FACE('',(#2814),#2842,.F.);
#2814 = FACE_BOUND('',#2815,.F.);
#2815 = EDGE_LOOP('',(#2816,#2825,#2826,#2835));
#2816 = ORIENTED_EDGE('',*,*,#2817,.F.);
#2817 = EDGE_CURVE('',#2590,#2818,#2820,.T.);
#2818 = VERTEX_POINT('',#2819);
#2819 = CARTESIAN_POINT('',(-0.612652818511,19.029974811129,
    6.477688429236));
#2820 = B_SPLINE_CURVE_WITH_KNOTS('',3,(#2821,#2822,#2823,#2824),
  .UNSPECIFIED.,.F.,.F.,(4,4),(-6.887836704773E-02,0.),
  .PIECEWISE_BEZIER_KNOTS.);
#2821 = CARTESIAN_POINT('',(-0.212652818511,18.479351056803,
    6.371079415619));
#2822 = CARTESIAN_POINT('',(-0.345209450346,18.663698242671,
    6.405118163383));
#2823 = CARTESIAN_POINT('',(-0.478604798941,18.847281933029,
    6.440700576299));
#2824 = CARTESIAN_POINT('',(-0.612652818511,19.029974811129,
    6.477688429236));
#2825 = ORIENTED_EDGE('',*,*,#2614,.F.);
#2826 = ORIENTED_EDGE('',*,*,#2827,.T.);
#2827 = EDGE_CURVE('',#2607,#2828,#2830,.T.);
#2828 = VERTEX_POINT('',#2829);
#2829 = CARTESIAN_POINT('',(-0.612652818511,16.621567435812,
    3.759158480069));
#2830 = B_SPLINE_CURVE_WITH_KNOTS('',3,(#2831,#2832,#2833,#2834),
  .UNSPECIFIED.,.F.,.F.,(4,4),(-6.887836704768E-02,0.),
  .PIECEWISE_BEZIER_KNOTS.);
#2831 = CARTESIAN_POINT('',(-0.212652818511,16.661028790273,
    4.318617863864));
#2832 = CARTESIAN_POINT('',(-0.345209450346,16.649458821103,
    4.131511858883));
#2833 = CARTESIAN_POINT('',(-0.478604798941,16.636264412625,
    3.944977714397));
#2834 = CARTESIAN_POINT('',(-0.612652818511,16.621567435812,
    3.759158480069));
#2835 = ORIENTED_EDGE('',*,*,#2836,.F.);
#2836 = EDGE_CURVE('',#2818,#2828,#2837,.T.);
#2837 = CIRCLE('',#2838,11.65);
#2838 = AXIS2_PLACEMENT_3D('',#2839,#2840,#2841);
#2839 = CARTESIAN_POINT('',(-0.612652818511,9.212210969745,
    12.749371867901));
#2840 = DIRECTION('',(-1.,-3.E-15,0.));
#2841 = DIRECTION('',(1.989367974722E-15,-0.663122658241,-0.748510748171
    ));
#2842 = CONICAL_SURFACE('',#2843,11.45,0.785398163397);
#2843 = AXIS2_PLACEMENT_3D('',#2844,#2845,#2846);
#2844 = CARTESIAN_POINT('',(-0.412652818511,9.212210969745,
    12.749371867901));
#2845 = DIRECTION('',(-1.,-3.E-15,0.));
#2846 = DIRECTION('',(1.989367974722E-15,-0.663122658241,-0.748510748171
    ));
#2847 = ADVANCED_FACE('',(#2848),#2876,.T.);
#2848 = FACE_BOUND('',#2849,.T.);
#2849 = EDGE_LOOP('',(#2850,#2861,#2868,#2869));
#2850 = ORIENTED_EDGE('',*,*,#2851,.T.);
#2851 = EDGE_CURVE('',#2852,#2854,#2856,.T.);
#2852 = VERTEX_POINT('',#2853);
#2853 = CARTESIAN_POINT('',(-0.612652818511,14.43478166225,
    6.234216047678));
#2854 = VERTEX_POINT('',#2855);
#2855 = CARTESIAN_POINT('',(-0.612652818511,16.309375302286,
    8.350194849763));
#2856 = CIRCLE('',#2857,8.35);
#2857 = AXIS2_PLACEMENT_3D('',#2858,#2859,#2860);
#2858 = CARTESIAN_POINT('',(-0.612652818511,9.212210969745,
    12.749371867901));
#2859 = DIRECTION('',(1.,3.E-15,-1.972152263053E-31));
#2860 = DIRECTION('',(-1.989367974722E-15,0.663122658241,0.748510748171)
  );
#2861 = ORIENTED_EDGE('',*,*,#2862,.F.);
#2862 = EDGE_CURVE('',#2776,#2854,#2863,.T.);
#2863 = B_SPLINE_CURVE_WITH_KNOTS('',3,(#2864,#2865,#2866,#2867),
  .UNSPECIFIED.,.F.,.F.,(4,4),(-6.982290066635E-02,0.),
  .PIECEWISE_BEZIER_KNOTS.);
#2864 = CARTESIAN_POINT('',(-0.212652818511,16.419986593012,
    7.788477738348));
#2865 = CARTESIAN_POINT('',(-0.347026667624,16.385481208462,
    7.97535213758));
#2866 = CARTESIAN_POINT('',(-0.480477083348,16.348663150215,
    8.162697262786));
#2867 = CARTESIAN_POINT('',(-0.612652818511,16.309375302286,
    8.350194849763));
#2868 = ORIENTED_EDGE('',*,*,#2799,.T.);
#2869 = ORIENTED_EDGE('',*,*,#2870,.F.);
#2870 = EDGE_CURVE('',#2852,#2630,#2871,.T.);
#2871 = B_SPLINE_CURVE_WITH_KNOTS('',3,(#2872,#2873,#2874,#2875),
  .UNSPECIFIED.,.F.,.F.,(4,4),(-6.982270016196E-02,0.),
  .PIECEWISE_BEZIER_KNOTS.);
#2872 = CARTESIAN_POINT('',(-0.612652818511,14.43478166225,
    6.234216047678));
#2873 = CARTESIAN_POINT('',(-0.480477083348,14.625647807477,
    6.217814989084));
#2874 = CARTESIAN_POINT('',(-0.347026667625,14.816064902303,
    6.203847335389));
#2875 = CARTESIAN_POINT('',(-0.212652818511,15.005735941267,
    6.19211875365));
#2876 = CONICAL_SURFACE('',#2877,8.55,0.785398163397);
#2877 = AXIS2_PLACEMENT_3D('',#2878,#2879,#2880);
#2878 = CARTESIAN_POINT('',(-0.412652818511,9.212210969745,
    12.749371867901));
#2879 = DIRECTION('',(1.,3.E-15,0.));
#2880 = DIRECTION('',(-1.989367974722E-15,0.663122658241,0.748510748171)
  );
#2881 = ADVANCED_FACE('',(#2882),#2893,.T.);
#2882 = FACE_BOUND('',#2883,.T.);
#2883 = EDGE_LOOP('',(#2884,#2885,#2886,#2892));
#2884 = ORIENTED_EDGE('',*,*,#2775,.T.);
#2885 = ORIENTED_EDGE('',*,*,#2862,.T.);
#2886 = ORIENTED_EDGE('',*,*,#2887,.T.);
#2887 = EDGE_CURVE('',#2854,#2818,#2888,.T.);
#2888 = LINE('',#2889,#2890);
#2889 = CARTESIAN_POINT('',(-0.612652818511,13.042882513015,
    10.598423117331));
#2890 = VECTOR('',#2891,1.);
#2891 = DIRECTION('',(-2.471237356549E-15,0.823745785516,-0.566959329092
    ));
#2892 = ORIENTED_EDGE('',*,*,#2817,.F.);
#2893 = PLANE('',#2894);
#2894 = AXIS2_PLACEMENT_3D('',#2895,#2896,#2897);
#2895 = CARTESIAN_POINT('',(-0.412652818511,12.929490647197,
    10.433673960228));
#2896 = DIRECTION('',(-0.707106781187,-0.400900786258,-0.582476230912));
#2897 = DIRECTION('',(0.49320526952,-0.869912962381,1.110223024625E-16)
  );
#2898 = ADVANCED_FACE('',(#2899),#2910,.T.);
#2899 = FACE_BOUND('',#2900,.T.);
#2900 = EDGE_LOOP('',(#2901,#2907,#2908,#2909));
#2901 = ORIENTED_EDGE('',*,*,#2902,.T.);
#2902 = EDGE_CURVE('',#2828,#2852,#2903,.T.);
#2903 = LINE('',#2904,#2905);
#2904 = CARTESIAN_POINT('',(-0.612652818511,12.636859737643,
    8.269148010042));
#2905 = VECTOR('',#2906,1.);
#2906 = DIRECTION('',(1.986351418808E-15,-0.662117139603,0.749400355914)
  );
#2907 = ORIENTED_EDGE('',*,*,#2870,.T.);
#2908 = ORIENTED_EDGE('',*,*,#2629,.T.);
#2909 = ORIENTED_EDGE('',*,*,#2827,.T.);
#2910 = PLANE('',#2911);
#2911 = AXIS2_PLACEMENT_3D('',#2912,#2913,#2914);
#2912 = CARTESIAN_POINT('',(-0.412652818511,12.786739808826,
    8.401571437962));
#2913 = DIRECTION('',(-0.707106781187,0.529906073491,0.468187519353));
#2914 = DIRECTION('',(-0.599692849647,-0.800230270661,2.775557561563E-17
    ));
#2915 = ADVANCED_FACE('',(#2916),#2952,.F.);
#2916 = FACE_BOUND('',#2917,.F.);
#2917 = EDGE_LOOP('',(#2918,#2928,#2937,#2945));
#2918 = ORIENTED_EDGE('',*,*,#2919,.F.);
#2919 = EDGE_CURVE('',#2920,#2922,#2924,.T.);
#2920 = VERTEX_POINT('',#2921);
#2921 = CARTESIAN_POINT('',(7.287347181489,20.38199630105,
    11.408329119681));
#2922 = VERTEX_POINT('',#2923);
#2923 = CARTESIAN_POINT('',(-0.212652818511,20.38199630105,
    11.408329119681));
#2924 = LINE('',#2925,#2926);
#2925 = CARTESIAN_POINT('',(7.687347181489,20.38199630105,
    11.408329119681));
#2926 = VECTOR('',#2927,1.);
#2927 = DIRECTION('',(-1.,-3.E-15,0.));
#2928 = ORIENTED_EDGE('',*,*,#2929,.T.);
#2929 = EDGE_CURVE('',#2920,#2930,#2932,.T.);
#2930 = VERTEX_POINT('',#2931);
#2931 = CARTESIAN_POINT('',(7.287347181489,19.725778336401,
    8.745948179759));
#2932 = CIRCLE('',#2933,11.25);
#2933 = AXIS2_PLACEMENT_3D('',#2934,#2935,#2936);
#2934 = CARTESIAN_POINT('',(7.287347181489,9.212210969745,
    12.749371867901));
#2935 = DIRECTION('',(-1.,-3.E-15,0.));
#2936 = DIRECTION('',(7.179469928627E-16,-0.239315664288,-0.970941817426
    ));
#2937 = ORIENTED_EDGE('',*,*,#2938,.T.);
#2938 = EDGE_CURVE('',#2930,#2939,#2941,.T.);
#2939 = VERTEX_POINT('',#2940);
#2940 = CARTESIAN_POINT('',(-0.212652818511,19.725778336401,
    8.745948179759));
#2941 = LINE('',#2942,#2943);
#2942 = CARTESIAN_POINT('',(7.687347181489,19.725778336401,
    8.745948179759));
#2943 = VECTOR('',#2944,1.);
#2944 = DIRECTION('',(-1.,-3.E-15,0.));
#2945 = ORIENTED_EDGE('',*,*,#2946,.T.);
#2946 = EDGE_CURVE('',#2939,#2922,#2947,.T.);
#2947 = CIRCLE('',#2948,11.25);
#2948 = AXIS2_PLACEMENT_3D('',#2949,#2950,#2951);
#2949 = CARTESIAN_POINT('',(-0.212652818511,9.212210969745,
    12.749371867901));
#2950 = DIRECTION('',(1.,3.E-15,0.));
#2951 = DIRECTION('',(7.179469928627E-16,-0.239315664288,-0.970941817426
    ));
#2952 = CYLINDRICAL_SURFACE('',#2953,11.25);
#2953 = AXIS2_PLACEMENT_3D('',#2954,#2955,#2956);
#2954 = CARTESIAN_POINT('',(7.687347181489,9.212210969745,
    12.749371867901));
#2955 = DIRECTION('',(-1.,-3.E-15,0.));
#2956 = DIRECTION('',(7.179469928627E-16,-0.239315664288,-0.970941817426
    ));
#2957 = ADVANCED_FACE('',(#2958),#2983,.F.);
#2958 = FACE_BOUND('',#2959,.T.);
#2959 = EDGE_LOOP('',(#2960,#2968,#2976,#2982));
#2960 = ORIENTED_EDGE('',*,*,#2961,.F.);
#2961 = EDGE_CURVE('',#2962,#2939,#2964,.T.);
#2962 = VERTEX_POINT('',#2963);
#2963 = CARTESIAN_POINT('',(-0.212652818511,17.3894300327,9.635597888235
    ));
#2964 = LINE('',#2965,#2966);
#2965 = CARTESIAN_POINT('',(-0.212652818511,14.468994653073,
    10.74766002383));
#2966 = VECTOR('',#2967,1.);
#2967 = DIRECTION('',(-2.803617964442E-15,0.934539321481,-0.35585988339)
  );
#2968 = ORIENTED_EDGE('',*,*,#2969,.F.);
#2969 = EDGE_CURVE('',#2970,#2962,#2972,.T.);
#2970 = VERTEX_POINT('',#2971);
#2971 = CARTESIAN_POINT('',(7.287347181489,17.3894300327,9.635597888235)
  );
#2972 = LINE('',#2973,#2974);
#2973 = CARTESIAN_POINT('',(7.687347181489,17.3894300327,9.635597888235)
  );
#2974 = VECTOR('',#2975,1.);
#2975 = DIRECTION('',(-1.,-3.E-15,0.));
#2976 = ORIENTED_EDGE('',*,*,#2977,.F.);
#2977 = EDGE_CURVE('',#2930,#2970,#2978,.T.);
#2978 = LINE('',#2979,#2980);
#2979 = CARTESIAN_POINT('',(7.287347181489,14.468994653073,
    10.74766002383));
#2980 = VECTOR('',#2981,1.);
#2981 = DIRECTION('',(2.803617964442E-15,-0.934539321481,0.35585988339)
  );
#2982 = ORIENTED_EDGE('',*,*,#2938,.T.);
#2983 = PLANE('',#2984);
#2984 = AXIS2_PLACEMENT_3D('',#2985,#2986,#2987);
#2985 = CARTESIAN_POINT('',(7.687347181489,19.725778336401,
    8.745948179759));
#2986 = DIRECTION('',(1.067579650171E-15,-0.35585988339,-0.934539321481)
  );
#2987 = DIRECTION('',(1.,3.E-15,0.));
#2988 = ADVANCED_FACE('',(#2989),#3025,.T.);
#2989 = FACE_BOUND('',#2990,.T.);
#2990 = EDGE_LOOP('',(#2991,#3002,#3009,#3018));
#2991 = ORIENTED_EDGE('',*,*,#2992,.T.);
#2992 = EDGE_CURVE('',#2993,#2995,#2997,.T.);
#2993 = VERTEX_POINT('',#2994);
#2994 = CARTESIAN_POINT('',(7.687347181489,17.540837391295,
    12.15231079041));
#2995 = VERTEX_POINT('',#2996);
#2996 = CARTESIAN_POINT('',(7.687347181489,16.864311537957,
    9.407537507258));
#2997 = CIRCLE('',#2998,8.35);
#2998 = AXIS2_PLACEMENT_3D('',#2999,#3000,#3001);
#2999 = CARTESIAN_POINT('',(7.687347181489,9.212210969745,
    12.749371867901));
#3000 = DIRECTION('',(-1.,-3.E-15,0.));
#3001 = DIRECTION('',(-7.179469928627E-16,0.239315664288,0.970941817426)
  );
#3002 = ORIENTED_EDGE('',*,*,#3003,.F.);
#3003 = EDGE_CURVE('',#2970,#2995,#3004,.T.);
#3004 = B_SPLINE_CURVE_WITH_KNOTS('',3,(#3005,#3006,#3007,#3008),
  .UNSPECIFIED.,.F.,.F.,(4,4),(-6.982290066634E-02,0.),
  .PIECEWISE_BEZIER_KNOTS.);
#3005 = CARTESIAN_POINT('',(7.287347181489,17.3894300327,9.635597888235)
  );
#3006 = CARTESIAN_POINT('',(7.421721030602,17.216034124649,
    9.557838504736));
#3007 = CARTESIAN_POINT('',(7.555171446326,17.040937068316,
    9.481715011545));
#3008 = CARTESIAN_POINT('',(7.687347181489,16.864311537957,
    9.407537507258));
#3009 = ORIENTED_EDGE('',*,*,#3010,.T.);
#3010 = EDGE_CURVE('',#2970,#3011,#3013,.T.);
#3011 = VERTEX_POINT('',#3012);
#3012 = CARTESIAN_POINT('',(7.287347181489,17.899821782983,
    11.706338619285));
#3013 = CIRCLE('',#3014,8.75);
#3014 = AXIS2_PLACEMENT_3D('',#3015,#3016,#3017);
#3015 = CARTESIAN_POINT('',(7.287347181489,9.212210969745,
    12.749371867901));
#3016 = DIRECTION('',(1.,3.E-15,0.));
#3017 = DIRECTION('',(-7.179469928627E-16,0.239315664288,0.970941817426)
  );
#3018 = ORIENTED_EDGE('',*,*,#3019,.F.);
#3019 = EDGE_CURVE('',#2993,#3011,#3020,.T.);
#3020 = B_SPLINE_CURVE_WITH_KNOTS('',3,(#3021,#3022,#3023,#3024),
  .UNSPECIFIED.,.F.,.F.,(4,4),(-6.982270016186E-02,0.),
  .PIECEWISE_BEZIER_KNOTS.);
#3021 = CARTESIAN_POINT('',(7.687347181489,17.540837391295,
    12.15231079041));
#3022 = CARTESIAN_POINT('',(7.555171446326,17.66275952635,
    12.004547895538));
#3023 = CARTESIAN_POINT('',(7.421721030602,17.782423918731,
    11.855772230365));
#3024 = CARTESIAN_POINT('',(7.287347181489,17.899821782983,
    11.706338619285));
#3025 = CONICAL_SURFACE('',#3026,8.55,0.785398163397);
#3026 = AXIS2_PLACEMENT_3D('',#3027,#3028,#3029);
#3027 = CARTESIAN_POINT('',(7.487347181489,9.212210969745,
    12.749371867901));
#3028 = DIRECTION('',(-1.,-3.E-15,0.));
#3029 = DIRECTION('',(-7.179469928627E-16,0.239315664288,0.970941817426)
  );
#3030 = ADVANCED_FACE('',(#3031),#3050,.T.);
#3031 = FACE_BOUND('',#3032,.T.);
#3032 = EDGE_LOOP('',(#3033,#3034,#3035,#3043));
#3033 = ORIENTED_EDGE('',*,*,#2977,.T.);
#3034 = ORIENTED_EDGE('',*,*,#3003,.T.);
#3035 = ORIENTED_EDGE('',*,*,#3036,.T.);
#3036 = EDGE_CURVE('',#2995,#3037,#3039,.T.);
#3037 = VERTEX_POINT('',#3038);
#3038 = CARTESIAN_POINT('',(7.687347181489,19.95083078178,8.232232891451
    ));
#3039 = LINE('',#3040,#3041);
#3040 = CARTESIAN_POINT('',(7.687347181489,14.326650699717,
    10.373844295238));
#3041 = VECTOR('',#3042,1.);
#3042 = DIRECTION('',(-2.803617964442E-15,0.934539321481,-0.35585988339)
  );
#3043 = ORIENTED_EDGE('',*,*,#3044,.T.);
#3044 = EDGE_CURVE('',#3037,#2930,#3045,.T.);
#3045 = B_SPLINE_CURVE_WITH_KNOTS('',3,(#3046,#3047,#3048,#3049),
  .UNSPECIFIED.,.F.,.F.,(4,4),(-6.887844636535E-02,0.),
  .PIECEWISE_BEZIER_KNOTS.);
#3046 = CARTESIAN_POINT('',(7.687347181489,19.95083078178,8.232232891451
    ));
#3047 = CARTESIAN_POINT('',(7.553299161919,19.877489804454,
    8.403597677852));
#3048 = CARTESIAN_POINT('',(7.419903813324,19.802486133627,
    8.574897207439));
#3049 = CARTESIAN_POINT('',(7.287347181489,19.725778336401,
    8.745948179759));
#3050 = PLANE('',#3051);
#3051 = AXIS2_PLACEMENT_3D('',#3052,#3053,#3054);
#3052 = CARTESIAN_POINT('',(7.487347181489,14.397822676395,
    10.560752159534));
#3053 = DIRECTION('',(0.707106781187,0.251630936698,0.660819091504));
#3054 = DIRECTION('',(-2.775862388826E-15,0.934539321481,-0.35585988339)
  );
#3055 = ADVANCED_FACE('',(#3056),#3080,.T.);
#3056 = FACE_BOUND('',#3057,.T.);
#3057 = EDGE_LOOP('',(#3058,#3066,#3067,#3073));
#3058 = ORIENTED_EDGE('',*,*,#3059,.T.);
#3059 = EDGE_CURVE('',#3060,#2993,#3062,.T.);
#3060 = VERTEX_POINT('',#3061);
#3061 = CARTESIAN_POINT('',(7.687347181489,20.820005743209,
    11.75861433089));
#3062 = LINE('',#3063,#3064);
#3063 = CARTESIAN_POINT('',(7.687347181489,13.603697896301,
    12.625003166484));
#3064 = VECTOR('',#3065,1.);
#3065 = DIRECTION('',(2.978609421681E-15,-0.992869807227,0.119203799842)
  );
#3066 = ORIENTED_EDGE('',*,*,#3019,.T.);
#3067 = ORIENTED_EDGE('',*,*,#3068,.T.);
#3068 = EDGE_CURVE('',#3011,#2920,#3069,.T.);
#3069 = LINE('',#3070,#3071);
#3070 = CARTESIAN_POINT('',(7.287347181489,13.556016376364,
    12.227855243593));
#3071 = VECTOR('',#3072,1.);
#3072 = DIRECTION('',(-2.978609421681E-15,0.992869807227,-0.119203799842
    ));
#3073 = ORIENTED_EDGE('',*,*,#3074,.F.);
#3074 = EDGE_CURVE('',#3060,#2920,#3075,.T.);
#3075 = B_SPLINE_CURVE_WITH_KNOTS('',3,(#3076,#3077,#3078,#3079),
  .UNSPECIFIED.,.F.,.F.,(4,4),(-6.88784463654E-02,0.),
  .PIECEWISE_BEZIER_KNOTS.);
#3076 = CARTESIAN_POINT('',(7.687347181489,20.820005743209,
    11.75861433089));
#3077 = CARTESIAN_POINT('',(7.553299161919,20.675428345796,
    11.640961599811));
#3078 = CARTESIAN_POINT('',(7.419903813324,20.529409032756,
    11.524139342968));
#3079 = CARTESIAN_POINT('',(7.287347181489,20.38199630105,
    11.408329119681));
#3080 = PLANE('',#3081);
#3081 = AXIS2_PLACEMENT_3D('',#3082,#3083,#3084);
#3082 = CARTESIAN_POINT('',(7.487347181489,13.579857136332,
    12.426429205039));
#3083 = DIRECTION('',(0.707106781187,-8.428981521133E-02,-0.702064973526
    ));
#3084 = DIRECTION('',(-2.978609421681E-15,0.992869807227,-0.119203799842
    ));
#3085 = ADVANCED_FACE('',(#3086),#3098,.F.);
#3086 = FACE_BOUND('',#3087,.F.);
#3087 = EDGE_LOOP('',(#3088,#3089,#3090,#3091));
#3088 = ORIENTED_EDGE('',*,*,#3044,.T.);
#3089 = ORIENTED_EDGE('',*,*,#2929,.F.);
#3090 = ORIENTED_EDGE('',*,*,#3074,.F.);
#3091 = ORIENTED_EDGE('',*,*,#3092,.F.);
#3092 = EDGE_CURVE('',#3037,#3060,#3093,.T.);
#3093 = CIRCLE('',#3094,11.65);
#3094 = AXIS2_PLACEMENT_3D('',#3095,#3096,#3097);
#3095 = CARTESIAN_POINT('',(7.687347181489,9.212210969745,
    12.749371867901));
#3096 = DIRECTION('',(1.,3.E-15,0.));
#3097 = DIRECTION('',(7.179469928627E-16,-0.239315664288,-0.970941817426
    ));
#3098 = CONICAL_SURFACE('',#3099,11.45,0.785398163397);
#3099 = AXIS2_PLACEMENT_3D('',#3100,#3101,#3102);
#3100 = CARTESIAN_POINT('',(7.487347181489,9.212210969745,
    12.749371867901));
#3101 = DIRECTION('',(1.,3.E-15,0.));
#3102 = DIRECTION('',(7.179469928627E-16,-0.239315664288,-0.970941817426
    ));
#3103 = ADVANCED_FACE('',(#3104),#3122,.F.);
#3104 = FACE_BOUND('',#3105,.T.);
#3105 = EDGE_LOOP('',(#3106,#3114,#3115,#3116));
#3106 = ORIENTED_EDGE('',*,*,#3107,.F.);
#3107 = EDGE_CURVE('',#2922,#3108,#3110,.T.);
#3108 = VERTEX_POINT('',#3109);
#3109 = CARTESIAN_POINT('',(-0.212652818511,17.899821782983,
    11.706338619285));
#3110 = LINE('',#3111,#3112);
#3111 = CARTESIAN_POINT('',(-0.212652818511,13.556016376364,
    12.227855243593));
#3112 = VECTOR('',#3113,1.);
#3113 = DIRECTION('',(2.978609421681E-15,-0.992869807227,0.119203799842)
  );
#3114 = ORIENTED_EDGE('',*,*,#2919,.F.);
#3115 = ORIENTED_EDGE('',*,*,#3068,.F.);
#3116 = ORIENTED_EDGE('',*,*,#3117,.T.);
#3117 = EDGE_CURVE('',#3011,#3108,#3118,.T.);
#3118 = LINE('',#3119,#3120);
#3119 = CARTESIAN_POINT('',(7.687347181489,17.899821782983,
    11.706338619285));
#3120 = VECTOR('',#3121,1.);
#3121 = DIRECTION('',(-1.,-3.E-15,0.));
#3122 = PLANE('',#3123);
#3123 = AXIS2_PLACEMENT_3D('',#3124,#3125,#3126);
#3124 = CARTESIAN_POINT('',(7.687347181489,17.899821782983,
    11.706338619285));
#3125 = DIRECTION('',(-3.576113995254E-16,0.119203799842,0.992869807227)
  );
#3126 = DIRECTION('',(-2.978609421681E-15,0.992869807227,-0.119203799842
    ));
#3127 = ADVANCED_FACE('',(#3128),#3140,.T.);
#3128 = FACE_BOUND('',#3129,.T.);
#3129 = EDGE_LOOP('',(#3130,#3137,#3138,#3139));
#3130 = ORIENTED_EDGE('',*,*,#3131,.F.);
#3131 = EDGE_CURVE('',#3108,#2962,#3132,.T.);
#3132 = CIRCLE('',#3133,8.75);
#3133 = AXIS2_PLACEMENT_3D('',#3134,#3135,#3136);
#3134 = CARTESIAN_POINT('',(-0.212652818511,9.212210969745,
    12.749371867901));
#3135 = DIRECTION('',(-1.,-3.E-15,0.));
#3136 = DIRECTION('',(-7.179469928627E-16,0.239315664288,0.970941817426)
  );
#3137 = ORIENTED_EDGE('',*,*,#3117,.F.);
#3138 = ORIENTED_EDGE('',*,*,#3010,.F.);
#3139 = ORIENTED_EDGE('',*,*,#2969,.T.);
#3140 = CYLINDRICAL_SURFACE('',#3141,8.75);
#3141 = AXIS2_PLACEMENT_3D('',#3142,#3143,#3144);
#3142 = CARTESIAN_POINT('',(7.687347181489,9.212210969745,
    12.749371867901));
#3143 = DIRECTION('',(-1.,-3.E-15,0.));
#3144 = DIRECTION('',(-7.179469928627E-16,0.239315664288,0.970941817426)
  );
#3145 = ADVANCED_FACE('',(#3146),#3174,.F.);
#3146 = FACE_BOUND('',#3147,.F.);
#3147 = EDGE_LOOP('',(#3148,#3157,#3158,#3167));
#3148 = ORIENTED_EDGE('',*,*,#3149,.F.);
#3149 = EDGE_CURVE('',#2922,#3150,#3152,.T.);
#3150 = VERTEX_POINT('',#3151);
#3151 = CARTESIAN_POINT('',(-0.612652818511,20.820005743209,
    11.75861433089));
#3152 = B_SPLINE_CURVE_WITH_KNOTS('',3,(#3153,#3154,#3155,#3156),
  .UNSPECIFIED.,.F.,.F.,(4,4),(-6.887836704764E-02,0.),
  .PIECEWISE_BEZIER_KNOTS.);
#3153 = CARTESIAN_POINT('',(-0.212652818511,20.38199630105,
    11.408329119681));
#3154 = CARTESIAN_POINT('',(-0.345209450346,20.529409032756,
    11.524139342968));
#3155 = CARTESIAN_POINT('',(-0.478604798941,20.675428345796,
    11.640961599811));
#3156 = CARTESIAN_POINT('',(-0.612652818511,20.820005743209,
    11.75861433089));
#3157 = ORIENTED_EDGE('',*,*,#2946,.F.);
#3158 = ORIENTED_EDGE('',*,*,#3159,.T.);
#3159 = EDGE_CURVE('',#2939,#3160,#3162,.T.);
#3160 = VERTEX_POINT('',#3161);
#3161 = CARTESIAN_POINT('',(-0.612652818511,19.95083078178,
    8.232232891451));
#3162 = B_SPLINE_CURVE_WITH_KNOTS('',3,(#3163,#3164,#3165,#3166),
  .UNSPECIFIED.,.F.,.F.,(4,4),(-6.887836704781E-02,0.),
  .PIECEWISE_BEZIER_KNOTS.);
#3163 = CARTESIAN_POINT('',(-0.212652818511,19.725778336401,
    8.745948179759));
#3164 = CARTESIAN_POINT('',(-0.345209450346,19.802486133627,
    8.574897207439));
#3165 = CARTESIAN_POINT('',(-0.478604798941,19.877489804454,
    8.403597677852));
#3166 = CARTESIAN_POINT('',(-0.612652818511,19.95083078178,
    8.232232891451));
#3167 = ORIENTED_EDGE('',*,*,#3168,.F.);
#3168 = EDGE_CURVE('',#3150,#3160,#3169,.T.);
#3169 = CIRCLE('',#3170,11.65);
#3170 = AXIS2_PLACEMENT_3D('',#3171,#3172,#3173);
#3171 = CARTESIAN_POINT('',(-0.612652818511,9.212210969745,
    12.749371867901));
#3172 = DIRECTION('',(-1.,-3.E-15,0.));
#3173 = DIRECTION('',(7.179469928627E-16,-0.239315664288,-0.970941817426
    ));
#3174 = CONICAL_SURFACE('',#3175,11.45,0.785398163397);
#3175 = AXIS2_PLACEMENT_3D('',#3176,#3177,#3178);
#3176 = CARTESIAN_POINT('',(-0.412652818511,9.212210969745,
    12.749371867901));
#3177 = DIRECTION('',(-1.,-3.E-15,0.));
#3178 = DIRECTION('',(7.179469928627E-16,-0.239315664288,-0.970941817426
    ));
#3179 = ADVANCED_FACE('',(#3180),#3208,.T.);
#3180 = FACE_BOUND('',#3181,.T.);
#3181 = EDGE_LOOP('',(#3182,#3193,#3200,#3201));
#3182 = ORIENTED_EDGE('',*,*,#3183,.T.);
#3183 = EDGE_CURVE('',#3184,#3186,#3188,.T.);
#3184 = VERTEX_POINT('',#3185);
#3185 = CARTESIAN_POINT('',(-0.612652818511,16.864311537957,
    9.407537507258));
#3186 = VERTEX_POINT('',#3187);
#3187 = CARTESIAN_POINT('',(-0.612652818511,17.540837391295,
    12.15231079041));
#3188 = CIRCLE('',#3189,8.35);
#3189 = AXIS2_PLACEMENT_3D('',#3190,#3191,#3192);
#3190 = CARTESIAN_POINT('',(-0.612652818511,9.212210969745,
    12.749371867901));
#3191 = DIRECTION('',(1.,3.E-15,0.));
#3192 = DIRECTION('',(-7.179469928627E-16,0.239315664288,0.970941817426)
  );
#3193 = ORIENTED_EDGE('',*,*,#3194,.F.);
#3194 = EDGE_CURVE('',#3108,#3186,#3195,.T.);
#3195 = B_SPLINE_CURVE_WITH_KNOTS('',3,(#3196,#3197,#3198,#3199),
  .UNSPECIFIED.,.F.,.F.,(4,4),(-6.982290066636E-02,0.),
  .PIECEWISE_BEZIER_KNOTS.);
#3196 = CARTESIAN_POINT('',(-0.212652818511,17.899821782983,
    11.706338619285));
#3197 = CARTESIAN_POINT('',(-0.347026667624,17.782423918731,
    11.855772230365));
#3198 = CARTESIAN_POINT('',(-0.480477083348,17.66275952635,
    12.004547895538));
#3199 = CARTESIAN_POINT('',(-0.612652818511,17.540837391295,
    12.15231079041));
#3200 = ORIENTED_EDGE('',*,*,#3131,.T.);
#3201 = ORIENTED_EDGE('',*,*,#3202,.F.);
#3202 = EDGE_CURVE('',#3184,#2962,#3203,.T.);
#3203 = B_SPLINE_CURVE_WITH_KNOTS('',3,(#3204,#3205,#3206,#3207),
  .UNSPECIFIED.,.F.,.F.,(4,4),(-6.982270016192E-02,0.),
  .PIECEWISE_BEZIER_KNOTS.);
#3204 = CARTESIAN_POINT('',(-0.612652818511,16.864311537957,
    9.407537507258));
#3205 = CARTESIAN_POINT('',(-0.480477083348,17.040937068316,
    9.481715011545));
#3206 = CARTESIAN_POINT('',(-0.347026667624,17.216034124649,
    9.557838504736));
#3207 = CARTESIAN_POINT('',(-0.212652818511,17.3894300327,9.635597888235
    ));
#3208 = CONICAL_SURFACE('',#3209,8.55,0.785398163397);
#3209 = AXIS2_PLACEMENT_3D('',#3210,#3211,#3212);
#3210 = CARTESIAN_POINT('',(-0.412652818511,9.212210969745,
    12.749371867901));
#3211 = DIRECTION('',(1.,3.E-15,0.));
#3212 = DIRECTION('',(-7.179469928627E-16,0.239315664288,0.970941817426)
  );
#3213 = ADVANCED_FACE('',(#3214),#3225,.T.);
#3214 = FACE_BOUND('',#3215,.T.);
#3215 = EDGE_LOOP('',(#3216,#3217,#3218,#3224));
#3216 = ORIENTED_EDGE('',*,*,#3107,.T.);
#3217 = ORIENTED_EDGE('',*,*,#3194,.T.);
#3218 = ORIENTED_EDGE('',*,*,#3219,.T.);
#3219 = EDGE_CURVE('',#3186,#3150,#3220,.T.);
#3220 = LINE('',#3221,#3222);
#3221 = CARTESIAN_POINT('',(-0.612652818511,13.6036978963,
    12.625003166484));
#3222 = VECTOR('',#3223,1.);
#3223 = DIRECTION('',(-2.978609421681E-15,0.992869807227,-0.119203799842
    ));
#3224 = ORIENTED_EDGE('',*,*,#3149,.F.);
#3225 = PLANE('',#3226);
#3226 = AXIS2_PLACEMENT_3D('',#3227,#3228,#3229);
#3227 = CARTESIAN_POINT('',(-0.412652818511,13.579857136332,
    12.426429205039));
#3228 = DIRECTION('',(-0.707106781187,-8.428981521133E-02,
    -0.702064973526));
#3229 = DIRECTION('',(0.118365804063,-0.992970058173,-6.938893903907E-18
    ));
#3230 = ADVANCED_FACE('',(#3231),#3242,.T.);
#3231 = FACE_BOUND('',#3232,.T.);
#3232 = EDGE_LOOP('',(#3233,#3239,#3240,#3241));
#3233 = ORIENTED_EDGE('',*,*,#3234,.T.);
#3234 = EDGE_CURVE('',#3160,#3184,#3235,.T.);
#3235 = LINE('',#3236,#3237);
#3236 = CARTESIAN_POINT('',(-0.612652818511,14.326650699717,
    10.373844295238));
#3237 = VECTOR('',#3238,1.);
#3238 = DIRECTION('',(2.803617964442E-15,-0.934539321481,0.35585988339)
  );
#3239 = ORIENTED_EDGE('',*,*,#3202,.T.);
#3240 = ORIENTED_EDGE('',*,*,#2961,.T.);
#3241 = ORIENTED_EDGE('',*,*,#3159,.T.);
#3242 = PLANE('',#3243);
#3243 = AXIS2_PLACEMENT_3D('',#3244,#3245,#3246);
#3244 = CARTESIAN_POINT('',(-0.412652818511,14.397822676395,
    10.560752159534));
#3245 = DIRECTION('',(-0.707106781187,0.251630936698,0.660819091504));
#3246 = DIRECTION('',(-0.682789012835,-2.034489250698E-15,
    -0.730615606151));
#3247 = ADVANCED_FACE('',(#3248),#3284,.F.);
#3248 = FACE_BOUND('',#3249,.F.);
#3249 = EDGE_LOOP('',(#3250,#3260,#3269,#3277));
#3250 = ORIENTED_EDGE('',*,*,#3251,.F.);
#3251 = EDGE_CURVE('',#3252,#3254,#3256,.T.);
#3252 = VERTEX_POINT('',#3253);
#3253 = CARTESIAN_POINT('',(7.287347181489,19.725778336401,
    16.752795556043));
#3254 = VERTEX_POINT('',#3255);
#3255 = CARTESIAN_POINT('',(-0.212652818511,19.725778336401,
    16.752795556043));
#3256 = LINE('',#3257,#3258);
#3257 = CARTESIAN_POINT('',(7.687347181489,19.725778336401,
    16.752795556043));
#3258 = VECTOR('',#3259,1.);
#3259 = DIRECTION('',(-1.,-3.E-15,0.));
#3260 = ORIENTED_EDGE('',*,*,#3261,.T.);
#3261 = EDGE_CURVE('',#3252,#3262,#3264,.T.);
#3262 = VERTEX_POINT('',#3263);
#3263 = CARTESIAN_POINT('',(7.287347181489,20.38199630105,
    14.090414616121));
#3264 = CIRCLE('',#3265,11.25);
#3265 = AXIS2_PLACEMENT_3D('',#3266,#3267,#3268);
#3266 = CARTESIAN_POINT('',(7.287347181489,9.212210969745,
    12.749371867901));
#3267 = DIRECTION('',(-1.,-3.E-15,0.));
#3268 = DIRECTION('',(-7.179469928627E-16,0.239315664288,-0.970941817426
    ));
#3269 = ORIENTED_EDGE('',*,*,#3270,.T.);
#3270 = EDGE_CURVE('',#3262,#3271,#3273,.T.);
#3271 = VERTEX_POINT('',#3272);
#3272 = CARTESIAN_POINT('',(-0.212652818511,20.38199630105,
    14.090414616121));
#3273 = LINE('',#3274,#3275);
#3274 = CARTESIAN_POINT('',(7.687347181489,20.38199630105,
    14.090414616121));
#3275 = VECTOR('',#3276,1.);
#3276 = DIRECTION('',(-1.,-3.E-15,0.));
#3277 = ORIENTED_EDGE('',*,*,#3278,.T.);
#3278 = EDGE_CURVE('',#3271,#3254,#3279,.T.);
#3279 = CIRCLE('',#3280,11.25);
#3280 = AXIS2_PLACEMENT_3D('',#3281,#3282,#3283);
#3281 = CARTESIAN_POINT('',(-0.212652818511,9.212210969745,
    12.749371867901));
#3282 = DIRECTION('',(1.,3.E-15,0.));
#3283 = DIRECTION('',(-7.179469928627E-16,0.239315664288,-0.970941817426
    ));
#3284 = CYLINDRICAL_SURFACE('',#3285,11.25);
#3285 = AXIS2_PLACEMENT_3D('',#3286,#3287,#3288);
#3286 = CARTESIAN_POINT('',(7.687347181489,9.212210969745,
    12.749371867901));
#3287 = DIRECTION('',(-1.,-3.E-15,0.));
#3288 = DIRECTION('',(-7.179469928627E-16,0.239315664288,-0.970941817426
    ));
#3289 = ADVANCED_FACE('',(#3290),#3315,.F.);
#3290 = FACE_BOUND('',#3291,.T.);
#3291 = EDGE_LOOP('',(#3292,#3300,#3308,#3314));
#3292 = ORIENTED_EDGE('',*,*,#3293,.F.);
#3293 = EDGE_CURVE('',#3294,#3271,#3296,.T.);
#3294 = VERTEX_POINT('',#3295);
#3295 = CARTESIAN_POINT('',(-0.212652818511,17.899821782983,
    13.792405116517));
#3296 = LINE('',#3297,#3298);
#3297 = CARTESIAN_POINT('',(-0.212652818511,14.797103635398,
    13.419893242011));
#3298 = VECTOR('',#3299,1.);
#3299 = DIRECTION('',(-2.978609421681E-15,0.992869807227,0.119203799842)
  );
#3300 = ORIENTED_EDGE('',*,*,#3301,.F.);
#3301 = EDGE_CURVE('',#3302,#3294,#3304,.T.);
#3302 = VERTEX_POINT('',#3303);
#3303 = CARTESIAN_POINT('',(7.287347181489,17.899821782983,
    13.792405116517));
#3304 = LINE('',#3305,#3306);
#3305 = CARTESIAN_POINT('',(7.687347181489,17.899821782983,
    13.792405116517));
#3306 = VECTOR('',#3307,1.);
#3307 = DIRECTION('',(-1.,-3.E-15,0.));
#3308 = ORIENTED_EDGE('',*,*,#3309,.F.);
#3309 = EDGE_CURVE('',#3262,#3302,#3310,.T.);
#3310 = LINE('',#3311,#3312);
#3311 = CARTESIAN_POINT('',(7.287347181489,14.797103635398,
    13.419893242011));
#3312 = VECTOR('',#3313,1.);
#3313 = DIRECTION('',(2.978609421681E-15,-0.992869807227,-0.119203799842
    ));
#3314 = ORIENTED_EDGE('',*,*,#3270,.T.);
#3315 = PLANE('',#3316);
#3316 = AXIS2_PLACEMENT_3D('',#3317,#3318,#3319);
#3317 = CARTESIAN_POINT('',(7.687347181489,20.38199630105,
    14.090414616121));
#3318 = DIRECTION('',(-3.576113995254E-16,0.119203799842,-0.992869807227
    ));
#3319 = DIRECTION('',(-1.,-3.E-15,0.));
#3320 = ADVANCED_FACE('',(#3321),#3357,.T.);
#3321 = FACE_BOUND('',#3322,.T.);
#3322 = EDGE_LOOP('',(#3323,#3334,#3341,#3350));
#3323 = ORIENTED_EDGE('',*,*,#3324,.T.);
#3324 = EDGE_CURVE('',#3325,#3327,#3329,.T.);
#3325 = VERTEX_POINT('',#3326);
#3326 = CARTESIAN_POINT('',(7.687347181489,16.864311537957,
    16.091206228544));
#3327 = VERTEX_POINT('',#3328);
#3328 = CARTESIAN_POINT('',(7.687347181489,17.540837391295,
    13.346432945392));
#3329 = CIRCLE('',#3330,8.35);
#3330 = AXIS2_PLACEMENT_3D('',#3331,#3332,#3333);
#3331 = CARTESIAN_POINT('',(7.687347181489,9.212210969745,
    12.749371867901));
#3332 = DIRECTION('',(-1.,-3.E-15,0.));
#3333 = DIRECTION('',(7.179469928627E-16,-0.239315664288,0.970941817426)
  );
#3334 = ORIENTED_EDGE('',*,*,#3335,.F.);
#3335 = EDGE_CURVE('',#3302,#3327,#3336,.T.);
#3336 = B_SPLINE_CURVE_WITH_KNOTS('',3,(#3337,#3338,#3339,#3340),
  .UNSPECIFIED.,.F.,.F.,(4,4),(-6.982290066637E-02,0.),
  .PIECEWISE_BEZIER_KNOTS.);
#3337 = CARTESIAN_POINT('',(7.287347181489,17.899821782983,
    13.792405116517));
#3338 = CARTESIAN_POINT('',(7.421721030602,17.782423918731,
    13.642971505438));
#3339 = CARTESIAN_POINT('',(7.555171446326,17.66275952635,
    13.494195840264));
#3340 = CARTESIAN_POINT('',(7.687347181489,17.540837391295,
    13.346432945392));
#3341 = ORIENTED_EDGE('',*,*,#3342,.T.);
#3342 = EDGE_CURVE('',#3302,#3343,#3345,.T.);
#3343 = VERTEX_POINT('',#3344);
#3344 = CARTESIAN_POINT('',(7.287347181489,17.3894300327,15.863145847567
    ));
#3345 = CIRCLE('',#3346,8.75);
#3346 = AXIS2_PLACEMENT_3D('',#3347,#3348,#3349);
#3347 = CARTESIAN_POINT('',(7.287347181489,9.212210969745,
    12.749371867901));
#3348 = DIRECTION('',(1.,3.E-15,0.));
#3349 = DIRECTION('',(7.179469928627E-16,-0.239315664288,0.970941817426)
  );
#3350 = ORIENTED_EDGE('',*,*,#3351,.F.);
#3351 = EDGE_CURVE('',#3325,#3343,#3352,.T.);
#3352 = B_SPLINE_CURVE_WITH_KNOTS('',3,(#3353,#3354,#3355,#3356),
  .UNSPECIFIED.,.F.,.F.,(4,4),(-6.982270016182E-02,0.),
  .PIECEWISE_BEZIER_KNOTS.);
#3353 = CARTESIAN_POINT('',(7.687347181489,16.864311537957,
    16.091206228544));
#3354 = CARTESIAN_POINT('',(7.555171446326,17.040937068316,
    16.017028724257));
#3355 = CARTESIAN_POINT('',(7.421721030602,17.216034124649,
    15.940905231066));
#3356 = CARTESIAN_POINT('',(7.287347181489,17.3894300327,15.863145847567
    ));
#3357 = CONICAL_SURFACE('',#3358,8.55,0.785398163397);
#3358 = AXIS2_PLACEMENT_3D('',#3359,#3360,#3361);
#3359 = CARTESIAN_POINT('',(7.487347181489,9.212210969745,
    12.749371867901));
#3360 = DIRECTION('',(-1.,-3.E-15,0.));
#3361 = DIRECTION('',(7.179469928627E-16,-0.239315664288,0.970941817426)
  );
#3362 = ADVANCED_FACE('',(#3363),#3382,.T.);
#3363 = FACE_BOUND('',#3364,.T.);
#3364 = EDGE_LOOP('',(#3365,#3366,#3367,#3375));
#3365 = ORIENTED_EDGE('',*,*,#3309,.T.);
#3366 = ORIENTED_EDGE('',*,*,#3335,.T.);
#3367 = ORIENTED_EDGE('',*,*,#3368,.T.);
#3368 = EDGE_CURVE('',#3327,#3369,#3371,.T.);
#3369 = VERTEX_POINT('',#3370);
#3370 = CARTESIAN_POINT('',(7.687347181489,20.820005743209,
    13.740129404912));
#3371 = LINE('',#3372,#3373);
#3372 = CARTESIAN_POINT('',(7.687347181489,14.844785155334,
    13.02274531912));
#3373 = VECTOR('',#3374,1.);
#3374 = DIRECTION('',(-2.978609421681E-15,0.992869807227,0.119203799842)
  );
#3375 = ORIENTED_EDGE('',*,*,#3376,.T.);
#3376 = EDGE_CURVE('',#3369,#3262,#3377,.T.);
#3377 = B_SPLINE_CURVE_WITH_KNOTS('',3,(#3378,#3379,#3380,#3381),
  .UNSPECIFIED.,.F.,.F.,(4,4),(-6.887844636535E-02,0.),
  .PIECEWISE_BEZIER_KNOTS.);
#3378 = CARTESIAN_POINT('',(7.687347181489,20.820005743209,
    13.740129404912));
#3379 = CARTESIAN_POINT('',(7.553299161919,20.675428345795,
    13.857782135992));
#3380 = CARTESIAN_POINT('',(7.419903813324,20.529409032756,
    13.974604392834));
#3381 = CARTESIAN_POINT('',(7.287347181489,20.38199630105,
    14.090414616121));
#3382 = PLANE('',#3383);
#3383 = AXIS2_PLACEMENT_3D('',#3384,#3385,#3386);
#3384 = CARTESIAN_POINT('',(7.487347181489,14.820944395366,
    13.221319280566));
#3385 = DIRECTION('',(0.707106781187,-8.428981521133E-02,0.702064973526)
  );
#3386 = DIRECTION('',(-2.971670527778E-15,0.992869807227,0.119203799842)
  );
#3387 = ADVANCED_FACE('',(#3388),#3412,.T.);
#3388 = FACE_BOUND('',#3389,.T.);
#3389 = EDGE_LOOP('',(#3390,#3398,#3399,#3405));
#3390 = ORIENTED_EDGE('',*,*,#3391,.T.);
#3391 = EDGE_CURVE('',#3392,#3325,#3394,.T.);
#3392 = VERTEX_POINT('',#3393);
#3393 = CARTESIAN_POINT('',(7.687347181489,19.95083078178,
    17.266510844351));
#3394 = LINE('',#3395,#3396);
#3395 = CARTESIAN_POINT('',(7.687347181489,13.158476547866,
    14.680074586326));
#3396 = VECTOR('',#3397,1.);
#3397 = DIRECTION('',(2.803617964442E-15,-0.934539321481,-0.35585988339)
  );
#3398 = ORIENTED_EDGE('',*,*,#3351,.T.);
#3399 = ORIENTED_EDGE('',*,*,#3400,.T.);
#3400 = EDGE_CURVE('',#3343,#3252,#3401,.T.);
#3401 = LINE('',#3402,#3403);
#3402 = CARTESIAN_POINT('',(7.287347181489,13.300820501223,
    14.306258857734));
#3403 = VECTOR('',#3404,1.);
#3404 = DIRECTION('',(-2.803617964442E-15,0.934539321481,0.35585988339)
  );
#3405 = ORIENTED_EDGE('',*,*,#3406,.F.);
#3406 = EDGE_CURVE('',#3392,#3252,#3407,.T.);
#3407 = B_SPLINE_CURVE_WITH_KNOTS('',3,(#3408,#3409,#3410,#3411),
  .UNSPECIFIED.,.F.,.F.,(4,4),(-6.887844636539E-02,0.),
  .PIECEWISE_BEZIER_KNOTS.);
#3408 = CARTESIAN_POINT('',(7.687347181489,19.95083078178,
    17.266510844351));
#3409 = CARTESIAN_POINT('',(7.553299161919,19.877489804454,
    17.09514605795));
#3410 = CARTESIAN_POINT('',(7.419903813324,19.802486133627,
    16.923846528363));
#3411 = CARTESIAN_POINT('',(7.287347181489,19.725778336401,
    16.752795556043));
#3412 = PLANE('',#3413);
#3413 = AXIS2_PLACEMENT_3D('',#3414,#3415,#3416);
#3414 = CARTESIAN_POINT('',(7.487347181489,13.229648524544,
    14.49316672203));
#3415 = DIRECTION('',(0.707106781187,0.251630936698,-0.660819091504));
#3416 = DIRECTION('',(-2.775862388826E-15,0.934539321481,0.35585988339)
  );
#3417 = ADVANCED_FACE('',(#3418),#3430,.F.);
#3418 = FACE_BOUND('',#3419,.F.);
#3419 = EDGE_LOOP('',(#3420,#3421,#3422,#3423));
#3420 = ORIENTED_EDGE('',*,*,#3376,.T.);
#3421 = ORIENTED_EDGE('',*,*,#3261,.F.);
#3422 = ORIENTED_EDGE('',*,*,#3406,.F.);
#3423 = ORIENTED_EDGE('',*,*,#3424,.F.);
#3424 = EDGE_CURVE('',#3369,#3392,#3425,.T.);
#3425 = CIRCLE('',#3426,11.65);
#3426 = AXIS2_PLACEMENT_3D('',#3427,#3428,#3429);
#3427 = CARTESIAN_POINT('',(7.687347181489,9.212210969745,
    12.749371867901));
#3428 = DIRECTION('',(1.,3.E-15,9.860761315263E-32));
#3429 = DIRECTION('',(-7.179469928627E-16,0.239315664288,-0.970941817426
    ));
#3430 = CONICAL_SURFACE('',#3431,11.45,0.785398163397);
#3431 = AXIS2_PLACEMENT_3D('',#3432,#3433,#3434);
#3432 = CARTESIAN_POINT('',(7.487347181489,9.212210969745,
    12.749371867901));
#3433 = DIRECTION('',(1.,3.E-15,0.));
#3434 = DIRECTION('',(-7.179469928627E-16,0.239315664288,-0.970941817426
    ));
#3435 = ADVANCED_FACE('',(#3436),#3454,.F.);
#3436 = FACE_BOUND('',#3437,.T.);
#3437 = EDGE_LOOP('',(#3438,#3446,#3447,#3448));
#3438 = ORIENTED_EDGE('',*,*,#3439,.F.);
#3439 = EDGE_CURVE('',#3254,#3440,#3442,.T.);
#3440 = VERTEX_POINT('',#3441);
#3441 = CARTESIAN_POINT('',(-0.212652818511,17.3894300327,
    15.863145847567));
#3442 = LINE('',#3443,#3444);
#3443 = CARTESIAN_POINT('',(-0.212652818511,13.300820501222,
    14.306258857734));
#3444 = VECTOR('',#3445,1.);
#3445 = DIRECTION('',(2.803617964442E-15,-0.934539321481,-0.35585988339)
  );
#3446 = ORIENTED_EDGE('',*,*,#3251,.F.);
#3447 = ORIENTED_EDGE('',*,*,#3400,.F.);
#3448 = ORIENTED_EDGE('',*,*,#3449,.T.);
#3449 = EDGE_CURVE('',#3343,#3440,#3450,.T.);
#3450 = LINE('',#3451,#3452);
#3451 = CARTESIAN_POINT('',(7.687347181489,17.3894300327,15.863145847567
    ));
#3452 = VECTOR('',#3453,1.);
#3453 = DIRECTION('',(-1.,-3.E-15,0.));
#3454 = PLANE('',#3455);
#3455 = AXIS2_PLACEMENT_3D('',#3456,#3457,#3458);
#3456 = CARTESIAN_POINT('',(7.687347181489,17.3894300327,15.863145847567
    ));
#3457 = DIRECTION('',(1.067579650171E-15,-0.35585988339,0.934539321481)
  );
#3458 = DIRECTION('',(-1.,-3.E-15,0.));
#3459 = ADVANCED_FACE('',(#3460),#3472,.T.);
#3460 = FACE_BOUND('',#3461,.T.);
#3461 = EDGE_LOOP('',(#3462,#3469,#3470,#3471));
#3462 = ORIENTED_EDGE('',*,*,#3463,.F.);
#3463 = EDGE_CURVE('',#3440,#3294,#3464,.T.);
#3464 = CIRCLE('',#3465,8.75);
#3465 = AXIS2_PLACEMENT_3D('',#3466,#3467,#3468);
#3466 = CARTESIAN_POINT('',(-0.212652818511,9.212210969745,
    12.749371867901));
#3467 = DIRECTION('',(-1.,-3.E-15,0.));
#3468 = DIRECTION('',(7.179469928627E-16,-0.239315664288,0.970941817426)
  );
#3469 = ORIENTED_EDGE('',*,*,#3449,.F.);
#3470 = ORIENTED_EDGE('',*,*,#3342,.F.);
#3471 = ORIENTED_EDGE('',*,*,#3301,.T.);
#3472 = CYLINDRICAL_SURFACE('',#3473,8.75);
#3473 = AXIS2_PLACEMENT_3D('',#3474,#3475,#3476);
#3474 = CARTESIAN_POINT('',(7.687347181489,9.212210969745,
    12.749371867901));
#3475 = DIRECTION('',(-1.,-3.E-15,0.));
#3476 = DIRECTION('',(7.179469928627E-16,-0.239315664288,0.970941817426)
  );
#3477 = ADVANCED_FACE('',(#3478),#3506,.F.);
#3478 = FACE_BOUND('',#3479,.F.);
#3479 = EDGE_LOOP('',(#3480,#3489,#3490,#3499));
#3480 = ORIENTED_EDGE('',*,*,#3481,.F.);
#3481 = EDGE_CURVE('',#3254,#3482,#3484,.T.);
#3482 = VERTEX_POINT('',#3483);
#3483 = CARTESIAN_POINT('',(-0.612652818511,19.95083078178,
    17.266510844351));
#3484 = B_SPLINE_CURVE_WITH_KNOTS('',3,(#3485,#3486,#3487,#3488),
  .UNSPECIFIED.,.F.,.F.,(4,4),(-6.887836704773E-02,0.),
  .PIECEWISE_BEZIER_KNOTS.);
#3485 = CARTESIAN_POINT('',(-0.212652818511,19.725778336401,
    16.752795556043));
#3486 = CARTESIAN_POINT('',(-0.345209450346,19.802486133627,
    16.923846528363));
#3487 = CARTESIAN_POINT('',(-0.478604798941,19.877489804454,
    17.09514605795));
#3488 = CARTESIAN_POINT('',(-0.612652818511,19.95083078178,
    17.266510844351));
#3489 = ORIENTED_EDGE('',*,*,#3278,.F.);
#3490 = ORIENTED_EDGE('',*,*,#3491,.T.);
#3491 = EDGE_CURVE('',#3271,#3492,#3494,.T.);
#3492 = VERTEX_POINT('',#3493);
#3493 = CARTESIAN_POINT('',(-0.612652818511,20.820005743209,
    13.740129404912));
#3494 = B_SPLINE_CURVE_WITH_KNOTS('',3,(#3495,#3496,#3497,#3498),
  .UNSPECIFIED.,.F.,.F.,(4,4),(-6.887836704776E-02,0.),
  .PIECEWISE_BEZIER_KNOTS.);
#3495 = CARTESIAN_POINT('',(-0.212652818511,20.38199630105,
    14.090414616121));
#3496 = CARTESIAN_POINT('',(-0.345209450346,20.529409032756,
    13.974604392834));
#3497 = CARTESIAN_POINT('',(-0.478604798941,20.675428345795,
    13.857782135992));
#3498 = CARTESIAN_POINT('',(-0.612652818511,20.820005743209,
    13.740129404912));
#3499 = ORIENTED_EDGE('',*,*,#3500,.F.);
#3500 = EDGE_CURVE('',#3482,#3492,#3501,.T.);
#3501 = CIRCLE('',#3502,11.65);
#3502 = AXIS2_PLACEMENT_3D('',#3503,#3504,#3505);
#3503 = CARTESIAN_POINT('',(-0.612652818511,9.212210969745,
    12.749371867901));
#3504 = DIRECTION('',(-1.,-3.E-15,-9.860761315263E-32));
#3505 = DIRECTION('',(-7.179469928627E-16,0.239315664288,-0.970941817426
    ));
#3506 = CONICAL_SURFACE('',#3507,11.45,0.785398163397);
#3507 = AXIS2_PLACEMENT_3D('',#3508,#3509,#3510);
#3508 = CARTESIAN_POINT('',(-0.412652818511,9.212210969745,
    12.749371867901));
#3509 = DIRECTION('',(-1.,-3.E-15,0.));
#3510 = DIRECTION('',(-7.179469928627E-16,0.239315664288,-0.970941817426
    ));
#3511 = ADVANCED_FACE('',(#3512),#3540,.T.);
#3512 = FACE_BOUND('',#3513,.T.);
#3513 = EDGE_LOOP('',(#3514,#3525,#3532,#3533));
#3514 = ORIENTED_EDGE('',*,*,#3515,.T.);
#3515 = EDGE_CURVE('',#3516,#3518,#3520,.T.);
#3516 = VERTEX_POINT('',#3517);
#3517 = CARTESIAN_POINT('',(-0.612652818511,17.540837391295,
    13.346432945392));
#3518 = VERTEX_POINT('',#3519);
#3519 = CARTESIAN_POINT('',(-0.612652818511,16.864311537957,
    16.091206228544));
#3520 = CIRCLE('',#3521,8.35);
#3521 = AXIS2_PLACEMENT_3D('',#3522,#3523,#3524);
#3522 = CARTESIAN_POINT('',(-0.612652818511,9.212210969745,
    12.749371867901));
#3523 = DIRECTION('',(1.,3.E-15,0.));
#3524 = DIRECTION('',(7.179469928627E-16,-0.239315664288,0.970941817426)
  );
#3525 = ORIENTED_EDGE('',*,*,#3526,.F.);
#3526 = EDGE_CURVE('',#3440,#3518,#3527,.T.);
#3527 = B_SPLINE_CURVE_WITH_KNOTS('',3,(#3528,#3529,#3530,#3531),
  .UNSPECIFIED.,.F.,.F.,(4,4),(-6.982290066637E-02,0.),
  .PIECEWISE_BEZIER_KNOTS.);
#3528 = CARTESIAN_POINT('',(-0.212652818511,17.3894300327,
    15.863145847567));
#3529 = CARTESIAN_POINT('',(-0.347026667624,17.216034124649,
    15.940905231066));
#3530 = CARTESIAN_POINT('',(-0.480477083348,17.040937068316,
    16.017028724257));
#3531 = CARTESIAN_POINT('',(-0.612652818511,16.864311537957,
    16.091206228544));
#3532 = ORIENTED_EDGE('',*,*,#3463,.T.);
#3533 = ORIENTED_EDGE('',*,*,#3534,.F.);
#3534 = EDGE_CURVE('',#3516,#3294,#3535,.T.);
#3535 = B_SPLINE_CURVE_WITH_KNOTS('',3,(#3536,#3537,#3538,#3539),
  .UNSPECIFIED.,.F.,.F.,(4,4),(-6.982270016183E-02,0.),
  .PIECEWISE_BEZIER_KNOTS.);
#3536 = CARTESIAN_POINT('',(-0.612652818511,17.540837391295,
    13.346432945392));
#3537 = CARTESIAN_POINT('',(-0.480477083348,17.66275952635,
    13.494195840264));
#3538 = CARTESIAN_POINT('',(-0.347026667624,17.782423918731,
    13.642971505438));
#3539 = CARTESIAN_POINT('',(-0.212652818511,17.899821782983,
    13.792405116517));
#3540 = CONICAL_SURFACE('',#3541,8.55,0.785398163397);
#3541 = AXIS2_PLACEMENT_3D('',#3542,#3543,#3544);
#3542 = CARTESIAN_POINT('',(-0.412652818511,9.212210969745,
    12.749371867901));
#3543 = DIRECTION('',(1.,3.E-15,0.));
#3544 = DIRECTION('',(7.179469928627E-16,-0.239315664288,0.970941817426)
  );
#3545 = ADVANCED_FACE('',(#3546),#3557,.T.);
#3546 = FACE_BOUND('',#3547,.T.);
#3547 = EDGE_LOOP('',(#3548,#3549,#3550,#3556));
#3548 = ORIENTED_EDGE('',*,*,#3439,.T.);
#3549 = ORIENTED_EDGE('',*,*,#3526,.T.);
#3550 = ORIENTED_EDGE('',*,*,#3551,.T.);
#3551 = EDGE_CURVE('',#3518,#3482,#3552,.T.);
#3552 = LINE('',#3553,#3554);
#3553 = CARTESIAN_POINT('',(-0.612652818511,13.158476547866,
    14.680074586326));
#3554 = VECTOR('',#3555,1.);
#3555 = DIRECTION('',(-2.803617964442E-15,0.934539321481,0.35585988339)
  );
#3556 = ORIENTED_EDGE('',*,*,#3481,.F.);
#3557 = PLANE('',#3558);
#3558 = AXIS2_PLACEMENT_3D('',#3559,#3560,#3561);
#3559 = CARTESIAN_POINT('',(-0.412652818511,13.229648524544,
    14.49316672203));
#3560 = DIRECTION('',(-0.707106781187,0.251630936698,-0.660819091504));
#3561 = DIRECTION('',(-0.335264191631,-0.942124154138,2.775557561563E-17
    ));
#3562 = ADVANCED_FACE('',(#3563),#3574,.T.);
#3563 = FACE_BOUND('',#3564,.T.);
#3564 = EDGE_LOOP('',(#3565,#3571,#3572,#3573));
#3565 = ORIENTED_EDGE('',*,*,#3566,.T.);
#3566 = EDGE_CURVE('',#3492,#3516,#3567,.T.);
#3567 = LINE('',#3568,#3569);
#3568 = CARTESIAN_POINT('',(-0.612652818511,14.844785155334,
    13.02274531912));
#3569 = VECTOR('',#3570,1.);
#3570 = DIRECTION('',(2.978609421681E-15,-0.992869807227,-0.119203799842
    ));
#3571 = ORIENTED_EDGE('',*,*,#3534,.T.);
#3572 = ORIENTED_EDGE('',*,*,#3293,.T.);
#3573 = ORIENTED_EDGE('',*,*,#3491,.T.);
#3574 = PLANE('',#3575);
#3575 = AXIS2_PLACEMENT_3D('',#3576,#3577,#3578);
#3576 = CARTESIAN_POINT('',(-0.412652818511,14.820944395366,
    13.221319280566));
#3577 = DIRECTION('',(-0.707106781187,-8.428981521133E-02,0.702064973526
    ));
#3578 = DIRECTION('',(-0.704572348327,-2.106778151076E-15,
    -0.709632162443));
#3579 = ADVANCED_FACE('',(#3580),#3616,.F.);
#3580 = FACE_BOUND('',#3581,.F.);
#3581 = EDGE_LOOP('',(#3582,#3592,#3601,#3609));
#3582 = ORIENTED_EDGE('',*,*,#3583,.F.);
#3583 = EDGE_CURVE('',#3584,#3586,#3588,.T.);
#3584 = VERTEX_POINT('',#3585);
#3585 = CARTESIAN_POINT('',(7.287347181489,16.661028790273,
    21.180125871938));
#3586 = VERTEX_POINT('',#3587);
#3587 = CARTESIAN_POINT('',(-0.212652818511,16.661028790273,
    21.180125871938));
#3588 = LINE('',#3589,#3590);
#3589 = CARTESIAN_POINT('',(7.687347181489,16.661028790273,
    21.180125871938));
#3590 = VECTOR('',#3591,1.);
#3591 = DIRECTION('',(-1.,-3.E-15,0.));
#3592 = ORIENTED_EDGE('',*,*,#3593,.T.);
#3593 = EDGE_CURVE('',#3584,#3594,#3596,.T.);
#3594 = VERTEX_POINT('',#3595);
#3595 = CARTESIAN_POINT('',(7.287347181489,18.479351056803,
    19.127664320183));
#3596 = CIRCLE('',#3597,11.25);
#3597 = AXIS2_PLACEMENT_3D('',#3598,#3599,#3600);
#3598 = CARTESIAN_POINT('',(7.287347181489,9.212210969745,
    12.749371867901));
#3599 = DIRECTION('',(-1.,-3.E-15,-1.972152263053E-31));
#3600 = DIRECTION('',(-1.989367974722E-15,0.663122658241,-0.748510748171
    ));
#3601 = ORIENTED_EDGE('',*,*,#3602,.T.);
#3602 = EDGE_CURVE('',#3594,#3603,#3605,.T.);
#3603 = VERTEX_POINT('',#3604);
#3604 = CARTESIAN_POINT('',(-0.212652818511,18.479351056803,
    19.127664320183));
#3605 = LINE('',#3606,#3607);
#3606 = CARTESIAN_POINT('',(7.687347181489,18.479351056803,
    19.127664320183));
#3607 = VECTOR('',#3608,1.);
#3608 = DIRECTION('',(-1.,-3.E-15,0.));
#3609 = ORIENTED_EDGE('',*,*,#3610,.T.);
#3610 = EDGE_CURVE('',#3603,#3586,#3611,.T.);
#3611 = CIRCLE('',#3612,11.25);
#3612 = AXIS2_PLACEMENT_3D('',#3613,#3614,#3615);
#3613 = CARTESIAN_POINT('',(-0.212652818511,9.212210969745,
    12.749371867901));
#3614 = DIRECTION('',(1.,3.E-15,1.972152263053E-31));
#3615 = DIRECTION('',(-1.989367974722E-15,0.663122658241,-0.748510748171
    ));
#3616 = CYLINDRICAL_SURFACE('',#3617,11.25);
#3617 = AXIS2_PLACEMENT_3D('',#3618,#3619,#3620);
#3618 = CARTESIAN_POINT('',(7.687347181489,9.212210969745,
    12.749371867901));
#3619 = DIRECTION('',(-1.,-3.E-15,0.));
#3620 = DIRECTION('',(-1.989367974722E-15,0.663122658241,-0.748510748171
    ));
#3621 = ADVANCED_FACE('',(#3622),#3647,.F.);
#3622 = FACE_BOUND('',#3623,.T.);
#3623 = EDGE_LOOP('',(#3624,#3632,#3640,#3646));
#3624 = ORIENTED_EDGE('',*,*,#3625,.F.);
#3625 = EDGE_CURVE('',#3626,#3603,#3628,.T.);
#3626 = VERTEX_POINT('',#3627);
#3627 = CARTESIAN_POINT('',(-0.212652818511,16.419986593012,
    17.710265997454));
#3628 = LINE('',#3629,#3630);
#3629 = CARTESIAN_POINT('',(-0.212652818511,13.845781013274,
    15.938518094042));
#3630 = VECTOR('',#3631,1.);
#3631 = DIRECTION('',(-2.471237356549E-15,0.823745785516,0.566959329092)
  );
#3632 = ORIENTED_EDGE('',*,*,#3633,.F.);
#3633 = EDGE_CURVE('',#3634,#3626,#3636,.T.);
#3634 = VERTEX_POINT('',#3635);
#3635 = CARTESIAN_POINT('',(7.287347181489,16.419986593012,
    17.710265997454));
#3636 = LINE('',#3637,#3638);
#3637 = CARTESIAN_POINT('',(7.687347181489,16.419986593012,
    17.710265997454));
#3638 = VECTOR('',#3639,1.);
#3639 = DIRECTION('',(-1.,-3.E-15,0.));
#3640 = ORIENTED_EDGE('',*,*,#3641,.F.);
#3641 = EDGE_CURVE('',#3594,#3634,#3642,.T.);
#3642 = LINE('',#3643,#3644);
#3643 = CARTESIAN_POINT('',(7.287347181489,13.845781013274,
    15.938518094042));
#3644 = VECTOR('',#3645,1.);
#3645 = DIRECTION('',(2.471237356549E-15,-0.823745785516,-0.566959329092
    ));
#3646 = ORIENTED_EDGE('',*,*,#3602,.T.);
#3647 = PLANE('',#3648);
#3648 = AXIS2_PLACEMENT_3D('',#3649,#3650,#3651);
#3649 = CARTESIAN_POINT('',(7.687347181489,18.479351056803,
    19.127664320183));
#3650 = DIRECTION('',(-1.700877987275E-15,0.566959329092,-0.823745785516
    ));
#3651 = DIRECTION('',(-1.,-3.E-15,0.));
#3652 = ADVANCED_FACE('',(#3653),#3689,.T.);
#3653 = FACE_BOUND('',#3654,.T.);
#3654 = EDGE_LOOP('',(#3655,#3666,#3673,#3682));
#3655 = ORIENTED_EDGE('',*,*,#3656,.T.);
#3656 = EDGE_CURVE('',#3657,#3659,#3661,.T.);
#3657 = VERTEX_POINT('',#3658);
#3658 = CARTESIAN_POINT('',(7.687347181489,14.43478166225,
    19.264527688124));
#3659 = VERTEX_POINT('',#3660);
#3660 = CARTESIAN_POINT('',(7.687347181489,16.309375302286,
    17.148548886039));
#3661 = CIRCLE('',#3662,8.35);
#3662 = AXIS2_PLACEMENT_3D('',#3663,#3664,#3665);
#3663 = CARTESIAN_POINT('',(7.687347181489,9.212210969745,
    12.749371867901));
#3664 = DIRECTION('',(-1.,-3.E-15,-1.972152263053E-31));
#3665 = DIRECTION('',(1.989367974722E-15,-0.663122658241,0.748510748171)
  );
#3666 = ORIENTED_EDGE('',*,*,#3667,.F.);
#3667 = EDGE_CURVE('',#3634,#3659,#3668,.T.);
#3668 = B_SPLINE_CURVE_WITH_KNOTS('',3,(#3669,#3670,#3671,#3672),
  .UNSPECIFIED.,.F.,.F.,(4,4),(-6.982290066636E-02,0.),
  .PIECEWISE_BEZIER_KNOTS.);
#3669 = CARTESIAN_POINT('',(7.287347181489,16.419986593012,
    17.710265997454));
#3670 = CARTESIAN_POINT('',(7.421721030602,16.385481208462,
    17.523391598222));
#3671 = CARTESIAN_POINT('',(7.555171446326,16.348663150215,
    17.336046473016));
#3672 = CARTESIAN_POINT('',(7.687347181489,16.309375302286,
    17.148548886039));
#3673 = ORIENTED_EDGE('',*,*,#3674,.T.);
#3674 = EDGE_CURVE('',#3634,#3675,#3677,.T.);
#3675 = VERTEX_POINT('',#3676);
#3676 = CARTESIAN_POINT('',(7.287347181489,15.005735941267,
    19.306624982152));
#3677 = CIRCLE('',#3678,8.75);
#3678 = AXIS2_PLACEMENT_3D('',#3679,#3680,#3681);
#3679 = CARTESIAN_POINT('',(7.287347181489,9.212210969745,
    12.749371867901));
#3680 = DIRECTION('',(1.,3.E-15,1.972152263053E-31));
#3681 = DIRECTION('',(1.989367974722E-15,-0.663122658241,0.748510748171)
  );
#3682 = ORIENTED_EDGE('',*,*,#3683,.F.);
#3683 = EDGE_CURVE('',#3657,#3675,#3684,.T.);
#3684 = B_SPLINE_CURVE_WITH_KNOTS('',3,(#3685,#3686,#3687,#3688),
  .UNSPECIFIED.,.F.,.F.,(4,4),(-6.982270016185E-02,0.),
  .PIECEWISE_BEZIER_KNOTS.);
#3685 = CARTESIAN_POINT('',(7.687347181489,14.43478166225,
    19.264527688124));
#3686 = CARTESIAN_POINT('',(7.555171446326,14.625647807477,
    19.280928746718));
#3687 = CARTESIAN_POINT('',(7.421721030602,14.816064902304,
    19.294896400413));
#3688 = CARTESIAN_POINT('',(7.287347181489,15.005735941267,
    19.306624982152));
#3689 = CONICAL_SURFACE('',#3690,8.55,0.785398163397);
#3690 = AXIS2_PLACEMENT_3D('',#3691,#3692,#3693);
#3691 = CARTESIAN_POINT('',(7.487347181489,9.212210969745,
    12.749371867901));
#3692 = DIRECTION('',(-1.,-3.E-15,0.));
#3693 = DIRECTION('',(1.989367974722E-15,-0.663122658241,0.748510748171)
  );
#3694 = ADVANCED_FACE('',(#3695),#3714,.T.);
#3695 = FACE_BOUND('',#3696,.T.);
#3696 = EDGE_LOOP('',(#3697,#3698,#3699,#3707));
#3697 = ORIENTED_EDGE('',*,*,#3641,.T.);
#3698 = ORIENTED_EDGE('',*,*,#3667,.T.);
#3699 = ORIENTED_EDGE('',*,*,#3700,.T.);
#3700 = EDGE_CURVE('',#3659,#3701,#3703,.T.);
#3701 = VERTEX_POINT('',#3702);
#3702 = CARTESIAN_POINT('',(7.687347181489,19.029974811129,
    19.021055306566));
#3703 = LINE('',#3704,#3705);
#3704 = CARTESIAN_POINT('',(7.687347181489,14.072564744911,
    15.609019779836));
#3705 = VECTOR('',#3706,1.);
#3706 = DIRECTION('',(-2.471237356549E-15,0.823745785516,0.566959329092)
  );
#3707 = ORIENTED_EDGE('',*,*,#3708,.T.);
#3708 = EDGE_CURVE('',#3701,#3594,#3709,.T.);
#3709 = B_SPLINE_CURVE_WITH_KNOTS('',3,(#3710,#3711,#3712,#3713),
  .UNSPECIFIED.,.F.,.F.,(4,4),(-6.887844636536E-02,0.),
  .PIECEWISE_BEZIER_KNOTS.);
#3710 = CARTESIAN_POINT('',(7.687347181489,19.029974811129,
    19.021055306566));
#3711 = CARTESIAN_POINT('',(7.553299161919,18.847281933029,
    19.058043159503));
#3712 = CARTESIAN_POINT('',(7.419903813324,18.663698242671,
    19.093625572419));
#3713 = CARTESIAN_POINT('',(7.287347181489,18.479351056803,
    19.127664320183));
#3714 = PLANE('',#3715);
#3715 = AXIS2_PLACEMENT_3D('',#3716,#3717,#3718);
#3716 = CARTESIAN_POINT('',(7.487347181489,13.959172879092,
    15.773768936939));
#3717 = DIRECTION('',(0.707106781187,-0.400900786258,0.582476230912));
#3718 = DIRECTION('',(-2.471237356549E-15,0.823745785516,0.566959329092)
  );
#3719 = ADVANCED_FACE('',(#3720),#3744,.T.);
#3720 = FACE_BOUND('',#3721,.T.);
#3721 = EDGE_LOOP('',(#3722,#3730,#3731,#3737));
#3722 = ORIENTED_EDGE('',*,*,#3723,.T.);
#3723 = EDGE_CURVE('',#3724,#3657,#3726,.T.);
#3724 = VERTEX_POINT('',#3725);
#3725 = CARTESIAN_POINT('',(7.687347181489,16.621567435812,
    21.739585255733));
#3726 = LINE('',#3727,#3728);
#3727 = CARTESIAN_POINT('',(7.687347181489,11.80921331314,
    16.292845280867));
#3728 = VECTOR('',#3729,1.);
#3729 = DIRECTION('',(1.986351418808E-15,-0.662117139603,-0.749400355914
    ));
#3730 = ORIENTED_EDGE('',*,*,#3683,.T.);
#3731 = ORIENTED_EDGE('',*,*,#3732,.T.);
#3732 = EDGE_CURVE('',#3675,#3584,#3733,.T.);
#3733 = LINE('',#3734,#3735);
#3734 = CARTESIAN_POINT('',(7.287347181489,12.108973455506,
    16.027998425026));
#3735 = VECTOR('',#3736,1.);
#3736 = DIRECTION('',(-1.986351418808E-15,0.662117139603,0.749400355914)
  );
#3737 = ORIENTED_EDGE('',*,*,#3738,.F.);
#3738 = EDGE_CURVE('',#3724,#3584,#3739,.T.);
#3739 = B_SPLINE_CURVE_WITH_KNOTS('',3,(#3740,#3741,#3742,#3743),
  .UNSPECIFIED.,.F.,.F.,(4,4),(-6.88784463654E-02,0.),
  .PIECEWISE_BEZIER_KNOTS.);
#3740 = CARTESIAN_POINT('',(7.687347181489,16.621567435812,
    21.739585255733));
#3741 = CARTESIAN_POINT('',(7.553299161919,16.636264412625,
    21.553766021406));
#3742 = CARTESIAN_POINT('',(7.419903813324,16.649458821103,
    21.367231876919));
#3743 = CARTESIAN_POINT('',(7.287347181489,16.661028790273,
    21.180125871938));
#3744 = PLANE('',#3745);
#3745 = AXIS2_PLACEMENT_3D('',#3746,#3747,#3748);
#3746 = CARTESIAN_POINT('',(7.487347181489,11.959093384323,
    16.160421852947));
#3747 = DIRECTION('',(0.707106781187,0.529906073491,-0.468187519353));
#3748 = DIRECTION('',(-1.986351418808E-15,0.662117139603,0.749400355914)
  );
#3749 = ADVANCED_FACE('',(#3750),#3762,.F.);
#3750 = FACE_BOUND('',#3751,.F.);
#3751 = EDGE_LOOP('',(#3752,#3753,#3754,#3755));
#3752 = ORIENTED_EDGE('',*,*,#3708,.T.);
#3753 = ORIENTED_EDGE('',*,*,#3593,.F.);
#3754 = ORIENTED_EDGE('',*,*,#3738,.F.);
#3755 = ORIENTED_EDGE('',*,*,#3756,.F.);
#3756 = EDGE_CURVE('',#3701,#3724,#3757,.T.);
#3757 = CIRCLE('',#3758,11.65);
#3758 = AXIS2_PLACEMENT_3D('',#3759,#3760,#3761);
#3759 = CARTESIAN_POINT('',(7.687347181489,9.212210969745,
    12.749371867901));
#3760 = DIRECTION('',(1.,3.E-15,0.));
#3761 = DIRECTION('',(-1.989367974722E-15,0.663122658241,-0.748510748171
    ));
#3762 = CONICAL_SURFACE('',#3763,11.45,0.785398163397);
#3763 = AXIS2_PLACEMENT_3D('',#3764,#3765,#3766);
#3764 = CARTESIAN_POINT('',(7.487347181489,9.212210969745,
    12.749371867901));
#3765 = DIRECTION('',(1.,3.E-15,0.));
#3766 = DIRECTION('',(-1.989367974722E-15,0.663122658241,-0.748510748171
    ));
#3767 = ADVANCED_FACE('',(#3768),#3786,.F.);
#3768 = FACE_BOUND('',#3769,.T.);
#3769 = EDGE_LOOP('',(#3770,#3778,#3779,#3780));
#3770 = ORIENTED_EDGE('',*,*,#3771,.F.);
#3771 = EDGE_CURVE('',#3586,#3772,#3774,.T.);
#3772 = VERTEX_POINT('',#3773);
#3773 = CARTESIAN_POINT('',(-0.212652818511,15.005735941267,
    19.306624982152));
#3774 = LINE('',#3775,#3776);
#3775 = CARTESIAN_POINT('',(-0.212652818511,12.108973455506,
    16.027998425026));
#3776 = VECTOR('',#3777,1.);
#3777 = DIRECTION('',(1.986351418808E-15,-0.662117139603,-0.749400355914
    ));
#3778 = ORIENTED_EDGE('',*,*,#3583,.F.);
#3779 = ORIENTED_EDGE('',*,*,#3732,.F.);
#3780 = ORIENTED_EDGE('',*,*,#3781,.T.);
#3781 = EDGE_CURVE('',#3675,#3772,#3782,.T.);
#3782 = LINE('',#3783,#3784);
#3783 = CARTESIAN_POINT('',(7.687347181489,15.005735941267,
    19.306624982152));
#3784 = VECTOR('',#3785,1.);
#3785 = DIRECTION('',(-1.,-3.E-15,0.));
#3786 = PLANE('',#3787);
#3787 = AXIS2_PLACEMENT_3D('',#3788,#3789,#3790);
#3788 = CARTESIAN_POINT('',(7.687347181489,15.005735941267,
    19.306624982152));
#3789 = DIRECTION('',(2.248201067743E-15,-0.749400355914,0.662117139603)
  );
#3790 = DIRECTION('',(-1.,-3.E-15,0.));
#3791 = ADVANCED_FACE('',(#3792),#3804,.T.);
#3792 = FACE_BOUND('',#3793,.T.);
#3793 = EDGE_LOOP('',(#3794,#3801,#3802,#3803));
#3794 = ORIENTED_EDGE('',*,*,#3795,.F.);
#3795 = EDGE_CURVE('',#3772,#3626,#3796,.T.);
#3796 = CIRCLE('',#3797,8.75);
#3797 = AXIS2_PLACEMENT_3D('',#3798,#3799,#3800);
#3798 = CARTESIAN_POINT('',(-0.212652818511,9.212210969745,
    12.749371867901));
#3799 = DIRECTION('',(-1.,-3.E-15,-1.972152263053E-31));
#3800 = DIRECTION('',(1.989367974722E-15,-0.663122658241,0.748510748171)
  );
#3801 = ORIENTED_EDGE('',*,*,#3781,.F.);
#3802 = ORIENTED_EDGE('',*,*,#3674,.F.);
#3803 = ORIENTED_EDGE('',*,*,#3633,.T.);
#3804 = CYLINDRICAL_SURFACE('',#3805,8.75);
#3805 = AXIS2_PLACEMENT_3D('',#3806,#3807,#3808);
#3806 = CARTESIAN_POINT('',(7.687347181489,9.212210969745,
    12.749371867901));
#3807 = DIRECTION('',(-1.,-3.E-15,0.));
#3808 = DIRECTION('',(1.989367974722E-15,-0.663122658241,0.748510748171)
  );
#3809 = ADVANCED_FACE('',(#3810),#3838,.F.);
#3810 = FACE_BOUND('',#3811,.F.);
#3811 = EDGE_LOOP('',(#3812,#3821,#3822,#3831));
#3812 = ORIENTED_EDGE('',*,*,#3813,.F.);
#3813 = EDGE_CURVE('',#3586,#3814,#3816,.T.);
#3814 = VERTEX_POINT('',#3815);
#3815 = CARTESIAN_POINT('',(-0.612652818511,16.621567435812,
    21.739585255733));
#3816 = B_SPLINE_CURVE_WITH_KNOTS('',3,(#3817,#3818,#3819,#3820),
  .UNSPECIFIED.,.F.,.F.,(4,4),(-6.887836704763E-02,0.),
  .PIECEWISE_BEZIER_KNOTS.);
#3817 = CARTESIAN_POINT('',(-0.212652818511,16.661028790273,
    21.180125871938));
#3818 = CARTESIAN_POINT('',(-0.345209450346,16.649458821103,
    21.367231876919));
#3819 = CARTESIAN_POINT('',(-0.478604798941,16.636264412625,
    21.553766021406));
#3820 = CARTESIAN_POINT('',(-0.612652818511,16.621567435812,
    21.739585255733));
#3821 = ORIENTED_EDGE('',*,*,#3610,.F.);
#3822 = ORIENTED_EDGE('',*,*,#3823,.T.);
#3823 = EDGE_CURVE('',#3603,#3824,#3826,.T.);
#3824 = VERTEX_POINT('',#3825);
#3825 = CARTESIAN_POINT('',(-0.612652818511,19.029974811129,
    19.021055306566));
#3826 = B_SPLINE_CURVE_WITH_KNOTS('',3,(#3827,#3828,#3829,#3830),
  .UNSPECIFIED.,.F.,.F.,(4,4),(-6.887836704774E-02,0.),
  .PIECEWISE_BEZIER_KNOTS.);
#3827 = CARTESIAN_POINT('',(-0.212652818511,18.479351056803,
    19.127664320183));
#3828 = CARTESIAN_POINT('',(-0.345209450346,18.663698242671,
    19.093625572419));
#3829 = CARTESIAN_POINT('',(-0.478604798941,18.847281933029,
    19.058043159503));
#3830 = CARTESIAN_POINT('',(-0.612652818511,19.029974811129,
    19.021055306566));
#3831 = ORIENTED_EDGE('',*,*,#3832,.F.);
#3832 = EDGE_CURVE('',#3814,#3824,#3833,.T.);
#3833 = CIRCLE('',#3834,11.65);
#3834 = AXIS2_PLACEMENT_3D('',#3835,#3836,#3837);
#3835 = CARTESIAN_POINT('',(-0.612652818511,9.212210969745,
    12.749371867901));
#3836 = DIRECTION('',(-1.,-3.E-15,0.));
#3837 = DIRECTION('',(-1.989367974722E-15,0.663122658241,-0.748510748171
    ));
#3838 = CONICAL_SURFACE('',#3839,11.45,0.785398163397);
#3839 = AXIS2_PLACEMENT_3D('',#3840,#3841,#3842);
#3840 = CARTESIAN_POINT('',(-0.412652818511,9.212210969745,
    12.749371867901));
#3841 = DIRECTION('',(-1.,-3.E-15,0.));
#3842 = DIRECTION('',(-1.989367974722E-15,0.663122658241,-0.748510748171
    ));
#3843 = ADVANCED_FACE('',(#3844),#3872,.T.);
#3844 = FACE_BOUND('',#3845,.T.);
#3845 = EDGE_LOOP('',(#3846,#3857,#3864,#3865));
#3846 = ORIENTED_EDGE('',*,*,#3847,.T.);
#3847 = EDGE_CURVE('',#3848,#3850,#3852,.T.);
#3848 = VERTEX_POINT('',#3849);
#3849 = CARTESIAN_POINT('',(-0.612652818511,16.309375302286,
    17.148548886039));
#3850 = VERTEX_POINT('',#3851);
#3851 = CARTESIAN_POINT('',(-0.612652818511,14.43478166225,
    19.264527688124));
#3852 = CIRCLE('',#3853,8.35);
#3853 = AXIS2_PLACEMENT_3D('',#3854,#3855,#3856);
#3854 = CARTESIAN_POINT('',(-0.612652818511,9.212210969745,
    12.749371867901));
#3855 = DIRECTION('',(1.,3.E-15,1.972152263053E-31));
#3856 = DIRECTION('',(1.989367974722E-15,-0.663122658241,0.748510748171)
  );
#3857 = ORIENTED_EDGE('',*,*,#3858,.F.);
#3858 = EDGE_CURVE('',#3772,#3850,#3859,.T.);
#3859 = B_SPLINE_CURVE_WITH_KNOTS('',3,(#3860,#3861,#3862,#3863),
  .UNSPECIFIED.,.F.,.F.,(4,4),(-6.982290066635E-02,0.),
  .PIECEWISE_BEZIER_KNOTS.);
#3860 = CARTESIAN_POINT('',(-0.212652818511,15.005735941267,
    19.306624982152));
#3861 = CARTESIAN_POINT('',(-0.347026667624,14.816064902304,
    19.294896400413));
#3862 = CARTESIAN_POINT('',(-0.480477083348,14.625647807477,
    19.280928746718));
#3863 = CARTESIAN_POINT('',(-0.612652818511,14.43478166225,
    19.264527688124));
#3864 = ORIENTED_EDGE('',*,*,#3795,.T.);
#3865 = ORIENTED_EDGE('',*,*,#3866,.F.);
#3866 = EDGE_CURVE('',#3848,#3626,#3867,.T.);
#3867 = B_SPLINE_CURVE_WITH_KNOTS('',3,(#3868,#3869,#3870,#3871),
  .UNSPECIFIED.,.F.,.F.,(4,4),(-6.982270016188E-02,0.),
  .PIECEWISE_BEZIER_KNOTS.);
#3868 = CARTESIAN_POINT('',(-0.612652818511,16.309375302286,
    17.148548886039));
#3869 = CARTESIAN_POINT('',(-0.480477083348,16.348663150215,
    17.336046473016));
#3870 = CARTESIAN_POINT('',(-0.347026667624,16.385481208462,
    17.523391598222));
#3871 = CARTESIAN_POINT('',(-0.212652818511,16.419986593012,
    17.710265997454));
#3872 = CONICAL_SURFACE('',#3873,8.55,0.785398163397);
#3873 = AXIS2_PLACEMENT_3D('',#3874,#3875,#3876);
#3874 = CARTESIAN_POINT('',(-0.412652818511,9.212210969745,
    12.749371867901));
#3875 = DIRECTION('',(1.,3.E-15,0.));
#3876 = DIRECTION('',(1.989367974722E-15,-0.663122658241,0.748510748171)
  );
#3877 = ADVANCED_FACE('',(#3878),#3889,.T.);
#3878 = FACE_BOUND('',#3879,.T.);
#3879 = EDGE_LOOP('',(#3880,#3881,#3882,#3888));
#3880 = ORIENTED_EDGE('',*,*,#3771,.T.);
#3881 = ORIENTED_EDGE('',*,*,#3858,.T.);
#3882 = ORIENTED_EDGE('',*,*,#3883,.T.);
#3883 = EDGE_CURVE('',#3850,#3814,#3884,.T.);
#3884 = LINE('',#3885,#3886);
#3885 = CARTESIAN_POINT('',(-0.612652818511,11.80921331314,
    16.292845280867));
#3886 = VECTOR('',#3887,1.);
#3887 = DIRECTION('',(-1.986351418808E-15,0.662117139603,0.749400355914)
  );
#3888 = ORIENTED_EDGE('',*,*,#3813,.F.);
#3889 = PLANE('',#3890);
#3890 = AXIS2_PLACEMENT_3D('',#3891,#3892,#3893);
#3891 = CARTESIAN_POINT('',(-0.412652818511,11.959093384323,
    16.160421852947));
#3892 = DIRECTION('',(-0.707106781187,0.529906073491,-0.468187519353));
#3893 = DIRECTION('',(-0.599692849647,-0.800230270661,0.));
#3894 = ADVANCED_FACE('',(#3895),#3906,.T.);
#3895 = FACE_BOUND('',#3896,.T.);
#3896 = EDGE_LOOP('',(#3897,#3903,#3904,#3905));
#3897 = ORIENTED_EDGE('',*,*,#3898,.T.);
#3898 = EDGE_CURVE('',#3824,#3848,#3899,.T.);
#3899 = LINE('',#3900,#3901);
#3900 = CARTESIAN_POINT('',(-0.612652818511,14.072564744911,
    15.609019779836));
#3901 = VECTOR('',#3902,1.);
#3902 = DIRECTION('',(2.471237356549E-15,-0.823745785516,-0.566959329092
    ));
#3903 = ORIENTED_EDGE('',*,*,#3866,.T.);
#3904 = ORIENTED_EDGE('',*,*,#3625,.T.);
#3905 = ORIENTED_EDGE('',*,*,#3823,.T.);
#3906 = PLANE('',#3907);
#3907 = AXIS2_PLACEMENT_3D('',#3908,#3909,#3910);
#3908 = CARTESIAN_POINT('',(-0.412652818511,13.959172879092,
    15.773768936939));
#3909 = DIRECTION('',(-0.707106781187,-0.400900786258,0.582476230912));
#3910 = DIRECTION('',(-0.635806763511,-1.935175866148E-15,
    -0.771848274905));
#3911 = ADVANCED_FACE('',(#3912),#3948,.F.);
#3912 = FACE_BOUND('',#3913,.F.);
#3913 = EDGE_LOOP('',(#3914,#3924,#3933,#3941));
#3914 = ORIENTED_EDGE('',*,*,#3915,.F.);
#3915 = EDGE_CURVE('',#3916,#3918,#3920,.T.);
#3916 = VERTEX_POINT('',#3917);
#3917 = CARTESIAN_POINT('',(7.287347181489,11.889844849448,
    23.676072047107));
#3918 = VERTEX_POINT('',#3919);
#3919 = CARTESIAN_POINT('',(-0.212652818511,11.889844849448,
    23.676072047107));
#3920 = LINE('',#3921,#3922);
#3921 = CARTESIAN_POINT('',(7.687347181489,11.889844849448,
    23.676072047107));
#3922 = VECTOR('',#3923,1.);
#3923 = DIRECTION('',(-1.,-3.E-15,0.));
#3924 = ORIENTED_EDGE('',*,*,#3925,.T.);
#3925 = EDGE_CURVE('',#3916,#3926,#3928,.T.);
#3926 = VERTEX_POINT('',#3927);
#3927 = CARTESIAN_POINT('',(7.287347181489,14.453715699756,
    22.703724090184));
#3928 = CIRCLE('',#3929,11.25);
#3929 = AXIS2_PLACEMENT_3D('',#3930,#3931,#3932);
#3930 = CARTESIAN_POINT('',(7.287347181489,9.212210969745,
    12.749371867901));
#3931 = DIRECTION('',(-1.,-3.E-15,0.));
#3932 = DIRECTION('',(-2.805048728056E-15,0.935016242685,-0.354604887043
    ));
#3933 = ORIENTED_EDGE('',*,*,#3934,.T.);
#3934 = EDGE_CURVE('',#3926,#3935,#3937,.T.);
#3935 = VERTEX_POINT('',#3936);
#3936 = CARTESIAN_POINT('',(-0.212652818511,14.453715699756,
    22.703724090184));
#3937 = LINE('',#3938,#3939);
#3938 = CARTESIAN_POINT('',(7.687347181489,14.453715699756,
    22.703724090184));
#3939 = VECTOR('',#3940,1.);
#3940 = DIRECTION('',(-1.,-3.E-15,0.));
#3941 = ORIENTED_EDGE('',*,*,#3942,.T.);
#3942 = EDGE_CURVE('',#3935,#3918,#3943,.T.);
#3943 = CIRCLE('',#3944,11.25);
#3944 = AXIS2_PLACEMENT_3D('',#3945,#3946,#3947);
#3945 = CARTESIAN_POINT('',(-0.212652818511,9.212210969745,
    12.749371867901));
#3946 = DIRECTION('',(1.,3.E-15,0.));
#3947 = DIRECTION('',(-2.805048728056E-15,0.935016242685,-0.354604887043
    ));
#3948 = CYLINDRICAL_SURFACE('',#3949,11.25);
#3949 = AXIS2_PLACEMENT_3D('',#3950,#3951,#3952);
#3950 = CARTESIAN_POINT('',(7.687347181489,9.212210969745,
    12.749371867901));
#3951 = DIRECTION('',(-1.,-3.E-15,0.));
#3952 = DIRECTION('',(-2.805048728056E-15,0.935016242685,-0.354604887043
    ));
#3953 = ADVANCED_FACE('',(#3954),#3979,.F.);
#3954 = FACE_BOUND('',#3955,.T.);
#3955 = EDGE_LOOP('',(#3956,#3964,#3972,#3978));
#3956 = ORIENTED_EDGE('',*,*,#3957,.F.);
#3957 = EDGE_CURVE('',#3958,#3935,#3960,.T.);
#3958 = VERTEX_POINT('',#3959);
#3959 = CARTESIAN_POINT('',(-0.212652818511,13.288936870864,
    20.491645818566));
#3960 = LINE('',#3961,#3962);
#3961 = CARTESIAN_POINT('',(-0.212652818511,11.83296333475,
    17.726547979043));
#3962 = VECTOR('',#3963,1.);
#3963 = DIRECTION('',(-1.397734594669E-15,0.465911531556,0.884831308647)
  );
#3964 = ORIENTED_EDGE('',*,*,#3965,.F.);
#3965 = EDGE_CURVE('',#3966,#3958,#3968,.T.);
#3966 = VERTEX_POINT('',#3967);
#3967 = CARTESIAN_POINT('',(7.287347181489,13.288936870864,
    20.491645818566));
#3968 = LINE('',#3969,#3970);
#3969 = CARTESIAN_POINT('',(7.687347181489,13.288936870864,
    20.491645818566));
#3970 = VECTOR('',#3971,1.);
#3971 = DIRECTION('',(-1.,-3.E-15,0.));
#3972 = ORIENTED_EDGE('',*,*,#3973,.F.);
#3973 = EDGE_CURVE('',#3926,#3966,#3974,.T.);
#3974 = LINE('',#3975,#3976);
#3975 = CARTESIAN_POINT('',(7.287347181489,11.83296333475,
    17.726547979043));
#3976 = VECTOR('',#3977,1.);
#3977 = DIRECTION('',(1.397734594669E-15,-0.465911531556,-0.884831308647
    ));
#3978 = ORIENTED_EDGE('',*,*,#3934,.T.);
#3979 = PLANE('',#3980);
#3980 = AXIS2_PLACEMENT_3D('',#3981,#3982,#3983);
#3981 = CARTESIAN_POINT('',(7.687347181489,14.453715699756,
    22.703724090184));
#3982 = DIRECTION('',(-2.654493925942E-15,0.884831308647,-0.465911531556
    ));
#3983 = DIRECTION('',(-1.,-3.E-15,0.));
#3984 = ADVANCED_FACE('',(#3985),#4021,.T.);
#3985 = FACE_BOUND('',#3986,.T.);
#3986 = EDGE_LOOP('',(#3987,#3998,#4005,#4014));
#3987 = ORIENTED_EDGE('',*,*,#3988,.T.);
#3988 = EDGE_CURVE('',#3989,#3991,#3993,.T.);
#3989 = VERTEX_POINT('',#3990);
#3990 = CARTESIAN_POINT('',(7.687347181489,10.80882377969,
    20.945305465431));
#3991 = VERTEX_POINT('',#3992);
#3992 = CARTESIAN_POINT('',(7.687347181489,13.452038394793,
    19.942866387661));
#3993 = CIRCLE('',#3994,8.35);
#3994 = AXIS2_PLACEMENT_3D('',#3995,#3996,#3997);
#3995 = CARTESIAN_POINT('',(7.687347181489,9.212210969745,
    12.749371867901));
#3996 = DIRECTION('',(-1.,-3.E-15,0.));
#3997 = DIRECTION('',(2.805048728056E-15,-0.935016242685,0.354604887043)
  );
#3998 = ORIENTED_EDGE('',*,*,#3999,.F.);
#3999 = EDGE_CURVE('',#3966,#3991,#4000,.T.);
#4000 = B_SPLINE_CURVE_WITH_KNOTS('',3,(#4001,#4002,#4003,#4004),
  .UNSPECIFIED.,.F.,.F.,(4,4),(-6.982290066637E-02,0.),
  .PIECEWISE_BEZIER_KNOTS.);
#4001 = CARTESIAN_POINT('',(7.287347181489,13.288936870864,
    20.491645818566));
#4002 = CARTESIAN_POINT('',(7.421721030602,13.345228733782,
    20.310141303965));
#4003 = CARTESIAN_POINT('',(7.555171446326,13.399691583107,
    20.127145229157));
#4004 = CARTESIAN_POINT('',(7.687347181489,13.452038394793,
    19.942866387661));
#4005 = ORIENTED_EDGE('',*,*,#4006,.T.);
#4006 = EDGE_CURVE('',#3966,#4007,#4009,.T.);
#4007 = VERTEX_POINT('',#4008);
#4008 = CARTESIAN_POINT('',(7.287347181489,11.294815098403,
    21.247916451728));
#4009 = CIRCLE('',#4010,8.75);
#4010 = AXIS2_PLACEMENT_3D('',#4011,#4012,#4013);
#4011 = CARTESIAN_POINT('',(7.287347181489,9.212210969745,
    12.749371867901));
#4012 = DIRECTION('',(1.,3.E-15,0.));
#4013 = DIRECTION('',(2.805048728056E-15,-0.935016242685,0.354604887043)
  );
#4014 = ORIENTED_EDGE('',*,*,#4015,.F.);
#4015 = EDGE_CURVE('',#3989,#4007,#4016,.T.);
#4016 = B_SPLINE_CURVE_WITH_KNOTS('',3,(#4017,#4018,#4019,#4020),
  .UNSPECIFIED.,.F.,.F.,(4,4),(-6.982270016179E-02,0.),
  .PIECEWISE_BEZIER_KNOTS.);
#4017 = CARTESIAN_POINT('',(7.687347181489,10.80882377969,
    20.945305465431));
#4018 = CARTESIAN_POINT('',(7.555171446326,10.9702054061,21.048527802036
    ));
#4019 = CARTESIAN_POINT('',(7.421721030602,11.13232027777,
    21.149386781483));
#4020 = CARTESIAN_POINT('',(7.287347181489,11.294815098403,
    21.247916451728));
#4021 = CONICAL_SURFACE('',#4022,8.55,0.785398163397);
#4022 = AXIS2_PLACEMENT_3D('',#4023,#4024,#4025);
#4023 = CARTESIAN_POINT('',(7.487347181489,9.212210969745,
    12.749371867901));
#4024 = DIRECTION('',(-1.,-3.E-15,0.));
#4025 = DIRECTION('',(2.805048728056E-15,-0.935016242685,0.354604887043)
  );
#4026 = ADVANCED_FACE('',(#4027),#4046,.T.);
#4027 = FACE_BOUND('',#4028,.T.);
#4028 = EDGE_LOOP('',(#4029,#4030,#4031,#4039));
#4029 = ORIENTED_EDGE('',*,*,#3973,.T.);
#4030 = ORIENTED_EDGE('',*,*,#3999,.T.);
#4031 = ORIENTED_EDGE('',*,*,#4032,.T.);
#4032 = EDGE_CURVE('',#3991,#4033,#4035,.T.);
#4033 = VERTEX_POINT('',#4034);
#4034 = CARTESIAN_POINT('',(7.687347181489,14.990812499868,22.8652141144
    ));
#4035 = LINE('',#4036,#4037);
#4036 = CARTESIAN_POINT('',(7.687347181489,12.186895858209,
    17.54018336642));
#4037 = VECTOR('',#4038,1.);
#4038 = DIRECTION('',(-1.397734594669E-15,0.465911531556,0.884831308647)
  );
#4039 = ORIENTED_EDGE('',*,*,#4040,.T.);
#4040 = EDGE_CURVE('',#4033,#3926,#4041,.T.);
#4041 = B_SPLINE_CURVE_WITH_KNOTS('',3,(#4042,#4043,#4044,#4045),
  .UNSPECIFIED.,.F.,.F.,(4,4),(-6.887844636532E-02,0.),
  .PIECEWISE_BEZIER_KNOTS.);
#4042 = CARTESIAN_POINT('',(7.687347181489,14.990812499868,22.8652141144
    ));
#4043 = CARTESIAN_POINT('',(7.553299161919,14.811856877766,
    22.813063617839));
#4044 = CARTESIAN_POINT('',(7.419903813324,14.632765621128,
    22.759254684844));
#4045 = CARTESIAN_POINT('',(7.287347181489,14.453715699756,
    22.703724090184));
#4046 = PLANE('',#4047);
#4047 = AXIS2_PLACEMENT_3D('',#4048,#4049,#4050);
#4048 = CARTESIAN_POINT('',(7.487347181489,12.00992959648,
    17.633365672731));
#4049 = DIRECTION('',(0.707106781187,-0.625670218551,0.329449203397));
#4050 = DIRECTION('',(-1.342223443438E-15,0.465911531556,0.884831308647)
  );
#4051 = ADVANCED_FACE('',(#4052),#4076,.T.);
#4052 = FACE_BOUND('',#4053,.T.);
#4053 = EDGE_LOOP('',(#4054,#4062,#4063,#4069));
#4054 = ORIENTED_EDGE('',*,*,#4055,.T.);
#4055 = EDGE_CURVE('',#4056,#3989,#4058,.T.);
#4056 = VERTEX_POINT('',#4057);
#4057 = CARTESIAN_POINT('',(7.687347181489,11.594909815893,
    24.153110123779));
#4058 = LINE('',#4059,#4060);
#4059 = CARTESIAN_POINT('',(7.687347181489,9.865008138813,
    17.093848919982));
#4060 = VECTOR('',#4061,1.);
#4061 = DIRECTION('',(7.140357012542E-16,-0.238011900418,-0.971262238152
    ));
#4062 = ORIENTED_EDGE('',*,*,#4015,.T.);
#4063 = ORIENTED_EDGE('',*,*,#4064,.T.);
#4064 = EDGE_CURVE('',#4007,#3916,#4065,.T.);
#4065 = LINE('',#4066,#4067);
#4066 = CARTESIAN_POINT('',(7.287347181489,10.253513034074,
    16.998644159815));
#4067 = VECTOR('',#4068,1.);
#4068 = DIRECTION('',(-7.140357012542E-16,0.238011900418,0.971262238152)
  );
#4069 = ORIENTED_EDGE('',*,*,#4070,.F.);
#4070 = EDGE_CURVE('',#4056,#3916,#4071,.T.);
#4071 = B_SPLINE_CURVE_WITH_KNOTS('',3,(#4072,#4073,#4074,#4075),
  .UNSPECIFIED.,.F.,.F.,(4,4),(-6.887844636538E-02,0.),
  .PIECEWISE_BEZIER_KNOTS.);
#4072 = CARTESIAN_POINT('',(7.687347181489,11.594909815893,
    24.153110123779));
#4073 = CARTESIAN_POINT('',(7.553299161919,11.694277846574,
    23.995405388745));
#4074 = CARTESIAN_POINT('',(7.419903813324,11.792647654387,
    23.836369353881));
#4075 = CARTESIAN_POINT('',(7.287347181489,11.889844849448,
    23.676072047107));
#4076 = PLANE('',#4077);
#4077 = AXIS2_PLACEMENT_3D('',#4078,#4079,#4080);
#4078 = CARTESIAN_POINT('',(7.487347181489,10.059260586444,
    17.046246539898));
#4079 = DIRECTION('',(0.707106781187,0.686786114907,-0.168299828789));
#4080 = DIRECTION('',(-6.862801256385E-16,0.238011900418,0.971262238152)
  );
#4081 = ADVANCED_FACE('',(#4082),#4094,.F.);
#4082 = FACE_BOUND('',#4083,.F.);
#4083 = EDGE_LOOP('',(#4084,#4085,#4086,#4087));
#4084 = ORIENTED_EDGE('',*,*,#4040,.T.);
#4085 = ORIENTED_EDGE('',*,*,#3925,.F.);
#4086 = ORIENTED_EDGE('',*,*,#4070,.F.);
#4087 = ORIENTED_EDGE('',*,*,#4088,.F.);
#4088 = EDGE_CURVE('',#4033,#4056,#4089,.T.);
#4089 = CIRCLE('',#4090,11.65);
#4090 = AXIS2_PLACEMENT_3D('',#4091,#4092,#4093);
#4091 = CARTESIAN_POINT('',(7.687347181489,9.212210969745,
    12.749371867901));
#4092 = DIRECTION('',(1.,3.E-15,0.));
#4093 = DIRECTION('',(-2.805048728056E-15,0.935016242685,-0.354604887043
    ));
#4094 = CONICAL_SURFACE('',#4095,11.45,0.785398163397);
#4095 = AXIS2_PLACEMENT_3D('',#4096,#4097,#4098);
#4096 = CARTESIAN_POINT('',(7.487347181489,9.212210969745,
    12.749371867901));
#4097 = DIRECTION('',(1.,3.E-15,0.));
#4098 = DIRECTION('',(-2.805048728056E-15,0.935016242685,-0.354604887043
    ));
#4099 = ADVANCED_FACE('',(#4100),#4118,.F.);
#4100 = FACE_BOUND('',#4101,.T.);
#4101 = EDGE_LOOP('',(#4102,#4110,#4111,#4112));
#4102 = ORIENTED_EDGE('',*,*,#4103,.F.);
#4103 = EDGE_CURVE('',#3918,#4104,#4106,.T.);
#4104 = VERTEX_POINT('',#4105);
#4105 = CARTESIAN_POINT('',(-0.212652818511,11.294815098403,
    21.247916451728));
#4106 = LINE('',#4107,#4108);
#4107 = CARTESIAN_POINT('',(-0.212652818511,10.253513034074,
    16.998644159815));
#4108 = VECTOR('',#4109,1.);
#4109 = DIRECTION('',(7.140357012542E-16,-0.238011900418,-0.971262238152
    ));
#4110 = ORIENTED_EDGE('',*,*,#3915,.F.);
#4111 = ORIENTED_EDGE('',*,*,#4064,.F.);
#4112 = ORIENTED_EDGE('',*,*,#4113,.T.);
#4113 = EDGE_CURVE('',#4007,#4104,#4114,.T.);
#4114 = LINE('',#4115,#4116);
#4115 = CARTESIAN_POINT('',(7.687347181489,11.294815098403,
    21.247916451728));
#4116 = VECTOR('',#4117,1.);
#4117 = DIRECTION('',(-1.,-3.E-15,0.));
#4118 = PLANE('',#4119);
#4119 = AXIS2_PLACEMENT_3D('',#4120,#4121,#4122);
#4120 = CARTESIAN_POINT('',(7.687347181489,11.294815098403,
    21.247916451728));
#4121 = DIRECTION('',(2.913786714455E-15,-0.971262238152,0.238011900418)
  );
#4122 = DIRECTION('',(-1.,-3.E-15,0.));
#4123 = ADVANCED_FACE('',(#4124),#4136,.T.);
#4124 = FACE_BOUND('',#4125,.T.);
#4125 = EDGE_LOOP('',(#4126,#4133,#4134,#4135));
#4126 = ORIENTED_EDGE('',*,*,#4127,.F.);
#4127 = EDGE_CURVE('',#4104,#3958,#4128,.T.);
#4128 = CIRCLE('',#4129,8.75);
#4129 = AXIS2_PLACEMENT_3D('',#4130,#4131,#4132);
#4130 = CARTESIAN_POINT('',(-0.212652818511,9.212210969745,
    12.749371867901));
#4131 = DIRECTION('',(-1.,-3.E-15,0.));
#4132 = DIRECTION('',(2.805048728056E-15,-0.935016242685,0.354604887043)
  );
#4133 = ORIENTED_EDGE('',*,*,#4113,.F.);
#4134 = ORIENTED_EDGE('',*,*,#4006,.F.);
#4135 = ORIENTED_EDGE('',*,*,#3965,.T.);
#4136 = CYLINDRICAL_SURFACE('',#4137,8.75);
#4137 = AXIS2_PLACEMENT_3D('',#4138,#4139,#4140);
#4138 = CARTESIAN_POINT('',(7.687347181489,9.212210969745,
    12.749371867901));
#4139 = DIRECTION('',(-1.,-3.E-15,0.));
#4140 = DIRECTION('',(2.805048728056E-15,-0.935016242685,0.354604887043)
  );
#4141 = ADVANCED_FACE('',(#4142),#4170,.F.);
#4142 = FACE_BOUND('',#4143,.F.);
#4143 = EDGE_LOOP('',(#4144,#4153,#4154,#4163));
#4144 = ORIENTED_EDGE('',*,*,#4145,.F.);
#4145 = EDGE_CURVE('',#3918,#4146,#4148,.T.);
#4146 = VERTEX_POINT('',#4147);
#4147 = CARTESIAN_POINT('',(-0.612652818511,11.594909815893,
    24.153110123779));
#4148 = B_SPLINE_CURVE_WITH_KNOTS('',3,(#4149,#4150,#4151,#4152),
  .UNSPECIFIED.,.F.,.F.,(4,4),(-6.88783670477E-02,0.),
  .PIECEWISE_BEZIER_KNOTS.);
#4149 = CARTESIAN_POINT('',(-0.212652818511,11.889844849448,
    23.676072047107));
#4150 = CARTESIAN_POINT('',(-0.345209450346,11.792647654386,
    23.836369353881));
#4151 = CARTESIAN_POINT('',(-0.478604798941,11.694277846574,
    23.995405388745));
#4152 = CARTESIAN_POINT('',(-0.612652818511,11.594909815893,
    24.153110123779));
#4153 = ORIENTED_EDGE('',*,*,#3942,.F.);
#4154 = ORIENTED_EDGE('',*,*,#4155,.T.);
#4155 = EDGE_CURVE('',#3935,#4156,#4158,.T.);
#4156 = VERTEX_POINT('',#4157);
#4157 = CARTESIAN_POINT('',(-0.612652818511,14.990812499868,
    22.8652141144));
#4158 = B_SPLINE_CURVE_WITH_KNOTS('',3,(#4159,#4160,#4161,#4162),
  .UNSPECIFIED.,.F.,.F.,(4,4),(-6.887836704783E-02,0.),
  .PIECEWISE_BEZIER_KNOTS.);
#4159 = CARTESIAN_POINT('',(-0.212652818511,14.453715699756,
    22.703724090184));
#4160 = CARTESIAN_POINT('',(-0.345209450346,14.632765621128,
    22.759254684844));
#4161 = CARTESIAN_POINT('',(-0.478604798941,14.811856877766,
    22.813063617839));
#4162 = CARTESIAN_POINT('',(-0.612652818511,14.990812499868,
    22.8652141144));
#4163 = ORIENTED_EDGE('',*,*,#4164,.F.);
#4164 = EDGE_CURVE('',#4146,#4156,#4165,.T.);
#4165 = CIRCLE('',#4166,11.65);
#4166 = AXIS2_PLACEMENT_3D('',#4167,#4168,#4169);
#4167 = CARTESIAN_POINT('',(-0.612652818511,9.212210969745,
    12.749371867901));
#4168 = DIRECTION('',(-1.,-3.E-15,0.));
#4169 = DIRECTION('',(-2.805048728056E-15,0.935016242685,-0.354604887043
    ));
#4170 = CONICAL_SURFACE('',#4171,11.45,0.785398163397);
#4171 = AXIS2_PLACEMENT_3D('',#4172,#4173,#4174);
#4172 = CARTESIAN_POINT('',(-0.412652818511,9.212210969745,
    12.749371867901));
#4173 = DIRECTION('',(-1.,-3.E-15,0.));
#4174 = DIRECTION('',(-2.805048728056E-15,0.935016242685,-0.354604887043
    ));
#4175 = ADVANCED_FACE('',(#4176),#4204,.T.);
#4176 = FACE_BOUND('',#4177,.T.);
#4177 = EDGE_LOOP('',(#4178,#4189,#4196,#4197));
#4178 = ORIENTED_EDGE('',*,*,#4179,.T.);
#4179 = EDGE_CURVE('',#4180,#4182,#4184,.T.);
#4180 = VERTEX_POINT('',#4181);
#4181 = CARTESIAN_POINT('',(-0.612652818511,13.452038394793,
    19.942866387661));
#4182 = VERTEX_POINT('',#4183);
#4183 = CARTESIAN_POINT('',(-0.612652818511,10.808823779689,
    20.945305465431));
#4184 = CIRCLE('',#4185,8.35);
#4185 = AXIS2_PLACEMENT_3D('',#4186,#4187,#4188);
#4186 = CARTESIAN_POINT('',(-0.612652818511,9.212210969745,
    12.749371867901));
#4187 = DIRECTION('',(1.,3.E-15,0.));
#4188 = DIRECTION('',(2.805048728056E-15,-0.935016242685,0.354604887043)
  );
#4189 = ORIENTED_EDGE('',*,*,#4190,.F.);
#4190 = EDGE_CURVE('',#4104,#4182,#4191,.T.);
#4191 = B_SPLINE_CURVE_WITH_KNOTS('',3,(#4192,#4193,#4194,#4195),
  .UNSPECIFIED.,.F.,.F.,(4,4),(-6.982290066639E-02,0.),
  .PIECEWISE_BEZIER_KNOTS.);
#4192 = CARTESIAN_POINT('',(-0.212652818511,11.294815098403,
    21.247916451728));
#4193 = CARTESIAN_POINT('',(-0.347026667624,11.13232027777,
    21.149386781483));
#4194 = CARTESIAN_POINT('',(-0.480477083348,10.9702054061,
    21.048527802036));
#4195 = CARTESIAN_POINT('',(-0.612652818511,10.808823779689,
    20.945305465431));
#4196 = ORIENTED_EDGE('',*,*,#4127,.T.);
#4197 = ORIENTED_EDGE('',*,*,#4198,.F.);
#4198 = EDGE_CURVE('',#4180,#3958,#4199,.T.);
#4199 = B_SPLINE_CURVE_WITH_KNOTS('',3,(#4200,#4201,#4202,#4203),
  .UNSPECIFIED.,.F.,.F.,(4,4),(-6.982270016183E-02,0.),
  .PIECEWISE_BEZIER_KNOTS.);
#4200 = CARTESIAN_POINT('',(-0.612652818511,13.452038394793,
    19.942866387661));
#4201 = CARTESIAN_POINT('',(-0.480477083348,13.399691583107,
    20.127145229157));
#4202 = CARTESIAN_POINT('',(-0.347026667624,13.345228733782,
    20.310141303965));
#4203 = CARTESIAN_POINT('',(-0.212652818511,13.288936870864,
    20.491645818566));
#4204 = CONICAL_SURFACE('',#4205,8.55,0.785398163397);
#4205 = AXIS2_PLACEMENT_3D('',#4206,#4207,#4208);
#4206 = CARTESIAN_POINT('',(-0.412652818511,9.212210969745,
    12.749371867901));
#4207 = DIRECTION('',(1.,3.E-15,0.));
#4208 = DIRECTION('',(2.805048728056E-15,-0.935016242685,0.354604887043)
  );
#4209 = ADVANCED_FACE('',(#4210),#4221,.T.);
#4210 = FACE_BOUND('',#4211,.T.);
#4211 = EDGE_LOOP('',(#4212,#4213,#4214,#4220));
#4212 = ORIENTED_EDGE('',*,*,#4103,.T.);
#4213 = ORIENTED_EDGE('',*,*,#4190,.T.);
#4214 = ORIENTED_EDGE('',*,*,#4215,.T.);
#4215 = EDGE_CURVE('',#4182,#4146,#4216,.T.);
#4216 = LINE('',#4217,#4218);
#4217 = CARTESIAN_POINT('',(-0.612652818511,9.865008138813,
    17.093848919982));
#4218 = VECTOR('',#4219,1.);
#4219 = DIRECTION('',(-7.140357012542E-16,0.238011900418,0.971262238152)
  );
#4220 = ORIENTED_EDGE('',*,*,#4145,.F.);
#4221 = PLANE('',#4222);
#4222 = AXIS2_PLACEMENT_3D('',#4223,#4224,#4225);
#4223 = CARTESIAN_POINT('',(-0.412652818511,10.059260586444,
    17.046246539898));
#4224 = DIRECTION('',(-0.707106781187,0.686786114907,-0.168299828789));
#4225 = DIRECTION('',(-0.696724294163,-0.71733901185,4.163336342344E-17)
  );
#4226 = ADVANCED_FACE('',(#4227),#4238,.T.);
#4227 = FACE_BOUND('',#4228,.T.);
#4228 = EDGE_LOOP('',(#4229,#4235,#4236,#4237));
#4229 = ORIENTED_EDGE('',*,*,#4230,.T.);
#4230 = EDGE_CURVE('',#4156,#4180,#4231,.T.);
#4231 = LINE('',#4232,#4233);
#4232 = CARTESIAN_POINT('',(-0.612652818511,12.186895858209,
    17.54018336642));
#4233 = VECTOR('',#4234,1.);
#4234 = DIRECTION('',(1.397734594669E-15,-0.465911531556,-0.884831308647
    ));
#4235 = ORIENTED_EDGE('',*,*,#4198,.T.);
#4236 = ORIENTED_EDGE('',*,*,#3957,.T.);
#4237 = ORIENTED_EDGE('',*,*,#4155,.T.);
#4238 = PLANE('',#4239);
#4239 = AXIS2_PLACEMENT_3D('',#4240,#4241,#4242);
#4240 = CARTESIAN_POINT('',(-0.412652818511,12.00992959648,
    17.633365672731));
#4241 = DIRECTION('',(-0.707106781187,-0.625670218551,0.329449203397));
#4242 = DIRECTION('',(-0.422323303887,-1.211458760428E-15,
    -0.906445269718));
#4243 = ADVANCED_FACE('',(#4244),#4280,.F.);
#4244 = FACE_BOUND('',#4245,.F.);
#4245 = EDGE_LOOP('',(#4246,#4256,#4265,#4273));
#4246 = ORIENTED_EDGE('',*,*,#4247,.F.);
#4247 = EDGE_CURVE('',#4248,#4250,#4252,.T.);
#4248 = VERTEX_POINT('',#4249);
#4249 = CARTESIAN_POINT('',(7.287347181489,6.505247255769,
    23.668842892233));
#4250 = VERTEX_POINT('',#4251);
#4251 = CARTESIAN_POINT('',(-0.212652818511,6.505247255769,
    23.668842892233));
#4252 = LINE('',#4253,#4254);
#4253 = CARTESIAN_POINT('',(7.687347181489,6.505247255769,
    23.668842892233));
#4254 = VECTOR('',#4255,1.);
#4255 = DIRECTION('',(-1.,-3.E-15,0.));
#4256 = ORIENTED_EDGE('',*,*,#4257,.T.);
#4257 = EDGE_CURVE('',#4248,#4258,#4260,.T.);
#4258 = VERTEX_POINT('',#4259);
#4259 = CARTESIAN_POINT('',(7.287347181489,9.227314776042,
    23.999361729009));
#4260 = CIRCLE('',#4261,11.25);
#4261 = AXIS2_PLACEMENT_3D('',#4262,#4263,#4264);
#4262 = CARTESIAN_POINT('',(7.287347181489,9.212210969745,
    12.749371867901));
#4263 = DIRECTION('',(-1.,-3.E-15,0.));
#4264 = DIRECTION('',(-2.978126622294E-15,0.992708874098,0.120536680255)
  );
#4265 = ORIENTED_EDGE('',*,*,#4266,.T.);
#4266 = EDGE_CURVE('',#4258,#4267,#4269,.T.);
#4267 = VERTEX_POINT('',#4268);
#4268 = CARTESIAN_POINT('',(-0.212652818511,9.227314776042,
    23.999361729009));
#4269 = LINE('',#4270,#4271);
#4270 = CARTESIAN_POINT('',(7.687347181489,9.227314776042,
    23.999361729009));
#4271 = VECTOR('',#4272,1.);
#4272 = DIRECTION('',(-1.,-3.E-15,0.));
#4273 = ORIENTED_EDGE('',*,*,#4274,.T.);
#4274 = EDGE_CURVE('',#4267,#4250,#4275,.T.);
#4275 = CIRCLE('',#4276,11.25);
#4276 = AXIS2_PLACEMENT_3D('',#4277,#4278,#4279);
#4277 = CARTESIAN_POINT('',(-0.212652818511,9.212210969745,
    12.749371867901));
#4278 = DIRECTION('',(1.,3.E-15,0.));
#4279 = DIRECTION('',(-2.978126622294E-15,0.992708874098,0.120536680255)
  );
#4280 = CYLINDRICAL_SURFACE('',#4281,11.25);
#4281 = AXIS2_PLACEMENT_3D('',#4282,#4283,#4284);
#4282 = CARTESIAN_POINT('',(7.687347181489,9.212210969745,
    12.749371867901));
#4283 = DIRECTION('',(-1.,-3.E-15,0.));
#4284 = DIRECTION('',(-2.978126622294E-15,0.992708874098,0.120536680255)
  );
#4285 = ADVANCED_FACE('',(#4286),#4311,.F.);
#4286 = FACE_BOUND('',#4287,.T.);
#4287 = EDGE_LOOP('',(#4288,#4296,#4304,#4310));
#4288 = ORIENTED_EDGE('',*,*,#4289,.F.);
#4289 = EDGE_CURVE('',#4290,#4267,#4292,.T.);
#4290 = VERTEX_POINT('',#4291);
#4291 = CARTESIAN_POINT('',(-0.212652818511,9.223958374643,
    21.499363982096));
#4292 = LINE('',#4293,#4294);
#4293 = CARTESIAN_POINT('',(-0.212652818511,9.219762872894,
    18.374366798455));
#4294 = VECTOR('',#4295,1.);
#4295 = DIRECTION('',(-4.027681679255E-18,1.342560559752E-03,
    0.999999098765));
#4296 = ORIENTED_EDGE('',*,*,#4297,.F.);
#4297 = EDGE_CURVE('',#4298,#4290,#4300,.T.);
#4298 = VERTEX_POINT('',#4299);
#4299 = CARTESIAN_POINT('',(7.287347181489,9.223958374643,
    21.499363982096));
#4300 = LINE('',#4301,#4302);
#4301 = CARTESIAN_POINT('',(7.687347181489,9.223958374643,
    21.499363982096));
#4302 = VECTOR('',#4303,1.);
#4303 = DIRECTION('',(-1.,-3.E-15,0.));
#4304 = ORIENTED_EDGE('',*,*,#4305,.F.);
#4305 = EDGE_CURVE('',#4258,#4298,#4306,.T.);
#4306 = LINE('',#4307,#4308);
#4307 = CARTESIAN_POINT('',(7.287347181489,9.219762872894,
    18.374366798455));
#4308 = VECTOR('',#4309,1.);
#4309 = DIRECTION('',(4.027681679255E-18,-1.342560559752E-03,
    -0.999999098765));
#4310 = ORIENTED_EDGE('',*,*,#4266,.T.);
#4311 = PLANE('',#4312);
#4312 = AXIS2_PLACEMENT_3D('',#4313,#4314,#4315);
#4313 = CARTESIAN_POINT('',(7.687347181489,9.227314776042,
    23.999361729009));
#4314 = DIRECTION('',(-2.999997296295E-15,0.999999098765,
    -1.342560559752E-03));
#4315 = DIRECTION('',(-1.,-3.E-15,0.));
#4316 = ADVANCED_FACE('',(#4317),#4353,.T.);
#4317 = FACE_BOUND('',#4318,.T.);
#4318 = EDGE_LOOP('',(#4319,#4330,#4337,#4346));
#4319 = ORIENTED_EDGE('',*,*,#4320,.T.);
#4320 = EDGE_CURVE('',#4321,#4323,#4325,.T.);
#4321 = VERTEX_POINT('',#4322);
#4322 = CARTESIAN_POINT('',(7.687347181489,6.817101143641,
    20.748493627251));
#4323 = VERTEX_POINT('',#4324);
#4324 = CARTESIAN_POINT('',(7.687347181489,9.623408119681,
    21.089240985812));
#4325 = CIRCLE('',#4326,8.35);
#4326 = AXIS2_PLACEMENT_3D('',#4327,#4328,#4329);
#4327 = CARTESIAN_POINT('',(7.687347181489,9.212210969745,
    12.749371867901));
#4328 = DIRECTION('',(-1.,-3.E-15,0.));
#4329 = DIRECTION('',(2.978126622294E-15,-0.992708874098,-0.120536680255
    ));
#4330 = ORIENTED_EDGE('',*,*,#4331,.F.);
#4331 = EDGE_CURVE('',#4298,#4323,#4332,.T.);
#4332 = B_SPLINE_CURVE_WITH_KNOTS('',3,(#4333,#4334,#4335,#4336),
  .UNSPECIFIED.,.F.,.F.,(4,4),(-6.982290066634E-02,0.),
  .PIECEWISE_BEZIER_KNOTS.);
#4333 = CARTESIAN_POINT('',(7.287347181489,9.223958374643,
    21.499363982096));
#4334 = CARTESIAN_POINT('',(7.421721030602,9.358151697624,
    21.364809849055));
#4335 = CARTESIAN_POINT('',(7.555171446326,9.491418672089,
    21.228085020042));
#4336 = CARTESIAN_POINT('',(7.687347181489,9.623408119681,
    21.089240985812));
#4337 = ORIENTED_EDGE('',*,*,#4338,.T.);
#4338 = EDGE_CURVE('',#4298,#4339,#4341,.T.);
#4339 = VERTEX_POINT('',#4340);
#4340 = CARTESIAN_POINT('',(7.287347181489,7.106794747764,
    21.242293775715));
#4341 = CIRCLE('',#4342,8.75);
#4342 = AXIS2_PLACEMENT_3D('',#4343,#4344,#4345);
#4343 = CARTESIAN_POINT('',(7.287347181489,9.212210969745,
    12.749371867901));
#4344 = DIRECTION('',(1.,3.E-15,0.));
#4345 = DIRECTION('',(2.978126622294E-15,-0.992708874098,-0.120536680255
    ));
#4346 = ORIENTED_EDGE('',*,*,#4347,.F.);
#4347 = EDGE_CURVE('',#4321,#4339,#4348,.T.);
#4348 = B_SPLINE_CURVE_WITH_KNOTS('',3,(#4349,#4350,#4351,#4352),
  .UNSPECIFIED.,.F.,.F.,(4,4),(-6.982270016193E-02,0.),
  .PIECEWISE_BEZIER_KNOTS.);
#4349 = CARTESIAN_POINT('',(7.687347181489,6.817101143641,
    20.748493627251));
#4350 = CARTESIAN_POINT('',(7.555171446326,6.912027665483,
    20.914890248514));
#4351 = CARTESIAN_POINT('',(7.421721030602,7.008701750594,
    21.079534977005));
#4352 = CARTESIAN_POINT('',(7.287347181489,7.106794747764,
    21.242293775715));
#4353 = CONICAL_SURFACE('',#4354,8.55,0.785398163397);
#4354 = AXIS2_PLACEMENT_3D('',#4355,#4356,#4357);
#4355 = CARTESIAN_POINT('',(7.487347181489,9.212210969745,
    12.749371867901));
#4356 = DIRECTION('',(-1.,-3.E-15,0.));
#4357 = DIRECTION('',(2.978126622294E-15,-0.992708874098,-0.120536680255
    ));
#4358 = ADVANCED_FACE('',(#4359),#4378,.T.);
#4359 = FACE_BOUND('',#4360,.T.);
#4360 = EDGE_LOOP('',(#4361,#4362,#4363,#4371));
#4361 = ORIENTED_EDGE('',*,*,#4305,.T.);
#4362 = ORIENTED_EDGE('',*,*,#4331,.T.);
#4363 = ORIENTED_EDGE('',*,*,#4364,.T.);
#4364 = EDGE_CURVE('',#4323,#4365,#4367,.T.);
#4365 = VERTEX_POINT('',#4366);
#4366 = CARTESIAN_POINT('',(7.687347181489,9.627842217754,
    24.391955372677));
#4367 = LINE('',#4368,#4369);
#4368 = CARTESIAN_POINT('',(7.687347181489,9.6197625124,18.373829774231)
  );
#4369 = VECTOR('',#4370,1.);
#4370 = DIRECTION('',(-4.027681679255E-18,1.342560559752E-03,
    0.999999098765));
#4371 = ORIENTED_EDGE('',*,*,#4372,.T.);
#4372 = EDGE_CURVE('',#4365,#4258,#4373,.T.);
#4373 = B_SPLINE_CURVE_WITH_KNOTS('',3,(#4374,#4375,#4376,#4377),
  .UNSPECIFIED.,.F.,.F.,(4,4),(-6.887844636535E-02,0.),
  .PIECEWISE_BEZIER_KNOTS.);
#4374 = CARTESIAN_POINT('',(7.687347181489,9.627842217754,
    24.391955372677));
#4375 = CARTESIAN_POINT('',(7.553299161919,9.493620428024,
    24.262613576898));
#4376 = CARTESIAN_POINT('',(7.419903813324,9.360049253718,
    24.131740276073));
#4377 = CARTESIAN_POINT('',(7.287347181489,9.227314776042,
    23.999361729009));
#4378 = PLANE('',#4379);
#4379 = AXIS2_PLACEMENT_3D('',#4380,#4381,#4382);
#4380 = CARTESIAN_POINT('',(7.487347181489,9.419762692647,
    18.374098286343));
#4381 = DIRECTION('',(0.707106781187,-0.707106143917,9.49333675954E-04)
  );
#4382 = DIRECTION('',(-3.810841244758E-18,1.342560559752E-03,
    0.999999098765));
#4383 = ADVANCED_FACE('',(#4384),#4408,.T.);
#4384 = FACE_BOUND('',#4385,.T.);
#4385 = EDGE_LOOP('',(#4386,#4394,#4395,#4401));
#4386 = ORIENTED_EDGE('',*,*,#4387,.T.);
#4387 = EDGE_CURVE('',#4388,#4321,#4390,.T.);
#4388 = VERTEX_POINT('',#4389);
#4389 = CARTESIAN_POINT('',(7.687347181489,6.022404604956,
    23.954175987347));
#4390 = LINE('',#4391,#4392);
#4391 = CARTESIAN_POINT('',(7.687347181489,7.771255000112,
    16.899585223089));
#4392 = VECTOR('',#4393,1.);
#4393 = DIRECTION('',(-7.218569903935E-16,0.240618996798,-0.970619646607
    ));
#4394 = ORIENTED_EDGE('',*,*,#4347,.T.);
#4395 = ORIENTED_EDGE('',*,*,#4396,.T.);
#4396 = EDGE_CURVE('',#4339,#4248,#4397,.T.);
#4397 = LINE('',#4398,#4399);
#4398 = CARTESIAN_POINT('',(7.287347181489,8.159502858754,
    16.995832821808));
#4399 = VECTOR('',#4400,1.);
#4400 = DIRECTION('',(7.218569903935E-16,-0.240618996798,0.970619646607)
  );
#4401 = ORIENTED_EDGE('',*,*,#4402,.F.);
#4402 = EDGE_CURVE('',#4388,#4248,#4403,.T.);
#4403 = B_SPLINE_CURVE_WITH_KNOTS('',3,(#4404,#4405,#4406,#4407),
  .UNSPECIFIED.,.F.,.F.,(4,4),(-6.887844636538E-02,0.),
  .PIECEWISE_BEZIER_KNOTS.);
#4404 = CARTESIAN_POINT('',(7.687347181489,6.022404604956,
    23.954175987347));
#4405 = CARTESIAN_POINT('',(7.553299161919,6.18367967119,23.860714005855
    ));
#4406 = CARTESIAN_POINT('',(7.419903813324,6.344689540852,
    23.765609319609));
#4407 = CARTESIAN_POINT('',(7.287347181489,6.505247255769,
    23.668842892233));
#4408 = PLANE('',#4409);
#4409 = AXIS2_PLACEMENT_3D('',#4410,#4411,#4412);
#4410 = CARTESIAN_POINT('',(7.487347181489,7.965378929433,
    16.947709022448));
#4411 = DIRECTION('',(0.707106781187,0.686331734069,0.170143324318));
#4412 = DIRECTION('',(7.218569903935E-16,-0.240618996798,0.970619646607)
  );
#4413 = ADVANCED_FACE('',(#4414),#4426,.F.);
#4414 = FACE_BOUND('',#4415,.F.);
#4415 = EDGE_LOOP('',(#4416,#4417,#4418,#4419));
#4416 = ORIENTED_EDGE('',*,*,#4372,.T.);
#4417 = ORIENTED_EDGE('',*,*,#4257,.F.);
#4418 = ORIENTED_EDGE('',*,*,#4402,.F.);
#4419 = ORIENTED_EDGE('',*,*,#4420,.F.);
#4420 = EDGE_CURVE('',#4365,#4388,#4421,.T.);
#4421 = CIRCLE('',#4422,11.65);
#4422 = AXIS2_PLACEMENT_3D('',#4423,#4424,#4425);
#4423 = CARTESIAN_POINT('',(7.687347181489,9.212210969745,
    12.749371867901));
#4424 = DIRECTION('',(1.,3.E-15,0.));
#4425 = DIRECTION('',(-2.978126622294E-15,0.992708874098,0.120536680255)
  );
#4426 = CONICAL_SURFACE('',#4427,11.45,0.785398163397);
#4427 = AXIS2_PLACEMENT_3D('',#4428,#4429,#4430);
#4428 = CARTESIAN_POINT('',(7.487347181489,9.212210969745,
    12.749371867901));
#4429 = DIRECTION('',(1.,3.E-15,0.));
#4430 = DIRECTION('',(-2.978126622294E-15,0.992708874098,0.120536680255)
  );
#4431 = ADVANCED_FACE('',(#4432),#4450,.F.);
#4432 = FACE_BOUND('',#4433,.T.);
#4433 = EDGE_LOOP('',(#4434,#4442,#4443,#4444));
#4434 = ORIENTED_EDGE('',*,*,#4435,.F.);
#4435 = EDGE_CURVE('',#4250,#4436,#4438,.T.);
#4436 = VERTEX_POINT('',#4437);
#4437 = CARTESIAN_POINT('',(-0.212652818511,7.106794747764,
    21.242293775715));
#4438 = LINE('',#4439,#4440);
#4439 = CARTESIAN_POINT('',(-0.212652818511,8.159502858754,
    16.995832821808));
#4440 = VECTOR('',#4441,1.);
#4441 = DIRECTION('',(-7.218569903935E-16,0.240618996798,-0.970619646607
    ));
#4442 = ORIENTED_EDGE('',*,*,#4247,.F.);
#4443 = ORIENTED_EDGE('',*,*,#4396,.F.);
#4444 = ORIENTED_EDGE('',*,*,#4445,.T.);
#4445 = EDGE_CURVE('',#4339,#4436,#4446,.T.);
#4446 = LINE('',#4447,#4448);
#4447 = CARTESIAN_POINT('',(7.687347181489,7.106794747764,
    21.242293775715));
#4448 = VECTOR('',#4449,1.);
#4449 = DIRECTION('',(-1.,-3.E-15,0.));
#4450 = PLANE('',#4451);
#4451 = AXIS2_PLACEMENT_3D('',#4452,#4453,#4454);
#4452 = CARTESIAN_POINT('',(7.687347181489,7.106794747764,
    21.242293775715));
#4453 = DIRECTION('',(2.911858939822E-15,-0.970619646607,-0.240618996798
    ));
#4454 = DIRECTION('',(1.,3.E-15,0.));
#4455 = ADVANCED_FACE('',(#4456),#4468,.T.);
#4456 = FACE_BOUND('',#4457,.T.);
#4457 = EDGE_LOOP('',(#4458,#4465,#4466,#4467));
#4458 = ORIENTED_EDGE('',*,*,#4459,.F.);
#4459 = EDGE_CURVE('',#4436,#4290,#4460,.T.);
#4460 = CIRCLE('',#4461,8.75);
#4461 = AXIS2_PLACEMENT_3D('',#4462,#4463,#4464);
#4462 = CARTESIAN_POINT('',(-0.212652818511,9.212210969745,
    12.749371867901));
#4463 = DIRECTION('',(-1.,-3.E-15,0.));
#4464 = DIRECTION('',(2.978126622294E-15,-0.992708874098,-0.120536680255
    ));
#4465 = ORIENTED_EDGE('',*,*,#4445,.F.);
#4466 = ORIENTED_EDGE('',*,*,#4338,.F.);
#4467 = ORIENTED_EDGE('',*,*,#4297,.T.);
#4468 = CYLINDRICAL_SURFACE('',#4469,8.75);
#4469 = AXIS2_PLACEMENT_3D('',#4470,#4471,#4472);
#4470 = CARTESIAN_POINT('',(7.687347181489,9.212210969745,
    12.749371867901));
#4471 = DIRECTION('',(-1.,-3.E-15,0.));
#4472 = DIRECTION('',(2.978126622294E-15,-0.992708874098,-0.120536680255
    ));
#4473 = ADVANCED_FACE('',(#4474),#4502,.F.);
#4474 = FACE_BOUND('',#4475,.F.);
#4475 = EDGE_LOOP('',(#4476,#4485,#4486,#4495));
#4476 = ORIENTED_EDGE('',*,*,#4477,.F.);
#4477 = EDGE_CURVE('',#4250,#4478,#4480,.T.);
#4478 = VERTEX_POINT('',#4479);
#4479 = CARTESIAN_POINT('',(-0.612652818511,6.022404604956,
    23.954175987347));
#4480 = B_SPLINE_CURVE_WITH_KNOTS('',3,(#4481,#4482,#4483,#4484),
  .UNSPECIFIED.,.F.,.F.,(4,4),(-6.887836704774E-02,0.),
  .PIECEWISE_BEZIER_KNOTS.);
#4481 = CARTESIAN_POINT('',(-0.212652818511,6.505247255769,
    23.668842892233));
#4482 = CARTESIAN_POINT('',(-0.345209450346,6.344689540852,
    23.765609319609));
#4483 = CARTESIAN_POINT('',(-0.478604798941,6.18367967119,
    23.860714005855));
#4484 = CARTESIAN_POINT('',(-0.612652818511,6.022404604956,
    23.954175987347));
#4485 = ORIENTED_EDGE('',*,*,#4274,.F.);
#4486 = ORIENTED_EDGE('',*,*,#4487,.T.);
#4487 = EDGE_CURVE('',#4267,#4488,#4490,.T.);
#4488 = VERTEX_POINT('',#4489);
#4489 = CARTESIAN_POINT('',(-0.612652818511,9.627842217753,
    24.391955372677));
#4490 = B_SPLINE_CURVE_WITH_KNOTS('',3,(#4491,#4492,#4493,#4494),
  .UNSPECIFIED.,.F.,.F.,(4,4),(-6.887836704776E-02,0.),
  .PIECEWISE_BEZIER_KNOTS.);
#4491 = CARTESIAN_POINT('',(-0.212652818511,9.227314776042,
    23.999361729009));
#4492 = CARTESIAN_POINT('',(-0.345209450346,9.360049253718,
    24.131740276073));
#4493 = CARTESIAN_POINT('',(-0.478604798941,9.493620428024,
    24.262613576898));
#4494 = CARTESIAN_POINT('',(-0.612652818511,9.627842217753,
    24.391955372677));
#4495 = ORIENTED_EDGE('',*,*,#4496,.F.);
#4496 = EDGE_CURVE('',#4478,#4488,#4497,.T.);
#4497 = CIRCLE('',#4498,11.65);
#4498 = AXIS2_PLACEMENT_3D('',#4499,#4500,#4501);
#4499 = CARTESIAN_POINT('',(-0.612652818511,9.212210969745,
    12.749371867901));
#4500 = DIRECTION('',(-1.,-3.E-15,0.));
#4501 = DIRECTION('',(-2.978126622294E-15,0.992708874098,0.120536680255)
  );
#4502 = CONICAL_SURFACE('',#4503,11.45,0.785398163397);
#4503 = AXIS2_PLACEMENT_3D('',#4504,#4505,#4506);
#4504 = CARTESIAN_POINT('',(-0.412652818511,9.212210969745,
    12.749371867901));
#4505 = DIRECTION('',(-1.,-3.E-15,0.));
#4506 = DIRECTION('',(-2.978126622294E-15,0.992708874098,0.120536680255)
  );
#4507 = ADVANCED_FACE('',(#4508),#4536,.T.);
#4508 = FACE_BOUND('',#4509,.T.);
#4509 = EDGE_LOOP('',(#4510,#4521,#4528,#4529));
#4510 = ORIENTED_EDGE('',*,*,#4511,.T.);
#4511 = EDGE_CURVE('',#4512,#4514,#4516,.T.);
#4512 = VERTEX_POINT('',#4513);
#4513 = CARTESIAN_POINT('',(-0.612652818511,9.623408119681,
    21.089240985812));
#4514 = VERTEX_POINT('',#4515);
#4515 = CARTESIAN_POINT('',(-0.612652818511,6.817101143641,
    20.748493627251));
#4516 = CIRCLE('',#4517,8.35);
#4517 = AXIS2_PLACEMENT_3D('',#4518,#4519,#4520);
#4518 = CARTESIAN_POINT('',(-0.612652818511,9.212210969745,
    12.749371867901));
#4519 = DIRECTION('',(1.,3.E-15,0.));
#4520 = DIRECTION('',(2.978126622294E-15,-0.992708874098,-0.120536680255
    ));
#4521 = ORIENTED_EDGE('',*,*,#4522,.F.);
#4522 = EDGE_CURVE('',#4436,#4514,#4523,.T.);
#4523 = B_SPLINE_CURVE_WITH_KNOTS('',3,(#4524,#4525,#4526,#4527),
  .UNSPECIFIED.,.F.,.F.,(4,4),(-6.982290066634E-02,0.),
  .PIECEWISE_BEZIER_KNOTS.);
#4524 = CARTESIAN_POINT('',(-0.212652818511,7.106794747764,
    21.242293775715));
#4525 = CARTESIAN_POINT('',(-0.347026667624,7.008701750594,
    21.079534977005));
#4526 = CARTESIAN_POINT('',(-0.480477083348,6.912027665483,
    20.914890248514));
#4527 = CARTESIAN_POINT('',(-0.612652818511,6.817101143641,
    20.748493627251));
#4528 = ORIENTED_EDGE('',*,*,#4459,.T.);
#4529 = ORIENTED_EDGE('',*,*,#4530,.F.);
#4530 = EDGE_CURVE('',#4512,#4290,#4531,.T.);
#4531 = B_SPLINE_CURVE_WITH_KNOTS('',3,(#4532,#4533,#4534,#4535),
  .UNSPECIFIED.,.F.,.F.,(4,4),(-6.98227001619E-02,0.),
  .PIECEWISE_BEZIER_KNOTS.);
#4532 = CARTESIAN_POINT('',(-0.612652818511,9.623408119681,
    21.089240985812));
#4533 = CARTESIAN_POINT('',(-0.480477083348,9.491418672089,
    21.228085020042));
#4534 = CARTESIAN_POINT('',(-0.347026667624,9.358151697624,
    21.364809849055));
#4535 = CARTESIAN_POINT('',(-0.212652818511,9.223958374643,
    21.499363982096));
#4536 = CONICAL_SURFACE('',#4537,8.55,0.785398163397);
#4537 = AXIS2_PLACEMENT_3D('',#4538,#4539,#4540);
#4538 = CARTESIAN_POINT('',(-0.412652818511,9.212210969745,
    12.749371867901));
#4539 = DIRECTION('',(1.,3.E-15,0.));
#4540 = DIRECTION('',(2.978126622294E-15,-0.992708874098,-0.120536680255
    ));
#4541 = ADVANCED_FACE('',(#4542),#4553,.T.);
#4542 = FACE_BOUND('',#4543,.T.);
#4543 = EDGE_LOOP('',(#4544,#4545,#4546,#4552));
#4544 = ORIENTED_EDGE('',*,*,#4435,.T.);
#4545 = ORIENTED_EDGE('',*,*,#4522,.T.);
#4546 = ORIENTED_EDGE('',*,*,#4547,.T.);
#4547 = EDGE_CURVE('',#4514,#4478,#4548,.T.);
#4548 = LINE('',#4549,#4550);
#4549 = CARTESIAN_POINT('',(-0.612652818511,7.771255000112,
    16.899585223089));
#4550 = VECTOR('',#4551,1.);
#4551 = DIRECTION('',(7.218569903935E-16,-0.240618996798,0.970619646607)
  );
#4552 = ORIENTED_EDGE('',*,*,#4477,.F.);
#4553 = PLANE('',#4554);
#4554 = AXIS2_PLACEMENT_3D('',#4555,#4556,#4557);
#4555 = CARTESIAN_POINT('',(-0.412652818511,7.965378929433,
    16.947709022448));
#4556 = DIRECTION('',(-0.707106781187,0.686331734069,0.170143324318));
#4557 = DIRECTION('',(-0.696486983317,-0.717569426655,0.));
#4558 = ADVANCED_FACE('',(#4559),#4570,.T.);
#4559 = FACE_BOUND('',#4560,.T.);
#4560 = EDGE_LOOP('',(#4561,#4567,#4568,#4569));
#4561 = ORIENTED_EDGE('',*,*,#4562,.T.);
#4562 = EDGE_CURVE('',#4488,#4512,#4563,.T.);
#4563 = LINE('',#4564,#4565);
#4564 = CARTESIAN_POINT('',(-0.612652818511,9.6197625124,18.373829774231
    ));
#4565 = VECTOR('',#4566,1.);
#4566 = DIRECTION('',(4.027681679255E-18,-1.342560559752E-03,
    -0.999999098765));
#4567 = ORIENTED_EDGE('',*,*,#4530,.T.);
#4568 = ORIENTED_EDGE('',*,*,#4289,.T.);
#4569 = ORIENTED_EDGE('',*,*,#4487,.T.);
#4570 = PLANE('',#4571);
#4571 = AXIS2_PLACEMENT_3D('',#4572,#4573,#4574);
#4572 = CARTESIAN_POINT('',(-0.412652818511,9.419762692647,
    18.374098286343));
#4573 = DIRECTION('',(-0.707106781187,-0.707106143917,9.49333675954E-04)
  );
#4574 = DIRECTION('',(-1.342559349792E-03,-3.810837614877E-18,
    -0.999999098767));
#4575 = ADVANCED_FACE('',(#4576),#4612,.F.);
#4576 = FACE_BOUND('',#4577,.F.);
#4577 = EDGE_LOOP('',(#4578,#4588,#4597,#4605));
#4578 = ORIENTED_EDGE('',*,*,#4579,.F.);
#4579 = EDGE_CURVE('',#4580,#4582,#4584,.T.);
#4580 = VERTEX_POINT('',#4581);
#4581 = CARTESIAN_POINT('',(7.287347181489,1.740782426513,
    21.160094519575));
#4582 = VERTEX_POINT('',#4583);
#4583 = CARTESIAN_POINT('',(-0.212652818511,1.740782426513,
    21.160094519575));
#4584 = LINE('',#4585,#4586);
#4585 = CARTESIAN_POINT('',(7.687347181489,1.740782426513,
    21.160094519575));
#4586 = VECTOR('',#4587,1.);
#4587 = DIRECTION('',(-1.,-3.E-15,0.));
#4588 = ORIENTED_EDGE('',*,*,#4589,.T.);
#4589 = EDGE_CURVE('',#4580,#4590,#4592,.T.);
#4590 = VERTEX_POINT('',#4591);
#4591 = CARTESIAN_POINT('',(7.287347181489,3.997453752327,
    22.717762267729));
#4592 = CIRCLE('',#4593,11.25);
#4593 = AXIS2_PLACEMENT_3D('',#4594,#4595,#4596);
#4594 = CARTESIAN_POINT('',(7.287347181489,9.212210969745,
    12.749371867901));
#4595 = DIRECTION('',(-1.,-3.E-15,1.972152263053E-31));
#4596 = DIRECTION('',(-2.468951597681E-15,0.822983865894,0.568064746731)
  );
#4597 = ORIENTED_EDGE('',*,*,#4598,.T.);
#4598 = EDGE_CURVE('',#4590,#4599,#4601,.T.);
#4599 = VERTEX_POINT('',#4600);
#4600 = CARTESIAN_POINT('',(-0.212652818511,3.997453752327,
    22.717762267729));
#4601 = LINE('',#4602,#4603);
#4602 = CARTESIAN_POINT('',(7.687347181489,3.997453752327,
    22.717762267729));
#4603 = VECTOR('',#4604,1.);
#4604 = DIRECTION('',(-1.,-3.E-15,0.));
#4605 = ORIENTED_EDGE('',*,*,#4606,.T.);
#4606 = EDGE_CURVE('',#4599,#4582,#4607,.T.);
#4607 = CIRCLE('',#4608,11.25);
#4608 = AXIS2_PLACEMENT_3D('',#4609,#4610,#4611);
#4609 = CARTESIAN_POINT('',(-0.212652818511,9.212210969745,
    12.749371867901));
#4610 = DIRECTION('',(1.,3.E-15,-1.972152263053E-31));
#4611 = DIRECTION('',(-2.468951597681E-15,0.822983865894,0.568064746731)
  );
#4612 = CYLINDRICAL_SURFACE('',#4613,11.25);
#4613 = AXIS2_PLACEMENT_3D('',#4614,#4615,#4616);
#4614 = CARTESIAN_POINT('',(7.687347181489,9.212210969745,
    12.749371867901));
#4615 = DIRECTION('',(-1.,-3.E-15,0.));
#4616 = DIRECTION('',(-2.468951597681E-15,0.822983865894,0.568064746731)
  );
#4617 = ADVANCED_FACE('',(#4618),#4643,.F.);
#4618 = FACE_BOUND('',#4619,.T.);
#4619 = EDGE_LOOP('',(#4620,#4628,#4636,#4642));
#4620 = ORIENTED_EDGE('',*,*,#4621,.F.);
#4621 = EDGE_CURVE('',#4622,#4599,#4624,.T.);
#4622 = VERTEX_POINT('',#4623);
#4623 = CARTESIAN_POINT('',(-0.212652818511,5.156288689531,
    20.502564401101));
#4624 = LINE('',#4625,#4626);
#4625 = CARTESIAN_POINT('',(-0.212652818511,6.604832361036,
    17.733567067815));
#4626 = VECTOR('',#4627,1.);
#4627 = DIRECTION('',(1.390601924645E-15,-0.463533974882,0.886079146651)
  );
#4628 = ORIENTED_EDGE('',*,*,#4629,.F.);
#4629 = EDGE_CURVE('',#4630,#4622,#4632,.T.);
#4630 = VERTEX_POINT('',#4631);
#4631 = CARTESIAN_POINT('',(7.287347181489,5.156288689531,
    20.502564401101));
#4632 = LINE('',#4633,#4634);
#4633 = CARTESIAN_POINT('',(7.687347181489,5.156288689531,
    20.502564401101));
#4634 = VECTOR('',#4635,1.);
#4635 = DIRECTION('',(-1.,-3.E-15,0.));
#4636 = ORIENTED_EDGE('',*,*,#4637,.F.);
#4637 = EDGE_CURVE('',#4590,#4630,#4638,.T.);
#4638 = LINE('',#4639,#4640);
#4639 = CARTESIAN_POINT('',(7.287347181489,6.604832361036,
    17.733567067815));
#4640 = VECTOR('',#4641,1.);
#4641 = DIRECTION('',(-1.390601924645E-15,0.463533974882,-0.886079146651
    ));
#4642 = ORIENTED_EDGE('',*,*,#4598,.T.);
#4643 = PLANE('',#4644);
#4644 = AXIS2_PLACEMENT_3D('',#4645,#4646,#4647);
#4645 = CARTESIAN_POINT('',(7.687347181489,3.997453752327,
    22.717762267729));
#4646 = DIRECTION('',(-2.658237439954E-15,0.886079146651,0.463533974882)
  );
#4647 = DIRECTION('',(1.390601924645E-15,-0.463533974882,0.886079146651)
  );
#4648 = ADVANCED_FACE('',(#4649),#4685,.T.);
#4649 = FACE_BOUND('',#4650,.T.);
#4650 = EDGE_LOOP('',(#4651,#4662,#4669,#4678));
#4651 = ORIENTED_EDGE('',*,*,#4652,.T.);
#4652 = EDGE_CURVE('',#4653,#4655,#4657,.T.);
#4653 = VERTEX_POINT('',#4654);
#4654 = CARTESIAN_POINT('',(7.687347181489,3.374069304551,
    18.719179393871));
#4655 = VERTEX_POINT('',#4656);
#4656 = CARTESIAN_POINT('',(7.687347181489,5.700577532982,
    20.325052075368));
#4657 = CIRCLE('',#4658,8.35);
#4658 = AXIS2_PLACEMENT_3D('',#4659,#4660,#4661);
#4659 = CARTESIAN_POINT('',(7.687347181489,9.212210969745,
    12.749371867901));
#4660 = DIRECTION('',(-1.,-3.E-15,0.));
#4661 = DIRECTION('',(2.468951597681E-15,-0.822983865894,-0.568064746731
    ));
#4662 = ORIENTED_EDGE('',*,*,#4663,.F.);
#4663 = EDGE_CURVE('',#4630,#4655,#4664,.T.);
#4664 = B_SPLINE_CURVE_WITH_KNOTS('',3,(#4665,#4666,#4667,#4668),
  .UNSPECIFIED.,.F.,.F.,(4,4),(-6.982290066634E-02,0.),
  .PIECEWISE_BEZIER_KNOTS.);
#4665 = CARTESIAN_POINT('',(7.287347181489,5.156288689531,
    20.502564401101));
#4666 = CARTESIAN_POINT('',(7.421721030602,5.337641399485,
    20.445785379946));
#4667 = CARTESIAN_POINT('',(7.555171446326,5.519182641282,
    20.386653807342));
#4668 = CARTESIAN_POINT('',(7.687347181489,5.700577532982,
    20.325052075368));
#4669 = ORIENTED_EDGE('',*,*,#4670,.T.);
#4670 = EDGE_CURVE('',#4630,#4671,#4673,.T.);
#4671 = VERTEX_POINT('',#4672);
#4672 = CARTESIAN_POINT('',(7.287347181489,3.401099880565,
    19.291045041425));
#4673 = CIRCLE('',#4674,8.75);
#4674 = AXIS2_PLACEMENT_3D('',#4675,#4676,#4677);
#4675 = CARTESIAN_POINT('',(7.287347181489,9.212210969745,
    12.749371867901));
#4676 = DIRECTION('',(1.,3.E-15,0.));
#4677 = DIRECTION('',(2.468951597681E-15,-0.822983865894,-0.568064746731
    ));
#4678 = ORIENTED_EDGE('',*,*,#4679,.F.);
#4679 = EDGE_CURVE('',#4653,#4671,#4680,.T.);
#4680 = B_SPLINE_CURVE_WITH_KNOTS('',3,(#4681,#4682,#4683,#4684),
  .UNSPECIFIED.,.F.,.F.,(4,4),(-6.982270016188E-02,0.),
  .PIECEWISE_BEZIER_KNOTS.);
#4681 = CARTESIAN_POINT('',(7.687347181489,3.374069304551,
    18.719179393871));
#4682 = CARTESIAN_POINT('',(7.555171446326,3.380794199659,
    18.910630839159));
#4683 = CARTESIAN_POINT('',(7.421721030602,3.38988063036,19.10134319358)
  );
#4684 = CARTESIAN_POINT('',(7.287347181489,3.401099880565,
    19.291045041425));
#4685 = CONICAL_SURFACE('',#4686,8.55,0.785398163397);
#4686 = AXIS2_PLACEMENT_3D('',#4687,#4688,#4689);
#4687 = CARTESIAN_POINT('',(7.487347181489,9.212210969745,
    12.749371867901));
#4688 = DIRECTION('',(-1.,-3.E-15,0.));
#4689 = DIRECTION('',(2.468951597681E-15,-0.822983865894,-0.568064746731
    ));
#4690 = ADVANCED_FACE('',(#4691),#4710,.T.);
#4691 = FACE_BOUND('',#4692,.T.);
#4692 = EDGE_LOOP('',(#4693,#4694,#4695,#4703));
#4693 = ORIENTED_EDGE('',*,*,#4637,.T.);
#4694 = ORIENTED_EDGE('',*,*,#4663,.T.);
#4695 = ORIENTED_EDGE('',*,*,#4696,.T.);
#4696 = EDGE_CURVE('',#4655,#4697,#4699,.T.);
#4697 = VERTEX_POINT('',#4698);
#4698 = CARTESIAN_POINT('',(7.687347181489,4.16965582562,23.251521058351
    ));
#4699 = LINE('',#4700,#4701);
#4700 = CARTESIAN_POINT('',(7.687347181489,6.959264019696,
    17.918980657768));
#4701 = VECTOR('',#4702,1.);
#4702 = DIRECTION('',(1.390601924645E-15,-0.463533974882,0.886079146651)
  );
#4703 = ORIENTED_EDGE('',*,*,#4704,.T.);
#4704 = EDGE_CURVE('',#4697,#4590,#4705,.T.);
#4705 = B_SPLINE_CURVE_WITH_KNOTS('',3,(#4706,#4707,#4708,#4709),
  .UNSPECIFIED.,.F.,.F.,(4,4),(-6.887844636535E-02,0.),
  .PIECEWISE_BEZIER_KNOTS.);
#4706 = CARTESIAN_POINT('',(7.687347181489,4.16965582562,23.251521058351
    ));
#4707 = CARTESIAN_POINT('',(7.553299161919,4.110916462743,
    23.074618610029));
#4708 = CARTESIAN_POINT('',(7.419903813324,4.053464917095,
    22.896662437399));
#4709 = CARTESIAN_POINT('',(7.287347181489,3.997453752327,
    22.717762267729));
#4710 = PLANE('',#4711);
#4711 = AXIS2_PLACEMENT_3D('',#4712,#4713,#4714);
#4712 = CARTESIAN_POINT('',(7.487347181489,6.782048190366,
    17.826273862791));
#4713 = DIRECTION('',(0.707106781187,-0.626552573265,-0.327768016949));
#4714 = DIRECTION('',(1.41835750026E-15,-0.463533974882,0.886079146651)
  );
#4715 = ADVANCED_FACE('',(#4716),#4740,.T.);
#4716 = FACE_BOUND('',#4717,.T.);
#4717 = EDGE_LOOP('',(#4718,#4726,#4727,#4733));
#4718 = ORIENTED_EDGE('',*,*,#4719,.T.);
#4719 = EDGE_CURVE('',#4720,#4653,#4722,.T.);
#4720 = VERTEX_POINT('',#4721);
#4721 = CARTESIAN_POINT('',(7.687347181489,1.180645590857,
    21.188356259678));
#4722 = LINE('',#4723,#4724);
#4723 = CARTESIAN_POINT('',(7.687347181489,6.007607508651,
    15.754557662015));
#4724 = VECTOR('',#4725,1.);
#4725 = DIRECTION('',(-1.992380944862E-15,0.664126981621,-0.74761979126)
  );
#4726 = ORIENTED_EDGE('',*,*,#4679,.T.);
#4727 = ORIENTED_EDGE('',*,*,#4728,.T.);
#4728 = EDGE_CURVE('',#4671,#4580,#4729,.T.);
#4729 = LINE('',#4730,#4731);
#4730 = CARTESIAN_POINT('',(7.287347181489,6.306655425155,
    16.020208454663));
#4731 = VECTOR('',#4732,1.);
#4732 = DIRECTION('',(1.992380944862E-15,-0.664126981621,0.74761979126)
  );
#4733 = ORIENTED_EDGE('',*,*,#4734,.F.);
#4734 = EDGE_CURVE('',#4720,#4580,#4735,.T.);
#4735 = B_SPLINE_CURVE_WITH_KNOTS('',3,(#4736,#4737,#4738,#4739),
  .UNSPECIFIED.,.F.,.F.,(4,4),(-6.887844636537E-02,0.),
  .PIECEWISE_BEZIER_KNOTS.);
#4736 = CARTESIAN_POINT('',(7.687347181489,1.180645590857,
    21.188356259678));
#4737 = CARTESIAN_POINT('',(7.553299161919,1.366881518547,
    21.180548045349));
#4738 = CARTESIAN_POINT('',(7.419903813324,1.553646029297,
    21.171162045203));
#4739 = CARTESIAN_POINT('',(7.287347181489,1.740782426513,
    21.160094519575));
#4740 = PLANE('',#4741);
#4741 = AXIS2_PLACEMENT_3D('',#4742,#4743,#4744);
#4742 = CARTESIAN_POINT('',(7.487347181489,6.157131466903,
    15.887383058339));
#4743 = DIRECTION('',(0.707106781187,0.528647024149,0.469608692273));
#4744 = DIRECTION('',(1.964625369246E-15,-0.664126981621,0.74761979126)
  );
#4745 = ADVANCED_FACE('',(#4746),#4758,.F.);
#4746 = FACE_BOUND('',#4747,.F.);
#4747 = EDGE_LOOP('',(#4748,#4749,#4750,#4751));
#4748 = ORIENTED_EDGE('',*,*,#4704,.T.);
#4749 = ORIENTED_EDGE('',*,*,#4589,.F.);
#4750 = ORIENTED_EDGE('',*,*,#4734,.F.);
#4751 = ORIENTED_EDGE('',*,*,#4752,.F.);
#4752 = EDGE_CURVE('',#4697,#4720,#4753,.T.);
#4753 = CIRCLE('',#4754,11.65);
#4754 = AXIS2_PLACEMENT_3D('',#4755,#4756,#4757);
#4755 = CARTESIAN_POINT('',(7.687347181489,9.212210969745,
    12.749371867901));
#4756 = DIRECTION('',(1.,3.E-15,-1.972152263053E-31));
#4757 = DIRECTION('',(-2.468951597681E-15,0.822983865894,0.568064746731)
  );
#4758 = CONICAL_SURFACE('',#4759,11.45,0.785398163397);
#4759 = AXIS2_PLACEMENT_3D('',#4760,#4761,#4762);
#4760 = CARTESIAN_POINT('',(7.487347181489,9.212210969745,
    12.749371867901));
#4761 = DIRECTION('',(1.,3.E-15,0.));
#4762 = DIRECTION('',(-2.468951597681E-15,0.822983865894,0.568064746731)
  );
#4763 = ADVANCED_FACE('',(#4764),#4782,.F.);
#4764 = FACE_BOUND('',#4765,.T.);
#4765 = EDGE_LOOP('',(#4766,#4774,#4775,#4776));
#4766 = ORIENTED_EDGE('',*,*,#4767,.F.);
#4767 = EDGE_CURVE('',#4582,#4768,#4770,.T.);
#4768 = VERTEX_POINT('',#4769);
#4769 = CARTESIAN_POINT('',(-0.212652818511,3.401099880565,
    19.291045041425));
#4770 = LINE('',#4771,#4772);
#4771 = CARTESIAN_POINT('',(-0.212652818511,6.306655425155,
    16.020208454663));
#4772 = VECTOR('',#4773,1.);
#4773 = DIRECTION('',(-1.992380944862E-15,0.664126981621,-0.74761979126)
  );
#4774 = ORIENTED_EDGE('',*,*,#4579,.F.);
#4775 = ORIENTED_EDGE('',*,*,#4728,.F.);
#4776 = ORIENTED_EDGE('',*,*,#4777,.T.);
#4777 = EDGE_CURVE('',#4671,#4768,#4778,.T.);
#4778 = LINE('',#4779,#4780);
#4779 = CARTESIAN_POINT('',(7.687347181489,3.401099880565,
    19.291045041425));
#4780 = VECTOR('',#4781,1.);
#4781 = DIRECTION('',(-1.,-3.E-15,0.));
#4782 = PLANE('',#4783);
#4783 = AXIS2_PLACEMENT_3D('',#4784,#4785,#4786);
#4784 = CARTESIAN_POINT('',(7.687347181489,3.401099880565,
    19.291045041425));
#4785 = DIRECTION('',(2.24285937378E-15,-0.74761979126,-0.664126981621)
  );
#4786 = DIRECTION('',(1.,3.E-15,0.));
#4787 = ADVANCED_FACE('',(#4788),#4800,.T.);
#4788 = FACE_BOUND('',#4789,.T.);
#4789 = EDGE_LOOP('',(#4790,#4797,#4798,#4799));
#4790 = ORIENTED_EDGE('',*,*,#4791,.F.);
#4791 = EDGE_CURVE('',#4768,#4622,#4792,.T.);
#4792 = CIRCLE('',#4793,8.75);
#4793 = AXIS2_PLACEMENT_3D('',#4794,#4795,#4796);
#4794 = CARTESIAN_POINT('',(-0.212652818511,9.212210969745,
    12.749371867901));
#4795 = DIRECTION('',(-1.,-3.E-15,0.));
#4796 = DIRECTION('',(2.468951597681E-15,-0.822983865894,-0.568064746731
    ));
#4797 = ORIENTED_EDGE('',*,*,#4777,.F.);
#4798 = ORIENTED_EDGE('',*,*,#4670,.F.);
#4799 = ORIENTED_EDGE('',*,*,#4629,.T.);
#4800 = CYLINDRICAL_SURFACE('',#4801,8.75);
#4801 = AXIS2_PLACEMENT_3D('',#4802,#4803,#4804);
#4802 = CARTESIAN_POINT('',(7.687347181489,9.212210969745,
    12.749371867901));
#4803 = DIRECTION('',(-1.,-3.E-15,0.));
#4804 = DIRECTION('',(2.468951597681E-15,-0.822983865894,-0.568064746731
    ));
#4805 = ADVANCED_FACE('',(#4806),#4834,.F.);
#4806 = FACE_BOUND('',#4807,.F.);
#4807 = EDGE_LOOP('',(#4808,#4817,#4818,#4827));
#4808 = ORIENTED_EDGE('',*,*,#4809,.F.);
#4809 = EDGE_CURVE('',#4582,#4810,#4812,.T.);
#4810 = VERTEX_POINT('',#4811);
#4811 = CARTESIAN_POINT('',(-0.612652818511,1.180645590857,
    21.188356259678));
#4812 = B_SPLINE_CURVE_WITH_KNOTS('',3,(#4813,#4814,#4815,#4816),
  .UNSPECIFIED.,.F.,.F.,(4,4),(-6.887836704772E-02,0.),
  .PIECEWISE_BEZIER_KNOTS.);
#4813 = CARTESIAN_POINT('',(-0.212652818511,1.740782426513,
    21.160094519575));
#4814 = CARTESIAN_POINT('',(-0.345209450346,1.553646029297,
    21.171162045203));
#4815 = CARTESIAN_POINT('',(-0.478604798941,1.366881518547,
    21.180548045349));
#4816 = CARTESIAN_POINT('',(-0.612652818511,1.180645590857,
    21.188356259678));
#4817 = ORIENTED_EDGE('',*,*,#4606,.F.);
#4818 = ORIENTED_EDGE('',*,*,#4819,.T.);
#4819 = EDGE_CURVE('',#4599,#4820,#4822,.T.);
#4820 = VERTEX_POINT('',#4821);
#4821 = CARTESIAN_POINT('',(-0.612652818511,4.16965582562,
    23.251521058351));
#4822 = B_SPLINE_CURVE_WITH_KNOTS('',3,(#4823,#4824,#4825,#4826),
  .UNSPECIFIED.,.F.,.F.,(4,4),(-6.887836704775E-02,0.),
  .PIECEWISE_BEZIER_KNOTS.);
#4823 = CARTESIAN_POINT('',(-0.212652818511,3.997453752327,
    22.717762267729));
#4824 = CARTESIAN_POINT('',(-0.345209450346,4.053464917095,
    22.896662437399));
#4825 = CARTESIAN_POINT('',(-0.478604798941,4.110916462743,
    23.074618610029));
#4826 = CARTESIAN_POINT('',(-0.612652818511,4.16965582562,
    23.251521058351));
#4827 = ORIENTED_EDGE('',*,*,#4828,.F.);
#4828 = EDGE_CURVE('',#4810,#4820,#4829,.T.);
#4829 = CIRCLE('',#4830,11.65);
#4830 = AXIS2_PLACEMENT_3D('',#4831,#4832,#4833);
#4831 = CARTESIAN_POINT('',(-0.612652818511,9.212210969745,
    12.749371867901));
#4832 = DIRECTION('',(-1.,-3.E-15,1.972152263053E-31));
#4833 = DIRECTION('',(-2.468951597681E-15,0.822983865894,0.568064746731)
  );
#4834 = CONICAL_SURFACE('',#4835,11.45,0.785398163397);
#4835 = AXIS2_PLACEMENT_3D('',#4836,#4837,#4838);
#4836 = CARTESIAN_POINT('',(-0.412652818511,9.212210969745,
    12.749371867901));
#4837 = DIRECTION('',(-1.,-3.E-15,0.));
#4838 = DIRECTION('',(-2.468951597681E-15,0.822983865894,0.568064746731)
  );
#4839 = ADVANCED_FACE('',(#4840),#4868,.T.);
#4840 = FACE_BOUND('',#4841,.T.);
#4841 = EDGE_LOOP('',(#4842,#4853,#4860,#4861));
#4842 = ORIENTED_EDGE('',*,*,#4843,.T.);
#4843 = EDGE_CURVE('',#4844,#4846,#4848,.T.);
#4844 = VERTEX_POINT('',#4845);
#4845 = CARTESIAN_POINT('',(-0.612652818511,5.700577532982,
    20.325052075368));
#4846 = VERTEX_POINT('',#4847);
#4847 = CARTESIAN_POINT('',(-0.612652818511,3.374069304551,
    18.719179393871));
#4848 = CIRCLE('',#4849,8.35);
#4849 = AXIS2_PLACEMENT_3D('',#4850,#4851,#4852);
#4850 = CARTESIAN_POINT('',(-0.612652818511,9.212210969745,
    12.749371867901));
#4851 = DIRECTION('',(1.,3.E-15,0.));
#4852 = DIRECTION('',(2.468951597681E-15,-0.822983865894,-0.568064746731
    ));
#4853 = ORIENTED_EDGE('',*,*,#4854,.F.);
#4854 = EDGE_CURVE('',#4768,#4846,#4855,.T.);
#4855 = B_SPLINE_CURVE_WITH_KNOTS('',3,(#4856,#4857,#4858,#4859),
  .UNSPECIFIED.,.F.,.F.,(4,4),(-6.982290066635E-02,0.),
  .PIECEWISE_BEZIER_KNOTS.);
#4856 = CARTESIAN_POINT('',(-0.212652818511,3.401099880565,
    19.291045041425));
#4857 = CARTESIAN_POINT('',(-0.347026667624,3.38988063036,19.10134319358
    ));
#4858 = CARTESIAN_POINT('',(-0.480477083348,3.380794199659,
    18.910630839159));
#4859 = CARTESIAN_POINT('',(-0.612652818511,3.374069304551,
    18.719179393871));
#4860 = ORIENTED_EDGE('',*,*,#4791,.T.);
#4861 = ORIENTED_EDGE('',*,*,#4862,.F.);
#4862 = EDGE_CURVE('',#4844,#4622,#4863,.T.);
#4863 = B_SPLINE_CURVE_WITH_KNOTS('',3,(#4864,#4865,#4866,#4867),
  .UNSPECIFIED.,.F.,.F.,(4,4),(-6.982270016192E-02,0.),
  .PIECEWISE_BEZIER_KNOTS.);
#4864 = CARTESIAN_POINT('',(-0.612652818511,5.700577532982,
    20.325052075368));
#4865 = CARTESIAN_POINT('',(-0.480477083348,5.519182641282,
    20.386653807342));
#4866 = CARTESIAN_POINT('',(-0.347026667624,5.337641399485,
    20.445785379946));
#4867 = CARTESIAN_POINT('',(-0.212652818511,5.156288689531,
    20.502564401101));
#4868 = CONICAL_SURFACE('',#4869,8.55,0.785398163397);
#4869 = AXIS2_PLACEMENT_3D('',#4870,#4871,#4872);
#4870 = CARTESIAN_POINT('',(-0.412652818511,9.212210969745,
    12.749371867901));
#4871 = DIRECTION('',(1.,3.E-15,0.));
#4872 = DIRECTION('',(2.468951597681E-15,-0.822983865894,-0.568064746731
    ));
#4873 = ADVANCED_FACE('',(#4874),#4885,.T.);
#4874 = FACE_BOUND('',#4875,.T.);
#4875 = EDGE_LOOP('',(#4876,#4877,#4878,#4884));
#4876 = ORIENTED_EDGE('',*,*,#4767,.T.);
#4877 = ORIENTED_EDGE('',*,*,#4854,.T.);
#4878 = ORIENTED_EDGE('',*,*,#4879,.T.);
#4879 = EDGE_CURVE('',#4846,#4810,#4880,.T.);
#4880 = LINE('',#4881,#4882);
#4881 = CARTESIAN_POINT('',(-0.612652818511,6.007607508651,
    15.754557662015));
#4882 = VECTOR('',#4883,1.);
#4883 = DIRECTION('',(1.992380944862E-15,-0.664126981621,0.74761979126)
  );
#4884 = ORIENTED_EDGE('',*,*,#4809,.F.);
#4885 = PLANE('',#4886);
#4886 = AXIS2_PLACEMENT_3D('',#4887,#4888,#4889);
#4887 = CARTESIAN_POINT('',(-0.412652818511,6.157131466903,
    15.887383058339));
#4888 = DIRECTION('',(-0.707106781187,0.528647024149,0.469608692273));
#4889 = DIRECTION('',(-0.598779242868,-0.800914114191,2.775557561563E-17
    ));
#4890 = ADVANCED_FACE('',(#4891),#4902,.T.);
#4891 = FACE_BOUND('',#4892,.T.);
#4892 = EDGE_LOOP('',(#4893,#4899,#4900,#4901));
#4893 = ORIENTED_EDGE('',*,*,#4894,.T.);
#4894 = EDGE_CURVE('',#4820,#4844,#4895,.T.);
#4895 = LINE('',#4896,#4897);
#4896 = CARTESIAN_POINT('',(-0.612652818511,6.959264019696,
    17.918980657768));
#4897 = VECTOR('',#4898,1.);
#4898 = DIRECTION('',(-1.390601924645E-15,0.463533974882,-0.886079146651
    ));
#4899 = ORIENTED_EDGE('',*,*,#4862,.T.);
#4900 = ORIENTED_EDGE('',*,*,#4621,.T.);
#4901 = ORIENTED_EDGE('',*,*,#4819,.T.);
#4902 = PLANE('',#4903);
#4903 = AXIS2_PLACEMENT_3D('',#4904,#4905,#4906);
#4904 = CARTESIAN_POINT('',(-0.412652818511,6.782048190366,
    17.826273862791));
#4905 = DIRECTION('',(-0.707106781187,-0.626552573265,-0.327768016949));
#4906 = DIRECTION('',(0.420550143422,1.28940600588E-15,-0.907269296774)
  );
#4907 = ADVANCED_FACE('',(#4908),#4944,.F.);
#4908 = FACE_BOUND('',#4909,.F.);
#4909 = EDGE_LOOP('',(#4910,#4920,#4929,#4937));
#4910 = ORIENTED_EDGE('',*,*,#4911,.F.);
#4911 = EDGE_CURVE('',#4912,#4914,#4916,.T.);
#4912 = VERTEX_POINT('',#4913);
#4913 = CARTESIAN_POINT('',(7.287347181489,-1.312068163963,
    16.724550947615));
#4914 = VERTEX_POINT('',#4915);
#4915 = CARTESIAN_POINT('',(-0.212652818511,-1.312068163963,
    16.724550947615));
#4916 = LINE('',#4917,#4918);
#4917 = CARTESIAN_POINT('',(7.687347181489,-1.312068163963,
    16.724550947615));
#4918 = VECTOR('',#4919,1.);
#4919 = DIRECTION('',(-1.,-3.E-15,0.));
#4920 = ORIENTED_EDGE('',*,*,#4921,.T.);
#4921 = EDGE_CURVE('',#4912,#4922,#4924,.T.);
#4922 = VERTEX_POINT('',#4923);
#4923 = CARTESIAN_POINT('',(7.287347181489,-3.776923751527E-02,
    19.152524697976));
#4924 = CIRCLE('',#4925,11.25);
#4925 = AXIS2_PLACEMENT_3D('',#4926,#4927,#4928);
#4926 = CARTESIAN_POINT('',(7.287347181489,9.212210969745,
    12.749371867901));
#4927 = DIRECTION('',(-1.,-3.E-15,0.));
#4928 = DIRECTION('',(-1.394169516131E-15,0.464723172044,0.885456025653)
  );
#4929 = ORIENTED_EDGE('',*,*,#4930,.T.);
#4930 = EDGE_CURVE('',#4922,#4931,#4933,.T.);
#4931 = VERTEX_POINT('',#4932);
#4932 = CARTESIAN_POINT('',(-0.212652818511,-3.776923751529E-02,
    19.152524697976));
#4933 = LINE('',#4934,#4935);
#4934 = CARTESIAN_POINT('',(7.687347181489,-3.776923751527E-02,
    19.152524697976));
#4935 = VECTOR('',#4936,1.);
#4936 = DIRECTION('',(-1.,-3.E-15,0.));
#4937 = ORIENTED_EDGE('',*,*,#4938,.T.);
#4938 = EDGE_CURVE('',#4931,#4914,#4939,.T.);
#4939 = CIRCLE('',#4940,11.25);
#4940 = AXIS2_PLACEMENT_3D('',#4941,#4942,#4943);
#4941 = CARTESIAN_POINT('',(-0.212652818511,9.212210969745,
    12.749371867901));
#4942 = DIRECTION('',(1.,3.E-15,0.));
#4943 = DIRECTION('',(-1.394169516131E-15,0.464723172044,0.885456025653)
  );
#4944 = CYLINDRICAL_SURFACE('',#4945,11.25);
#4945 = AXIS2_PLACEMENT_3D('',#4946,#4947,#4948);
#4946 = CARTESIAN_POINT('',(7.687347181489,9.212210969745,
    12.749371867901));
#4947 = DIRECTION('',(-1.,-3.E-15,0.));
#4948 = DIRECTION('',(-1.394169516131E-15,0.464723172044,0.885456025653)
  );
#4949 = ADVANCED_FACE('',(#4950),#4975,.F.);
#4950 = FACE_BOUND('',#4951,.T.);
#4951 = EDGE_LOOP('',(#4952,#4960,#4968,#4974));
#4952 = ORIENTED_EDGE('',*,*,#4953,.F.);
#4953 = EDGE_CURVE('',#4954,#4931,#4956,.T.);
#4954 = VERTEX_POINT('',#4955);
#4955 = CARTESIAN_POINT('',(-0.212652818511,2.017781919654,
    17.729601846848));
#4956 = LINE('',#4957,#4958);
#4957 = CARTESIAN_POINT('',(-0.212652818511,4.587220866115,
    15.950948282938));
#4958 = VECTOR('',#4959,1.);
#4959 = DIRECTION('',(2.466661388603E-15,-0.822220462868,0.569169140451)
  );
#4960 = ORIENTED_EDGE('',*,*,#4961,.F.);
#4961 = EDGE_CURVE('',#4962,#4954,#4964,.T.);
#4962 = VERTEX_POINT('',#4963);
#4963 = CARTESIAN_POINT('',(7.287347181489,2.017781919654,
    17.729601846848));
#4964 = LINE('',#4965,#4966);
#4965 = CARTESIAN_POINT('',(7.687347181489,2.017781919654,
    17.729601846848));
#4966 = VECTOR('',#4967,1.);
#4967 = DIRECTION('',(-1.,-3.E-15,0.));
#4968 = ORIENTED_EDGE('',*,*,#4969,.F.);
#4969 = EDGE_CURVE('',#4922,#4962,#4970,.T.);
#4970 = LINE('',#4971,#4972);
#4971 = CARTESIAN_POINT('',(7.287347181489,4.587220866115,
    15.950948282938));
#4972 = VECTOR('',#4973,1.);
#4973 = DIRECTION('',(-2.466661388603E-15,0.822220462868,-0.569169140451
    ));
#4974 = ORIENTED_EDGE('',*,*,#4930,.T.);
#4975 = PLANE('',#4976);
#4976 = AXIS2_PLACEMENT_3D('',#4977,#4978,#4979);
#4977 = CARTESIAN_POINT('',(7.687347181489,-3.776923751527E-02,
    19.152524697976));
#4978 = DIRECTION('',(-1.707507421353E-15,0.569169140451,0.822220462868)
  );
#4979 = DIRECTION('',(-2.466661388603E-15,0.822220462868,-0.569169140451
    ));
#4980 = ADVANCED_FACE('',(#4981),#5017,.T.);
#4981 = FACE_BOUND('',#4982,.T.);
#4982 = EDGE_LOOP('',(#4983,#4994,#5001,#5010));
#4983 = ORIENTED_EDGE('',*,*,#4984,.T.);
#4984 = EDGE_CURVE('',#4985,#4987,#4989,.T.);
#4985 = VERTEX_POINT('',#4986);
#4986 = CARTESIAN_POINT('',(7.687347181489,1.268485363722,
    15.322254200271));
#4987 = VERTEX_POINT('',#4988);
#4988 = CARTESIAN_POINT('',(7.687347181489,2.582219846875,
    17.825366126237));
#4989 = CIRCLE('',#4990,8.35);
#4990 = AXIS2_PLACEMENT_3D('',#4991,#4992,#4993);
#4991 = CARTESIAN_POINT('',(7.687347181489,9.212210969745,
    12.749371867901));
#4992 = DIRECTION('',(-1.,-3.E-15,0.));
#4993 = DIRECTION('',(1.394169516131E-15,-0.464723172044,-0.885456025653
    ));
#4994 = ORIENTED_EDGE('',*,*,#4995,.F.);
#4995 = EDGE_CURVE('',#4962,#4987,#4996,.T.);
#4996 = B_SPLINE_CURVE_WITH_KNOTS('',3,(#4997,#4998,#4999,#5000),
  .UNSPECIFIED.,.F.,.F.,(4,4),(-6.982290066636E-02,0.),
  .PIECEWISE_BEZIER_KNOTS.);
#4997 = CARTESIAN_POINT('',(7.287347181489,2.017781919654,
    17.729601846848));
#4998 = CARTESIAN_POINT('',(7.421721030602,2.204748296268,
    17.763605327064));
#4999 = CARTESIAN_POINT('',(7.555171446326,2.39297489471,17.795613341541
    ));
#5000 = CARTESIAN_POINT('',(7.687347181489,2.582219846875,
    17.825366126237));
#5001 = ORIENTED_EDGE('',*,*,#5002,.T.);
#5002 = EDGE_CURVE('',#4962,#5003,#5005,.T.);
#5003 = VERTEX_POINT('',#5004);
#5004 = CARTESIAN_POINT('',(7.287347181489,1.026660532416,
    15.841177818789));
#5005 = CIRCLE('',#5006,8.75);
#5006 = AXIS2_PLACEMENT_3D('',#5007,#5008,#5009);
#5007 = CARTESIAN_POINT('',(7.287347181489,9.212210969745,
    12.749371867901));
#5008 = DIRECTION('',(1.,3.E-15,0.));
#5009 = DIRECTION('',(1.394169516131E-15,-0.464723172044,-0.885456025653
    ));
#5010 = ORIENTED_EDGE('',*,*,#5011,.F.);
#5011 = EDGE_CURVE('',#4985,#5003,#5012,.T.);
#5012 = B_SPLINE_CURVE_WITH_KNOTS('',3,(#5013,#5014,#5015,#5016),
  .UNSPECIFIED.,.F.,.F.,(4,4),(-6.982270016182E-02,0.),
  .PIECEWISE_BEZIER_KNOTS.);
#5013 = CARTESIAN_POINT('',(7.687347181489,1.268485363722,
    15.322254200271));
#5014 = CARTESIAN_POINT('',(7.555171446326,1.185468039671,
    15.494901250707));
#5015 = CARTESIAN_POINT('',(7.421721030602,1.104885224193,
    15.667991328994));
#5016 = CARTESIAN_POINT('',(7.287347181489,1.026660532416,
    15.841177818789));
#5017 = CONICAL_SURFACE('',#5018,8.55,0.785398163397);
#5018 = AXIS2_PLACEMENT_3D('',#5019,#5020,#5021);
#5019 = CARTESIAN_POINT('',(7.487347181489,9.212210969745,
    12.749371867901));
#5020 = DIRECTION('',(-1.,-3.E-15,0.));
#5021 = DIRECTION('',(1.394169516131E-15,-0.464723172044,-0.885456025653
    ));
#5022 = ADVANCED_FACE('',(#5023),#5042,.T.);
#5023 = FACE_BOUND('',#5024,.T.);
#5024 = EDGE_LOOP('',(#5025,#5026,#5027,#5035));
#5025 = ORIENTED_EDGE('',*,*,#4969,.T.);
#5026 = ORIENTED_EDGE('',*,*,#4995,.T.);
#5027 = ORIENTED_EDGE('',*,*,#5028,.T.);
#5028 = EDGE_CURVE('',#4987,#5029,#5031,.T.);
#5029 = VERTEX_POINT('',#5030);
#5030 = CARTESIAN_POINT('',(7.687347181489,-0.133341952372,
    19.70517092911));
#5031 = LINE('',#5032,#5033);
#5032 = CARTESIAN_POINT('',(7.687347181489,4.814888522295,
    16.279836468085));
#5033 = VECTOR('',#5034,1.);
#5034 = DIRECTION('',(2.466661388603E-15,-0.822220462868,0.569169140451)
  );
#5035 = ORIENTED_EDGE('',*,*,#5036,.T.);
#5036 = EDGE_CURVE('',#5029,#4922,#5037,.T.);
#5037 = B_SPLINE_CURVE_WITH_KNOTS('',3,(#5038,#5039,#5040,#5041),
  .UNSPECIFIED.,.F.,.F.,(4,4),(-6.88784463654E-02,0.),
  .PIECEWISE_BEZIER_KNOTS.);
#5038 = CARTESIAN_POINT('',(7.687347181489,-0.133341952372,
    19.70517092911));
#5039 = CARTESIAN_POINT('',(7.553299161919,-0.103142408248,
    19.521234047251));
#5040 = CARTESIAN_POINT('',(7.419903813324,-7.131286849613E-02,
    19.336962617361));
#5041 = CARTESIAN_POINT('',(7.287347181489,-3.776923751527E-02,
    19.152524697976));
#5042 = PLANE('',#5043);
#5043 = AXIS2_PLACEMENT_3D('',#5044,#5045,#5046);
#5044 = CARTESIAN_POINT('',(7.487347181489,4.701054694205,
    16.115392375512));
#5045 = DIRECTION('',(0.707106781187,-0.402463358855,-0.581397664924));
#5046 = DIRECTION('',(-2.494416964218E-15,0.822220462868,-0.569169140451
    ));
#5047 = ADVANCED_FACE('',(#5048),#5072,.T.);
#5048 = FACE_BOUND('',#5049,.T.);
#5049 = EDGE_LOOP('',(#5050,#5058,#5059,#5065));
#5050 = ORIENTED_EDGE('',*,*,#5051,.T.);
#5051 = EDGE_CURVE('',#5052,#4985,#5054,.T.);
#5052 = VERTEX_POINT('',#5053);
#5053 = CARTESIAN_POINT('',(7.687347181489,-1.821178585793,
    16.48926690864));
#5054 = LINE('',#5055,#5056);
#5055 = CARTESIAN_POINT('',(7.687347181489,4.978096050469,
    13.921078251924));
#5056 = VECTOR('',#5057,1.);
#5057 = DIRECTION('',(-2.806474435656E-15,0.935491478552,-0.35334925153)
  );
#5058 = ORIENTED_EDGE('',*,*,#5011,.T.);
#5059 = ORIENTED_EDGE('',*,*,#5060,.T.);
#5060 = EDGE_CURVE('',#5003,#4912,#5061,.T.);
#5061 = LINE('',#5062,#5063);
#5062 = CARTESIAN_POINT('',(7.287347181489,5.119435751081,
    14.295274843345));
#5063 = VECTOR('',#5064,1.);
#5064 = DIRECTION('',(2.806474435656E-15,-0.935491478552,0.35334925153)
  );
#5065 = ORIENTED_EDGE('',*,*,#5066,.F.);
#5066 = EDGE_CURVE('',#5052,#4912,#5067,.T.);
#5067 = B_SPLINE_CURVE_WITH_KNOTS('',3,(#5068,#5069,#5070,#5071),
  .UNSPECIFIED.,.F.,.F.,(4,4),(-6.887844636541E-02,0.),
  .PIECEWISE_BEZIER_KNOTS.);
#5068 = CARTESIAN_POINT('',(7.687347181489,-1.821178585793,
    16.48926690864));
#5069 = CARTESIAN_POINT('',(7.553299161919,-1.652646203296,
    16.568901229277));
#5070 = CARTESIAN_POINT('',(7.419903813324,-1.482912550114,
    16.647384134752));
#5071 = CARTESIAN_POINT('',(7.287347181489,-1.312068163963,
    16.724550947615));
#5072 = PLANE('',#5073);
#5073 = AXIS2_PLACEMENT_3D('',#5074,#5075,#5076);
#5074 = CARTESIAN_POINT('',(7.487347181489,5.048765900775,
    14.108176547635));
#5075 = DIRECTION('',(0.707106781187,0.249855651884,0.661492368226));
#5076 = DIRECTION('',(-2.77871886004E-15,0.935491478552,-0.35334925153)
  );
#5077 = ADVANCED_FACE('',(#5078),#5090,.F.);
#5078 = FACE_BOUND('',#5079,.F.);
#5079 = EDGE_LOOP('',(#5080,#5081,#5082,#5083));
#5080 = ORIENTED_EDGE('',*,*,#5036,.T.);
#5081 = ORIENTED_EDGE('',*,*,#4921,.F.);
#5082 = ORIENTED_EDGE('',*,*,#5066,.F.);
#5083 = ORIENTED_EDGE('',*,*,#5084,.F.);
#5084 = EDGE_CURVE('',#5029,#5052,#5085,.T.);
#5085 = CIRCLE('',#5086,11.65);
#5086 = AXIS2_PLACEMENT_3D('',#5087,#5088,#5089);
#5087 = CARTESIAN_POINT('',(7.687347181489,9.212210969745,
    12.749371867901));
#5088 = DIRECTION('',(1.,3.E-15,0.));
#5089 = DIRECTION('',(-1.394169516131E-15,0.464723172044,0.885456025653)
  );
#5090 = CONICAL_SURFACE('',#5091,11.45,0.785398163397);
#5091 = AXIS2_PLACEMENT_3D('',#5092,#5093,#5094);
#5092 = CARTESIAN_POINT('',(7.487347181489,9.212210969745,
    12.749371867901));
#5093 = DIRECTION('',(1.,3.E-15,0.));
#5094 = DIRECTION('',(-1.394169516131E-15,0.464723172044,0.885456025653)
  );
#5095 = ADVANCED_FACE('',(#5096),#5114,.F.);
#5096 = FACE_BOUND('',#5097,.T.);
#5097 = EDGE_LOOP('',(#5098,#5106,#5107,#5108));
#5098 = ORIENTED_EDGE('',*,*,#5099,.F.);
#5099 = EDGE_CURVE('',#4914,#5100,#5102,.T.);
#5100 = VERTEX_POINT('',#5101);
#5101 = CARTESIAN_POINT('',(-0.212652818511,1.026660532416,
    15.841177818789));
#5102 = LINE('',#5103,#5104);
#5103 = CARTESIAN_POINT('',(-0.212652818511,5.119435751081,
    14.295274843345));
#5104 = VECTOR('',#5105,1.);
#5105 = DIRECTION('',(-2.806474435656E-15,0.935491478552,-0.35334925153)
  );
#5106 = ORIENTED_EDGE('',*,*,#4911,.F.);
#5107 = ORIENTED_EDGE('',*,*,#5060,.F.);
#5108 = ORIENTED_EDGE('',*,*,#5109,.T.);
#5109 = EDGE_CURVE('',#5003,#5100,#5110,.T.);
#5110 = LINE('',#5111,#5112);
#5111 = CARTESIAN_POINT('',(7.687347181489,1.026660532416,
    15.841177818789));
#5112 = VECTOR('',#5113,1.);
#5113 = DIRECTION('',(-1.,-3.E-15,0.));
#5114 = PLANE('',#5115);
#5115 = AXIS2_PLACEMENT_3D('',#5116,#5117,#5118);
#5116 = CARTESIAN_POINT('',(7.687347181489,1.026660532416,
    15.841177818789));
#5117 = DIRECTION('',(1.06004775459E-15,-0.35334925153,-0.935491478552)
  );
#5118 = DIRECTION('',(1.,3.E-15,0.));
#5119 = ADVANCED_FACE('',(#5120),#5132,.T.);
#5120 = FACE_BOUND('',#5121,.T.);
#5121 = EDGE_LOOP('',(#5122,#5129,#5130,#5131));
#5122 = ORIENTED_EDGE('',*,*,#5123,.F.);
#5123 = EDGE_CURVE('',#5100,#4954,#5124,.T.);
#5124 = CIRCLE('',#5125,8.75);
#5125 = AXIS2_PLACEMENT_3D('',#5126,#5127,#5128);
#5126 = CARTESIAN_POINT('',(-0.212652818511,9.212210969745,
    12.749371867901));
#5127 = DIRECTION('',(-1.,-3.E-15,0.));
#5128 = DIRECTION('',(1.394169516131E-15,-0.464723172044,-0.885456025653
    ));
#5129 = ORIENTED_EDGE('',*,*,#5109,.F.);
#5130 = ORIENTED_EDGE('',*,*,#5002,.F.);
#5131 = ORIENTED_EDGE('',*,*,#4961,.T.);
#5132 = CYLINDRICAL_SURFACE('',#5133,8.75);
#5133 = AXIS2_PLACEMENT_3D('',#5134,#5135,#5136);
#5134 = CARTESIAN_POINT('',(7.687347181489,9.212210969745,
    12.749371867901));
#5135 = DIRECTION('',(-1.,-3.E-15,0.));
#5136 = DIRECTION('',(1.394169516131E-15,-0.464723172044,-0.885456025653
    ));
#5137 = ADVANCED_FACE('',(#5138),#5166,.F.);
#5138 = FACE_BOUND('',#5139,.F.);
#5139 = EDGE_LOOP('',(#5140,#5149,#5150,#5159));
#5140 = ORIENTED_EDGE('',*,*,#5141,.F.);
#5141 = EDGE_CURVE('',#4914,#5142,#5144,.T.);
#5142 = VERTEX_POINT('',#5143);
#5143 = CARTESIAN_POINT('',(-0.612652818511,-1.821178585793,
    16.48926690864));
#5144 = B_SPLINE_CURVE_WITH_KNOTS('',3,(#5145,#5146,#5147,#5148),
  .UNSPECIFIED.,.F.,.F.,(4,4),(-6.887836704761E-02,0.),
  .PIECEWISE_BEZIER_KNOTS.);
#5145 = CARTESIAN_POINT('',(-0.212652818511,-1.312068163963,
    16.724550947615));
#5146 = CARTESIAN_POINT('',(-0.345209450346,-1.482912550114,
    16.647384134752));
#5147 = CARTESIAN_POINT('',(-0.478604798941,-1.652646203296,
    16.568901229277));
#5148 = CARTESIAN_POINT('',(-0.612652818511,-1.821178585793,
    16.48926690864));
#5149 = ORIENTED_EDGE('',*,*,#4938,.F.);
#5150 = ORIENTED_EDGE('',*,*,#5151,.T.);
#5151 = EDGE_CURVE('',#4931,#5152,#5154,.T.);
#5152 = VERTEX_POINT('',#5153);
#5153 = CARTESIAN_POINT('',(-0.612652818511,-0.133341952372,
    19.70517092911));
#5154 = B_SPLINE_CURVE_WITH_KNOTS('',3,(#5155,#5156,#5157,#5158),
  .UNSPECIFIED.,.F.,.F.,(4,4),(-6.887836704782E-02,0.),
  .PIECEWISE_BEZIER_KNOTS.);
#5155 = CARTESIAN_POINT('',(-0.212652818511,-3.776923751529E-02,
    19.152524697976));
#5156 = CARTESIAN_POINT('',(-0.345209450346,-7.131286849612E-02,
    19.336962617361));
#5157 = CARTESIAN_POINT('',(-0.478604798941,-0.103142408248,
    19.521234047251));
#5158 = CARTESIAN_POINT('',(-0.612652818511,-0.133341952372,
    19.70517092911));
#5159 = ORIENTED_EDGE('',*,*,#5160,.F.);
#5160 = EDGE_CURVE('',#5142,#5152,#5161,.T.);
#5161 = CIRCLE('',#5162,11.65);
#5162 = AXIS2_PLACEMENT_3D('',#5163,#5164,#5165);
#5163 = CARTESIAN_POINT('',(-0.612652818511,9.212210969745,
    12.749371867901));
#5164 = DIRECTION('',(-1.,-3.E-15,0.));
#5165 = DIRECTION('',(-1.394169516131E-15,0.464723172044,0.885456025653)
  );
#5166 = CONICAL_SURFACE('',#5167,11.45,0.785398163397);
#5167 = AXIS2_PLACEMENT_3D('',#5168,#5169,#5170);
#5168 = CARTESIAN_POINT('',(-0.412652818511,9.212210969745,
    12.749371867901));
#5169 = DIRECTION('',(-1.,-3.E-15,0.));
#5170 = DIRECTION('',(-1.394169516131E-15,0.464723172044,0.885456025653)
  );
#5171 = ADVANCED_FACE('',(#5172),#5200,.T.);
#5172 = FACE_BOUND('',#5173,.T.);
#5173 = EDGE_LOOP('',(#5174,#5185,#5192,#5193));
#5174 = ORIENTED_EDGE('',*,*,#5175,.T.);
#5175 = EDGE_CURVE('',#5176,#5178,#5180,.T.);
#5176 = VERTEX_POINT('',#5177);
#5177 = CARTESIAN_POINT('',(-0.612652818511,2.582219846875,
    17.825366126237));
#5178 = VERTEX_POINT('',#5179);
#5179 = CARTESIAN_POINT('',(-0.612652818511,1.268485363722,
    15.322254200271));
#5180 = CIRCLE('',#5181,8.35);
#5181 = AXIS2_PLACEMENT_3D('',#5182,#5183,#5184);
#5182 = CARTESIAN_POINT('',(-0.612652818511,9.212210969745,
    12.749371867901));
#5183 = DIRECTION('',(1.,3.E-15,0.));
#5184 = DIRECTION('',(1.394169516131E-15,-0.464723172044,-0.885456025653
    ));
#5185 = ORIENTED_EDGE('',*,*,#5186,.F.);
#5186 = EDGE_CURVE('',#5100,#5178,#5187,.T.);
#5187 = B_SPLINE_CURVE_WITH_KNOTS('',3,(#5188,#5189,#5190,#5191),
  .UNSPECIFIED.,.F.,.F.,(4,4),(-6.982290066637E-02,0.),
  .PIECEWISE_BEZIER_KNOTS.);
#5188 = CARTESIAN_POINT('',(-0.212652818511,1.026660532416,
    15.841177818789));
#5189 = CARTESIAN_POINT('',(-0.347026667624,1.104885224193,
    15.667991328994));
#5190 = CARTESIAN_POINT('',(-0.480477083348,1.185468039671,
    15.494901250707));
#5191 = CARTESIAN_POINT('',(-0.612652818511,1.268485363722,
    15.322254200271));
#5192 = ORIENTED_EDGE('',*,*,#5123,.T.);
#5193 = ORIENTED_EDGE('',*,*,#5194,.F.);
#5194 = EDGE_CURVE('',#5176,#4954,#5195,.T.);
#5195 = B_SPLINE_CURVE_WITH_KNOTS('',3,(#5196,#5197,#5198,#5199),
  .UNSPECIFIED.,.F.,.F.,(4,4),(-6.982270016191E-02,0.),
  .PIECEWISE_BEZIER_KNOTS.);
#5196 = CARTESIAN_POINT('',(-0.612652818511,2.582219846875,
    17.825366126237));
#5197 = CARTESIAN_POINT('',(-0.480477083348,2.39297489471,
    17.795613341541));
#5198 = CARTESIAN_POINT('',(-0.347026667624,2.204748296268,
    17.763605327064));
#5199 = CARTESIAN_POINT('',(-0.212652818511,2.017781919654,
    17.729601846848));
#5200 = CONICAL_SURFACE('',#5201,8.55,0.785398163397);
#5201 = AXIS2_PLACEMENT_3D('',#5202,#5203,#5204);
#5202 = CARTESIAN_POINT('',(-0.412652818511,9.212210969745,
    12.749371867901));
#5203 = DIRECTION('',(1.,3.E-15,0.));
#5204 = DIRECTION('',(1.394169516131E-15,-0.464723172044,-0.885456025653
    ));
#5205 = ADVANCED_FACE('',(#5206),#5217,.T.);
#5206 = FACE_BOUND('',#5207,.T.);
#5207 = EDGE_LOOP('',(#5208,#5209,#5210,#5216));
#5208 = ORIENTED_EDGE('',*,*,#5099,.T.);
#5209 = ORIENTED_EDGE('',*,*,#5186,.T.);
#5210 = ORIENTED_EDGE('',*,*,#5211,.T.);
#5211 = EDGE_CURVE('',#5178,#5142,#5212,.T.);
#5212 = LINE('',#5213,#5214);
#5213 = CARTESIAN_POINT('',(-0.612652818511,4.978096050469,
    13.921078251924));
#5214 = VECTOR('',#5215,1.);
#5215 = DIRECTION('',(2.806474435656E-15,-0.935491478552,0.35334925153)
  );
#5216 = ORIENTED_EDGE('',*,*,#5141,.F.);
#5217 = PLANE('',#5218);
#5218 = AXIS2_PLACEMENT_3D('',#5219,#5220,#5221);
#5219 = CARTESIAN_POINT('',(-0.412652818511,5.048765900775,
    14.108176547635));
#5220 = DIRECTION('',(-0.707106781187,0.249855651884,0.661492368226));
#5221 = DIRECTION('',(-0.683160091541,-2.035602486814E-15,
    -0.730268641889));
#5222 = ADVANCED_FACE('',(#5223),#5234,.T.);
#5223 = FACE_BOUND('',#5224,.T.);
#5224 = EDGE_LOOP('',(#5225,#5231,#5232,#5233));
#5225 = ORIENTED_EDGE('',*,*,#5226,.T.);
#5226 = EDGE_CURVE('',#5152,#5176,#5227,.T.);
#5227 = LINE('',#5228,#5229);
#5228 = CARTESIAN_POINT('',(-0.612652818511,4.814888522295,
    16.279836468085));
#5229 = VECTOR('',#5230,1.);
#5230 = DIRECTION('',(-2.466661388603E-15,0.822220462868,-0.569169140451
    ));
#5231 = ORIENTED_EDGE('',*,*,#5194,.T.);
#5232 = ORIENTED_EDGE('',*,*,#4953,.T.);
#5233 = ORIENTED_EDGE('',*,*,#5151,.T.);
#5234 = PLANE('',#5235);
#5235 = AXIS2_PLACEMENT_3D('',#5236,#5237,#5238);
#5236 = CARTESIAN_POINT('',(-0.412652818511,4.701054694205,
    16.115392375512));
#5237 = DIRECTION('',(-0.707106781187,-0.402463358855,-0.581397664924));
#5238 = DIRECTION('',(0.494657931952,-0.869087757569,-2.775557561563E-17
    ));
#5239 = ADVANCED_FACE('',(#5240),#5258,.F.);
#5240 = FACE_BOUND('',#5241,.F.);
#5241 = EDGE_LOOP('',(#5242,#5249,#5250,#5257));
#5242 = ORIENTED_EDGE('',*,*,#5243,.F.);
#5243 = EDGE_CURVE('',#896,#904,#5244,.T.);
#5244 = CIRCLE('',#5245,2.17);
#5245 = AXIS2_PLACEMENT_3D('',#5246,#5247,#5248);
#5246 = CARTESIAN_POINT('',(7.687347181489,9.212210969745,
    12.749371867901));
#5247 = DIRECTION('',(1.,3.E-15,-0.));
#5248 = DIRECTION('',(-3.E-15,1.,0.));
#5249 = ORIENTED_EDGE('',*,*,#895,.F.);
#5250 = ORIENTED_EDGE('',*,*,#5251,.F.);
#5251 = EDGE_CURVE('',#866,#858,#5252,.T.);
#5252 = CIRCLE('',#5253,1.57);
#5253 = AXIS2_PLACEMENT_3D('',#5254,#5255,#5256);
#5254 = CARTESIAN_POINT('',(7.087347181489,9.212210969745,
    12.749371867901));
#5255 = DIRECTION('',(-1.,-3.E-15,-0.));
#5256 = DIRECTION('',(-3.E-15,1.,0.));
#5257 = ORIENTED_EDGE('',*,*,#912,.T.);
#5258 = CONICAL_SURFACE('',#5259,1.87,0.785398163397);
#5259 = AXIS2_PLACEMENT_3D('',#5260,#5261,#5262);
#5260 = CARTESIAN_POINT('',(7.387347181489,9.212210969745,
    12.749371867901));
#5261 = DIRECTION('',(1.,3.E-15,0.));
#5262 = DIRECTION('',(-3.E-15,1.,0.));
#5263 = ADVANCED_FACE('',(#5264),#5270,.F.);
#5264 = FACE_BOUND('',#5265,.F.);
#5265 = EDGE_LOOP('',(#5266,#5267,#5268,#5269));
#5266 = ORIENTED_EDGE('',*,*,#5251,.T.);
#5267 = ORIENTED_EDGE('',*,*,#857,.F.);
#5268 = ORIENTED_EDGE('',*,*,#842,.T.);
#5269 = ORIENTED_EDGE('',*,*,#874,.T.);
#5270 = CYLINDRICAL_SURFACE('',#5271,1.57);
#5271 = AXIS2_PLACEMENT_3D('',#5272,#5273,#5274);
#5272 = CARTESIAN_POINT('',(-0.612652818511,9.212210969745,
    12.749371867901));
#5273 = DIRECTION('',(1.,3.E-15,0.));
#5274 = DIRECTION('',(-3.E-15,1.,0.));
#5275 = ADVANCED_FACE('',(#5276),#5288,.F.);
#5276 = FACE_BOUND('',#5277,.F.);
#5277 = EDGE_LOOP('',(#5278,#5285,#5286,#5287));
#5278 = ORIENTED_EDGE('',*,*,#5279,.F.);
#5279 = EDGE_CURVE('',#818,#826,#5280,.T.);
#5280 = CIRCLE('',#5281,2.17);
#5281 = AXIS2_PLACEMENT_3D('',#5282,#5283,#5284);
#5282 = CARTESIAN_POINT('',(-0.612652818511,9.212210969745,
    12.749371867901));
#5283 = DIRECTION('',(-1.,-3.E-15,-0.));
#5284 = DIRECTION('',(-3.E-15,1.,0.));
#5285 = ORIENTED_EDGE('',*,*,#815,.F.);
#5286 = ORIENTED_EDGE('',*,*,#880,.F.);
#5287 = ORIENTED_EDGE('',*,*,#834,.T.);
#5288 = CONICAL_SURFACE('',#5289,1.87,0.785398163397);
#5289 = AXIS2_PLACEMENT_3D('',#5290,#5291,#5292);
#5290 = CARTESIAN_POINT('',(-0.312652818511,9.212210969745,
    12.749371867901));
#5291 = DIRECTION('',(-1.,-3.E-15,0.));
#5292 = DIRECTION('',(-3.E-15,1.,0.));
#5293 = ADVANCED_FACE('',(#5294),#5306,.F.);
#5294 = FACE_BOUND('',#5295,.F.);
#5295 = EDGE_LOOP('',(#5296,#5297,#5304,#5305));
#5296 = ORIENTED_EDGE('',*,*,#791,.T.);
#5297 = ORIENTED_EDGE('',*,*,#5298,.T.);
#5298 = EDGE_CURVE('',#712,#710,#5299,.T.);
#5299 = CIRCLE('',#5300,14.05);
#5300 = AXIS2_PLACEMENT_3D('',#5301,#5302,#5303);
#5301 = CARTESIAN_POINT('',(7.169115457348E-02,9.212210969745,
    12.749371867901));
#5302 = DIRECTION('',(-1.,-3.E-15,0.));
#5303 = DIRECTION('',(0.,0.,1.));
#5304 = ORIENTED_EDGE('',*,*,#783,.F.);
#5305 = ORIENTED_EDGE('',*,*,#567,.T.);
#5306 = TOROIDAL_SURFACE('',#5307,14.6347,1.7653);
#5307 = AXIS2_PLACEMENT_3D('',#5308,#5309,#5310);
#5308 = CARTESIAN_POINT('',(1.737347181489,9.212210969745,
    12.749371867901));
#5309 = DIRECTION('',(1.,3.E-15,0.));
#5310 = DIRECTION('',(0.,0.,1.));
#5311 = ADVANCED_FACE('',(#5312),#5356,.F.);
#5312 = FACE_BOUND('',#5313,.F.);
#5313 = EDGE_LOOP('',(#5314,#5315,#5316,#5317));
#5314 = ORIENTED_EDGE('',*,*,#767,.F.);
#5315 = ORIENTED_EDGE('',*,*,#493,.T.);
#5316 = ORIENTED_EDGE('',*,*,#757,.T.);
#5317 = ORIENTED_EDGE('',*,*,#5318,.T.);
#5318 = EDGE_CURVE('',#749,#22,#5319,.T.);
#5319 = B_SPLINE_CURVE_WITH_KNOTS('',3,(#5320,#5321,#5322,#5323,#5324,
    #5325,#5326,#5327,#5328,#5329,#5330,#5331,#5332,#5333,#5334,#5335,
    #5336,#5337,#5338,#5339,#5340,#5341,#5342,#5343,#5344,#5345,#5346,
    #5347,#5348,#5349,#5350,#5351,#5352,#5353,#5354,#5355),
  .UNSPECIFIED.,.F.,.F.,(4,1,1,1,1,1,1,1,1,1,1,1,1,1,1,1,1,1,1,1,1,1,1,1
    ,1,1,1,1,1,1,1,1,1,4),(0.,2.355498327674E-02,4.737071539194E-02,
    9.500217962235E-02,0.142633643853,0.237896572314,0.261712304429,
    0.285528036544,0.333159500774,0.380790965005,0.40460669712,
    0.428422429235,0.455215127865,0.464146027408,0.499869625581,
    0.571316821926,0.584713171241,0.607040420099,0.642764018272,
    0.660625817358,0.687418515988,0.714211214618,0.74993481279,
    0.785658410963,0.830312908679,0.857105607309,0.866036506852,
    0.892829205482,0.906225554796,0.928552803654,0.964276401827,
    0.97320730137,0.986603650685,1.),.UNSPECIFIED.);
#5320 = CARTESIAN_POINT('',(4.098685036711,9.212210969745,
    -0.627552245427));
#5321 = CARTESIAN_POINT('',(4.098685036711,8.883652650594,
    -0.627445520784));
#5322 = CARTESIAN_POINT('',(4.098685036711,8.222787492679,
    -0.603027084241));
#5323 = CARTESIAN_POINT('',(4.098685036711,6.896690307436,
    -0.456192465122));
#5324 = CARTESIAN_POINT('',(4.098685036711,5.257050011317,
    -8.07159692877E-02));
#5325 = CARTESIAN_POINT('',(4.098685036711,2.78081393441,0.886779240011)
  );
#5326 = CARTESIAN_POINT('',(4.098685036711,0.811310600445,2.22590715936)
  );
#5327 = CARTESIAN_POINT('',(4.098685036711,-0.594807980119,
    3.634689885156));
#5328 = CARTESIAN_POINT('',(4.098685036711,-1.467766962718,
    4.644951612447));
#5329 = CARTESIAN_POINT('',(4.098685036711,-2.415620989923,
    6.035790497773));
#5330 = CARTESIAN_POINT('',(4.098685036711,-3.138713077605,
    7.536789969868));
#5331 = CARTESIAN_POINT('',(4.098685036711,-3.579201808794,
    8.792649703469));
#5332 = CARTESIAN_POINT('',(4.098685036711,-3.851336356191,
    9.805297198298));
#5333 = CARTESIAN_POINT('',(4.098685036711,-4.003181735112,
    10.627124227166));
#5334 = CARTESIAN_POINT('',(4.098685036711,-4.129384071075,
    11.624416023944));
#5335 = CARTESIAN_POINT('',(4.098685036711,-4.221061507362,
    13.238613120924));
#5336 = CARTESIAN_POINT('',(4.098685036711,-4.032261561922,
    14.933210244953));
#5337 = CARTESIAN_POINT('',(4.098685036711,-3.665875039458,
    16.394709190052));
#5338 = CARTESIAN_POINT('',(4.098685036711,-3.368552427487,
    17.350093049033));
#5339 = CARTESIAN_POINT('',(4.098685036711,-2.964292867452,
    18.327167237697));
#5340 = CARTESIAN_POINT('',(4.098685036711,-2.446563387313,
    19.330717591818));
#5341 = CARTESIAN_POINT('',(4.098685036711,-1.924725822617,
    20.188434781757));
#5342 = CARTESIAN_POINT('',(4.098685036711,-1.182025997229,
    21.203901290836));
#5343 = CARTESIAN_POINT('',(4.098685036711,-0.269260932585,
    22.225060055201));
#5344 = CARTESIAN_POINT('',(4.098685036711,0.943711119558,
    23.310484115243));
#5345 = CARTESIAN_POINT('',(4.098685036711,2.189581218794,
    24.168698077527));
#5346 = CARTESIAN_POINT('',(4.098685036711,3.183692639429,
    24.699212129812));
#5347 = CARTESIAN_POINT('',(4.098685036711,3.973802420684,
    25.066170843966));
#5348 = CARTESIAN_POINT('',(4.098685036711,4.611039941544,
    25.319856584579));
#5349 = CARTESIAN_POINT('',(4.098685036711,5.44500124229,25.59239863205)
  );
#5350 = CARTESIAN_POINT('',(4.098685036711,6.41585525324,25.8501949892)
  );
#5351 = CARTESIAN_POINT('',(4.098685036711,7.345667406181,
    26.007883202544));
#5352 = CARTESIAN_POINT('',(4.098685036711,8.15447069925,26.087173551569
    ));
#5353 = CARTESIAN_POINT('',(4.098685036711,8.65250638924,26.118503440625
    ));
#5354 = CARTESIAN_POINT('',(4.098685036711,9.025251891439,
    26.126295563127));
#5355 = CARTESIAN_POINT('',(4.098685036711,9.212181052125,
    26.126295981196));
#5356 = TOROIDAL_SURFACE('',#5357,14.6347,1.7653);
#5357 = AXIS2_PLACEMENT_3D('',#5358,#5359,#5360);
#5358 = CARTESIAN_POINT('',(5.337347181489,9.212210969745,
    12.749371867901));
#5359 = DIRECTION('',(1.,3.E-15,0.));
#5360 = DIRECTION('',(0.,0.,1.));
#5361 = ADVANCED_FACE('',(#5362),#5370,.F.);
#5362 = FACE_BOUND('',#5363,.F.);
#5363 = EDGE_LOOP('',(#5364,#5365,#5366,#5367,#5368,#5369));
#5364 = ORIENTED_EDGE('',*,*,#799,.F.);
#5365 = ORIENTED_EDGE('',*,*,#517,.F.);
#5366 = ORIENTED_EDGE('',*,*,#21,.F.);
#5367 = ORIENTED_EDGE('',*,*,#5318,.F.);
#5368 = ORIENTED_EDGE('',*,*,#748,.F.);
#5369 = ORIENTED_EDGE('',*,*,#67,.T.);
#5370 = B_SPLINE_SURFACE_WITH_KNOTS('',3,3,(
    (#5371,#5372,#5373,#5374,#5375,#5376,#5377,#5378,#5379,#5380,#5381
      ,#5382,#5383,#5384,#5385,#5386,#5387,#5388,#5389,#5390,#5391,#5392
      ,#5393,#5394,#5395,#5396,#5397,#5398,#5399,#5400,#5401,#5402,#5403
      ,#5404,#5405,#5406,#5407,#5408,#5409,#5410,#5411,#5412,#5413,#5414
      ,#5415,#5416,#5417,#5418,#5419,#5420,#5421,#5422,#5423,#5424,#5425
      ,#5426,#5427,#5428,#5429,#5430)
    ,(#5431,#5432,#5433,#5434,#5435,#5436,#5437,#5438,#5439,#5440,#5441
      ,#5442,#5443,#5444,#5445,#5446,#5447,#5448,#5449,#5450,#5451,#5452
      ,#5453,#5454,#5455,#5456,#5457,#5458,#5459,#5460,#5461,#5462,#5463
      ,#5464,#5465,#5466,#5467,#5468,#5469,#5470,#5471,#5472,#5473,#5474
      ,#5475,#5476,#5477,#5478,#5479,#5480,#5481,#5482,#5483,#5484,#5485
      ,#5486,#5487,#5488,#5489,#5490)
    ,(#5491,#5492,#5493,#5494,#5495,#5496,#5497,#5498,#5499,#5500,#5501
      ,#5502,#5503,#5504,#5505,#5506,#5507,#5508,#5509,#5510,#5511,#5512
      ,#5513,#5514,#5515,#5516,#5517,#5518,#5519,#5520,#5521,#5522,#5523
      ,#5524,#5525,#5526,#5527,#5528,#5529,#5530,#5531,#5532,#5533,#5534
      ,#5535,#5536,#5537,#5538,#5539,#5540,#5541,#5542,#5543,#5544,#5545
      ,#5546,#5547,#5548,#5549,#5550)
    ,(#5551,#5552,#5553,#5554,#5555,#5556,#5557,#5558,#5559,#5560,#5561
      ,#5562,#5563,#5564,#5565,#5566,#5567,#5568,#5569,#5570,#5571,#5572
      ,#5573,#5574,#5575,#5576,#5577,#5578,#5579,#5580,#5581,#5582,#5583
      ,#5584,#5585,#5586,#5587,#5588,#5589,#5590,#5591,#5592,#5593,#5594
      ,#5595,#5596,#5597,#5598,#5599,#5600,#5601,#5602,#5603,#5604,#5605
      ,#5606,#5607,#5608,#5609,#5610)
    ,(#5611,#5612,#5613,#5614,#5615,#5616,#5617,#5618,#5619,#5620,#5621
      ,#5622,#5623,#5624,#5625,#5626,#5627,#5628,#5629,#5630,#5631,#5632
      ,#5633,#5634,#5635,#5636,#5637,#5638,#5639,#5640,#5641,#5642,#5643
      ,#5644,#5645,#5646,#5647,#5648,#5649,#5650,#5651,#5652,#5653,#5654
      ,#5655,#5656,#5657,#5658,#5659,#5660,#5661,#5662,#5663,#5664,#5665
      ,#5666,#5667,#5668,#5669,#5670)
    ,(#5671,#5672,#5673,#5674,#5675,#5676,#5677,#5678,#5679,#5680,#5681
      ,#5682,#5683,#5684,#5685,#5686,#5687,#5688,#5689,#5690,#5691,#5692
      ,#5693,#5694,#5695,#5696,#5697,#5698,#5699,#5700,#5701,#5702,#5703
      ,#5704,#5705,#5706,#5707,#5708,#5709,#5710,#5711,#5712,#5713,#5714
      ,#5715,#5716,#5717,#5718,#5719,#5720,#5721,#5722,#5723,#5724,#5725
      ,#5726,#5727,#5728,#5729,#5730
    )),.UNSPECIFIED.,.F.,.T.,.F.,(4,1,1,4),(1,3,1,1,1,1,1,1,1,1,1,1,1,1,
    1,1,1,1,1,1,1,1,1,1,1,1,1,1,1,1,1,1,1,1,1,1,1,1,1,1,1,1,1,1,1,1,1,1,
    1,1,1,1,1,1,1,1,1,1,3,1),(0.,0.285714285714,0.571428571429,1.),(
    3.94568765812,3.999249029045,4.142079351511,4.284909673977,
    4.427739996443,4.570570318909,4.713400641374,4.85623096384,
    4.999061286306,5.141891608772,5.427552253704,5.57038257617,
    5.713212898636,5.856043221102,5.998873543567,6.284534188499,
    6.427364510965,6.570194833431,6.855855478363,6.998685800829,
    7.141516123295,7.28434644576,7.427176768226,7.522396983204,
    7.808057628135,7.950887950601,8.093718273067,8.188938488044,
    8.379378917999,8.569819347953,8.950700207863,9.04592042284,
    9.141140637817,9.331581067772,9.522021497726,9.617241712703,
    9.712461927681,9.81958466953,9.855292250147,9.998122572612,
    10.283783217544,10.337344588469,10.42661354001,10.569443862476,
    10.640859023709,10.747981765558,10.855104507408,10.997934829874,
    11.140765152339,11.319303055422,11.426425797271,11.462133377888,
    11.569256119737,11.622817490662,11.712086442203,11.854916764669,
    11.890624345286,11.94418571621,11.997747087135,12.140577409601),
  .UNSPECIFIED.);
#5371 = CARTESIAN_POINT('',(4.098685036711,9.212181052125,
    26.126295981196));
#5372 = CARTESIAN_POINT('',(4.098685036711,9.710658813953,
    26.126297096046));
#5373 = CARTESIAN_POINT('',(4.098685036711,10.711867083927,
    26.070562597366));
#5374 = CARTESIAN_POINT('',(4.098685036711,12.201470613316,
    25.81699009394));
#5375 = CARTESIAN_POINT('',(4.098685036711,13.645099815985,
    25.400057346945));
#5376 = CARTESIAN_POINT('',(4.098685036711,15.026597283544,
    24.827438772713));
#5377 = CARTESIAN_POINT('',(4.098685036711,16.347936710117,
    24.098110988667));
#5378 = CARTESIAN_POINT('',(4.098685036711,17.578358667044,
    23.222837232776));
#5379 = CARTESIAN_POINT('',(4.098685036711,18.691317202289,
    22.227560041536));
#5380 = CARTESIAN_POINT('',(4.098685036711,20.02973682091,
    20.730544258056));
#5381 = CARTESIAN_POINT('',(4.098685036711,21.103904772229,
    19.017519906421));
#5382 = CARTESIAN_POINT('',(4.098685036711,21.864526922346,
    17.176231920225));
#5383 = CARTESIAN_POINT('',(4.098685036711,22.284004340674,
    15.724394398454));
#5384 = CARTESIAN_POINT('',(4.098685036711,22.533668771451,
    14.236596500412));
#5385 = CARTESIAN_POINT('',(4.098685036711,22.645610790874,
    12.249143263808));
#5386 = CARTESIAN_POINT('',(4.098685036711,22.418132308139,
    10.234151946642));
#5387 = CARTESIAN_POINT('',(4.098685036711,21.860620489042,
    8.311685990181));
#5388 = CARTESIAN_POINT('',(4.098685036711,21.09757990713,6.468021949638
    ));
#5389 = CARTESIAN_POINT('',(4.098685036711,20.014794266333,
    4.748479577485));
#5390 = CARTESIAN_POINT('',(4.098685036711,18.685814058641,
    3.266407180535));
#5391 = CARTESIAN_POINT('',(4.098685036711,17.563222053683,
    2.262488949027));
#5392 = CARTESIAN_POINT('',(4.098685036711,16.329401554037,
    1.389958779695));
#5393 = CARTESIAN_POINT('',(4.098685036711,15.162080116526,0.74651900437
    ));
#5394 = CARTESIAN_POINT('',(4.098685036711,13.485765997837,
    1.69388753456E-02));
#5395 = CARTESIAN_POINT('',(4.098685036711,11.710485029054,
    -0.45866357727));
#5396 = CARTESIAN_POINT('',(4.098685036711,9.721462152242,
    -0.645732306525));
#5397 = CARTESIAN_POINT('',(4.098685036711,8.392644289924,
    -0.621834799397));
#5398 = CARTESIAN_POINT('',(4.098685036711,6.896690307436,
    -0.456192465122));
#5399 = CARTESIAN_POINT('',(4.098685036711,5.257050011317,
    -8.07159692877E-02));
#5400 = CARTESIAN_POINT('',(4.098685036711,2.78081393441,0.886779240011)
  );
#5401 = CARTESIAN_POINT('',(4.098685036711,0.811310600445,2.22590715936)
  );
#5402 = CARTESIAN_POINT('',(4.098685036711,-0.594807980119,
    3.634689885156));
#5403 = CARTESIAN_POINT('',(4.098685036711,-1.467766962718,
    4.644951612447));
#5404 = CARTESIAN_POINT('',(4.098685036711,-2.415620989923,
    6.035790497773));
#5405 = CARTESIAN_POINT('',(4.098685036711,-3.138713077605,
    7.536789969868));
#5406 = CARTESIAN_POINT('',(4.098685036711,-3.579201808794,
    8.792649703469));
#5407 = CARTESIAN_POINT('',(4.098685036711,-3.851336356191,
    9.805297198298));
#5408 = CARTESIAN_POINT('',(4.098685036711,-4.003181735112,
    10.627124227166));
#5409 = CARTESIAN_POINT('',(4.098685036711,-4.129384071075,
    11.624416023944));
#5410 = CARTESIAN_POINT('',(4.098685036711,-4.221061507362,
    13.238613120924));
#5411 = CARTESIAN_POINT('',(4.098685036711,-4.032261561922,
    14.933210244953));
#5412 = CARTESIAN_POINT('',(4.098685036711,-3.665875039458,
    16.394709190052));
#5413 = CARTESIAN_POINT('',(4.098685036711,-3.368552427487,
    17.350093049033));
#5414 = CARTESIAN_POINT('',(4.098685036711,-2.964292867452,
    18.327167237697));
#5415 = CARTESIAN_POINT('',(4.098685036711,-2.446563387313,
    19.330717591818));
#5416 = CARTESIAN_POINT('',(4.098685036711,-1.924725822617,
    20.188434781757));
#5417 = CARTESIAN_POINT('',(4.098685036711,-1.182025997229,
    21.203901290836));
#5418 = CARTESIAN_POINT('',(4.098685036711,-0.269260932585,
    22.225060055201));
#5419 = CARTESIAN_POINT('',(4.098685036711,0.943711119558,
    23.310484115243));
#5420 = CARTESIAN_POINT('',(4.098685036711,2.189581218794,
    24.168698077527));
#5421 = CARTESIAN_POINT('',(4.098685036711,3.183692639429,
    24.699212129812));
#5422 = CARTESIAN_POINT('',(4.098685036711,3.973802420684,
    25.066170843966));
#5423 = CARTESIAN_POINT('',(4.098685036711,4.611039941544,
    25.319856584579));
#5424 = CARTESIAN_POINT('',(4.098685036711,5.44500124229,25.59239863205)
  );
#5425 = CARTESIAN_POINT('',(4.098685036711,6.41585525324,25.8501949892)
  );
#5426 = CARTESIAN_POINT('',(4.098685036711,7.345667406181,
    26.007883202544));
#5427 = CARTESIAN_POINT('',(4.098685036711,8.15447069925,26.087173551569
    ));
#5428 = CARTESIAN_POINT('',(4.098685036711,8.65250638924,26.118503440625
    ));
#5429 = CARTESIAN_POINT('',(4.098685036711,9.025251891439,
    26.126295563127));
#5430 = CARTESIAN_POINT('',(4.098685036711,9.212181052125,
    26.126295981196));
#5431 = CARTESIAN_POINT('',(4.014244511146,9.212180866142,
    26.209453309627));
#5432 = CARTESIAN_POINT('',(4.014244511146,9.71376380435,26.209454431423
    ));
#5433 = CARTESIAN_POINT('',(4.014244511146,10.721185026588,
    26.153373465294));
#5434 = CARTESIAN_POINT('',(4.014244511146,12.22005579045,
    25.898224633418));
#5435 = CARTESIAN_POINT('',(4.014244511146,13.672655595316,
    25.478700031788));
#5436 = CARTESIAN_POINT('',(4.014244511146,15.062742867924,
    24.90252179304));
#5437 = CARTESIAN_POINT('',(4.014244511146,16.392295464307,
    24.168660164859));
#5438 = CARTESIAN_POINT('',(4.014244511146,17.630366796136,
    23.287945265849));
#5439 = CARTESIAN_POINT('',(4.014244511146,18.750243749483,
    22.28648100556));
#5440 = CARTESIAN_POINT('',(4.014244511146,20.09698382575,
    20.780158939126));
#5441 = CARTESIAN_POINT('',(4.014244511146,21.177829120025,
    19.056485813546));
#5442 = CARTESIAN_POINT('',(4.014244511146,21.943179777136,
    17.203751348623));
#5443 = CARTESIAN_POINT('',(4.014244511146,22.365264822526,
    15.742888558585));
#5444 = CARTESIAN_POINT('',(4.014244511146,22.616481305053,
    14.245841810524));
#5445 = CARTESIAN_POINT('',(4.014244511146,22.729119196796,
    12.246033545108));
#5446 = CARTESIAN_POINT('',(4.014244511146,22.500226612887,
    10.218516196623));
#5447 = CARTESIAN_POINT('',(4.014244511146,21.939249031591,
    8.284099216063));
#5448 = CARTESIAN_POINT('',(4.014244511146,21.171464997797,
    6.428974049136));
#5449 = CARTESIAN_POINT('',(4.014244511146,20.081948291084,
    4.698742251564));
#5450 = CARTESIAN_POINT('',(4.014244511146,18.744706509331,3.20745657351
    ));
#5451 = CARTESIAN_POINT('',(4.014244511146,17.615135874449,
    2.197297452193));
#5452 = CARTESIAN_POINT('',(4.014244511146,16.37364543094,1.319343282694
    ));
#5453 = CARTESIAN_POINT('',(4.014244511146,15.199067314083,
    0.671903534818));
#5454 = CARTESIAN_POINT('',(4.014244511146,13.512332454182,
    -6.22119820168E-02));
#5455 = CARTESIAN_POINT('',(4.014244511146,11.726015499871,
    -0.54077102481));
#5456 = CARTESIAN_POINT('',(4.014244511146,9.724627914587,
    -0.729002647909));
#5457 = CARTESIAN_POINT('',(4.014244511146,8.387549434281,-0.70495659665
    ));
#5458 = CARTESIAN_POINT('',(4.014244511146,6.882295940916,
    -0.538284533084));
#5459 = CARTESIAN_POINT('',(4.014244511146,5.232462859845,
    -0.160473926131));
#5460 = CARTESIAN_POINT('',(4.014244511146,2.740833246767,0.813035760258
    ));
#5461 = CARTESIAN_POINT('',(4.014244511146,0.759086669369,2.160488235974
    ));
#5462 = CARTESIAN_POINT('',(4.014244511146,-0.655773076659,
    3.578028669468));
#5463 = CARTESIAN_POINT('',(4.014244511146,-1.534158809449,
    4.594570705004));
#5464 = CARTESIAN_POINT('',(4.014244511146,-2.487905133002,
    5.994055667754));
#5465 = CARTESIAN_POINT('',(4.014244511146,-3.215492293569,
    7.504386063762));
#5466 = CARTESIAN_POINT('',(4.014244511146,-3.658719323918,
    8.768052822305));
#5467 = CARTESIAN_POINT('',(4.014244511146,-3.932545610358,
    9.786995505597));
#5468 = CARTESIAN_POINT('',(4.014244511146,-4.085334895608,
    10.613931316256));
#5469 = CARTESIAN_POINT('',(4.014244511146,-4.212321802679,
    11.61742272254));
#5470 = CARTESIAN_POINT('',(4.014244511146,-4.304569083728,
    13.241654624322));
#5471 = CARTESIAN_POINT('',(4.014244511146,-4.114595562085,
    14.946785870817));
#5472 = CARTESIAN_POINT('',(4.014244511146,-3.745931349243,
    16.417370351384));
#5473 = CARTESIAN_POINT('',(4.014244511146,-3.446760468556,
    17.378693276682));
#5474 = CARTESIAN_POINT('',(4.014244511146,-3.039987774815,
    18.361841554915));
#5475 = CARTESIAN_POINT('',(4.014244511146,-2.519039915756,
    19.37163031355));
#5476 = CARTESIAN_POINT('',(4.014244511146,-1.993958280077,
    20.234679607224));
#5477 = CARTESIAN_POINT('',(4.014244511146,-1.246641570762,
    21.256458623684));
#5478 = CARTESIAN_POINT('',(4.014244511146,-0.328202248003,
    22.283965468114));
#5479 = CARTESIAN_POINT('',(4.014244511146,0.892310159855,
    23.376137016919));
#5480 = CARTESIAN_POINT('',(4.014244511146,2.145925300939,
    24.239686078411));
#5481 = CARTESIAN_POINT('',(4.014244511146,3.146216322675,
    24.773497962462));
#5482 = CARTESIAN_POINT('',(4.014244511146,3.941238107286,
    25.142737973678));
#5483 = CARTESIAN_POINT('',(4.014244511146,4.582436758622,
    25.398000688629));
#5484 = CARTESIAN_POINT('',(4.014244511146,5.421582561914,
    25.672237007925));
#5485 = CARTESIAN_POINT('',(4.014244511146,6.398471603512,
    25.931635956786));
#5486 = CARTESIAN_POINT('',(4.014244511146,7.334064365752,
    26.090304413299));
#5487 = CARTESIAN_POINT('',(4.014244511146,8.147894811465,
    26.170087678985));
#5488 = CARTESIAN_POINT('',(4.014244511146,8.649028487335,
    26.201612336024));
#5489 = CARTESIAN_POINT('',(4.014244511146,9.024087264315,
    26.209452888954));
#5490 = CARTESIAN_POINT('',(4.014244511146,9.212180866142,
    26.209453309627));
#5491 = CARTESIAN_POINT('',(3.808093564901,9.212180580297,
    26.337262163003));
#5492 = CARTESIAN_POINT('',(3.808093564901,9.718525392581,
    26.337263295448));
#5493 = CARTESIAN_POINT('',(3.808093564901,10.735513958326,
    26.280649817498));
#5494 = CARTESIAN_POINT('',(3.808093564901,12.248616142654,
    26.02307824562));
#5495 = CARTESIAN_POINT('',(3.808093564901,13.715009456173,
    25.599570090504));
#5496 = CARTESIAN_POINT('',(3.808093564901,15.118295927715,
    25.017920808389));
#5497 = CARTESIAN_POINT('',(3.808093564901,16.460473278522,
    24.277090870108));
#5498 = CARTESIAN_POINT('',(3.808093564901,17.710300527455,
    23.388013234419));
#5499 = CARTESIAN_POINT('',(3.808093564901,18.840811195146,
    22.377039664294));
#5500 = CARTESIAN_POINT('',(3.808093564901,20.200339079428,
    20.856414483831));
#5501 = CARTESIAN_POINT('',(3.808093564901,21.291447458068,
    19.116374366079));
#5502 = CARTESIAN_POINT('',(3.808093564901,22.06406540985,
    17.246047467739));
#5503 = CARTESIAN_POINT('',(3.808093564901,22.490158327378,
    15.771313195583));
#5504 = CARTESIAN_POINT('',(3.808093564901,22.743760208305,
    14.260051388933));
#5505 = CARTESIAN_POINT('',(3.808093564901,22.857467643533,
    12.241254154514));
#5506 = CARTESIAN_POINT('',(3.808093564901,22.626401631262,
    10.194484703147));
#5507 = CARTESIAN_POINT('',(3.808093564901,22.060097344049,
    8.241699668253));
#5508 = CARTESIAN_POINT('',(3.808093564901,21.285022897762,
    6.368959350778));
#5509 = CARTESIAN_POINT('',(3.808093564901,20.185160788399,4.62229830153
    ));
#5510 = CARTESIAN_POINT('',(3.808093564901,18.83522136148,3.116852271697
    ));
#5511 = CARTESIAN_POINT('',(3.808093564901,17.694925010433,
    2.097101293269));
#5512 = CARTESIAN_POINT('',(3.808093564901,16.441646109334,
    1.210810589613));
#5513 = CARTESIAN_POINT('',(3.808093564901,15.255914910939,
    0.557223148511));
#5514 = CARTESIAN_POINT('',(3.808093564901,13.55316382595,
    -0.183863092546));
#5515 = CARTESIAN_POINT('',(3.808093564901,11.749885077338,
    -0.666966242203));
#5516 = CARTESIAN_POINT('',(3.808093564901,9.729493516346,
    -0.856985201732));
#5517 = CARTESIAN_POINT('',(3.808093564901,8.379718948597,
    -0.832710821711));
#5518 = CARTESIAN_POINT('',(3.808093564901,6.860172464798,
    -0.664456142648));
#5519 = CARTESIAN_POINT('',(3.808093564901,5.194673559215,
    -0.283058069018));
#5520 = CARTESIAN_POINT('',(3.808093564901,2.679384936925,0.699695472093
    ));
#5521 = CARTESIAN_POINT('',(3.808093564901,0.678820866682,2.059942561067
    ));
#5522 = CARTESIAN_POINT('',(3.808093564901,-0.749473529738,
    3.490943101743));
#5523 = CARTESIAN_POINT('',(3.808093564901,-1.636199883271,
    4.517137604819));
#5524 = CARTESIAN_POINT('',(3.808093564901,-2.599002411461,
    5.929911241919));
#5525 = CARTESIAN_POINT('',(3.808093564901,-3.333498304512,
    7.454582829176));
#5526 = CARTESIAN_POINT('',(3.808093564901,-3.780933951136,
    8.730248608289));
#5527 = CARTESIAN_POINT('',(3.808093564901,-4.057360324787,
    9.758866547655));
#5528 = CARTESIAN_POINT('',(3.808093564901,-4.211600410298,
    10.593654455909));
#5529 = CARTESIAN_POINT('',(3.808093564901,-4.339793103819,
    11.606674418354));
#5530 = CARTESIAN_POINT('',(3.808093564901,-4.432916318479,
    13.246329026215));
#5531 = CARTESIAN_POINT('',(3.808093564901,-4.241138909721,
    14.967651215581));
#5532 = CARTESIAN_POINT('',(3.808093564901,-3.868974090491,
    16.452199461883));
#5533 = CARTESIAN_POINT('',(3.808093564901,-3.566962458672,
    17.422650539905));
#5534 = CARTESIAN_POINT('',(3.808093564901,-3.156327304155,
    18.415134186448));
#5535 = CARTESIAN_POINT('',(3.808093564901,-2.630432827048,
    19.434511311995));
#5536 = CARTESIAN_POINT('',(3.808093564901,-2.100365342097,
    20.305755586907));
#5537 = CARTESIAN_POINT('',(3.808093564901,-1.345952549644,
    21.33723681904));
#5538 = CARTESIAN_POINT('',(3.808093564901,-0.418792288569,
    22.374500242153));
#5539 = CARTESIAN_POINT('',(3.808093564901,0.81330937994,23.477042399562
    ));
#5540 = CARTESIAN_POINT('',(3.808093564901,2.078828081786,
    24.348791200189));
#5541 = CARTESIAN_POINT('',(3.808093564901,3.088617302549,24.88767185431
    ));
#5542 = CARTESIAN_POINT('',(3.808093564901,3.891188096001,
    25.260417932704));
#5543 = CARTESIAN_POINT('',(3.808093564901,4.538475217107,
    25.518104476789));
#5544 = CARTESIAN_POINT('',(3.808093564901,5.385589018177,
    25.794944776779));
#5545 = CARTESIAN_POINT('',(3.808093564901,6.371754046486,26.05680682143
    ));
#5546 = CARTESIAN_POINT('',(3.808093564901,7.316230575186,26.21698190128
    ));
#5547 = CARTESIAN_POINT('',(3.808093564901,8.137788767104,
    26.297522739611));
#5548 = CARTESIAN_POINT('',(3.808093564901,8.643680645453,
    26.329346735002));
#5549 = CARTESIAN_POINT('',(3.808093564901,9.02230127569,26.337261738336
    ));
#5550 = CARTESIAN_POINT('',(3.808093564901,9.212180580297,
    26.337262163003));
#5551 = CARTESIAN_POINT('',(3.384854503462,9.212180472399,
    26.385506036043));
#5552 = CARTESIAN_POINT('',(3.384854503462,9.720300058029,
    26.385507172458));
#5553 = CARTESIAN_POINT('',(3.384854503462,10.74093910677,
    26.328692671078));
#5554 = CARTESIAN_POINT('',(3.384854503462,12.259387871469,
    26.070206593822));
#5555 = CARTESIAN_POINT('',(3.384854503462,13.731000862855,
    25.645194778764));
#5556 = CARTESIAN_POINT('',(3.384854503462,15.139263387762,
    25.061480329465));
#5557 = CARTESIAN_POINT('',(3.384854503462,16.486209398958,
    24.318020054325));
#5558 = CARTESIAN_POINT('',(3.384854503462,17.740472418177,
    23.425785833044));
#5559 = CARTESIAN_POINT('',(3.384854503462,18.874997911266,
    22.411222624447));
#5560 = CARTESIAN_POINT('',(3.384854503462,20.239352072493,
    20.885198888549));
#5561 = CARTESIAN_POINT('',(3.384854503462,21.33433514277,
    19.138980027478));
#5562 = CARTESIAN_POINT('',(3.384854503462,22.10969585579,
    17.262013084901));
#5563 = CARTESIAN_POINT('',(3.384854503462,22.537301777457,
    15.782042599822));
#5564 = CARTESIAN_POINT('',(3.384854503462,22.791804005594,
    14.265415014608));
#5565 = CARTESIAN_POINT('',(3.384854503462,22.905915204798,
    12.239450294072));
#5566 = CARTESIAN_POINT('',(3.384854503462,22.674028743441,
    10.185413367891));
#5567 = CARTESIAN_POINT('',(3.384854503462,22.105713801954,8.22569517737
    ));
#5568 = CARTESIAN_POINT('',(3.384854503462,21.327887551923,
    6.346305804642));
#5569 = CARTESIAN_POINT('',(3.384854503462,20.224120214529,
    4.593442980111));
#5570 = CARTESIAN_POINT('',(3.384854503462,18.869387822385,3.08265190521
    ));
#5571 = CARTESIAN_POINT('',(3.384854503462,17.725043071994,
    2.059280497638));
#5572 = CARTESIAN_POINT('',(3.384854503462,16.46731414004,1.169842788885
    ));
#5573 = CARTESIAN_POINT('',(3.384854503462,15.277373189617,
    0.513934942553));
#5574 = CARTESIAN_POINT('',(3.384854503462,13.568576387142,
    -0.229782635293));
#5575 = CARTESIAN_POINT('',(3.384854503462,11.758895066296,
    -0.714600977122));
#5576 = CARTESIAN_POINT('',(3.384854503462,9.731330078296,
    -0.905294651794));
#5577 = CARTESIAN_POINT('',(3.384854503462,8.376763321654,
    -0.880934034608));
#5578 = CARTESIAN_POINT('',(3.384854503462,6.851821496264,
    -0.712082030025));
#5579 = CARTESIAN_POINT('',(3.384854503462,5.18040922954,-0.329329694491
    ));
#5580 = CARTESIAN_POINT('',(3.384854503462,2.656190327884,0.65691287978)
  );
#5581 = CARTESIAN_POINT('',(3.384854503462,0.648522788803,2.021989893306
    ));
#5582 = CARTESIAN_POINT('',(3.384854503462,-0.784842547733,
    3.458071051857));
#5583 = CARTESIAN_POINT('',(3.384854503462,-1.674717150098,
    4.487908918467));
#5584 = CARTESIAN_POINT('',(3.384854503462,-2.640938169283,
    5.905698756383));
#5585 = CARTESIAN_POINT('',(3.384854503462,-3.378041935987,
    7.435783709891));
#5586 = CARTESIAN_POINT('',(3.384854503462,-3.827066163763,
    8.715978736072));
#5587 = CARTESIAN_POINT('',(3.384854503462,-4.104473914649,
    9.748248466743));
#5588 = CARTESIAN_POINT('',(3.384854503462,-4.259261762743,
    10.586000603678));
#5589 = CARTESIAN_POINT('',(3.384854503462,-4.387909470979,
    11.602617410271));
#5590 = CARTESIAN_POINT('',(3.384854503462,-4.481363556665,
    13.248092947278));
#5591 = CARTESIAN_POINT('',(3.384854503462,-4.288904902916,
    14.97552777789));
#5592 = CARTESIAN_POINT('',(3.384854503462,-3.915418916677,
    16.465346337019));
#5593 = CARTESIAN_POINT('',(3.384854503462,-3.612334882569,
    17.439243202596));
#5594 = CARTESIAN_POINT('',(3.384854503462,-3.20024199527,18.43525019554
    ));
#5595 = CARTESIAN_POINT('',(3.384854503462,-2.672480061227,
    19.458247135898));
#5596 = CARTESIAN_POINT('',(3.384854503462,-2.140530857444,
    20.332584317448));
#5597 = CARTESIAN_POINT('',(3.384854503462,-1.383439188802,
    21.36772824529));
#5598 = CARTESIAN_POINT('',(3.384854503462,-0.452987313501,
    22.408674222033));
#5599 = CARTESIAN_POINT('',(3.384854503462,0.783489139469,
    23.515131046886));
#5600 = CARTESIAN_POINT('',(3.384854503462,2.053500639814,
    24.389974878642));
#5601 = CARTESIAN_POINT('',(3.384854503462,3.066876088161,
    24.930769176759));
#5602 = CARTESIAN_POINT('',(3.384854503462,3.872295317729,
    25.304838307416));
#5603 = CARTESIAN_POINT('',(3.384854503462,4.521881502312,
    25.563439973714));
#5604 = CARTESIAN_POINT('',(3.384854503462,5.372002258893,
    25.841263122141));
#5605 = CARTESIAN_POINT('',(3.384854503462,6.361669605784,
    26.104054884758));
#5606 = CARTESIAN_POINT('',(3.384854503462,7.30949787034,26.264798745502
    ));
#5607 = CARTESIAN_POINT('',(3.384854503462,8.133975717438,
    26.345625508172));
#5608 = CARTESIAN_POINT('',(3.384854503462,8.641656726977,
    26.377562471537));
#5609 = CARTESIAN_POINT('',(3.384854503462,9.021635627788,
    26.385505609888));
#5610 = CARTESIAN_POINT('',(3.384854503462,9.212180472399,
    26.385506036043));
#5611 = CARTESIAN_POINT('',(3.102670114614,9.212180773151,
    26.251031973843));
#5612 = CARTESIAN_POINT('',(3.102670114614,9.715332616036,
    26.251033099147));
#5613 = CARTESIAN_POINT('',(3.102670114614,10.725832187038,
    26.194778911343));
#5614 = CARTESIAN_POINT('',(3.102670114614,12.229354792481,
    25.938841912557));
#5615 = CARTESIAN_POINT('',(3.102670114614,13.686430507747,
    25.518021378006));
#5616 = CARTESIAN_POINT('',(3.102670114614,15.08081716676,
    24.940063320103));
#5617 = CARTESIAN_POINT('',(3.102670114614,16.414474041024,
    24.203934781505));
#5618 = CARTESIAN_POINT('',(3.102670114614,17.656371299773,
    23.320499247787));
#5619 = CARTESIAN_POINT('',(3.102670114614,18.779706794397,
    22.315941574752));
#5620 = CARTESIAN_POINT('',(3.102670114614,20.130607619813,
    20.804966060506));
#5621 = CARTESIAN_POINT('',(3.102670114614,21.21479108498,
    19.075969060078));
#5622 = CARTESIAN_POINT('',(3.102670114614,21.982506295369,
    17.217510958029));
#5623 = CARTESIAN_POINT('',(3.102670114614,22.405895041465,
    15.75213564836));
#5624 = CARTESIAN_POINT('',(3.102670114614,22.657887597772,
    14.250464500747));
#5625 = CARTESIAN_POINT('',(3.102670114614,22.770873393652,
    12.244478533942));
#5626 = CARTESIAN_POINT('',(3.102670114614,22.54127379323,
    10.210698460256));
#5627 = CARTESIAN_POINT('',(3.102670114614,21.978563322356,
    8.270305813399));
#5628 = CARTESIAN_POINT('',(3.102670114614,21.208407490289,
    6.409449999102));
#5629 = CARTESIAN_POINT('',(3.102670114614,20.115525365555,
    4.673873663584));
#5630 = CARTESIAN_POINT('',(3.102670114614,18.774152795694,3.17798131047
    ));
#5631 = CARTESIAN_POINT('',(3.102670114614,17.641092683722,
    2.164701601095));
#5632 = CARTESIAN_POINT('',(3.102670114614,16.395767451111,
    1.284035591427));
#5633 = CARTESIAN_POINT('',(3.102670114614,15.217560858006,
    0.634595743606));
#5634 = CARTESIAN_POINT('',(3.102670114614,13.525615692159,
    -0.101787391709));
#5635 = CARTESIAN_POINT('',(3.102670114614,11.733780760643,
    -0.581824777815));
#5636 = CARTESIAN_POINT('',(3.102670114614,9.72621083288,-0.770637811051
    ));
#5637 = CARTESIAN_POINT('',(3.102670114614,8.385001907043,
    -0.746517523795));
#5638 = CARTESIAN_POINT('',(3.102670114614,6.87509878883,-0.579330550501
    ));
#5639 = CARTESIAN_POINT('',(3.102670114614,5.220169314485,-0.20035296325
    ));
#5640 = CARTESIAN_POINT('',(3.102670114614,2.720842744972,0.776164130652
    ));
#5641 = CARTESIAN_POINT('',(3.102670114614,0.732974869269,2.12777862895)
  );
#5642 = CARTESIAN_POINT('',(3.102670114614,-0.686255620018,
    3.549698027473));
#5643 = CARTESIAN_POINT('',(3.102670114614,-1.56735478291,4.569380320126
    ));
#5644 = CARTESIAN_POINT('',(3.102670114614,-2.52404721509,5.973188221668
    ));
#5645 = CARTESIAN_POINT('',(3.102670114614,-3.253881882114,
    7.488184071058));
#5646 = CARTESIAN_POINT('',(3.102670114614,-3.698478091382,
    8.755754349673));
#5647 = CARTESIAN_POINT('',(3.102670114614,-3.973150301244,
    9.777844855476));
#5648 = CARTESIAN_POINT('',(3.102670114614,-4.12641144577,
    10.607334837174));
#5649 = CARTESIAN_POINT('',(3.102670114614,-4.253790733494,
    11.613925969018));
#5650 = CARTESIAN_POINT('',(3.102670114614,-4.346322769136,
    13.243175750369));
#5651 = CARTESIAN_POINT('',(3.102670114614,-4.155762699343,
    14.953573293473));
#5652 = CARTESIAN_POINT('',(3.102670114614,-3.785959495172,
    16.428700955395));
#5653 = CARTESIAN_POINT('',(3.102670114614,-3.485864557053,
    17.39299327477));
#5654 = CARTESIAN_POINT('',(3.102670114614,-3.077835133762,
    18.379178932388));
#5655 = CARTESIAN_POINT('',(3.102670114614,-2.555278273853,
    19.392086530742));
#5656 = CARTESIAN_POINT('',(3.102670114614,-2.028574398111,
    20.257802195824));
#5657 = CARTESIAN_POINT('',(3.102670114614,-1.278949480706,
    21.282737170665));
#5658 = CARTESIAN_POINT('',(3.102670114614,-0.357672835303,
    22.31341823625));
#5659 = CARTESIAN_POINT('',(3.102670114614,0.866609607668,
    23.408963468478));
#5660 = CARTESIAN_POINT('',(3.102670114614,2.124097576082,
    24.275180162826));
#5661 = CARTESIAN_POINT('',(3.102670114614,3.127477713367,
    24.810640717715));
#5662 = CARTESIAN_POINT('',(3.102670114614,3.924956276624,
    25.181021650203));
#5663 = CARTESIAN_POINT('',(3.102670114614,4.568134878105,
    25.437072707049));
#5664 = CARTESIAN_POINT('',(3.102670114614,5.40987344778,25.712156215055
    ));
#5665 = CARTESIAN_POINT('',(3.102670114614,6.38977934182,25.972356477178
    ));
#5666 = CARTESIAN_POINT('',(3.102670114614,7.32826356673,26.131514999629
    ));
#5667 = CARTESIAN_POINT('',(3.102670114614,8.144605667736,
    26.211544749399));
#5668 = CARTESIAN_POINT('',(3.102670114614,8.647293329745,
    26.243166806942));
#5669 = CARTESIAN_POINT('',(3.102670114614,9.023498832069,
    26.251031551854));
#5670 = CARTESIAN_POINT('',(3.102670114614,9.212180773151,
    26.251031973843));
#5671 = CARTESIAN_POINT('',(2.976009326267,9.212181052125,
    26.126295981196));
#5672 = CARTESIAN_POINT('',(2.976009326267,9.710658813953,
    26.126297096046));
#5673 = CARTESIAN_POINT('',(2.976009326267,10.711867083927,
    26.070562597366));
#5674 = CARTESIAN_POINT('',(2.976009326267,12.201470613316,
    25.81699009394));
#5675 = CARTESIAN_POINT('',(2.976009326267,13.645099815985,
    25.400057346945));
#5676 = CARTESIAN_POINT('',(2.976009326267,15.026597283544,
    24.827438772713));
#5677 = CARTESIAN_POINT('',(2.976009326267,16.347936710117,
    24.098110988667));
#5678 = CARTESIAN_POINT('',(2.976009326267,17.578358667044,
    23.222837232776));
#5679 = CARTESIAN_POINT('',(2.976009326267,18.691317202289,
    22.227560041536));
#5680 = CARTESIAN_POINT('',(2.976009326267,20.02973682091,
    20.730544258056));
#5681 = CARTESIAN_POINT('',(2.976009326267,21.103904772229,
    19.017519906421));
#5682 = CARTESIAN_POINT('',(2.976009326267,21.864526922346,
    17.176231920225));
#5683 = CARTESIAN_POINT('',(2.976009326267,22.284004340674,
    15.724394398454));
#5684 = CARTESIAN_POINT('',(2.976009326267,22.533668771451,
    14.236596500412));
#5685 = CARTESIAN_POINT('',(2.976009326267,22.645610790874,
    12.249143263808));
#5686 = CARTESIAN_POINT('',(2.976009326267,22.418132308138,
    10.234151946642));
#5687 = CARTESIAN_POINT('',(2.976009326267,21.860620489042,8.31168599018
    ));
#5688 = CARTESIAN_POINT('',(2.976009326267,21.09757990713,6.468021949638
    ));
#5689 = CARTESIAN_POINT('',(2.976009326267,20.014794266333,
    4.748479577485));
#5690 = CARTESIAN_POINT('',(2.976009326267,18.685814058641,
    3.266407180535));
#5691 = CARTESIAN_POINT('',(2.976009326267,17.563222053683,
    2.262488949027));
#5692 = CARTESIAN_POINT('',(2.976009326267,16.329401554037,
    1.389958779695));
#5693 = CARTESIAN_POINT('',(2.976009326267,15.162080116526,0.74651900437
    ));
#5694 = CARTESIAN_POINT('',(2.976009326267,13.485765997837,
    1.69388753456E-02));
#5695 = CARTESIAN_POINT('',(2.976009326267,11.710485029053,
    -0.45866357727));
#5696 = CARTESIAN_POINT('',(2.976009326267,9.721462152242,
    -0.645732306525));
#5697 = CARTESIAN_POINT('',(2.976009326267,8.392644289924,
    -0.621834799397));
#5698 = CARTESIAN_POINT('',(2.976009326267,6.896690307436,
    -0.456192465122));
#5699 = CARTESIAN_POINT('',(2.976009326267,5.257050011317,
    -8.07159692877E-02));
#5700 = CARTESIAN_POINT('',(2.976009326267,2.78081393441,0.886779240011)
  );
#5701 = CARTESIAN_POINT('',(2.976009326267,0.811310600445,2.22590715936)
  );
#5702 = CARTESIAN_POINT('',(2.976009326267,-0.594807980119,
    3.634689885156));
#5703 = CARTESIAN_POINT('',(2.976009326267,-1.467766962718,
    4.644951612447));
#5704 = CARTESIAN_POINT('',(2.976009326267,-2.415620989923,
    6.035790497773));
#5705 = CARTESIAN_POINT('',(2.976009326267,-3.138713077605,
    7.536789969868));
#5706 = CARTESIAN_POINT('',(2.976009326267,-3.579201808794,
    8.792649703469));
#5707 = CARTESIAN_POINT('',(2.976009326267,-3.851336356191,
    9.805297198298));
#5708 = CARTESIAN_POINT('',(2.976009326267,-4.003181735112,
    10.627124227166));
#5709 = CARTESIAN_POINT('',(2.976009326267,-4.129384071075,
    11.624416023944));
#5710 = CARTESIAN_POINT('',(2.976009326267,-4.221061507362,
    13.238613120924));
#5711 = CARTESIAN_POINT('',(2.976009326267,-4.032261561922,
    14.933210244953));
#5712 = CARTESIAN_POINT('',(2.976009326267,-3.665875039458,
    16.394709190052));
#5713 = CARTESIAN_POINT('',(2.976009326267,-3.368552427487,
    17.350093049033));
#5714 = CARTESIAN_POINT('',(2.976009326267,-2.964292867452,
    18.327167237697));
#5715 = CARTESIAN_POINT('',(2.976009326267,-2.446563387313,
    19.330717591818));
#5716 = CARTESIAN_POINT('',(2.976009326267,-1.924725822617,
    20.188434781757));
#5717 = CARTESIAN_POINT('',(2.976009326267,-1.182025997229,
    21.203901290836));
#5718 = CARTESIAN_POINT('',(2.976009326267,-0.269260932585,
    22.225060055201));
#5719 = CARTESIAN_POINT('',(2.976009326267,0.943711119558,
    23.310484115243));
#5720 = CARTESIAN_POINT('',(2.976009326267,2.189581218794,
    24.168698077527));
#5721 = CARTESIAN_POINT('',(2.976009326267,3.183692639429,
    24.699212129812));
#5722 = CARTESIAN_POINT('',(2.976009326267,3.973802420684,
    25.066170843966));
#5723 = CARTESIAN_POINT('',(2.976009326267,4.611039941544,
    25.319856584579));
#5724 = CARTESIAN_POINT('',(2.976009326267,5.44500124229,25.59239863205)
  );
#5725 = CARTESIAN_POINT('',(2.976009326267,6.41585525324,25.8501949892)
  );
#5726 = CARTESIAN_POINT('',(2.976009326267,7.345667406181,
    26.007883202544));
#5727 = CARTESIAN_POINT('',(2.976009326267,8.15447069925,26.087173551569
    ));
#5728 = CARTESIAN_POINT('',(2.976009326267,8.652506389239,
    26.118503440625));
#5729 = CARTESIAN_POINT('',(2.976009326267,9.025251891439,
    26.126295563127));
#5730 = CARTESIAN_POINT('',(2.976009326267,9.212181052125,
    26.126295981196));
#5731 = ADVANCED_FACE('',(#5732,#5738,#5744,#5750,#5756,#5762,#5768,
    #5774,#5780,#5786,#5792,#5798,#5804,#5810,#5814),#5824,.F.);
#5732 = FACE_BOUND('',#5733,.T.);
#5733 = EDGE_LOOP('',(#5734,#5735,#5736,#5737));
#5734 = ORIENTED_EDGE('',*,*,#5211,.F.);
#5735 = ORIENTED_EDGE('',*,*,#5175,.F.);
#5736 = ORIENTED_EDGE('',*,*,#5226,.F.);
#5737 = ORIENTED_EDGE('',*,*,#5160,.F.);
#5738 = FACE_BOUND('',#5739,.T.);
#5739 = EDGE_LOOP('',(#5740,#5741,#5742,#5743));
#5740 = ORIENTED_EDGE('',*,*,#4547,.F.);
#5741 = ORIENTED_EDGE('',*,*,#4511,.F.);
#5742 = ORIENTED_EDGE('',*,*,#4562,.F.);
#5743 = ORIENTED_EDGE('',*,*,#4496,.F.);
#5744 = FACE_BOUND('',#5745,.T.);
#5745 = EDGE_LOOP('',(#5746,#5747,#5748,#5749));
#5746 = ORIENTED_EDGE('',*,*,#3883,.F.);
#5747 = ORIENTED_EDGE('',*,*,#3847,.F.);
#5748 = ORIENTED_EDGE('',*,*,#3898,.F.);
#5749 = ORIENTED_EDGE('',*,*,#3832,.F.);
#5750 = FACE_BOUND('',#5751,.T.);
#5751 = EDGE_LOOP('',(#5752,#5753,#5754,#5755));
#5752 = ORIENTED_EDGE('',*,*,#3219,.F.);
#5753 = ORIENTED_EDGE('',*,*,#3183,.F.);
#5754 = ORIENTED_EDGE('',*,*,#3234,.F.);
#5755 = ORIENTED_EDGE('',*,*,#3168,.F.);
#5756 = FACE_BOUND('',#5757,.T.);
#5757 = EDGE_LOOP('',(#5758,#5759,#5760,#5761));
#5758 = ORIENTED_EDGE('',*,*,#2555,.F.);
#5759 = ORIENTED_EDGE('',*,*,#2519,.F.);
#5760 = ORIENTED_EDGE('',*,*,#2570,.F.);
#5761 = ORIENTED_EDGE('',*,*,#2504,.F.);
#5762 = FACE_BOUND('',#5763,.T.);
#5763 = EDGE_LOOP('',(#5764,#5765,#5766,#5767));
#5764 = ORIENTED_EDGE('',*,*,#1891,.F.);
#5765 = ORIENTED_EDGE('',*,*,#1855,.F.);
#5766 = ORIENTED_EDGE('',*,*,#1906,.F.);
#5767 = ORIENTED_EDGE('',*,*,#1840,.F.);
#5768 = FACE_BOUND('',#5769,.T.);
#5769 = EDGE_LOOP('',(#5770,#5771,#5772,#5773));
#5770 = ORIENTED_EDGE('',*,*,#1227,.F.);
#5771 = ORIENTED_EDGE('',*,*,#1191,.F.);
#5772 = ORIENTED_EDGE('',*,*,#1242,.F.);
#5773 = ORIENTED_EDGE('',*,*,#1176,.F.);
#5774 = FACE_BOUND('',#5775,.T.);
#5775 = EDGE_LOOP('',(#5776,#5777,#5778,#5779));
#5776 = ORIENTED_EDGE('',*,*,#1559,.F.);
#5777 = ORIENTED_EDGE('',*,*,#1523,.F.);
#5778 = ORIENTED_EDGE('',*,*,#1574,.F.);
#5779 = ORIENTED_EDGE('',*,*,#1508,.F.);
#5780 = FACE_BOUND('',#5781,.T.);
#5781 = EDGE_LOOP('',(#5782,#5783,#5784,#5785));
#5782 = ORIENTED_EDGE('',*,*,#2223,.F.);
#5783 = ORIENTED_EDGE('',*,*,#2187,.F.);
#5784 = ORIENTED_EDGE('',*,*,#2238,.F.);
#5785 = ORIENTED_EDGE('',*,*,#2172,.F.);
#5786 = FACE_BOUND('',#5787,.T.);
#5787 = EDGE_LOOP('',(#5788,#5789,#5790,#5791));
#5788 = ORIENTED_EDGE('',*,*,#2887,.F.);
#5789 = ORIENTED_EDGE('',*,*,#2851,.F.);
#5790 = ORIENTED_EDGE('',*,*,#2902,.F.);
#5791 = ORIENTED_EDGE('',*,*,#2836,.F.);
#5792 = FACE_BOUND('',#5793,.T.);
#5793 = EDGE_LOOP('',(#5794,#5795,#5796,#5797));
#5794 = ORIENTED_EDGE('',*,*,#3551,.F.);
#5795 = ORIENTED_EDGE('',*,*,#3515,.F.);
#5796 = ORIENTED_EDGE('',*,*,#3566,.F.);
#5797 = ORIENTED_EDGE('',*,*,#3500,.F.);
#5798 = FACE_BOUND('',#5799,.T.);
#5799 = EDGE_LOOP('',(#5800,#5801,#5802,#5803));
#5800 = ORIENTED_EDGE('',*,*,#4215,.F.);
#5801 = ORIENTED_EDGE('',*,*,#4179,.F.);
#5802 = ORIENTED_EDGE('',*,*,#4230,.F.);
#5803 = ORIENTED_EDGE('',*,*,#4164,.F.);
#5804 = FACE_BOUND('',#5805,.T.);
#5805 = EDGE_LOOP('',(#5806,#5807,#5808,#5809));
#5806 = ORIENTED_EDGE('',*,*,#4879,.F.);
#5807 = ORIENTED_EDGE('',*,*,#4843,.F.);
#5808 = ORIENTED_EDGE('',*,*,#4894,.F.);
#5809 = ORIENTED_EDGE('',*,*,#4828,.F.);
#5810 = FACE_BOUND('',#5811,.T.);
#5811 = EDGE_LOOP('',(#5812,#5813));
#5812 = ORIENTED_EDGE('',*,*,#5279,.F.);
#5813 = ORIENTED_EDGE('',*,*,#825,.F.);
#5814 = FACE_BOUND('',#5815,.T.);
#5815 = EDGE_LOOP('',(#5816,#5817));
#5816 = ORIENTED_EDGE('',*,*,#667,.F.);
#5817 = ORIENTED_EDGE('',*,*,#5818,.F.);
#5818 = EDGE_CURVE('',#670,#668,#5819,.T.);
#5819 = CIRCLE('',#5820,13.65);
#5820 = AXIS2_PLACEMENT_3D('',#5821,#5822,#5823);
#5821 = CARTESIAN_POINT('',(-0.612652818511,9.212210969745,
    12.749371867901));
#5822 = DIRECTION('',(1.,3.E-15,-0.));
#5823 = DIRECTION('',(0.,0.,1.));
#5824 = PLANE('',#5825);
#5825 = AXIS2_PLACEMENT_3D('',#5826,#5827,#5828);
#5826 = CARTESIAN_POINT('',(-0.612652818511,9.212210969745,
    12.749371867901));
#5827 = DIRECTION('',(1.,3.E-15,0.));
#5828 = DIRECTION('',(3.E-15,-1.,0.));
#5829 = ADVANCED_FACE('',(#5830),#5836,.T.);
#5830 = FACE_BOUND('',#5831,.T.);
#5831 = EDGE_LOOP('',(#5832,#5833,#5834,#5835));
#5832 = ORIENTED_EDGE('',*,*,#720,.F.);
#5833 = ORIENTED_EDGE('',*,*,#5298,.T.);
#5834 = ORIENTED_EDGE('',*,*,#733,.T.);
#5835 = ORIENTED_EDGE('',*,*,#686,.F.);
#5836 = CYLINDRICAL_SURFACE('',#5837,14.05);
#5837 = AXIS2_PLACEMENT_3D('',#5838,#5839,#5840);
#5838 = CARTESIAN_POINT('',(7.687347181489,9.212210969745,
    12.749371867901));
#5839 = DIRECTION('',(-1.,-3.E-15,0.));
#5840 = DIRECTION('',(0.,0.,1.));
#5841 = ADVANCED_FACE('',(#5842),#5848,.T.);
#5842 = FACE_BOUND('',#5843,.T.);
#5843 = EDGE_LOOP('',(#5844,#5845,#5846,#5847));
#5844 = ORIENTED_EDGE('',*,*,#678,.F.);
#5845 = ORIENTED_EDGE('',*,*,#5818,.T.);
#5846 = ORIENTED_EDGE('',*,*,#695,.T.);
#5847 = ORIENTED_EDGE('',*,*,#726,.T.);
#5848 = CONICAL_SURFACE('',#5849,13.85,0.785398163397);
#5849 = AXIS2_PLACEMENT_3D('',#5850,#5851,#5852);
#5850 = CARTESIAN_POINT('',(-0.412652818511,9.212210969745,
    12.749371867901));
#5851 = DIRECTION('',(1.,3.E-15,0.));
#5852 = DIRECTION('',(0.,0.,1.));
#5853 = ADVANCED_FACE('',(#5854,#5860,#5866,#5872,#5878,#5884,#5890,
    #5896,#5902,#5908,#5914,#5920,#5926,#5932,#5936),#5946,.T.);
#5854 = FACE_BOUND('',#5855,.T.);
#5855 = EDGE_LOOP('',(#5856,#5857,#5858,#5859));
#5856 = ORIENTED_EDGE('',*,*,#5084,.F.);
#5857 = ORIENTED_EDGE('',*,*,#5028,.F.);
#5858 = ORIENTED_EDGE('',*,*,#4984,.F.);
#5859 = ORIENTED_EDGE('',*,*,#5051,.F.);
#5860 = FACE_BOUND('',#5861,.T.);
#5861 = EDGE_LOOP('',(#5862,#5863,#5864,#5865));
#5862 = ORIENTED_EDGE('',*,*,#4420,.F.);
#5863 = ORIENTED_EDGE('',*,*,#4364,.F.);
#5864 = ORIENTED_EDGE('',*,*,#4320,.F.);
#5865 = ORIENTED_EDGE('',*,*,#4387,.F.);
#5866 = FACE_BOUND('',#5867,.T.);
#5867 = EDGE_LOOP('',(#5868,#5869,#5870,#5871));
#5868 = ORIENTED_EDGE('',*,*,#3756,.F.);
#5869 = ORIENTED_EDGE('',*,*,#3700,.F.);
#5870 = ORIENTED_EDGE('',*,*,#3656,.F.);
#5871 = ORIENTED_EDGE('',*,*,#3723,.F.);
#5872 = FACE_BOUND('',#5873,.T.);
#5873 = EDGE_LOOP('',(#5874,#5875,#5876,#5877));
#5874 = ORIENTED_EDGE('',*,*,#3092,.F.);
#5875 = ORIENTED_EDGE('',*,*,#3036,.F.);
#5876 = ORIENTED_EDGE('',*,*,#2992,.F.);
#5877 = ORIENTED_EDGE('',*,*,#3059,.F.);
#5878 = FACE_BOUND('',#5879,.T.);
#5879 = EDGE_LOOP('',(#5880,#5881,#5882,#5883));
#5880 = ORIENTED_EDGE('',*,*,#2428,.F.);
#5881 = ORIENTED_EDGE('',*,*,#2372,.F.);
#5882 = ORIENTED_EDGE('',*,*,#2328,.F.);
#5883 = ORIENTED_EDGE('',*,*,#2395,.F.);
#5884 = FACE_BOUND('',#5885,.T.);
#5885 = EDGE_LOOP('',(#5886,#5887,#5888,#5889));
#5886 = ORIENTED_EDGE('',*,*,#1764,.F.);
#5887 = ORIENTED_EDGE('',*,*,#1708,.F.);
#5888 = ORIENTED_EDGE('',*,*,#1664,.F.);
#5889 = ORIENTED_EDGE('',*,*,#1731,.F.);
#5890 = FACE_BOUND('',#5891,.T.);
#5891 = EDGE_LOOP('',(#5892,#5893,#5894,#5895));
#5892 = ORIENTED_EDGE('',*,*,#1100,.F.);
#5893 = ORIENTED_EDGE('',*,*,#1044,.F.);
#5894 = ORIENTED_EDGE('',*,*,#1000,.F.);
#5895 = ORIENTED_EDGE('',*,*,#1067,.F.);
#5896 = FACE_BOUND('',#5897,.T.);
#5897 = EDGE_LOOP('',(#5898,#5899,#5900,#5901));
#5898 = ORIENTED_EDGE('',*,*,#1432,.F.);
#5899 = ORIENTED_EDGE('',*,*,#1376,.F.);
#5900 = ORIENTED_EDGE('',*,*,#1332,.F.);
#5901 = ORIENTED_EDGE('',*,*,#1399,.F.);
#5902 = FACE_BOUND('',#5903,.T.);
#5903 = EDGE_LOOP('',(#5904,#5905,#5906,#5907));
#5904 = ORIENTED_EDGE('',*,*,#2096,.F.);
#5905 = ORIENTED_EDGE('',*,*,#2040,.F.);
#5906 = ORIENTED_EDGE('',*,*,#1996,.F.);
#5907 = ORIENTED_EDGE('',*,*,#2063,.F.);
#5908 = FACE_BOUND('',#5909,.T.);
#5909 = EDGE_LOOP('',(#5910,#5911,#5912,#5913));
#5910 = ORIENTED_EDGE('',*,*,#2760,.F.);
#5911 = ORIENTED_EDGE('',*,*,#2704,.F.);
#5912 = ORIENTED_EDGE('',*,*,#2660,.F.);
#5913 = ORIENTED_EDGE('',*,*,#2727,.F.);
#5914 = FACE_BOUND('',#5915,.T.);
#5915 = EDGE_LOOP('',(#5916,#5917,#5918,#5919));
#5916 = ORIENTED_EDGE('',*,*,#3424,.F.);
#5917 = ORIENTED_EDGE('',*,*,#3368,.F.);
#5918 = ORIENTED_EDGE('',*,*,#3324,.F.);
#5919 = ORIENTED_EDGE('',*,*,#3391,.F.);
#5920 = FACE_BOUND('',#5921,.T.);
#5921 = EDGE_LOOP('',(#5922,#5923,#5924,#5925));
#5922 = ORIENTED_EDGE('',*,*,#4088,.F.);
#5923 = ORIENTED_EDGE('',*,*,#4032,.F.);
#5924 = ORIENTED_EDGE('',*,*,#3988,.F.);
#5925 = ORIENTED_EDGE('',*,*,#4055,.F.);
#5926 = FACE_BOUND('',#5927,.T.);
#5927 = EDGE_LOOP('',(#5928,#5929,#5930,#5931));
#5928 = ORIENTED_EDGE('',*,*,#4752,.F.);
#5929 = ORIENTED_EDGE('',*,*,#4696,.F.);
#5930 = ORIENTED_EDGE('',*,*,#4652,.F.);
#5931 = ORIENTED_EDGE('',*,*,#4719,.F.);
#5932 = FACE_BOUND('',#5933,.T.);
#5933 = EDGE_LOOP('',(#5934,#5935));
#5934 = ORIENTED_EDGE('',*,*,#5243,.F.);
#5935 = ORIENTED_EDGE('',*,*,#903,.F.);
#5936 = FACE_BOUND('',#5937,.T.);
#5937 = EDGE_LOOP('',(#5938,#5939));
#5938 = ORIENTED_EDGE('',*,*,#591,.F.);
#5939 = ORIENTED_EDGE('',*,*,#5940,.F.);
#5940 = EDGE_CURVE('',#594,#592,#5941,.T.);
#5941 = CIRCLE('',#5942,13.65);
#5942 = AXIS2_PLACEMENT_3D('',#5943,#5944,#5945);
#5943 = CARTESIAN_POINT('',(7.687347181489,9.212210969745,
    12.749371867901));
#5944 = DIRECTION('',(-1.,-3.E-15,-0.));
#5945 = DIRECTION('',(0.,0.,-1.));
#5946 = PLANE('',#5947);
#5947 = AXIS2_PLACEMENT_3D('',#5948,#5949,#5950);
#5948 = CARTESIAN_POINT('',(7.687347181489,9.212210969745,
    12.749371867901));
#5949 = DIRECTION('',(1.,3.E-15,0.));
#5950 = DIRECTION('',(3.E-15,-1.,0.));
#5951 = ADVANCED_FACE('',(#5952),#5958,.T.);
#5952 = FACE_BOUND('',#5953,.T.);
#5953 = EDGE_LOOP('',(#5954,#5955,#5956,#5957));
#5954 = ORIENTED_EDGE('',*,*,#640,.F.);
#5955 = ORIENTED_EDGE('',*,*,#610,.F.);
#5956 = ORIENTED_EDGE('',*,*,#653,.T.);
#5957 = ORIENTED_EDGE('',*,*,#473,.T.);
#5958 = CYLINDRICAL_SURFACE('',#5959,14.05);
#5959 = AXIS2_PLACEMENT_3D('',#5960,#5961,#5962);
#5960 = CARTESIAN_POINT('',(7.687347181489,9.212210969745,
    12.749371867901));
#5961 = DIRECTION('',(-1.,-3.E-15,0.));
#5962 = DIRECTION('',(0.,0.,1.));
#5963 = ADVANCED_FACE('',(#5964),#5970,.T.);
#5964 = FACE_BOUND('',#5965,.T.);
#5965 = EDGE_LOOP('',(#5966,#5967,#5968,#5969));
#5966 = ORIENTED_EDGE('',*,*,#602,.F.);
#5967 = ORIENTED_EDGE('',*,*,#5940,.T.);
#5968 = ORIENTED_EDGE('',*,*,#619,.T.);
#5969 = ORIENTED_EDGE('',*,*,#633,.T.);
#5970 = CONICAL_SURFACE('',#5971,13.85,0.785398163397);
#5971 = AXIS2_PLACEMENT_3D('',#5972,#5973,#5974);
#5972 = CARTESIAN_POINT('',(7.487347181489,9.212210969745,
    12.749371867901));
#5973 = DIRECTION('',(-1.,-3.E-15,0.));
#5974 = DIRECTION('',(0.,0.,-1.));
#5975 = ( GEOMETRIC_REPRESENTATION_CONTEXT(3) 
GLOBAL_UNCERTAINTY_ASSIGNED_CONTEXT((#5979)) 
GLOBAL_UNIT_ASSIGNED_CONTEXT((#5976,#5977,#5978)) REPRESENTATION_CONTEXT
('Context #1','3D Context with UNIT and UNCERTAINTY') );
#5976 = ( LENGTH_UNIT() NAMED_UNIT(*) SI_UNIT(.MILLI.,.METRE.) );
#5977 = ( NAMED_UNIT(*) PLANE_ANGLE_UNIT() SI_UNIT($,.RADIAN.) );
#5978 = ( NAMED_UNIT(*) SI_UNIT($,.STERADIAN.) SOLID_ANGLE_UNIT() );
#5979 = UNCERTAINTY_MEASURE_WITH_UNIT(LENGTH_MEASURE(1.E-05),#5976,
  'distance_accuracy_value','confusion accuracy');
#5980 = PRODUCT_RELATED_PRODUCT_CATEGORY('part',$,(#7));
ENDSEC;
END-ISO-10303-21;
