ISO-10303-21;
HEADER;
FILE_DESCRIPTION(('FreeCAD Model'),'2;1');
FILE_NAME('Open CASCADE Shape Model','2026-10-04T21:29:08',('Author'),(
    ''),'Open CASCADE STEP processor 7.9','FreeCAD','Unknown');
FILE_SCHEMA(('AUTOMOTIVE_DESIGN { 1 0 10303 214 1 1 1 1 }'));
ENDSEC;
DATA;
#1 = APPLICATION_PROTOCOL_DEFINITION('international standard',
  'automotive_design',2000,#2);
#2 = APPLICATION_CONTEXT(
  'core data for automotive mechanical design processes');
#3 = SHAPE_DEFINITION_REPRESENTATION(#4,#10);
#4 = PRODUCT_DEFINITION_SHAPE('','',#5);
#5 = PRODUCT_DEFINITION('design','',#6,#9);
#6 = PRODUCT_DEFINITION_FORMATION('','',#7);
#7 = PRODUCT('side-button-bracket','side-button-bracket','',(#8));
#8 = PRODUCT_CONTEXT('',#2,'mechanical');
#9 = PRODUCT_DEFINITION_CONTEXT('part definition',#2,'design');
#10 = ADVANCED_BREP_SHAPE_REPRESENTATION('',(#11,#15),#7658);
#11 = AXIS2_PLACEMENT_3D('',#12,#13,#14);
#12 = CARTESIAN_POINT('',(0.,0.,0.));
#13 = DIRECTION('',(0.,0.,1.));
#14 = DIRECTION('',(1.,0.,-0.));
#15 = MANIFOLD_SOLID_BREP('',#16);
#16 = CLOSED_SHELL('',(#17,#59,#101,#143,#185,#236,#278,#320,#362,#396,
    #438,#480,#512,#554,#590,#641,#683,#727,#759,#801,#843,#875,#917,
    #959,#1001,#1043,#1085,#1127,#1169,#1211,#1253,#1285,#1317,#1359,
    #1399,#1441,#1481,#1523,#1572,#1614,#1646,#1680,#1712,#1817,#1962,
    #2100,#2133,#2164,#2223,#2245,#2304,#2372,#2412,#2445,#2607,#2624,
    #2641,#2696,#2771,#2804,#2859,#2912,#2969,#2994,#3026,#3094,#3141,
    #3172,#3274,#3359,#3391,#3406,#3423,#3435,#3457,#3537,#3562,#3593,
    #3611,#4280,#4297,#4379,#4401,#4419,#4431,#4462,#4491,#4524,#4549,
    #4573,#4606,#4630,#4653,#4670,#4682,#4706,#4778,#4795,#4817,#4882,
    #4899,#4911,#4933,#4976,#4998,#5010,#5053,#5102,#5119,#5153,#5170,
    #5188,#5221,#5239,#5264,#5298,#5339,#5351,#5382,#5407,#5442,#5539,
    #5556,#5581,#5605,#5623,#5655,#5689,#5705,#5740,#5761,#5778,#5799,
    #5816,#5833,#5859,#5876,#5888,#5905,#5917,#5929,#5947,#5964,#5995,
    #6013,#6031,#6055,#6073,#6090,#6108,#6139,#6157,#6175,#6199,#6224,
    #6248,#6266,#6284,#6298,#6317,#6336,#6348,#6372,#6387,#6403,#6429,
    #6446,#6457,#6469,#6496,#6508,#6532,#6542,#6566,#6576,#6598,#6623,
    #6647,#6669,#6689,#6712,#6734,#6765,#6777,#6795,#6807,#6823,#6840,
    #6858,#6876,#6894,#6920,#6933,#6945,#6957,#6980,#7011,#7034,#7065,
    #7107,#7138,#7161,#7192,#7215,#7257,#7276,#7289,#7308,#7321,#7340,
    #7353,#7372,#7385,#7403,#7421,#7436,#7448,#7472,#7510,#7554,#7566,
    #7578,#7590,#7602,#7620,#7630,#7648));
#17 = ADVANCED_FACE('',(#18),#54,.F.);
#18 = FACE_BOUND('',#19,.F.);
#19 = EDGE_LOOP('',(#20,#30,#39,#47));
#20 = ORIENTED_EDGE('',*,*,#21,.T.);
#21 = EDGE_CURVE('',#22,#24,#26,.T.);
#22 = VERTEX_POINT('',#23);
#23 = CARTESIAN_POINT('',(-20.10821500946,15.856566344393,9.749371867901
    ));
#24 = VERTEX_POINT('',#25);
#25 = CARTESIAN_POINT('',(-20.10821500946,15.856566344393,
    10.149371867901));
#26 = LINE('',#27,#28);
#27 = CARTESIAN_POINT('',(-20.10821500946,15.856566344393,9.749371867901
    ));
#28 = VECTOR('',#29,1.);
#29 = DIRECTION('',(0.,0.,1.));
#30 = ORIENTED_EDGE('',*,*,#31,.F.);
#31 = EDGE_CURVE('',#32,#24,#34,.T.);
#32 = VERTEX_POINT('',#33);
#33 = CARTESIAN_POINT('',(-22.10821500946,15.856566344393,
    10.149371867901));
#34 = CIRCLE('',#35,1.);
#35 = AXIS2_PLACEMENT_3D('',#36,#37,#38);
#36 = CARTESIAN_POINT('',(-21.10821500946,15.856566344393,
    10.149371867901));
#37 = DIRECTION('',(0.,0.,1.));
#38 = DIRECTION('',(1.,0.,0.));
#39 = ORIENTED_EDGE('',*,*,#40,.F.);
#40 = EDGE_CURVE('',#41,#32,#43,.T.);
#41 = VERTEX_POINT('',#42);
#42 = CARTESIAN_POINT('',(-22.10821500946,15.856566344393,9.749371867901
    ));
#43 = LINE('',#44,#45);
#44 = CARTESIAN_POINT('',(-22.10821500946,15.856566344393,9.749371867901
    ));
#45 = VECTOR('',#46,1.);
#46 = DIRECTION('',(0.,0.,1.));
#47 = ORIENTED_EDGE('',*,*,#48,.T.);
#48 = EDGE_CURVE('',#41,#22,#49,.T.);
#49 = CIRCLE('',#50,1.);
#50 = AXIS2_PLACEMENT_3D('',#51,#52,#53);
#51 = CARTESIAN_POINT('',(-21.10821500946,15.856566344393,9.749371867901
    ));
#52 = DIRECTION('',(0.,0.,1.));
#53 = DIRECTION('',(1.,0.,0.));
#54 = CYLINDRICAL_SURFACE('',#55,1.);
#55 = AXIS2_PLACEMENT_3D('',#56,#57,#58);
#56 = CARTESIAN_POINT('',(-21.10821500946,15.856566344393,9.749371867901
    ));
#57 = DIRECTION('',(0.,0.,1.));
#58 = DIRECTION('',(1.,0.,0.));
#59 = ADVANCED_FACE('',(#60),#96,.F.);
#60 = FACE_BOUND('',#61,.F.);
#61 = EDGE_LOOP('',(#62,#72,#81,#89));
#62 = ORIENTED_EDGE('',*,*,#63,.T.);
#63 = EDGE_CURVE('',#64,#66,#68,.T.);
#64 = VERTEX_POINT('',#65);
#65 = CARTESIAN_POINT('',(-16.50821500946,15.856566344393,9.749371867901
    ));
#66 = VERTEX_POINT('',#67);
#67 = CARTESIAN_POINT('',(-16.50821500946,15.856566344393,
    10.149371867901));
#68 = LINE('',#69,#70);
#69 = CARTESIAN_POINT('',(-16.50821500946,15.856566344393,9.749371867901
    ));
#70 = VECTOR('',#71,1.);
#71 = DIRECTION('',(0.,0.,1.));
#72 = ORIENTED_EDGE('',*,*,#73,.F.);
#73 = EDGE_CURVE('',#74,#66,#76,.T.);
#74 = VERTEX_POINT('',#75);
#75 = CARTESIAN_POINT('',(-18.50821500946,15.856566344393,
    10.149371867901));
#76 = CIRCLE('',#77,1.);
#77 = AXIS2_PLACEMENT_3D('',#78,#79,#80);
#78 = CARTESIAN_POINT('',(-17.50821500946,15.856566344393,
    10.149371867901));
#79 = DIRECTION('',(0.,0.,1.));
#80 = DIRECTION('',(1.,0.,0.));
#81 = ORIENTED_EDGE('',*,*,#82,.F.);
#82 = EDGE_CURVE('',#83,#74,#85,.T.);
#83 = VERTEX_POINT('',#84);
#84 = CARTESIAN_POINT('',(-18.50821500946,15.856566344393,9.749371867901
    ));
#85 = LINE('',#86,#87);
#86 = CARTESIAN_POINT('',(-18.50821500946,15.856566344393,9.749371867901
    ));
#87 = VECTOR('',#88,1.);
#88 = DIRECTION('',(0.,0.,1.));
#89 = ORIENTED_EDGE('',*,*,#90,.T.);
#90 = EDGE_CURVE('',#83,#64,#91,.T.);
#91 = CIRCLE('',#92,1.);
#92 = AXIS2_PLACEMENT_3D('',#93,#94,#95);
#93 = CARTESIAN_POINT('',(-17.50821500946,15.856566344393,9.749371867901
    ));
#94 = DIRECTION('',(0.,0.,1.));
#95 = DIRECTION('',(1.,0.,0.));
#96 = CYLINDRICAL_SURFACE('',#97,1.);
#97 = AXIS2_PLACEMENT_3D('',#98,#99,#100);
#98 = CARTESIAN_POINT('',(-17.50821500946,15.856566344393,9.749371867901
    ));
#99 = DIRECTION('',(0.,0.,1.));
#100 = DIRECTION('',(1.,0.,0.));
#101 = ADVANCED_FACE('',(#102),#138,.T.);
#102 = FACE_BOUND('',#103,.T.);
#103 = EDGE_LOOP('',(#104,#115,#123,#132));
#104 = ORIENTED_EDGE('',*,*,#105,.F.);
#105 = EDGE_CURVE('',#106,#108,#110,.T.);
#106 = VERTEX_POINT('',#107);
#107 = CARTESIAN_POINT('',(-24.26975521741,-12.5542558938,
    18.014754653239));
#108 = VERTEX_POINT('',#109);
#109 = CARTESIAN_POINT('',(-24.74289733251,-12.87550552979,
    17.08793529382));
#110 = ( BOUNDED_CURVE() B_SPLINE_CURVE(3,(#111,#112,#113,#114),
.UNSPECIFIED.,.F.,.F.) B_SPLINE_CURVE_WITH_KNOTS((4,4),(1.637800785405,
3.893423061494),.PIECEWISE_BEZIER_KNOTS.) CURVE() 
GEOMETRIC_REPRESENTATION_ITEM() RATIONAL_B_SPLINE_CURVE((1.,
0.619092278463,0.619092278463,1.)) REPRESENTATION_ITEM('') );
#111 = CARTESIAN_POINT('',(-24.26975521741,-12.5542558938,
    18.014754653239));
#112 = CARTESIAN_POINT('',(-24.86638733147,-12.6377122165,
    18.038785612432));
#113 = CARTESIAN_POINT('',(-25.12113778444,-12.81068031144,
    17.539765034692));
#114 = CARTESIAN_POINT('',(-24.74289733251,-12.87550552979,
    17.08793529382));
#115 = ORIENTED_EDGE('',*,*,#116,.T.);
#116 = EDGE_CURVE('',#106,#117,#119,.T.);
#117 = VERTEX_POINT('',#118);
#118 = CARTESIAN_POINT('',(-21.81955739817,9.092181966138,
    11.781737812307));
#119 = LINE('',#120,#121);
#120 = CARTESIAN_POINT('',(-24.64821659581,-15.8977984623,18.97751616036
    ));
#121 = VECTOR('',#122,1.);
#122 = DIRECTION('',(0.108134383926,0.955320506696,-0.275081232545));
#123 = ORIENTED_EDGE('',*,*,#124,.F.);
#124 = EDGE_CURVE('',#125,#117,#127,.T.);
#125 = VERTEX_POINT('',#126);
#126 = CARTESIAN_POINT('',(-22.26249271255,9.037796348053,
    10.778075882825));
#127 = ( BOUNDED_CURVE() B_SPLINE_CURVE(3,(#128,#129,#130,#131),
.UNSPECIFIED.,.F.,.F.) B_SPLINE_CURVE_WITH_KNOTS((4,4),(1.570796326795,
3.826418602883),.PIECEWISE_BEZIER_KNOTS.) CURVE() 
GEOMETRIC_REPRESENTATION_ITEM() RATIONAL_B_SPLINE_CURVE((1.,
0.619092278463,0.619092278463,1.)) REPRESENTATION_ITEM('') );
#128 = CARTESIAN_POINT('',(-22.26249271255,9.037796348053,
    10.778075882825));
#129 = CARTESIAN_POINT('',(-22.65350521215,8.989786049982,11.26239622001
    ));
#130 = CARTESIAN_POINT('',(-22.41501878625,9.019068501068,
    11.802790581452));
#131 = CARTESIAN_POINT('',(-21.81955739817,9.092181966138,
    11.781737812307));
#132 = ORIENTED_EDGE('',*,*,#133,.F.);
#133 = EDGE_CURVE('',#108,#125,#134,.T.);
#134 = LINE('',#135,#136);
#135 = CARTESIAN_POINT('',(-22.31918384759,8.536954692718,
    10.922291503545));
#136 = VECTOR('',#137,1.);
#137 = DIRECTION('',(0.108134383926,0.955320506696,-0.275081232545));
#138 = CYLINDRICAL_SURFACE('',#139,0.6);
#139 = AXIS2_PLACEMENT_3D('',#140,#141,#142);
#140 = CARTESIAN_POINT('',(-24.64821659581,-16.06382070881,
    18.40094299617));
#141 = DIRECTION('',(0.108134383926,0.955320506696,-0.275081232545));
#142 = DIRECTION('',(-1.040834085586E-16,0.276703744182,0.96095527365));
#143 = ADVANCED_FACE('',(#144),#180,.T.);
#144 = FACE_BOUND('',#145,.T.);
#145 = EDGE_LOOP('',(#146,#157,#165,#174));
#146 = ORIENTED_EDGE('',*,*,#147,.F.);
#147 = EDGE_CURVE('',#148,#150,#152,.T.);
#148 = VERTEX_POINT('',#149);
#149 = CARTESIAN_POINT('',(-24.66872370021,-32.72634843243,
    23.692683469805));
#150 = VERTEX_POINT('',#151);
#151 = CARTESIAN_POINT('',(-25.24556088449,-33.05854442116,
    23.202631091085));
#152 = ( BOUNDED_CURVE() B_SPLINE_CURVE(3,(#153,#154,#155,#156),
.UNSPECIFIED.,.F.,.F.) B_SPLINE_CURVE_WITH_KNOTS((4,4),(1.638110132445,
3.141592548985),.PIECEWISE_BEZIER_KNOTS.) CURVE() 
GEOMETRIC_REPRESENTATION_ITEM() RATIONAL_B_SPLINE_CURVE((1.,
0.820333923505,0.820333923505,1.)) REPRESENTATION_ITEM('') );
#153 = CARTESIAN_POINT('',(-24.66872370021,-32.72634843243,
    23.692683469805));
#154 = CARTESIAN_POINT('',(-24.98900511812,-32.83394372255,
    23.721697833712));
#155 = CARTESIAN_POINT('',(-25.22339632872,-32.96892777365,
    23.522570639009));
#156 = CARTESIAN_POINT('',(-25.24556088449,-33.05854442116,
    23.202631091085));
#157 = ORIENTED_EDGE('',*,*,#158,.T.);
#158 = EDGE_CURVE('',#148,#159,#161,.T.);
#159 = VERTEX_POINT('',#160);
#160 = CARTESIAN_POINT('',(-24.89552829368,-31.2217444583,
    23.286948914057));
#161 = LINE('',#162,#163);
#162 = CARTESIAN_POINT('',(-27.85541393544,-11.5860940888,
    17.991959656752));
#163 = VECTOR('',#164,1.);
#164 = DIRECTION('',(-0.144024139646,0.955444903331,-0.25764720821));
#165 = ORIENTED_EDGE('',*,*,#166,.F.);
#166 = EDGE_CURVE('',#167,#159,#169,.T.);
#167 = VERTEX_POINT('',#168);
#168 = CARTESIAN_POINT('',(-25.48792812993,-31.45069902832,
    22.769056245216));
#169 = CIRCLE('',#170,0.6);
#170 = AXIS2_PLACEMENT_3D('',#171,#172,#173);
#171 = CARTESIAN_POINT('',(-24.89552829368,-31.37796147455,
    22.707642221679));
#172 = DIRECTION('',(-0.144024139646,0.955444903331,-0.25764720821));
#173 = DIRECTION('',(-9.020562075079E-17,0.260361693748,0.965511153964)
  );
#174 = ORIENTED_EDGE('',*,*,#175,.F.);
#175 = EDGE_CURVE('',#150,#167,#176,.T.);
#176 = LINE('',#177,#178);
#177 = CARTESIAN_POINT('',(-28.44781377168,-11.81504865882,
    17.474066987911));
#178 = VECTOR('',#179,1.);
#179 = DIRECTION('',(-0.144024139646,0.955444903331,-0.25764720821));
#180 = CYLINDRICAL_SURFACE('',#181,0.6);
#181 = AXIS2_PLACEMENT_3D('',#182,#183,#184);
#182 = CARTESIAN_POINT('',(-27.85541393544,-11.74231110505,
    17.412652964374));
#183 = DIRECTION('',(-0.144024139646,0.955444903331,-0.25764720821));
#184 = DIRECTION('',(-2.151057110211E-16,0.260361693748,0.965511153964)
  );
#185 = ADVANCED_FACE('',(#186),#231,.T.);
#186 = FACE_BOUND('',#187,.T.);
#187 = EDGE_LOOP('',(#188,#199,#207,#216,#225));
#188 = ORIENTED_EDGE('',*,*,#189,.F.);
#189 = EDGE_CURVE('',#190,#192,#194,.T.);
#190 = VERTEX_POINT('',#191);
#191 = CARTESIAN_POINT('',(-25.54295620264,-34.27224799522,
    18.865680700174));
#192 = VERTEX_POINT('',#193);
#193 = CARTESIAN_POINT('',(-25.36064249741,-34.31507119496,
    18.441416631463));
#194 = ( BOUNDED_CURVE() B_SPLINE_CURVE(3,(#195,#196,#197,#198),
.UNSPECIFIED.,.F.,.F.) B_SPLINE_CURVE_WITH_KNOTS((4,4),(2.31392288905,
3.099321052448),.PIECEWISE_BEZIER_KNOTS.) CURVE() 
GEOMETRIC_REPRESENTATION_ITEM() RATIONAL_B_SPLINE_CURVE((1.,
0.949253021674,0.949253021674,1.)) REPRESENTATION_ITEM('') );
#195 = CARTESIAN_POINT('',(-25.54295620264,-34.27224799522,
    18.865680700174));
#196 = CARTESIAN_POINT('',(-25.53811607713,-34.31166765413,
    18.704424038936));
#197 = CARTESIAN_POINT('',(-25.47409601748,-34.32670516213,
    18.555442310136));
#198 = CARTESIAN_POINT('',(-25.36064249741,-34.31507119496,
    18.441416631463));
#199 = ORIENTED_EDGE('',*,*,#200,.T.);
#200 = EDGE_CURVE('',#190,#201,#203,.T.);
#201 = VERTEX_POINT('',#202);
#202 = CARTESIAN_POINT('',(-27.69551026516,-16.74110200515,
    18.865680700174));
#203 = LINE('',#204,#205);
#204 = CARTESIAN_POINT('',(-28.32148271159,-11.64296554706,
    18.865680700174));
#205 = VECTOR('',#206,1.);
#206 = DIRECTION('',(-0.121869343405,0.992546151641,-8.850813742406E-18)
  );
#207 = ORIENTED_EDGE('',*,*,#208,.F.);
#208 = EDGE_CURVE('',#209,#201,#211,.T.);
#209 = VERTEX_POINT('',#210);
#210 = CARTESIAN_POINT('',(-27.89743304992,-14.019274038,18.491100056411
    ));
#211 = ( BOUNDED_CURVE() B_SPLINE_CURVE(3,(#212,#213,#214,#215),
.UNSPECIFIED.,.F.,.F.) B_SPLINE_CURVE_WITH_KNOTS((4,4),(0.794023532584,
1.468260042885),.PIECEWISE_BEZIER_KNOTS.) CURVE() 
GEOMETRIC_REPRESENTATION_ITEM() RATIONAL_B_SPLINE_CURVE((1.,
0.962474516253,0.962474516253,1.)) REPRESENTATION_ITEM('') );
#212 = CARTESIAN_POINT('',(-27.89743304992,-14.019274038,18.491100056411
    ));
#213 = CARTESIAN_POINT('',(-27.89192923255,-14.76829749819,
    18.598486313872));
#214 = CARTESIAN_POINT('',(-27.82199741225,-15.71094686057,
    18.728214646913));
#215 = CARTESIAN_POINT('',(-27.69551026516,-16.74110200515,
    18.865680700174));
#216 = ORIENTED_EDGE('',*,*,#217,.F.);
#217 = EDGE_CURVE('',#218,#209,#220,.T.);
#218 = VERTEX_POINT('',#219);
#219 = CARTESIAN_POINT('',(-27.85185165215,-14.02580081424,
    18.441416631463));
#220 = ( BOUNDED_CURVE() B_SPLINE_CURVE(3,(#221,#222,#223,#224),
.UNSPECIFIED.,.F.,.F.) B_SPLINE_CURVE_WITH_KNOTS((4,4),(3.824454533076,
3.935616186172),.PIECEWISE_BEZIER_KNOTS.) CURVE() 
GEOMETRIC_REPRESENTATION_ITEM() RATIONAL_B_SPLINE_CURVE((1.,
0.998970522305,0.998970522305,1.)) REPRESENTATION_ITEM('') );
#221 = CARTESIAN_POINT('',(-27.85185165215,-14.02580081424,
    18.441416631463));
#222 = CARTESIAN_POINT('',(-27.86792185026,-14.02398180035,
    18.45714536273));
#223 = CARTESIAN_POINT('',(-27.88313130732,-14.02180396624,
    18.473723571275));
#224 = CARTESIAN_POINT('',(-27.89743304992,-14.019274038,18.491100056411
    ));
#225 = ORIENTED_EDGE('',*,*,#226,.F.);
#226 = EDGE_CURVE('',#192,#218,#227,.T.);
#227 = LINE('',#228,#229);
#228 = CARTESIAN_POINT('',(-27.85773673006,-13.97787070095,
    18.441416631463));
#229 = VECTOR('',#230,1.);
#230 = DIRECTION('',(-0.121869343405,0.992546151641,-6.641262409364E-18)
  );
#231 = CYLINDRICAL_SURFACE('',#232,0.6);
#232 = AXIS2_PLACEMENT_3D('',#233,#234,#235);
#233 = CARTESIAN_POINT('',(-27.7259550206,-11.56984394101,
    18.865680700174));
#234 = DIRECTION('',(-0.121869343405,0.992546151641,-8.850813742406E-18)
  );
#235 = DIRECTION('',(-0.992546151641,-0.121869343405,-6.740754805355E-33
    ));
#236 = ADVANCED_FACE('',(#237),#273,.F.);
#237 = FACE_BOUND('',#238,.F.);
#238 = EDGE_LOOP('',(#239,#249,#258,#266));
#239 = ORIENTED_EDGE('',*,*,#240,.T.);
#240 = EDGE_CURVE('',#241,#243,#245,.T.);
#241 = VERTEX_POINT('',#242);
#242 = CARTESIAN_POINT('',(-15.65775765136,-21.93713651387,
    19.631412044249));
#243 = VERTEX_POINT('',#244);
#244 = CARTESIAN_POINT('',(-15.63113292595,-22.21466145009,
    20.123622399456));
#245 = LINE('',#246,#247);
#246 = CARTESIAN_POINT('',(-15.65775765136,-21.93713651387,
    19.631412044249));
#247 = VECTOR('',#248,1.);
#248 = DIRECTION('',(4.706630971764E-02,-0.490599410876,0.870113199841)
  );
#249 = ORIENTED_EDGE('',*,*,#250,.T.);
#250 = EDGE_CURVE('',#243,#251,#253,.T.);
#251 = VERTEX_POINT('',#252);
#252 = CARTESIAN_POINT('',(-15.63113292595,-19.61472943426,
    19.395368657261));
#253 = CIRCLE('',#254,1.35);
#254 = AXIS2_PLACEMENT_3D('',#255,#256,#257);
#255 = CARTESIAN_POINT('',(-15.63113292595,-20.91469544218,
    19.759495528358));
#256 = DIRECTION('',(-6.656181353355E-02,-0.269125443091,-0.960802279795
    ));
#257 = DIRECTION('',(7.979727989493E-17,0.962937783644,-0.26972360822));
#258 = ORIENTED_EDGE('',*,*,#259,.F.);
#259 = EDGE_CURVE('',#260,#251,#262,.T.);
#260 = VERTEX_POINT('',#261);
#261 = CARTESIAN_POINT('',(-15.65775765136,-20.10755472495,
    19.118937188631));
#262 = LINE('',#263,#264);
#263 = CARTESIAN_POINT('',(-15.65775765136,-20.10755472495,
    19.118937188631));
#264 = VECTOR('',#265,1.);
#265 = DIRECTION('',(4.706630971764E-02,0.871200262475,0.488666415004));
#266 = ORIENTED_EDGE('',*,*,#267,.T.);
#267 = EDGE_CURVE('',#260,#241,#268,.T.);
#268 = CIRCLE('',#269,0.95);
#269 = AXIS2_PLACEMENT_3D('',#270,#271,#272);
#270 = CARTESIAN_POINT('',(-15.65775765136,-21.02234561941,
    19.37517461644));
#271 = DIRECTION('',(6.656181353354E-02,0.269125443091,0.960802279795));
#272 = DIRECTION('',(-1.734723475977E-17,0.962937783644,-0.26972360822)
  );
#273 = CONICAL_SURFACE('',#274,0.95,0.785398163397);
#274 = AXIS2_PLACEMENT_3D('',#275,#276,#277);
#275 = CARTESIAN_POINT('',(-15.65775765136,-21.02234561941,
    19.37517461644));
#276 = DIRECTION('',(6.656181353354E-02,0.269125443091,0.960802279795));
#277 = DIRECTION('',(1.734723475977E-17,-0.962937783644,0.26972360822));
#278 = ADVANCED_FACE('',(#279),#315,.F.);
#279 = FACE_BOUND('',#280,.F.);
#280 = EDGE_LOOP('',(#281,#291,#300,#308));
#281 = ORIENTED_EDGE('',*,*,#282,.T.);
#282 = EDGE_CURVE('',#283,#285,#287,.T.);
#283 = VERTEX_POINT('',#284);
#284 = CARTESIAN_POINT('',(-15.26352276029,-8.982613176525,
    15.975474817229));
#285 = VERTEX_POINT('',#286);
#286 = CARTESIAN_POINT('',(-15.23689803487,-9.260138112746,
    16.467685172435));
#287 = LINE('',#288,#289);
#288 = CARTESIAN_POINT('',(-15.26352276029,-8.982613176525,
    15.975474817229));
#289 = VECTOR('',#290,1.);
#290 = DIRECTION('',(4.706630971764E-02,-0.490599410876,0.870113199841)
  );
#291 = ORIENTED_EDGE('',*,*,#292,.T.);
#292 = EDGE_CURVE('',#285,#293,#295,.T.);
#293 = VERTEX_POINT('',#294);
#294 = CARTESIAN_POINT('',(-15.23689803487,-6.660206096908,
    15.73943143024));
#295 = CIRCLE('',#296,1.35);
#296 = AXIS2_PLACEMENT_3D('',#297,#298,#299);
#297 = CARTESIAN_POINT('',(-15.23689803487,-7.960172104827,
    16.103558301338));
#298 = DIRECTION('',(-6.656181353355E-02,-0.269125443091,-0.960802279795
    ));
#299 = DIRECTION('',(4.51028103754E-17,0.962937783644,-0.26972360822));
#300 = ORIENTED_EDGE('',*,*,#301,.F.);
#301 = EDGE_CURVE('',#302,#293,#304,.T.);
#302 = VERTEX_POINT('',#303);
#303 = CARTESIAN_POINT('',(-15.26352276029,-7.153031387602,
    15.46299996161));
#304 = LINE('',#305,#306);
#305 = CARTESIAN_POINT('',(-15.26352276029,-7.153031387602,
    15.46299996161));
#306 = VECTOR('',#307,1.);
#307 = DIRECTION('',(4.706630971764E-02,0.871200262475,0.488666415004));
#308 = ORIENTED_EDGE('',*,*,#309,.T.);
#309 = EDGE_CURVE('',#302,#283,#310,.T.);
#310 = CIRCLE('',#311,0.95);
#311 = AXIS2_PLACEMENT_3D('',#312,#313,#314);
#312 = CARTESIAN_POINT('',(-15.26352276029,-8.067822282064,
    15.71923738942));
#313 = DIRECTION('',(6.656181353355E-02,0.269125443091,0.960802279795));
#314 = DIRECTION('',(-5.20417042793E-17,0.962937783644,-0.26972360822));
#315 = CONICAL_SURFACE('',#316,0.95,0.785398163397);
#316 = AXIS2_PLACEMENT_3D('',#317,#318,#319);
#317 = CARTESIAN_POINT('',(-15.26352276029,-8.067822282064,
    15.71923738942));
#318 = DIRECTION('',(6.656181353355E-02,0.269125443091,0.960802279795));
#319 = DIRECTION('',(5.20417042793E-17,-0.962937783644,0.26972360822));
#320 = ADVANCED_FACE('',(#321),#357,.F.);
#321 = FACE_BOUND('',#322,.F.);
#322 = EDGE_LOOP('',(#323,#333,#342,#350));
#323 = ORIENTED_EDGE('',*,*,#324,.F.);
#324 = EDGE_CURVE('',#325,#327,#329,.T.);
#325 = VERTEX_POINT('',#326);
#326 = CARTESIAN_POINT('',(-11.45951163883,32.317614502273,
    6.149371867901));
#327 = VERTEX_POINT('',#328);
#328 = CARTESIAN_POINT('',(-11.45951163883,32.317614502273,
    6.549371867901));
#329 = LINE('',#330,#331);
#330 = CARTESIAN_POINT('',(-11.45951163883,32.317614502273,
    6.549371867901));
#331 = VECTOR('',#332,1.);
#332 = DIRECTION('',(8.881784197001E-16,0.,1.));
#333 = ORIENTED_EDGE('',*,*,#334,.T.);
#334 = EDGE_CURVE('',#325,#335,#337,.T.);
#335 = VERTEX_POINT('',#336);
#336 = CARTESIAN_POINT('',(-11.54958156497,32.689547315844,
    6.149371867901));
#337 = CIRCLE('',#338,0.5);
#338 = AXIS2_PLACEMENT_3D('',#339,#340,#341);
#339 = CARTESIAN_POINT('',(-11.95350922331,32.394856890428,
    6.149371867901));
#340 = DIRECTION('',(2.439981185136E-16,-3.344444886874E-16,1.));
#341 = DIRECTION('',(0.80785531667,0.589380850832,-2.440538425528E-30));
#342 = ORIENTED_EDGE('',*,*,#343,.F.);
#343 = EDGE_CURVE('',#344,#335,#346,.T.);
#344 = VERTEX_POINT('',#345);
#345 = CARTESIAN_POINT('',(-11.54958156497,32.689547315844,
    6.549371867901));
#346 = LINE('',#347,#348);
#347 = CARTESIAN_POINT('',(-11.54958156497,32.689547315844,
    6.549371867901));
#348 = VECTOR('',#349,1.);
#349 = DIRECTION('',(-3.085263487603E-16,4.228923468194E-16,-1.));
#350 = ORIENTED_EDGE('',*,*,#351,.F.);
#351 = EDGE_CURVE('',#327,#344,#352,.T.);
#352 = CIRCLE('',#353,0.5);
#353 = AXIS2_PLACEMENT_3D('',#354,#355,#356);
#354 = CARTESIAN_POINT('',(-11.95350922331,32.394856890428,
    6.549371867901));
#355 = DIRECTION('',(2.439981185136E-16,-3.344444886874E-16,1.));
#356 = DIRECTION('',(0.80785531667,0.589380850832,-2.440538425528E-30));
#357 = CYLINDRICAL_SURFACE('',#358,0.5);
#358 = AXIS2_PLACEMENT_3D('',#359,#360,#361);
#359 = CARTESIAN_POINT('',(-11.95350922331,32.394856890428,
    6.549371867901));
#360 = DIRECTION('',(-3.085263487603E-16,4.228923468194E-16,-1.));
#361 = DIRECTION('',(0.80785531667,0.589380850832,-2.859620781426E-30));
#362 = ADVANCED_FACE('',(#363),#391,.F.);
#363 = FACE_BOUND('',#364,.F.);
#364 = EDGE_LOOP('',(#365,#376,#384));
#365 = ORIENTED_EDGE('',*,*,#366,.F.);
#366 = EDGE_CURVE('',#367,#369,#371,.T.);
#367 = VERTEX_POINT('',#368);
#368 = CARTESIAN_POINT('',(-12.86887341376,29.777282475213,
    6.842265086714));
#369 = VERTEX_POINT('',#370);
#370 = CARTESIAN_POINT('',(-12.56385656897,31.727993582856,
    6.633771635961));
#371 = ( BOUNDED_CURVE() B_SPLINE_CURVE(3,(#372,#373,#374,#375),
.UNSPECIFIED.,.F.,.F.) B_SPLINE_CURVE_WITH_KNOTS((4,4),(0.785398163397,
1.156998173466),.PIECEWISE_BEZIER_KNOTS.) CURVE() 
GEOMETRIC_REPRESENTATION_ITEM() RATIONAL_B_SPLINE_CURVE((1.,
0.988525851966,0.988525851966,1.)) REPRESENTATION_ITEM('') );
#372 = CARTESIAN_POINT('',(-12.86887341376,29.777282475213,
    6.842265086714));
#373 = CARTESIAN_POINT('',(-12.78077874812,30.340684942087,
    6.754170384554));
#374 = CARTESIAN_POINT('',(-12.67792632257,30.998469495306,
    6.683865883382));
#375 = CARTESIAN_POINT('',(-12.56385656897,31.727993582856,
    6.633771635961));
#376 = ORIENTED_EDGE('',*,*,#377,.F.);
#377 = EDGE_CURVE('',#378,#367,#380,.T.);
#378 = VERTEX_POINT('',#379);
#379 = CARTESIAN_POINT('',(-12.8688735402,31.727993563087,6.842265086714
    ));
#380 = LINE('',#381,#382);
#381 = CARTESIAN_POINT('',(-12.8688730855,24.712607198999,6.842265086714
    ));
#382 = VECTOR('',#383,1.);
#383 = DIRECTION('',(6.481437765085E-08,-1.,-1.562440172881E-15));
#384 = ORIENTED_EDGE('',*,*,#385,.T.);
#385 = EDGE_CURVE('',#378,#369,#386,.T.);
#386 = CIRCLE('',#387,1.);
#387 = AXIS2_PLACEMENT_3D('',#388,#389,#390);
#388 = CARTESIAN_POINT('',(-12.16176675901,31.727993608917,
    7.549371867901));
#389 = DIRECTION('',(6.481437608841E-08,-1.,0.));
#390 = DIRECTION('',(-1.,-6.481437608841E-08,1.734723475977E-15));
#391 = CYLINDRICAL_SURFACE('',#392,1.);
#392 = AXIS2_PLACEMENT_3D('',#393,#394,#395);
#393 = CARTESIAN_POINT('',(-12.16176630431,24.71260724483,7.549371867901
    ));
#394 = DIRECTION('',(6.481437765085E-08,-1.,-1.562440172881E-15));
#395 = DIRECTION('',(-0.707106781187,-4.583068485049E-08,-0.707106781187
    ));
#396 = ADVANCED_FACE('',(#397),#433,.T.);
#397 = FACE_BOUND('',#398,.T.);
#398 = EDGE_LOOP('',(#399,#410,#418,#427));
#399 = ORIENTED_EDGE('',*,*,#400,.T.);
#400 = EDGE_CURVE('',#401,#403,#405,.T.);
#401 = VERTEX_POINT('',#402);
#402 = CARTESIAN_POINT('',(-13.51553727368,25.64159490266,9.565334787046
    ));
#403 = VERTEX_POINT('',#404);
#404 = CARTESIAN_POINT('',(-13.38584121998,26.471055756668,
    9.934505639922));
#405 = ( BOUNDED_CURVE() B_SPLINE_CURVE(3,(#406,#407,#408,#409),
.UNSPECIFIED.,.F.,.F.) B_SPLINE_CURVE_WITH_KNOTS((4,4),(5.637694743895,
6.100347625651),.PIECEWISE_BEZIER_KNOTS.) CURVE() 
GEOMETRIC_REPRESENTATION_ITEM() RATIONAL_B_SPLINE_CURVE((1.,
0.982242093221,0.982242093221,1.)) REPRESENTATION_ITEM('') );
#406 = CARTESIAN_POINT('',(-13.51553727368,25.64159490266,9.565334787046
    ));
#407 = CARTESIAN_POINT('',(-13.47713194018,25.887213175617,
    9.752620082996));
#408 = CARTESIAN_POINT('',(-13.43311833274,26.168698721028,
    9.877901774555));
#409 = CARTESIAN_POINT('',(-13.38584121998,26.471055756668,
    9.934505639922));
#410 = ORIENTED_EDGE('',*,*,#411,.T.);
#411 = EDGE_CURVE('',#403,#412,#414,.T.);
#412 = VERTEX_POINT('',#413);
#413 = CARTESIAN_POINT('',(-17.54720644654,27.121734622687,
    10.040543146425));
#414 = LINE('',#415,#416);
#415 = CARTESIAN_POINT('',(-15.13641217673,26.74477831237,9.979112678503
    ));
#416 = VECTOR('',#417,1.);
#417 = DIRECTION('',(-0.987682218619,0.154435842808,2.516754814306E-02)
  );
#418 = ORIENTED_EDGE('',*,*,#419,.T.);
#419 = EDGE_CURVE('',#412,#420,#422,.T.);
#420 = VERTEX_POINT('',#421);
#421 = CARTESIAN_POINT('',(-17.67690250024,26.292273768679,
    9.671372293549));
#422 = ( BOUNDED_CURVE() B_SPLINE_CURVE(3,(#423,#424,#425,#426),
.UNSPECIFIED.,.F.,.F.) B_SPLINE_CURVE_WITH_KNOTS((4,4),(0.182837681529,
0.645490563284),.PIECEWISE_BEZIER_KNOTS.) CURVE() 
GEOMETRIC_REPRESENTATION_ITEM() RATIONAL_B_SPLINE_CURVE((1.,
0.982242093221,0.982242093221,1.)) REPRESENTATION_ITEM('') );
#423 = CARTESIAN_POINT('',(-17.54720644654,27.121734622687,
    10.040543146425));
#424 = CARTESIAN_POINT('',(-17.59448355931,26.819377587047,
    9.983939281058));
#425 = CARTESIAN_POINT('',(-17.63849716675,26.537892041636,9.8586575895)
  );
#426 = CARTESIAN_POINT('',(-17.67690250024,26.292273768679,
    9.671372293549));
#427 = ORIENTED_EDGE('',*,*,#428,.T.);
#428 = EDGE_CURVE('',#420,#401,#429,.T.);
#429 = LINE('',#430,#431);
#430 = CARTESIAN_POINT('',(-15.27528490959,25.916752341115,
    9.610175660468));
#431 = VECTOR('',#432,1.);
#432 = DIRECTION('',(0.987682218619,-0.154435842808,-2.516754814306E-02)
  );
#433 = CYLINDRICAL_SURFACE('',#434,2.);
#434 = AXIS2_PLACEMENT_3D('',#435,#436,#437);
#435 = CARTESIAN_POINT('',(-15.12913702506,27.111700620388,
    8.013072218073));
#436 = DIRECTION('',(-0.987682218619,0.154435842808,2.516754814306E-02)
  );
#437 = DIRECTION('',(-3.637575836265E-03,-0.183461154009,0.983020230215)
  );
#438 = ADVANCED_FACE('',(#439),#475,.T.);
#439 = FACE_BOUND('',#440,.T.);
#440 = EDGE_LOOP('',(#441,#452,#460,#469));
#441 = ORIENTED_EDGE('',*,*,#442,.T.);
#442 = EDGE_CURVE('',#443,#445,#447,.T.);
#443 = VERTEX_POINT('',#444);
#444 = CARTESIAN_POINT('',(-18.48558070535,34.066695746055,
    6.549371867901));
#445 = VERTEX_POINT('',#446);
#446 = CARTESIAN_POINT('',(-18.14778366915,34.671975662367,
    6.549371867901));
#447 = CIRCLE('',#448,1.);
#448 = AXIS2_PLACEMENT_3D('',#449,#450,#451);
#449 = CARTESIAN_POINT('',(-17.49758553639,33.912210969745,
    6.549371867901));
#450 = DIRECTION('',(-5.387387089477E-16,-4.610465661343E-16,-1.));
#451 = DIRECTION('',(-0.65019813276,0.759764692622,-1.281898970984E-30)
  );
#452 = ORIENTED_EDGE('',*,*,#453,.T.);
#453 = EDGE_CURVE('',#445,#454,#456,.T.);
#454 = VERTEX_POINT('',#455);
#455 = CARTESIAN_POINT('',(-18.14778366915,34.671975662367,
    5.949371867901));
#456 = LINE('',#457,#458);
#457 = CARTESIAN_POINT('',(-18.14778366915,34.671975662367,
    6.249371867901));
#458 = VECTOR('',#459,1.);
#459 = DIRECTION('',(0.,0.,-1.));
#460 = ORIENTED_EDGE('',*,*,#461,.T.);
#461 = EDGE_CURVE('',#454,#462,#464,.T.);
#462 = VERTEX_POINT('',#463);
#463 = CARTESIAN_POINT('',(-18.48558070535,34.066695746055,
    5.949371867901));
#464 = CIRCLE('',#465,1.);
#465 = AXIS2_PLACEMENT_3D('',#466,#467,#468);
#466 = CARTESIAN_POINT('',(-17.49758553639,33.912210969745,
    5.949371867901));
#467 = DIRECTION('',(5.387387089477E-16,4.610465661343E-16,1.));
#468 = DIRECTION('',(-0.65019813276,0.759764692622,-1.281898970984E-30)
  );
#469 = ORIENTED_EDGE('',*,*,#470,.T.);
#470 = EDGE_CURVE('',#462,#443,#471,.T.);
#471 = LINE('',#472,#473);
#472 = CARTESIAN_POINT('',(-18.48558070535,34.066695746055,
    6.249371867901));
#473 = VECTOR('',#474,1.);
#474 = DIRECTION('',(0.,0.,1.));
#475 = CYLINDRICAL_SURFACE('',#476,1.);
#476 = AXIS2_PLACEMENT_3D('',#477,#478,#479);
#477 = CARTESIAN_POINT('',(-17.49758553639,33.912210969745,
    6.249371867901));
#478 = DIRECTION('',(0.,0.,-1.));
#479 = DIRECTION('',(-0.65019813276,0.759764692622,0.));
#480 = ADVANCED_FACE('',(#481),#507,.F.);
#481 = FACE_BOUND('',#482,.F.);
#482 = EDGE_LOOP('',(#483,#491,#500,#506));
#483 = ORIENTED_EDGE('',*,*,#484,.T.);
#484 = EDGE_CURVE('',#325,#485,#487,.T.);
#485 = VERTEX_POINT('',#486);
#486 = CARTESIAN_POINT('',(-11.26191260504,32.286717547011,
    5.949371867901));
#487 = LINE('',#488,#489);
#488 = CARTESIAN_POINT('',(-11.45951163883,32.317614502273,
    6.149371867901));
#489 = VECTOR('',#490,1.);
#490 = DIRECTION('',(0.698618083751,-0.109237232919,-0.707106781187));
#491 = ORIENTED_EDGE('',*,*,#492,.F.);
#492 = EDGE_CURVE('',#493,#485,#495,.T.);
#493 = VERTEX_POINT('',#494);
#494 = CARTESIAN_POINT('',(-11.38801050164,32.80742348601,5.949371867901
    ));
#495 = CIRCLE('',#496,0.7);
#496 = AXIS2_PLACEMENT_3D('',#497,#498,#499);
#497 = CARTESIAN_POINT('',(-11.95350922331,32.394856890428,
    5.949371867901));
#498 = DIRECTION('',(-8.445535056805E-16,-1.03698131354E-16,-1.));
#499 = DIRECTION('',(0.80785531667,0.589380850832,-7.433947326635E-16));
#500 = ORIENTED_EDGE('',*,*,#501,.F.);
#501 = EDGE_CURVE('',#335,#493,#502,.T.);
#502 = LINE('',#503,#504);
#503 = CARTESIAN_POINT('',(-11.46879603331,32.748485400927,
    6.049371867901));
#504 = VECTOR('',#505,1.);
#505 = DIRECTION('',(0.571239972635,0.416755196325,-0.707106781187));
#506 = ORIENTED_EDGE('',*,*,#334,.F.);
#507 = CONICAL_SURFACE('',#508,0.6,0.785398163397);
#508 = AXIS2_PLACEMENT_3D('',#509,#510,#511);
#509 = CARTESIAN_POINT('',(-11.95350922331,32.394856890428,
    6.049371867901));
#510 = DIRECTION('',(-3.503239758473E-16,-2.555831950242E-16,-1.));
#511 = DIRECTION('',(0.80785531667,0.589380850832,-4.33646927387E-16));
#512 = ADVANCED_FACE('',(#513),#549,.F.);
#513 = FACE_BOUND('',#514,.F.);
#514 = EDGE_LOOP('',(#515,#525,#534,#542));
#515 = ORIENTED_EDGE('',*,*,#516,.T.);
#516 = EDGE_CURVE('',#517,#519,#521,.T.);
#517 = VERTEX_POINT('',#518);
#518 = CARTESIAN_POINT('',(-16.60887203436,33.122778144602,
    6.149371867901));
#519 = VERTEX_POINT('',#520);
#520 = CARTESIAN_POINT('',(-16.41127300056,33.09188118934,5.949371867901
    ));
#521 = LINE('',#522,#523);
#522 = CARTESIAN_POINT('',(-16.60887203436,33.122778144602,
    6.149371867901));
#523 = VECTOR('',#524,1.);
#524 = DIRECTION('',(0.698618083751,-0.109237232919,-0.707106781187));
#525 = ORIENTED_EDGE('',*,*,#526,.F.);
#526 = EDGE_CURVE('',#527,#519,#529,.T.);
#527 = VERTEX_POINT('',#528);
#528 = CARTESIAN_POINT('',(-16.53737089717,33.612587128339,
    5.949371867901));
#529 = CIRCLE('',#530,0.7);
#530 = AXIS2_PLACEMENT_3D('',#531,#532,#533);
#531 = CARTESIAN_POINT('',(-17.10286961884,33.200020532756,
    5.949371867901));
#532 = DIRECTION('',(-8.445535056805E-16,-1.03698131354E-16,-1.));
#533 = DIRECTION('',(0.80785531667,0.589380850832,-7.433947326635E-16));
#534 = ORIENTED_EDGE('',*,*,#535,.F.);
#535 = EDGE_CURVE('',#536,#527,#538,.T.);
#536 = VERTEX_POINT('',#537);
#537 = CARTESIAN_POINT('',(-16.6989419605,33.494710958173,6.149371867901
    ));
#538 = LINE('',#539,#540);
#539 = CARTESIAN_POINT('',(-16.61815642883,33.553649043256,
    6.049371867901));
#540 = VECTOR('',#541,1.);
#541 = DIRECTION('',(0.571239972635,0.416755196325,-0.707106781187));
#542 = ORIENTED_EDGE('',*,*,#543,.F.);
#543 = EDGE_CURVE('',#517,#536,#544,.T.);
#544 = CIRCLE('',#545,0.5);
#545 = AXIS2_PLACEMENT_3D('',#546,#547,#548);
#546 = CARTESIAN_POINT('',(-17.10286961884,33.200020532756,
    6.149371867901));
#547 = DIRECTION('',(2.439981185136E-16,-3.344444886874E-16,1.));
#548 = DIRECTION('',(0.80785531667,0.589380850832,-7.642090019329E-31));
#549 = CONICAL_SURFACE('',#550,0.6,0.785398163397);
#550 = AXIS2_PLACEMENT_3D('',#551,#552,#553);
#551 = CARTESIAN_POINT('',(-17.10286961884,33.200020532756,
    6.049371867901));
#552 = DIRECTION('',(-3.503239758473E-16,-2.555831950242E-16,-1.));
#553 = DIRECTION('',(0.80785531667,0.589380850832,-4.33646927387E-16));
#554 = ADVANCED_FACE('',(#555),#585,.T.);
#555 = FACE_BOUND('',#556,.T.);
#556 = EDGE_LOOP('',(#557,#568,#576));
#557 = ORIENTED_EDGE('',*,*,#558,.F.);
#558 = EDGE_CURVE('',#559,#561,#563,.T.);
#559 = VERTEX_POINT('',#560);
#560 = CARTESIAN_POINT('',(-16.36474249254,32.788153516001,
    7.549371867901));
#561 = VERTEX_POINT('',#562);
#562 = CARTESIAN_POINT('',(-15.7162011587,32.978546684054,7.549371867901
    ));
#563 = CIRCLE('',#564,1.);
#564 = AXIS2_PLACEMENT_3D('',#565,#566,#567);
#565 = CARTESIAN_POINT('',(-15.77536164171,31.980298199331,
    7.549371867901));
#566 = DIRECTION('',(-8.45934458742E-16,-1.018052801165E-16,-1.));
#567 = DIRECTION('',(-0.589380850832,0.80785531667,4.163336342344E-16));
#568 = ORIENTED_EDGE('',*,*,#569,.T.);
#569 = EDGE_CURVE('',#559,#570,#572,.T.);
#570 = VERTEX_POINT('',#571);
#571 = CARTESIAN_POINT('',(-16.36474249254,32.788153516001,
    8.308573238831));
#572 = LINE('',#573,#574);
#573 = CARTESIAN_POINT('',(-16.36474249254,32.788153516001,
    6.549371867901));
#574 = VECTOR('',#575,1.);
#575 = DIRECTION('',(6.826454547302E-17,4.980324454433E-17,1.));
#576 = ORIENTED_EDGE('',*,*,#577,.F.);
#577 = EDGE_CURVE('',#561,#570,#578,.T.);
#578 = B_SPLINE_CURVE_WITH_KNOTS('',3,(#579,#580,#581,#582,#583,#584),
  .UNSPECIFIED.,.F.,.F.,(4,2,4),(-1.964502939972E-03,-1.449124123208E-03
    ,-9.337453064436E-04),.UNSPECIFIED.);
#579 = CARTESIAN_POINT('',(-15.7162011587,32.978546684054,7.549371867901
    ));
#580 = CARTESIAN_POINT('',(-15.82534024858,32.985014734215,
    7.681047131557));
#581 = CARTESIAN_POINT('',(-15.9350662361,32.973995671956,7.810537593359
    ));
#582 = CARTESIAN_POINT('',(-16.15417403183,32.912736614276,
    8.066019402083));
#583 = CARTESIAN_POINT('',(-16.26350614132,32.862011749754,
    8.191824365398));
#584 = CARTESIAN_POINT('',(-16.36474249254,32.788153516001,
    8.308573238831));
#585 = CYLINDRICAL_SURFACE('',#586,1.);
#586 = AXIS2_PLACEMENT_3D('',#587,#588,#589);
#587 = CARTESIAN_POINT('',(-15.77536164171,31.980298199331,
    6.549371867901));
#588 = DIRECTION('',(6.826454547302E-17,4.980324454433E-17,1.));
#589 = DIRECTION('',(-0.589380850832,0.80785531667,2.588449845256E-31));
#590 = ADVANCED_FACE('',(#591),#636,.F.);
#591 = FACE_BOUND('',#592,.F.);
#592 = EDGE_LOOP('',(#593,#603,#612,#623,#629));
#593 = ORIENTED_EDGE('',*,*,#594,.F.);
#594 = EDGE_CURVE('',#595,#597,#599,.T.);
#595 = VERTEX_POINT('',#596);
#596 = CARTESIAN_POINT('',(-17.59686720332,33.277262920913,
    6.549371867901));
#597 = VERTEX_POINT('',#598);
#598 = CARTESIAN_POINT('',(-17.59686720332,33.277262920913,
    6.149371867901));
#599 = LINE('',#600,#601);
#600 = CARTESIAN_POINT('',(-17.59686720332,33.277262920913,
    6.549371867901));
#601 = VECTOR('',#602,1.);
#602 = DIRECTION('',(-8.881784197001E-16,0.,-1.));
#603 = ORIENTED_EDGE('',*,*,#604,.F.);
#604 = EDGE_CURVE('',#605,#595,#607,.T.);
#605 = VERTEX_POINT('',#606);
#606 = CARTESIAN_POINT('',(-16.8799669936,33.647585522073,6.549371867901
    ));
#607 = CIRCLE('',#608,0.5);
#608 = AXIS2_PLACEMENT_3D('',#609,#610,#611);
#609 = CARTESIAN_POINT('',(-17.10286961884,33.200020532756,
    6.549371867901));
#610 = DIRECTION('',(2.439981185136E-16,-3.344444886874E-16,1.));
#611 = DIRECTION('',(0.80785531667,0.589380850832,-7.642090019329E-31));
#612 = ORIENTED_EDGE('',*,*,#613,.T.);
#613 = EDGE_CURVE('',#605,#614,#616,.T.);
#614 = VERTEX_POINT('',#615);
#615 = CARTESIAN_POINT('',(-16.6989290253,33.494718376009,6.575293538229
    ));
#616 = B_SPLINE_CURVE_WITH_KNOTS('',3,(#617,#618,#619,#620,#621,#622),
  .UNSPECIFIED.,.F.,.F.,(4,2,4),(0.,0.178572252165,0.357144504329),
  .UNSPECIFIED.);
#617 = CARTESIAN_POINT('',(-16.8799669936,33.647585522073,6.549371867901
    ));
#618 = CARTESIAN_POINT('',(-16.84256693628,33.628959018306,
    6.549371867901));
#619 = CARTESIAN_POINT('',(-16.80906011379,33.606540158653,
    6.551337297541));
#620 = CARTESIAN_POINT('',(-16.74937409426,33.555792364944,
    6.559636891814));
#621 = CARTESIAN_POINT('',(-16.72182803419,33.526119246698,
    6.566292549384));
#622 = CARTESIAN_POINT('',(-16.6989290253,33.494718376009,6.575293538229
    ));
#623 = ORIENTED_EDGE('',*,*,#624,.F.);
#624 = EDGE_CURVE('',#536,#614,#625,.T.);
#625 = LINE('',#626,#627);
#626 = CARTESIAN_POINT('',(-16.6989419605,33.494710958173,6.549371867901
    ));
#627 = VECTOR('',#628,1.);
#628 = DIRECTION('',(-5.718299902954E-17,7.837986206021E-17,1.));
#629 = ORIENTED_EDGE('',*,*,#630,.T.);
#630 = EDGE_CURVE('',#536,#597,#631,.T.);
#631 = CIRCLE('',#632,0.5);
#632 = AXIS2_PLACEMENT_3D('',#633,#634,#635);
#633 = CARTESIAN_POINT('',(-17.10286961884,33.200020532756,
    6.149371867901));
#634 = DIRECTION('',(2.439981185136E-16,-3.344444886874E-16,1.));
#635 = DIRECTION('',(0.80785531667,0.589380850832,-7.642090019329E-31));
#636 = CYLINDRICAL_SURFACE('',#637,0.5);
#637 = AXIS2_PLACEMENT_3D('',#638,#639,#640);
#638 = CARTESIAN_POINT('',(-17.10286961884,33.200020532756,
    6.549371867901));
#639 = DIRECTION('',(-5.718299902954E-17,7.837986206021E-17,1.));
#640 = DIRECTION('',(0.80785531667,0.589380850832,2.157041537714E-31));
#641 = ADVANCED_FACE('',(#642),#678,.F.);
#642 = FACE_BOUND('',#643,.F.);
#643 = EDGE_LOOP('',(#644,#654,#663,#671));
#644 = ORIENTED_EDGE('',*,*,#645,.F.);
#645 = EDGE_CURVE('',#646,#648,#650,.T.);
#646 = VERTEX_POINT('',#647);
#647 = CARTESIAN_POINT('',(-13.85279720639,33.703983817209,
    6.549371867901));
#648 = VERTEX_POINT('',#649);
#649 = CARTESIAN_POINT('',(-15.46639208909,33.956288537252,
    6.549371867901));
#650 = LINE('',#651,#652);
#651 = CARTESIAN_POINT('',(-14.93767220276,33.873616904904,
    6.549371867901));
#652 = VECTOR('',#653,1.);
#653 = DIRECTION('',(-0.98799516896,0.15448477631,8.183950009146E-16));
#654 = ORIENTED_EDGE('',*,*,#655,.F.);
#655 = EDGE_CURVE('',#656,#646,#658,.T.);
#656 = VERTEX_POINT('',#657);
#657 = CARTESIAN_POINT('',(-13.96203443931,33.005365733458,
    6.842265086714));
#658 = CIRCLE('',#659,1.);
#659 = AXIS2_PLACEMENT_3D('',#660,#661,#662);
#660 = CARTESIAN_POINT('',(-13.85279720639,33.703983817209,
    7.549371867901));
#661 = DIRECTION('',(0.98799516896,-0.15448477631,0.));
#662 = DIRECTION('',(-0.15448477631,-0.98799516896,0.));
#663 = ORIENTED_EDGE('',*,*,#664,.F.);
#664 = EDGE_CURVE('',#665,#656,#667,.T.);
#665 = VERTEX_POINT('',#666);
#666 = CARTESIAN_POINT('',(-15.575629322,33.2576704535,6.842265086714));
#667 = LINE('',#668,#669);
#668 = CARTESIAN_POINT('',(-15.04690943568,33.174998821153,
    6.842265086714));
#669 = VECTOR('',#670,1.);
#670 = DIRECTION('',(0.98799516896,-0.15448477631,5.770741957206E-16));
#671 = ORIENTED_EDGE('',*,*,#672,.T.);
#672 = EDGE_CURVE('',#665,#648,#673,.T.);
#673 = CIRCLE('',#674,1.);
#674 = AXIS2_PLACEMENT_3D('',#675,#676,#677);
#675 = CARTESIAN_POINT('',(-15.46639208909,33.956288537252,
    7.549371867901));
#676 = DIRECTION('',(0.98799516896,-0.15448477631,0.));
#677 = DIRECTION('',(-0.15448477631,-0.98799516896,0.));
#678 = CYLINDRICAL_SURFACE('',#679,1.);
#679 = AXIS2_PLACEMENT_3D('',#680,#681,#682);
#680 = CARTESIAN_POINT('',(-14.93767220276,33.873616904904,
    7.549371867901));
#681 = DIRECTION('',(0.98799516896,-0.15448477631,5.770741957206E-16));
#682 = DIRECTION('',(-0.109237232919,-0.698618083751,-0.707106781187));
#683 = ADVANCED_FACE('',(#684),#722,.T.);
#684 = FACE_BOUND('',#685,.T.);
#685 = EDGE_LOOP('',(#686,#697,#705,#716));
#686 = ORIENTED_EDGE('',*,*,#687,.F.);
#687 = EDGE_CURVE('',#688,#690,#692,.T.);
#688 = VERTEX_POINT('',#689);
#689 = CARTESIAN_POINT('',(-13.40200208746,32.378191636671,
    7.549371867901));
#690 = VERTEX_POINT('',#691);
#691 = CARTESIAN_POINT('',(-13.16176675901,31.727993544103,
    7.549371867901));
#692 = CIRCLE('',#693,1.);
#693 = AXIS2_PLACEMENT_3D('',#694,#695,#696);
#694 = CARTESIAN_POINT('',(-14.16176675901,31.727993479289,
    7.549371867901));
#695 = DIRECTION('',(-8.330074680376E-16,-9.381716073034E-17,-1.));
#696 = DIRECTION('',(0.759764671551,0.650198157382,-6.938893903907E-16)
  );
#697 = ORIENTED_EDGE('',*,*,#698,.T.);
#698 = EDGE_CURVE('',#688,#699,#701,.T.);
#699 = VERTEX_POINT('',#700);
#700 = CARTESIAN_POINT('',(-13.40200208746,32.378191636671,8.16052587527
    ));
#701 = LINE('',#702,#703);
#702 = CARTESIAN_POINT('',(-13.40200208746,32.378191636671,
    6.549371867901));
#703 = VECTOR('',#704,1.);
#704 = DIRECTION('',(3.270260838268E-16,-3.821340653557E-16,1.));
#705 = ORIENTED_EDGE('',*,*,#706,.F.);
#706 = EDGE_CURVE('',#707,#699,#709,.T.);
#707 = VERTEX_POINT('',#708);
#708 = CARTESIAN_POINT('',(-13.16176675901,31.727993544103,
    8.653509824065));
#709 = B_SPLINE_CURVE_WITH_KNOTS('',3,(#710,#711,#712,#713,#714,#715),
  .UNSPECIFIED.,.F.,.F.,(4,2,4),(0.,4.316398251284E-04,
    8.632796502568E-04),.UNSPECIFIED.);
#710 = CARTESIAN_POINT('',(-13.16176675901,31.727993544103,
    8.653509824065));
#711 = CARTESIAN_POINT('',(-13.16176676775,31.862847063568,
    8.596547583642));
#712 = CARTESIAN_POINT('',(-13.18838691333,31.985647287253,
    8.522795249063));
#713 = CARTESIAN_POINT('',(-13.27481246858,32.204612714559,
    8.353296766729));
#714 = CARTESIAN_POINT('',(-13.33318346372,32.297776214898,8.26031244546
    ));
#715 = CARTESIAN_POINT('',(-13.40200208746,32.378191636671,8.16052587527
    ));
#716 = ORIENTED_EDGE('',*,*,#717,.T.);
#717 = EDGE_CURVE('',#707,#690,#718,.T.);
#718 = LINE('',#719,#720);
#719 = CARTESIAN_POINT('',(-13.16176675901,31.727993544103,
    6.549371867901));
#720 = VECTOR('',#721,1.);
#721 = DIRECTION('',(-7.735545142092E-16,0.,-1.));
#722 = CYLINDRICAL_SURFACE('',#723,1.);
#723 = AXIS2_PLACEMENT_3D('',#724,#725,#726);
#724 = CARTESIAN_POINT('',(-14.16176675901,31.727993479289,
    6.549371867901));
#725 = DIRECTION('',(3.270260838268E-16,-3.821340653557E-16,1.));
#726 = DIRECTION('',(0.759764671551,0.650198157382,1.084683744679E-30));
#727 = ADVANCED_FACE('',(#728),#754,.F.);
#728 = FACE_BOUND('',#729,.F.);
#729 = EDGE_LOOP('',(#730,#738,#739,#747));
#730 = ORIENTED_EDGE('',*,*,#731,.T.);
#731 = EDGE_CURVE('',#732,#241,#734,.T.);
#732 = VERTEX_POINT('',#733);
#733 = CARTESIAN_POINT('',(-16.16362743422,-23.98248988137,
    12.329314717804));
#734 = LINE('',#735,#736);
#735 = CARTESIAN_POINT('',(-16.16362743422,-23.98248988137,
    12.329314717804));
#736 = VECTOR('',#737,1.);
#737 = DIRECTION('',(6.656181353355E-02,0.269125443091,0.960802279795));
#738 = ORIENTED_EDGE('',*,*,#267,.F.);
#739 = ORIENTED_EDGE('',*,*,#740,.F.);
#740 = EDGE_CURVE('',#741,#260,#743,.T.);
#741 = VERTEX_POINT('',#742);
#742 = CARTESIAN_POINT('',(-16.16362743422,-22.15290809244,
    11.816839862186));
#743 = LINE('',#744,#745);
#744 = CARTESIAN_POINT('',(-16.16362743422,-22.15290809244,
    11.816839862186));
#745 = VECTOR('',#746,1.);
#746 = DIRECTION('',(6.656181353355E-02,0.269125443091,0.960802279795));
#747 = ORIENTED_EDGE('',*,*,#748,.T.);
#748 = EDGE_CURVE('',#741,#732,#749,.T.);
#749 = CIRCLE('',#750,0.95);
#750 = AXIS2_PLACEMENT_3D('',#751,#752,#753);
#751 = CARTESIAN_POINT('',(-16.16362743422,-23.06769898691,
    12.073077289995));
#752 = DIRECTION('',(6.656181353355E-02,0.269125443091,0.960802279795));
#753 = DIRECTION('',(2.081668171172E-17,-0.962937783644,0.26972360822));
#754 = CYLINDRICAL_SURFACE('',#755,0.95);
#755 = AXIS2_PLACEMENT_3D('',#756,#757,#758);
#756 = CARTESIAN_POINT('',(-16.16362743422,-23.06769898691,
    12.073077289995));
#757 = DIRECTION('',(6.656181353355E-02,0.269125443091,0.960802279795));
#758 = DIRECTION('',(2.775557561563E-17,-0.962937783644,0.26972360822));
#759 = ADVANCED_FACE('',(#760),#796,.T.);
#760 = FACE_BOUND('',#761,.T.);
#761 = EDGE_LOOP('',(#762,#773,#781,#790));
#762 = ORIENTED_EDGE('',*,*,#763,.F.);
#763 = EDGE_CURVE('',#764,#766,#768,.T.);
#764 = VERTEX_POINT('',#765);
#765 = CARTESIAN_POINT('',(-15.06098090594,-12.43710232892,
    17.345381402934));
#766 = VERTEX_POINT('',#767);
#767 = CARTESIAN_POINT('',(-15.63707746998,-12.46707385008,
    17.393687003326));
#768 = CIRCLE('',#769,4.);
#769 = AXIS2_PLACEMENT_3D('',#770,#771,#772);
#770 = CARTESIAN_POINT('',(-15.06098091139,-16.2888534634,
    18.424275836165));
#771 = DIRECTION('',(6.656181353355E-02,0.269125443091,0.960802279795));
#772 = DIRECTION('',(-3.902780876253E-14,0.962937783644,-0.26972360822)
  );
#773 = ORIENTED_EDGE('',*,*,#774,.T.);
#774 = EDGE_CURVE('',#764,#775,#777,.T.);
#775 = VERTEX_POINT('',#776);
#776 = CARTESIAN_POINT('',(-15.8504659518,-15.62918088925,5.949371867901
    ));
#777 = LINE('',#778,#779);
#778 = CARTESIAN_POINT('',(-17.51250319311,-22.34919854161,
    -18.04169971584));
#779 = VECTOR('',#780,1.);
#780 = DIRECTION('',(-6.656181055162E-02,-0.269125462873,-0.960802274461
    ));
#781 = ORIENTED_EDGE('',*,*,#782,.F.);
#782 = EDGE_CURVE('',#783,#775,#785,.T.);
#783 = VERTEX_POINT('',#784);
#784 = CARTESIAN_POINT('',(-16.42990902969,-15.67268279425,
    5.949371867901));
#785 = ( BOUNDED_CURVE() B_SPLINE_CURVE(3,(#786,#787,#788,#789),
.UNSPECIFIED.,.F.,.F.) B_SPLINE_CURVE_WITH_KNOTS((4,4),(2.76343794526,
2.908288196725),.PIECEWISE_BEZIER_KNOTS.) CURVE() 
GEOMETRIC_REPRESENTATION_ITEM() RATIONAL_B_SPLINE_CURVE((1.,
0.998252297871,0.998252297871,1.)) REPRESENTATION_ITEM('') );
#786 = CARTESIAN_POINT('',(-16.42990902969,-15.67268279425,
    5.949371867901));
#787 = CARTESIAN_POINT('',(-16.23768413147,-15.64370699569,
    5.949371867901));
#788 = CARTESIAN_POINT('',(-16.04419829591,-15.62918088925,
    5.949371867901));
#789 = CARTESIAN_POINT('',(-15.8504659518,-15.62918088925,5.949371867901
    ));
#790 = ORIENTED_EDGE('',*,*,#791,.F.);
#791 = EDGE_CURVE('',#766,#783,#792,.T.);
#792 = LINE('',#793,#794);
#793 = CARTESIAN_POINT('',(-16.40154499958,-15.5580005549,6.358798752749
    ));
#794 = VECTOR('',#795,1.);
#795 = DIRECTION('',(-6.656181055162E-02,-0.269125462873,-0.960802274461
    ));
#796 = CYLINDRICAL_SURFACE('',#797,4.);
#797 = AXIS2_PLACEMENT_3D('',#798,#799,#800);
#798 = CARTESIAN_POINT('',(-17.51250319311,-26.20094965403,
    -16.96280520387));
#799 = DIRECTION('',(-6.656181055162E-02,-0.269125462873,-0.960802274461
    ));
#800 = DIRECTION('',(3.469446951954E-18,0.962937778105,-0.269723627992)
  );
#801 = ADVANCED_FACE('',(#802),#838,.F.);
#802 = FACE_BOUND('',#803,.F.);
#803 = EDGE_LOOP('',(#804,#814,#823,#831));
#804 = ORIENTED_EDGE('',*,*,#805,.T.);
#805 = EDGE_CURVE('',#806,#808,#810,.T.);
#806 = VERTEX_POINT('',#807);
#807 = CARTESIAN_POINT('',(-13.68082924265,22.812531288811,
    6.149371867901));
#808 = VERTEX_POINT('',#809);
#809 = CARTESIAN_POINT('',(-13.65645537397,22.614022058482,
    5.949371867901));
#810 = LINE('',#811,#812);
#811 = CARTESIAN_POINT('',(-13.68082924265,22.812531288811,
    6.149371867901));
#812 = VECTOR('',#813,1.);
#813 = DIRECTION('',(8.617463913984E-02,-0.701836114466,-0.707106781187)
  );
#814 = ORIENTED_EDGE('',*,*,#815,.F.);
#815 = EDGE_CURVE('',#816,#808,#818,.T.);
#816 = VERTEX_POINT('',#817);
#817 = CARTESIAN_POINT('',(-12.96825709759,22.942692722166,
    5.949371867901));
#818 = CIRCLE('',#819,1.2);
#819 = AXIS2_PLACEMENT_3D('',#820,#821,#822);
#820 = CARTESIAN_POINT('',(-13.80269858605,23.805077440452,
    5.949371867901));
#821 = DIRECTION('',(-8.445535056805E-16,-1.03698131354E-16,-1.));
#822 = DIRECTION('',(0.695367907051,-0.718653931905,-5.127523338091E-16)
  );
#823 = ORIENTED_EDGE('',*,*,#824,.F.);
#824 = EDGE_CURVE('',#825,#816,#827,.T.);
#825 = VERTEX_POINT('',#826);
#826 = CARTESIAN_POINT('',(-13.107330679,23.086423508547,6.149371867901)
  );
#827 = LINE('',#828,#829);
#828 = CARTESIAN_POINT('',(-13.0377938883,23.014558115356,6.049371867901
    ));
#829 = VECTOR('',#830,1.);
#830 = DIRECTION('',(0.491699362495,-0.508165068577,-0.707106781187));
#831 = ORIENTED_EDGE('',*,*,#832,.F.);
#832 = EDGE_CURVE('',#806,#825,#833,.T.);
#833 = CIRCLE('',#834,1.);
#834 = AXIS2_PLACEMENT_3D('',#835,#836,#837);
#835 = CARTESIAN_POINT('',(-13.80269858605,23.805077440452,
    6.149371867901));
#836 = DIRECTION('',(4.880019884839E-16,4.721896121395E-16,1.));
#837 = DIRECTION('',(0.695367907051,-0.718653931905,1.479114197289E-30)
  );
#838 = CONICAL_SURFACE('',#839,1.1,0.785398163397);
#839 = AXIS2_PLACEMENT_3D('',#840,#841,#842);
#840 = CARTESIAN_POINT('',(-13.80269858605,23.805077440452,
    6.049371867901));
#841 = DIRECTION('',(-1.944826457435E-16,2.009953531558E-16,-1.));
#842 = DIRECTION('',(0.695367907051,-0.718653931905,-2.796830911686E-16)
  );
#843 = ADVANCED_FACE('',(#844),#870,.F.);
#844 = FACE_BOUND('',#845,.F.);
#845 = EDGE_LOOP('',(#846,#854,#855,#863));
#846 = ORIENTED_EDGE('',*,*,#847,.F.);
#847 = EDGE_CURVE('',#806,#848,#850,.T.);
#848 = VERTEX_POINT('',#849);
#849 = CARTESIAN_POINT('',(-13.68082924265,22.812531288811,
    8.549371867901));
#850 = LINE('',#851,#852);
#851 = CARTESIAN_POINT('',(-13.68082924265,22.812531288811,
    6.549371867901));
#852 = VECTOR('',#853,1.);
#853 = DIRECTION('',(8.881784197001E-16,0.,1.));
#854 = ORIENTED_EDGE('',*,*,#832,.T.);
#855 = ORIENTED_EDGE('',*,*,#856,.F.);
#856 = EDGE_CURVE('',#857,#825,#859,.T.);
#857 = VERTEX_POINT('',#858);
#858 = CARTESIAN_POINT('',(-13.107330679,23.086423508547,8.549371867901)
  );
#859 = LINE('',#860,#861);
#860 = CARTESIAN_POINT('',(-13.107330679,23.086423508547,6.549371867901)
  );
#861 = VECTOR('',#862,1.);
#862 = DIRECTION('',(-4.587117120308E-16,-4.438484073817E-16,-1.));
#863 = ORIENTED_EDGE('',*,*,#864,.T.);
#864 = EDGE_CURVE('',#857,#848,#865,.T.);
#865 = CIRCLE('',#866,1.);
#866 = AXIS2_PLACEMENT_3D('',#867,#868,#869);
#867 = CARTESIAN_POINT('',(-13.80269858605,23.805077440452,
    8.549371867901));
#868 = DIRECTION('',(0.,0.,-1.));
#869 = DIRECTION('',(1.,0.,0.));
#870 = CYLINDRICAL_SURFACE('',#871,1.);
#871 = AXIS2_PLACEMENT_3D('',#872,#873,#874);
#872 = CARTESIAN_POINT('',(-13.80269858605,23.805077440452,
    6.549371867901));
#873 = DIRECTION('',(-4.587117120308E-16,-4.438484073817E-16,-1.));
#874 = DIRECTION('',(0.695367907051,-0.718653931905,1.281898970984E-30)
  );
#875 = ADVANCED_FACE('',(#876),#912,.F.);
#876 = FACE_BOUND('',#877,.F.);
#877 = EDGE_LOOP('',(#878,#888,#897,#905));
#878 = ORIENTED_EDGE('',*,*,#879,.T.);
#879 = EDGE_CURVE('',#880,#882,#884,.T.);
#880 = VERTEX_POINT('',#881);
#881 = CARTESIAN_POINT('',(-29.05501429102,14.254090820639,
    8.538856097792));
#882 = VERTEX_POINT('',#883);
#883 = CARTESIAN_POINT('',(-29.05501429102,14.254090820639,
    5.949371867901));
#884 = LINE('',#885,#886);
#885 = CARTESIAN_POINT('',(-29.05501429102,14.254090820639,
    10.149371867901));
#886 = VECTOR('',#887,1.);
#887 = DIRECTION('',(-0.,-0.,-1.));
#888 = ORIENTED_EDGE('',*,*,#889,.T.);
#889 = EDGE_CURVE('',#882,#890,#892,.T.);
#890 = VERTEX_POINT('',#891);
#891 = CARTESIAN_POINT('',(-26.65501429102,14.254090820639,
    5.949371867901));
#892 = CIRCLE('',#893,1.2);
#893 = AXIS2_PLACEMENT_3D('',#894,#895,#896);
#894 = CARTESIAN_POINT('',(-27.85501429102,14.254090820639,
    5.949371867901));
#895 = DIRECTION('',(8.445535056805E-16,1.03698131354E-16,1.));
#896 = DIRECTION('',(1.,6.232769869472E-32,-8.445535056805E-16));
#897 = ORIENTED_EDGE('',*,*,#898,.F.);
#898 = EDGE_CURVE('',#899,#890,#901,.T.);
#899 = VERTEX_POINT('',#900);
#900 = CARTESIAN_POINT('',(-26.65501429102,14.254090820639,
    8.538856097792));
#901 = LINE('',#902,#903);
#902 = CARTESIAN_POINT('',(-26.65501429102,14.254090820639,
    10.149371867901));
#903 = VECTOR('',#904,1.);
#904 = DIRECTION('',(-0.,-0.,-1.));
#905 = ORIENTED_EDGE('',*,*,#906,.F.);
#906 = EDGE_CURVE('',#880,#899,#907,.T.);
#907 = CIRCLE('',#908,1.2);
#908 = AXIS2_PLACEMENT_3D('',#909,#910,#911);
#909 = CARTESIAN_POINT('',(-27.85501429102,14.254090820639,
    8.538856097792));
#910 = DIRECTION('',(0.,0.,1.));
#911 = DIRECTION('',(1.,0.,0.));
#912 = CYLINDRICAL_SURFACE('',#913,1.2);
#913 = AXIS2_PLACEMENT_3D('',#914,#915,#916);
#914 = CARTESIAN_POINT('',(-27.85501429102,14.254090820639,
    10.149371867901));
#915 = DIRECTION('',(-0.,-0.,-1.));
#916 = DIRECTION('',(-1.,0.,0.));
#917 = ADVANCED_FACE('',(#918),#954,.T.);
#918 = FACE_BOUND('',#919,.T.);
#919 = EDGE_LOOP('',(#920,#931,#939,#948));
#920 = ORIENTED_EDGE('',*,*,#921,.F.);
#921 = EDGE_CURVE('',#922,#924,#926,.T.);
#922 = VERTEX_POINT('',#923);
#923 = CARTESIAN_POINT('',(-11.63994254037,-32.57676745855,
    9.772610924079));
#924 = VERTEX_POINT('',#925);
#925 = CARTESIAN_POINT('',(-12.30213133504,-32.69262472252,
    9.772610924459));
#926 = ( BOUNDED_CURVE() B_SPLINE_CURVE(3,(#927,#928,#929,#930),
.UNSPECIFIED.,.F.,.F.) B_SPLINE_CURVE_WITH_KNOTS((4,4),(3.374897109205,
3.710480549363),.PIECEWISE_BEZIER_KNOTS.) CURVE() 
GEOMETRIC_REPRESENTATION_ITEM() RATIONAL_B_SPLINE_CURVE((1.,
0.990637310326,0.990637310326,1.)) REPRESENTATION_ITEM('') );
#927 = CARTESIAN_POINT('',(-11.63994254037,-32.57676745855,
    9.772610924079));
#928 = CARTESIAN_POINT('',(-11.86522065873,-32.57676745851,
    9.772610924206));
#929 = CARTESIAN_POINT('',(-12.0880364117,-32.61575154238,9.772610924333
    ));
#930 = CARTESIAN_POINT('',(-12.30213133504,-32.69262472252,
    9.772610924459));
#931 = ORIENTED_EDGE('',*,*,#932,.T.);
#932 = EDGE_CURVE('',#922,#933,#935,.T.);
#933 = VERTEX_POINT('',#934);
#934 = CARTESIAN_POINT('',(-11.90480631178,-33.64767560074,
    5.949371867901));
#935 = LINE('',#936,#937);
#936 = CARTESIAN_POINT('',(-11.80719843078,-33.25302338405,
    7.358316023818));
#937 = VECTOR('',#938,1.);
#938 = DIRECTION('',(-6.656181062183E-02,-0.269125462407,-0.960802274587
    ));
#939 = ORIENTED_EDGE('',*,*,#940,.F.);
#940 = EDGE_CURVE('',#941,#933,#943,.T.);
#941 = VERTEX_POINT('',#942);
#942 = CARTESIAN_POINT('',(-12.56699510688,-33.76353286651,
    5.949371861869));
#943 = ( BOUNDED_CURVE() B_SPLINE_CURVE(3,(#944,#945,#946,#947),
.UNSPECIFIED.,.F.,.F.) B_SPLINE_CURVE_WITH_KNOTS((4,4),(2.572704755435,
2.908288196069),.PIECEWISE_BEZIER_KNOTS.) CURVE() 
GEOMETRIC_REPRESENTATION_ITEM() RATIONAL_B_SPLINE_CURVE((1.,0.9906373103
,0.9906373103,1.)) REPRESENTATION_ITEM('') );
#944 = CARTESIAN_POINT('',(-12.56699510688,-33.76353286651,
    5.949371861869));
#945 = CARTESIAN_POINT('',(-12.35290018376,-33.68665968475,
    5.949371867901));
#946 = CARTESIAN_POINT('',(-12.13008443047,-33.64767560074,
    5.949371867901));
#947 = CARTESIAN_POINT('',(-11.90480631178,-33.64767560074,
    5.949371867901));
#948 = ORIENTED_EDGE('',*,*,#949,.F.);
#949 = EDGE_CURVE('',#924,#941,#950,.T.);
#950 = LINE('',#951,#952);
#951 = CARTESIAN_POINT('',(-12.46437800825,-33.34862717414,
    7.430622760216));
#952 = VECTOR('',#953,1.);
#953 = DIRECTION('',(-6.656181062183E-02,-0.269125462407,-0.960802274587
    ));
#954 = CYLINDRICAL_SURFACE('',#955,2.);
#955 = AXIS2_PLACEMENT_3D('',#956,#957,#958);
#956 = CARTESIAN_POINT('',(-11.80719843078,-35.17889894052,
    7.897763278871));
#957 = DIRECTION('',(-6.656181062183E-02,-0.269125462407,-0.960802274587
    ));
#958 = DIRECTION('',(2.081668171172E-17,0.962937778236,-0.269723627527)
  );
#959 = ADVANCED_FACE('',(#960),#996,.T.);
#960 = FACE_BOUND('',#961,.T.);
#961 = EDGE_LOOP('',(#962,#973,#981,#990));
#962 = ORIENTED_EDGE('',*,*,#963,.F.);
#963 = EDGE_CURVE('',#964,#966,#968,.T.);
#964 = VERTEX_POINT('',#965);
#965 = CARTESIAN_POINT('',(-9.564709832514,-38.71173941081,
    5.949371867901));
#966 = VERTEX_POINT('',#967);
#967 = CARTESIAN_POINT('',(-10.89867031522,-40.6011220709,5.949371874567
    ));
#968 = ( BOUNDED_CURVE() B_SPLINE_CURVE(3,(#969,#970,#971,#972),
.UNSPECIFIED.,.F.,.F.) B_SPLINE_CURVE_WITH_KNOTS((4,4),(0.342967788142,
1.570796326445),.PIECEWISE_BEZIER_KNOTS.) CURVE() 
GEOMETRIC_REPRESENTATION_ITEM() RATIONAL_B_SPLINE_CURVE((1.,
0.878266258022,0.878266258022,1.)) REPRESENTATION_ITEM('') );
#969 = CARTESIAN_POINT('',(-9.564709832514,-38.71173941081,
    5.949371867901));
#970 = CARTESIAN_POINT('',(-9.564709832514,-39.58684807799,
    5.949371867901));
#971 = CARTESIAN_POINT('',(-10.07099535831,-40.30393610714,
    5.949371867901));
#972 = CARTESIAN_POINT('',(-10.89867031522,-40.6011220709,5.949371874567
    ));
#973 = ORIENTED_EDGE('',*,*,#974,.T.);
#974 = EDGE_CURVE('',#964,#975,#977,.T.);
#975 = VERTEX_POINT('',#976);
#976 = CARTESIAN_POINT('',(-9.185091379179,-38.57543315332,
    9.772610923115));
#977 = LINE('',#978,#979);
#978 = CARTESIAN_POINT('',(-10.55386326039,-39.06690602785,
    -4.012657068928));
#979 = VECTOR('',#980,1.);
#980 = DIRECTION('',(9.874437254609E-02,3.54552729237E-02,0.994481006612
    ));
#981 = ORIENTED_EDGE('',*,*,#982,.F.);
#982 = EDGE_CURVE('',#983,#975,#985,.T.);
#983 = VERTEX_POINT('',#984);
#984 = CARTESIAN_POINT('',(-10.51905186246,-40.46481581362,
    9.772610923994));
#985 = ( BOUNDED_CURVE() B_SPLINE_CURVE(3,(#986,#987,#988,#989),
.UNSPECIFIED.,.F.,.F.) B_SPLINE_CURVE_WITH_KNOTS((4,4),(4.712388979195,
5.940217517848),.PIECEWISE_BEZIER_KNOTS.) CURVE() 
GEOMETRIC_REPRESENTATION_ITEM() RATIONAL_B_SPLINE_CURVE((1.,
0.878266257955,0.878266257955,1.)) REPRESENTATION_ITEM('') );
#986 = CARTESIAN_POINT('',(-10.51905186246,-40.46481581362,
    9.772610923994));
#987 = CARTESIAN_POINT('',(-9.691376905232,-40.16762985007,
    9.772610923509));
#988 = CARTESIAN_POINT('',(-9.185091379173,-39.45054182079,
    9.772610923176));
#989 = CARTESIAN_POINT('',(-9.185091379179,-38.57543315332,
    9.772610923115));
#990 = ORIENTED_EDGE('',*,*,#991,.F.);
#991 = EDGE_CURVE('',#966,#983,#992,.T.);
#992 = LINE('',#993,#994);
#993 = CARTESIAN_POINT('',(-11.8682022822,-40.94924338264,
    -3.815044077465));
#994 = VECTOR('',#995,1.);
#995 = DIRECTION('',(9.874437254609E-02,3.54552729237E-02,0.994481006612
    ));
#996 = CYLINDRICAL_SURFACE('',#997,2.);
#997 = AXIS2_PLACEMENT_3D('',#998,#999,#1000);
#998 = CARTESIAN_POINT('',(-12.54407659207,-39.06690602785,
    -3.815044077465));
#999 = DIRECTION('',(9.874437254609E-02,3.54552729237E-02,0.994481006612
    ));
#1000 = DIRECTION('',(0.995106665841,4.336808689942E-19,
    -9.880649573152E-02));
#1001 = ADVANCED_FACE('',(#1002),#1038,.T.);
#1002 = FACE_BOUND('',#1003,.T.);
#1003 = EDGE_LOOP('',(#1004,#1015,#1023,#1032));
#1004 = ORIENTED_EDGE('',*,*,#1005,.F.);
#1005 = EDGE_CURVE('',#1006,#1008,#1010,.T.);
#1006 = VERTEX_POINT('',#1007);
#1007 = CARTESIAN_POINT('',(-29.12809757012,22.85807019224,
    6.549371867901));
#1008 = VERTEX_POINT('',#1009);
#1009 = CARTESIAN_POINT('',(-27.6622757281,21.45961837501,6.549371867901
    ));
#1010 = CIRCLE('',#1011,1.4);
#1011 = AXIS2_PLACEMENT_3D('',#1012,#1013,#1014);
#1012 = CARTESIAN_POINT('',(-27.72809757012,22.85807019224,
    6.549371867901));
#1013 = DIRECTION('',(8.445535056805E-16,1.03698131354E-16,1.));
#1014 = DIRECTION('',(1.,4.091251025725E-32,-8.445535056805E-16));
#1015 = ORIENTED_EDGE('',*,*,#1016,.T.);
#1016 = EDGE_CURVE('',#1006,#1017,#1019,.T.);
#1017 = VERTEX_POINT('',#1018);
#1018 = CARTESIAN_POINT('',(-29.12809757012,22.85807019224,
    5.949371867901));
#1019 = LINE('',#1020,#1021);
#1020 = CARTESIAN_POINT('',(-29.12809757012,22.85807019224,
    6.549371867901));
#1021 = VECTOR('',#1022,1.);
#1022 = DIRECTION('',(0.,0.,-1.));
#1023 = ORIENTED_EDGE('',*,*,#1024,.F.);
#1024 = EDGE_CURVE('',#1025,#1017,#1027,.T.);
#1025 = VERTEX_POINT('',#1026);
#1026 = CARTESIAN_POINT('',(-27.6622757281,21.45961837501,5.949371867901
    ));
#1027 = CIRCLE('',#1028,1.4);
#1028 = AXIS2_PLACEMENT_3D('',#1029,#1030,#1031);
#1029 = CARTESIAN_POINT('',(-27.72809757012,22.85807019224,
    5.949371867901));
#1030 = DIRECTION('',(-8.445535056805E-16,-1.03698131354E-16,-1.));
#1031 = DIRECTION('',(1.,4.091251025725E-32,-8.445535056805E-16));
#1032 = ORIENTED_EDGE('',*,*,#1033,.T.);
#1033 = EDGE_CURVE('',#1025,#1008,#1034,.T.);
#1034 = LINE('',#1035,#1036);
#1035 = CARTESIAN_POINT('',(-27.6622757281,21.45961837501,6.549371867901
    ));
#1036 = VECTOR('',#1037,1.);
#1037 = DIRECTION('',(0.,0.,1.));
#1038 = CYLINDRICAL_SURFACE('',#1039,1.4);
#1039 = AXIS2_PLACEMENT_3D('',#1040,#1041,#1042);
#1040 = CARTESIAN_POINT('',(-27.72809757012,22.85807019224,
    6.549371867901));
#1041 = DIRECTION('',(0.,0.,-1.));
#1042 = DIRECTION('',(-1.,0.,0.));
#1043 = ADVANCED_FACE('',(#1044),#1080,.F.);
#1044 = FACE_BOUND('',#1045,.F.);
#1045 = EDGE_LOOP('',(#1046,#1056,#1065,#1073));
#1046 = ORIENTED_EDGE('',*,*,#1047,.T.);
#1047 = EDGE_CURVE('',#1048,#1050,#1052,.T.);
#1048 = VERTEX_POINT('',#1049);
#1049 = CARTESIAN_POINT('',(-24.97771894407,-12.88065791092,
    5.949371867901));
#1050 = VERTEX_POINT('',#1051);
#1051 = CARTESIAN_POINT('',(-24.97771894407,-12.88065791092,
    6.780337452728));
#1052 = LINE('',#1053,#1054);
#1053 = CARTESIAN_POINT('',(-24.97771894407,-12.88065791092,
    6.780337452728));
#1054 = VECTOR('',#1055,1.);
#1055 = DIRECTION('',(-3.303105150846E-19,2.690163263652E-18,1.));
#1056 = ORIENTED_EDGE('',*,*,#1057,.T.);
#1057 = EDGE_CURVE('',#1050,#1058,#1060,.T.);
#1058 = VERTEX_POINT('',#1059);
#1059 = CARTESIAN_POINT('',(-25.12677537137,-12.89182921924,
    6.780337452728));
#1060 = CIRCLE('',#1061,1.);
#1061 = AXIS2_PLACEMENT_3D('',#1062,#1063,#1064);
#1062 = CARTESIAN_POINT('',(-25.12677537137,-11.89182921924,
    6.780337452728));
#1063 = DIRECTION('',(1.266042400291E-16,8.785517858879E-17,-1.));
#1064 = DIRECTION('',(1.,6.938893903907E-15,1.266042400291E-16));
#1065 = ORIENTED_EDGE('',*,*,#1066,.F.);
#1066 = EDGE_CURVE('',#1067,#1058,#1069,.T.);
#1067 = VERTEX_POINT('',#1068);
#1068 = CARTESIAN_POINT('',(-25.12677537137,-12.89182921924,
    5.949371867901));
#1069 = LINE('',#1070,#1071);
#1070 = CARTESIAN_POINT('',(-25.12677537137,-12.89182921924,
    -47.5325903109));
#1071 = VECTOR('',#1072,1.);
#1072 = DIRECTION('',(-3.303105150846E-19,2.690163263652E-18,1.));
#1073 = ORIENTED_EDGE('',*,*,#1074,.T.);
#1074 = EDGE_CURVE('',#1067,#1048,#1075,.T.);
#1075 = CIRCLE('',#1076,1.);
#1076 = AXIS2_PLACEMENT_3D('',#1077,#1078,#1079);
#1077 = CARTESIAN_POINT('',(-25.12677537137,-11.89182921924,
    5.949371867901));
#1078 = DIRECTION('',(-9.801011190209E-17,-1.203412855394E-17,1.));
#1079 = DIRECTION('',(-1.,6.938893903907E-15,-9.801011190209E-17));
#1080 = CYLINDRICAL_SURFACE('',#1081,1.);
#1081 = AXIS2_PLACEMENT_3D('',#1082,#1083,#1084);
#1082 = CARTESIAN_POINT('',(-25.12677537137,-11.89182921924,
    -47.5325903109));
#1083 = DIRECTION('',(-3.303105150846E-19,2.690163263652E-18,1.));
#1084 = DIRECTION('',(-8.885892132784E-37,-1.,2.690163263652E-18));
#1085 = ADVANCED_FACE('',(#1086),#1122,.F.);
#1086 = FACE_BOUND('',#1087,.F.);
#1087 = EDGE_LOOP('',(#1088,#1098,#1107,#1115));
#1088 = ORIENTED_EDGE('',*,*,#1089,.T.);
#1089 = EDGE_CURVE('',#1090,#1092,#1094,.T.);
#1090 = VERTEX_POINT('',#1091);
#1091 = CARTESIAN_POINT('',(-18.62742468367,-11.13657199862,
    5.949371867901));
#1092 = VERTEX_POINT('',#1093);
#1093 = CARTESIAN_POINT('',(-18.62742468367,-11.13657199862,
    6.780337452728));
#1094 = LINE('',#1095,#1096);
#1095 = CARTESIAN_POINT('',(-18.62742468367,-11.13657199862,
    6.780337452728));
#1096 = VECTOR('',#1097,1.);
#1097 = DIRECTION('',(-9.801011190209E-17,-1.203412855394E-17,1.));
#1098 = ORIENTED_EDGE('',*,*,#1099,.T.);
#1099 = EDGE_CURVE('',#1092,#1100,#1102,.T.);
#1100 = VERTEX_POINT('',#1101);
#1101 = CARTESIAN_POINT('',(-18.62146160498,-11.23406747335,
    6.780337452728));
#1102 = CIRCLE('',#1103,0.8);
#1103 = AXIS2_PLACEMENT_3D('',#1104,#1105,#1106);
#1104 = CARTESIAN_POINT('',(-19.42146160498,-11.23406747335,
    6.780337452728));
#1105 = DIRECTION('',(1.266042400291E-16,8.785517858879E-17,-1.));
#1106 = DIRECTION('',(1.,3.252606517457E-14,1.266042400291E-16));
#1107 = ORIENTED_EDGE('',*,*,#1108,.F.);
#1108 = EDGE_CURVE('',#1109,#1100,#1111,.T.);
#1109 = VERTEX_POINT('',#1110);
#1110 = CARTESIAN_POINT('',(-18.62146160498,-11.23406747335,
    5.949371867901));
#1111 = LINE('',#1112,#1113);
#1112 = CARTESIAN_POINT('',(-18.62146160498,-11.23406747335,
    28.329504584187));
#1113 = VECTOR('',#1114,1.);
#1114 = DIRECTION('',(-9.801011190209E-17,-1.203412855394E-17,1.));
#1115 = ORIENTED_EDGE('',*,*,#1116,.T.);
#1116 = EDGE_CURVE('',#1109,#1090,#1117,.T.);
#1117 = CIRCLE('',#1118,0.8);
#1118 = AXIS2_PLACEMENT_3D('',#1119,#1120,#1121);
#1119 = CARTESIAN_POINT('',(-19.42146160498,-11.23406747335,
    5.949371867901));
#1120 = DIRECTION('',(-9.801011190209E-17,-1.203412855394E-17,1.));
#1121 = DIRECTION('',(-1.,-1.084202172486E-14,-9.801011190209E-17));
#1122 = CYLINDRICAL_SURFACE('',#1123,0.8);
#1123 = AXIS2_PLACEMENT_3D('',#1124,#1125,#1126);
#1124 = CARTESIAN_POINT('',(-19.42146160498,-11.23406747335,
    28.329504584187));
#1125 = DIRECTION('',(-9.801011190209E-17,-1.203412855394E-17,1.));
#1126 = DIRECTION('',(1.,-1.179466286216E-33,9.801011190209E-17));
#1127 = ADVANCED_FACE('',(#1128),#1164,.F.);
#1128 = FACE_BOUND('',#1129,.F.);
#1129 = EDGE_LOOP('',(#1130,#1140,#1149,#1157));
#1130 = ORIENTED_EDGE('',*,*,#1131,.T.);
#1131 = EDGE_CURVE('',#1132,#1134,#1136,.T.);
#1132 = VERTEX_POINT('',#1133);
#1133 = CARTESIAN_POINT('',(-22.2865965935,-33.21212052025,
    5.949371867901));
#1134 = VERTEX_POINT('',#1135);
#1135 = CARTESIAN_POINT('',(-22.2865965935,-33.21212052025,
    6.780337520759));
#1136 = LINE('',#1137,#1138);
#1137 = CARTESIAN_POINT('',(-22.2865965935,-33.21212052025,
    23.867011794081));
#1138 = VECTOR('',#1139,1.);
#1139 = DIRECTION('',(-5.001239545497E-18,4.073182742781E-17,1.));
#1140 = ORIENTED_EDGE('',*,*,#1141,.T.);
#1141 = EDGE_CURVE('',#1134,#1142,#1144,.T.);
#1142 = VERTEX_POINT('',#1143);
#1143 = CARTESIAN_POINT('',(-22.62453374844,-33.27095184285,
    6.780337452728));
#1144 = CIRCLE('',#1145,1.);
#1145 = AXIS2_PLACEMENT_3D('',#1146,#1147,#1148);
#1146 = CARTESIAN_POINT('',(-22.62453374844,-32.27095184285,
    6.780337452728));
#1147 = DIRECTION('',(1.266042400291E-16,8.785517858879E-17,-1.));
#1148 = DIRECTION('',(1.,-1.112283811786E-32,1.266042400291E-16));
#1149 = ORIENTED_EDGE('',*,*,#1150,.F.);
#1150 = EDGE_CURVE('',#1151,#1142,#1153,.T.);
#1151 = VERTEX_POINT('',#1152);
#1152 = CARTESIAN_POINT('',(-22.62453374844,-33.27095184285,
    5.949371867901));
#1153 = LINE('',#1154,#1155);
#1154 = CARTESIAN_POINT('',(-22.62453374844,-33.27095184285,
    23.867011794081));
#1155 = VECTOR('',#1156,1.);
#1156 = DIRECTION('',(-5.001239545497E-18,4.073182742781E-17,1.));
#1157 = ORIENTED_EDGE('',*,*,#1158,.T.);
#1158 = EDGE_CURVE('',#1151,#1132,#1159,.T.);
#1159 = CIRCLE('',#1160,1.);
#1160 = AXIS2_PLACEMENT_3D('',#1161,#1162,#1163);
#1161 = CARTESIAN_POINT('',(-22.62453374844,-32.27095184285,
    5.949371867901));
#1162 = DIRECTION('',(-9.801011190209E-17,-1.203412855394E-17,1.));
#1163 = DIRECTION('',(-1.,-3.469446951954E-15,-9.801011190209E-17));
#1164 = CYLINDRICAL_SURFACE('',#1165,1.);
#1165 = AXIS2_PLACEMENT_3D('',#1166,#1167,#1168);
#1166 = CARTESIAN_POINT('',(-22.62453374844,-32.27095184285,
    23.867011794081));
#1167 = DIRECTION('',(-5.001239545497E-18,4.073182742781E-17,1.));
#1168 = DIRECTION('',(-2.037096260923E-34,-1.,4.073182742781E-17));
#1169 = ADVANCED_FACE('',(#1170),#1206,.F.);
#1170 = FACE_BOUND('',#1171,.F.);
#1171 = EDGE_LOOP('',(#1172,#1182,#1191,#1199));
#1172 = ORIENTED_EDGE('',*,*,#1173,.T.);
#1173 = EDGE_CURVE('',#1174,#1176,#1178,.T.);
#1174 = VERTEX_POINT('',#1175);
#1175 = CARTESIAN_POINT('',(-17.61795689776,-39.18396882288,
    5.949371870843));
#1176 = VERTEX_POINT('',#1177);
#1177 = CARTESIAN_POINT('',(-17.61795689664,-39.18396882283,
    8.542537246445));
#1178 = LINE('',#1179,#1180);
#1179 = CARTESIAN_POINT('',(-17.61795690368,-39.1839688237,
    -4.606441449072));
#1180 = VECTOR('',#1181,1.);
#1181 = DIRECTION('',(5.610915460569E-10,6.889361590839E-11,1.));
#1182 = ORIENTED_EDGE('',*,*,#1183,.F.);
#1183 = EDGE_CURVE('',#1184,#1176,#1186,.T.);
#1184 = VERTEX_POINT('',#1185);
#1185 = CARTESIAN_POINT('',(-20.01795689664,-39.18396882279,
    8.542537247791));
#1186 = CIRCLE('',#1187,1.2);
#1187 = AXIS2_PLACEMENT_3D('',#1188,#1189,#1190);
#1188 = CARTESIAN_POINT('',(-18.81795689664,-39.18396882283,
    8.542537247118));
#1189 = DIRECTION('',(5.611013429477E-10,6.889170591138E-11,1.));
#1190 = DIRECTION('',(1.,-4.807499480498E-26,-5.611013429477E-10));
#1191 = ORIENTED_EDGE('',*,*,#1192,.F.);
#1192 = EDGE_CURVE('',#1193,#1184,#1195,.T.);
#1193 = VERTEX_POINT('',#1194);
#1194 = CARTESIAN_POINT('',(-20.01795689776,-39.18396882288,
    5.949371869477));
#1195 = LINE('',#1196,#1197);
#1196 = CARTESIAN_POINT('',(-20.01795690368,-39.1839688237,
    -4.606441447725));
#1197 = VECTOR('',#1198,1.);
#1198 = DIRECTION('',(5.610915460569E-10,6.889361590839E-11,1.));
#1199 = ORIENTED_EDGE('',*,*,#1200,.F.);
#1200 = EDGE_CURVE('',#1174,#1193,#1201,.T.);
#1201 = CIRCLE('',#1202,1.2);
#1202 = AXIS2_PLACEMENT_3D('',#1203,#1204,#1205);
#1203 = CARTESIAN_POINT('',(-18.81795689776,-39.18396882297,
    5.94937187016));
#1204 = DIRECTION('',(5.68950065931E-10,6.985811360565E-11,-1.));
#1205 = DIRECTION('',(-1.,-1.41749948961E-26,-5.68950065931E-10));
#1206 = CYLINDRICAL_SURFACE('',#1207,1.2);
#1207 = AXIS2_PLACEMENT_3D('',#1208,#1209,#1210);
#1208 = CARTESIAN_POINT('',(-18.81795690368,-39.1839688237,
    -4.606441448399));
#1209 = DIRECTION('',(5.610915460569E-10,6.889361590839E-11,1.));
#1210 = DIRECTION('',(1.,4.411835124295E-27,-5.610915460569E-10));
#1211 = ADVANCED_FACE('',(#1212),#1248,.F.);
#1212 = FACE_BOUND('',#1213,.F.);
#1213 = EDGE_LOOP('',(#1214,#1224,#1233,#1241));
#1214 = ORIENTED_EDGE('',*,*,#1215,.T.);
#1215 = EDGE_CURVE('',#1216,#1218,#1220,.T.);
#1216 = VERTEX_POINT('',#1217);
#1217 = CARTESIAN_POINT('',(-17.68178105334,-15.17696892515,
    8.487444298519));
#1218 = VERTEX_POINT('',#1219);
#1219 = CARTESIAN_POINT('',(-15.45661725533,-33.29947375509,
    8.487444298519));
#1220 = LINE('',#1221,#1222);
#1221 = CARTESIAN_POINT('',(-15.45245867076,-33.33334270851,
    8.487444298519));
#1222 = VECTOR('',#1223,1.);
#1223 = DIRECTION('',(0.121869343405,-0.992546151641,3.17181545741E-18)
  );
#1224 = ORIENTED_EDGE('',*,*,#1225,.T.);
#1225 = EDGE_CURVE('',#1218,#1226,#1228,.T.);
#1226 = VERTEX_POINT('',#1227);
#1227 = CARTESIAN_POINT('',(-15.15276107994,-33.37084575465,
    7.780337517332));
#1228 = ( BOUNDED_CURVE() B_SPLINE_CURVE(3,(#1229,#1230,#1231,#1232),
.UNSPECIFIED.,.F.,.F.) B_SPLINE_CURVE_WITH_KNOTS((4,4),(3.183864254732,
3.969262418129),.PIECEWISE_BEZIER_KNOTS.) CURVE() 
GEOMETRIC_REPRESENTATION_ITEM() RATIONAL_B_SPLINE_CURVE((1.,
0.949253021674,0.949253021674,1.)) REPRESENTATION_ITEM('') );
#1229 = CARTESIAN_POINT('',(-15.45661725533,-33.29947375509,
    8.487444298519));
#1230 = CARTESIAN_POINT('',(-15.26752805522,-33.2800838098,8.29740150073
    ));
#1231 = CARTESIAN_POINT('',(-15.16082795579,-33.30514632315,
    8.049098619397));
#1232 = CARTESIAN_POINT('',(-15.15276107994,-33.37084575465,
    7.780337517332));
#1233 = ORIENTED_EDGE('',*,*,#1234,.F.);
#1234 = EDGE_CURVE('',#1235,#1226,#1237,.T.);
#1235 = VERTEX_POINT('',#1236);
#1236 = CARTESIAN_POINT('',(-17.3690636731,-15.32050964675,
    7.780337517332));
#1237 = LINE('',#1238,#1239);
#1238 = CARTESIAN_POINT('',(-13.21917861321,-49.11861121074,
    7.780337517332));
#1239 = VECTOR('',#1240,1.);
#1240 = DIRECTION('',(0.121869343405,-0.992546151641,-9.139140948952E-27
    ));
#1241 = ORIENTED_EDGE('',*,*,#1242,.T.);
#1242 = EDGE_CURVE('',#1235,#1216,#1243,.T.);
#1243 = ( BOUNDED_CURVE() B_SPLINE_CURVE(3,(#1244,#1245,#1246,#1247),
.UNSPECIFIED.,.F.,.F.) B_SPLINE_CURVE_WITH_KNOTS((4,4),(1.673332610707,
2.458730774104),.PIECEWISE_BEZIER_KNOTS.) CURVE() 
GEOMETRIC_REPRESENTATION_ITEM() RATIONAL_B_SPLINE_CURVE((1.,
0.949253021674,0.949253021674,1.)) REPRESENTATION_ITEM('') );
#1244 = CARTESIAN_POINT('',(-17.3690636731,-15.32050964675,
    7.780337517332));
#1245 = CARTESIAN_POINT('',(-17.37780073286,-15.24935200532,
    8.049098619397));
#1246 = CARTESIAN_POINT('',(-17.48761247363,-15.19894720691,
    8.29740150073));
#1247 = CARTESIAN_POINT('',(-17.68178105334,-15.17696892515,
    8.487444298519));
#1248 = CYLINDRICAL_SURFACE('',#1249,1.);
#1249 = AXIS2_PLACEMENT_3D('',#1250,#1251,#1252);
#1250 = CARTESIAN_POINT('',(-14.21172476485,-49.24048055415,
    7.780337517332));
#1251 = DIRECTION('',(0.121869343405,-0.992546151641,-9.139140948952E-27
    ));
#1252 = DIRECTION('',(0.992546151641,0.121869343405,-1.793662034336E-42)
  );
#1253 = ADVANCED_FACE('',(#1254),#1280,.F.);
#1254 = FACE_BOUND('',#1255,.F.);
#1255 = EDGE_LOOP('',(#1256,#1264,#1273,#1279));
#1256 = ORIENTED_EDGE('',*,*,#1257,.T.);
#1257 = EDGE_CURVE('',#1176,#1258,#1260,.T.);
#1258 = VERTEX_POINT('',#1259);
#1259 = CARTESIAN_POINT('',(-16.54867015813,-39.18396882275,
    9.772610927289));
#1260 = LINE('',#1261,#1262);
#1261 = CARTESIAN_POINT('',(-17.61795689664,-39.18396882283,
    8.542537246445));
#1262 = VECTOR('',#1263,1.);
#1263 = DIRECTION('',(0.656059029414,5.199323044921E-11,0.754709579855)
  );
#1264 = ORIENTED_EDGE('',*,*,#1265,.T.);
#1265 = EDGE_CURVE('',#1258,#1266,#1268,.T.);
#1266 = VERTEX_POINT('',#1267);
#1267 = CARTESIAN_POINT('',(-21.08724363376,-39.18396882275,
    9.772610929835));
#1268 = CIRCLE('',#1269,2.269286737816);
#1269 = AXIS2_PLACEMENT_3D('',#1270,#1271,#1272);
#1270 = CARTESIAN_POINT('',(-18.81795689595,-39.18396882275,
    9.772610928562));
#1271 = DIRECTION('',(-5.610915460567E-10,-6.889361590742E-11,-1.));
#1272 = DIRECTION('',(1.,-1.528871117997E-15,-5.610915460567E-10));
#1273 = ORIENTED_EDGE('',*,*,#1274,.F.);
#1274 = EDGE_CURVE('',#1184,#1266,#1275,.T.);
#1275 = LINE('',#1276,#1277);
#1276 = CARTESIAN_POINT('',(-20.01795689664,-39.18396882283,
    8.542537247791));
#1277 = VECTOR('',#1278,1.);
#1278 = DIRECTION('',(-0.656059028567,5.199331079327E-11,0.754709580591)
  );
#1279 = ORIENTED_EDGE('',*,*,#1183,.T.);
#1280 = CONICAL_SURFACE('',#1281,1.2,0.715584993318);
#1281 = AXIS2_PLACEMENT_3D('',#1282,#1283,#1284);
#1282 = CARTESIAN_POINT('',(-18.81795689664,-39.18396882283,
    8.542537247118));
#1283 = DIRECTION('',(5.611013429477E-10,6.889170591138E-11,1.));
#1284 = DIRECTION('',(1.,-4.807499480498E-26,-5.611013429477E-10));
#1285 = ADVANCED_FACE('',(#1286),#1312,.F.);
#1286 = FACE_BOUND('',#1287,.F.);
#1287 = EDGE_LOOP('',(#1288,#1296,#1297,#1305));
#1288 = ORIENTED_EDGE('',*,*,#1289,.T.);
#1289 = EDGE_CURVE('',#1290,#283,#1292,.T.);
#1290 = VERTEX_POINT('',#1291);
#1291 = CARTESIAN_POINT('',(-15.76939254314,-11.02796654402,
    8.673377490784));
#1292 = LINE('',#1293,#1294);
#1293 = CARTESIAN_POINT('',(-15.76939254314,-11.02796654402,
    8.673377490784));
#1294 = VECTOR('',#1295,1.);
#1295 = DIRECTION('',(6.656181353355E-02,0.269125443091,0.960802279795)
  );
#1296 = ORIENTED_EDGE('',*,*,#309,.F.);
#1297 = ORIENTED_EDGE('',*,*,#1298,.F.);
#1298 = EDGE_CURVE('',#1299,#302,#1301,.T.);
#1299 = VERTEX_POINT('',#1300);
#1300 = CARTESIAN_POINT('',(-15.76939254314,-9.198384755097,
    8.160902635165));
#1301 = LINE('',#1302,#1303);
#1302 = CARTESIAN_POINT('',(-15.76939254314,-9.198384755097,
    8.160902635165));
#1303 = VECTOR('',#1304,1.);
#1304 = DIRECTION('',(6.656181353355E-02,0.269125443091,0.960802279795)
  );
#1305 = ORIENTED_EDGE('',*,*,#1306,.T.);
#1306 = EDGE_CURVE('',#1299,#1290,#1307,.T.);
#1307 = CIRCLE('',#1308,0.95);
#1308 = AXIS2_PLACEMENT_3D('',#1309,#1310,#1311);
#1309 = CARTESIAN_POINT('',(-15.76939254314,-10.11317564955,
    8.417140062975));
#1310 = DIRECTION('',(6.656181353355E-02,0.269125443091,0.960802279795)
  );
#1311 = DIRECTION('',(2.081668171172E-17,-0.962937783644,0.26972360822)
  );
#1312 = CYLINDRICAL_SURFACE('',#1313,0.95);
#1313 = AXIS2_PLACEMENT_3D('',#1314,#1315,#1316);
#1314 = CARTESIAN_POINT('',(-15.76939254314,-10.11317564955,
    8.417140062975));
#1315 = DIRECTION('',(6.656181353355E-02,0.269125443091,0.960802279795)
  );
#1316 = DIRECTION('',(2.775557561563E-17,-0.962937783644,0.26972360822)
  );
#1317 = ADVANCED_FACE('',(#1318),#1354,.T.);
#1318 = FACE_BOUND('',#1319,.T.);
#1319 = EDGE_LOOP('',(#1320,#1331,#1339,#1348));
#1320 = ORIENTED_EDGE('',*,*,#1321,.F.);
#1321 = EDGE_CURVE('',#1322,#1324,#1326,.T.);
#1322 = VERTEX_POINT('',#1323);
#1323 = CARTESIAN_POINT('',(-14.0819993364,23.914767386542,
    8.221491461591));
#1324 = VERTEX_POINT('',#1325);
#1325 = CARTESIAN_POINT('',(-13.68338501827,24.568137926902,
    8.746817886918));
#1326 = ( BOUNDED_CURVE() B_SPLINE_CURVE(3,(#1327,#1328,#1329,#1330),
.UNSPECIFIED.,.F.,.F.) B_SPLINE_CURVE_WITH_KNOTS((4,4),(0.751992578926,
1.537390742323),.PIECEWISE_BEZIER_KNOTS.) CURVE() 
GEOMETRIC_REPRESENTATION_ITEM() RATIONAL_B_SPLINE_CURVE((1.,
0.949253021674,0.949253021674,1.)) REPRESENTATION_ITEM('') );
#1327 = CARTESIAN_POINT('',(-14.0819993364,23.914767386542,
    8.221491461591));
#1328 = CARTESIAN_POINT('',(-13.86487925118,24.073170033548,
    8.359876118308));
#1329 = CARTESIAN_POINT('',(-13.724904517,24.302603256458,8.544346227377
    ));
#1330 = CARTESIAN_POINT('',(-13.68338501827,24.568137926902,
    8.746817886918));
#1331 = ORIENTED_EDGE('',*,*,#1332,.T.);
#1332 = EDGE_CURVE('',#1322,#1333,#1335,.T.);
#1333 = VERTEX_POINT('',#1334);
#1334 = CARTESIAN_POINT('',(-14.0819993364,23.914767386542,
    6.149371867901));
#1335 = LINE('',#1336,#1337);
#1336 = CARTESIAN_POINT('',(-14.0819993364,23.914767386542,
    6.549371867901));
#1337 = VECTOR('',#1338,1.);
#1338 = DIRECTION('',(0.,0.,-1.));
#1339 = ORIENTED_EDGE('',*,*,#1340,.F.);
#1340 = EDGE_CURVE('',#1341,#1333,#1343,.T.);
#1341 = VERTEX_POINT('',#1342);
#1342 = CARTESIAN_POINT('',(-13.68338501827,24.568137926902,
    6.149371867901));
#1343 = CIRCLE('',#1344,1.);
#1344 = AXIS2_PLACEMENT_3D('',#1345,#1346,#1347);
#1345 = CARTESIAN_POINT('',(-14.67138018723,24.722622703212,
    6.149371867901));
#1346 = DIRECTION('',(-6.005553871668E-16,-4.381426200414E-16,-1.));
#1347 = DIRECTION('',(0.589380850832,-0.80785531667,1.528418003866E-30)
  );
#1348 = ORIENTED_EDGE('',*,*,#1349,.T.);
#1349 = EDGE_CURVE('',#1341,#1324,#1350,.T.);
#1350 = LINE('',#1351,#1352);
#1351 = CARTESIAN_POINT('',(-13.68338501827,24.568137926902,
    6.549371867901));
#1352 = VECTOR('',#1353,1.);
#1353 = DIRECTION('',(0.,0.,1.));
#1354 = CYLINDRICAL_SURFACE('',#1355,1.);
#1355 = AXIS2_PLACEMENT_3D('',#1356,#1357,#1358);
#1356 = CARTESIAN_POINT('',(-14.67138018723,24.722622703212,
    6.549371867901));
#1357 = DIRECTION('',(0.,0.,-1.));
#1358 = DIRECTION('',(0.589380850832,-0.80785531667,0.));
#1359 = ADVANCED_FACE('',(#1360),#1394,.T.);
#1360 = FACE_BOUND('',#1361,.T.);
#1361 = EDGE_LOOP('',(#1362,#1373,#1379,#1388));
#1362 = ORIENTED_EDGE('',*,*,#1363,.T.);
#1363 = EDGE_CURVE('',#1364,#1366,#1368,.T.);
#1364 = VERTEX_POINT('',#1365);
#1365 = CARTESIAN_POINT('',(-14.79496800828,23.932226568044,
    5.949371867901));
#1366 = VERTEX_POINT('',#1367);
#1367 = CARTESIAN_POINT('',(-14.19987550656,24.076338449876,
    5.949371867901));
#1368 = CIRCLE('',#1369,0.8);
#1369 = AXIS2_PLACEMENT_3D('',#1370,#1371,#1372);
#1370 = CARTESIAN_POINT('',(-14.67138018723,24.722622703212,
    5.949371867901));
#1371 = DIRECTION('',(8.445535056805E-16,1.03698131354E-16,1.));
#1372 = DIRECTION('',(0.589380850832,-0.80785531667,-4.139905770082E-16)
  );
#1373 = ORIENTED_EDGE('',*,*,#1374,.T.);
#1374 = EDGE_CURVE('',#1366,#1333,#1375,.T.);
#1375 = LINE('',#1376,#1377);
#1376 = CARTESIAN_POINT('',(-14.14093742148,23.995552918209,
    6.049371867901));
#1377 = VECTOR('',#1378,1.);
#1378 = DIRECTION('',(0.416755196325,-0.571239972635,0.707106781187));
#1379 = ORIENTED_EDGE('',*,*,#1380,.T.);
#1380 = EDGE_CURVE('',#1333,#1381,#1383,.T.);
#1381 = VERTEX_POINT('',#1382);
#1382 = CARTESIAN_POINT('',(-14.82586496354,23.734627534252,
    6.149371867901));
#1383 = CIRCLE('',#1384,1.);
#1384 = AXIS2_PLACEMENT_3D('',#1385,#1386,#1387);
#1385 = CARTESIAN_POINT('',(-14.67138018723,24.722622703212,
    6.149371867901));
#1386 = DIRECTION('',(-6.005553871668E-16,-4.381426200414E-16,-1.));
#1387 = DIRECTION('',(0.589380850832,-0.80785531667,1.528418003866E-30)
  );
#1388 = ORIENTED_EDGE('',*,*,#1389,.T.);
#1389 = EDGE_CURVE('',#1381,#1364,#1390,.T.);
#1390 = LINE('',#1391,#1392);
#1391 = CARTESIAN_POINT('',(-14.82586496354,23.734627534252,
    6.149371867901));
#1392 = VECTOR('',#1393,1.);
#1393 = DIRECTION('',(0.109237232919,0.698618083751,-0.707106781187));
#1394 = CONICAL_SURFACE('',#1395,0.9,0.785398163397);
#1395 = AXIS2_PLACEMENT_3D('',#1396,#1397,#1398);
#1396 = CARTESIAN_POINT('',(-14.67138018723,24.722622703212,
    6.049371867901));
#1397 = DIRECTION('',(1.084436082283E-16,-1.486419949722E-16,1.));
#1398 = DIRECTION('',(0.589380850832,-0.80785531667,-1.839958120036E-16)
  );
#1399 = ADVANCED_FACE('',(#1400),#1436,.T.);
#1400 = FACE_BOUND('',#1401,.T.);
#1401 = EDGE_LOOP('',(#1402,#1413,#1421,#1430));
#1402 = ORIENTED_EDGE('',*,*,#1403,.T.);
#1403 = EDGE_CURVE('',#1404,#1406,#1408,.T.);
#1404 = VERTEX_POINT('',#1405);
#1405 = CARTESIAN_POINT('',(-17.64715121104,25.187919837659,
    5.949371867901));
#1406 = VERTEX_POINT('',#1407);
#1407 = CARTESIAN_POINT('',(-17.50303932921,24.592827335945,
    5.949371867901));
#1408 = CIRCLE('',#1409,0.8);
#1409 = AXIS2_PLACEMENT_3D('',#1410,#1411,#1412);
#1410 = CARTESIAN_POINT('',(-16.85675507588,25.064332016611,
    5.949371867901));
#1411 = DIRECTION('',(8.445535056805E-16,1.03698131354E-16,1.));
#1412 = DIRECTION('',(-0.80785531667,-0.589380850832,7.433947326635E-16)
  );
#1413 = ORIENTED_EDGE('',*,*,#1414,.T.);
#1414 = EDGE_CURVE('',#1406,#1415,#1417,.T.);
#1415 = VERTEX_POINT('',#1416);
#1416 = CARTESIAN_POINT('',(-17.66461039255,24.474951165779,
    6.149371867901));
#1417 = LINE('',#1418,#1419);
#1418 = CARTESIAN_POINT('',(-17.58382486088,24.533889250862,
    6.049371867901));
#1419 = VECTOR('',#1420,1.);
#1420 = DIRECTION('',(-0.571239972635,-0.416755196325,0.707106781187));
#1421 = ORIENTED_EDGE('',*,*,#1422,.T.);
#1422 = EDGE_CURVE('',#1415,#1423,#1425,.T.);
#1423 = VERTEX_POINT('',#1424);
#1424 = CARTESIAN_POINT('',(-17.84475024484,25.218816792921,
    6.149371867901));
#1425 = CIRCLE('',#1426,1.);
#1426 = AXIS2_PLACEMENT_3D('',#1427,#1428,#1429);
#1427 = CARTESIAN_POINT('',(-16.85675507588,25.064332016611,
    6.149371867901));
#1428 = DIRECTION('',(-2.439981185136E-16,3.344444886874E-16,-1.));
#1429 = DIRECTION('',(-0.80785531667,-0.589380850832,4.930380657631E-32)
  );
#1430 = ORIENTED_EDGE('',*,*,#1431,.T.);
#1431 = EDGE_CURVE('',#1423,#1404,#1432,.T.);
#1432 = LINE('',#1433,#1434);
#1433 = CARTESIAN_POINT('',(-17.84475024484,25.218816792921,
    6.149371867901));
#1434 = VECTOR('',#1435,1.);
#1435 = DIRECTION('',(0.698618083751,-0.109237232919,-0.707106781187));
#1436 = CONICAL_SURFACE('',#1437,0.9,0.785398163397);
#1437 = AXIS2_PLACEMENT_3D('',#1438,#1439,#1440);
#1438 = CARTESIAN_POINT('',(-16.85675507588,25.064332016611,
    6.049371867901));
#1439 = DIRECTION('',(2.669135054075E-16,1.947300533517E-16,1.));
#1440 = DIRECTION('',(-0.80785531667,-0.589380850832,3.303976589616E-16)
  );
#1441 = ADVANCED_FACE('',(#1442),#1476,.T.);
#1442 = FACE_BOUND('',#1443,.T.);
#1443 = EDGE_LOOP('',(#1444,#1455,#1461,#1470));
#1444 = ORIENTED_EDGE('',*,*,#1445,.F.);
#1445 = EDGE_CURVE('',#1446,#1448,#1450,.T.);
#1446 = VERTEX_POINT('',#1447);
#1447 = CARTESIAN_POINT('',(-17.66461039255,24.474951165779,
    8.312781488418));
#1448 = VERTEX_POINT('',#1449);
#1449 = CARTESIAN_POINT('',(-17.01123985219,24.076336847651,
    8.074328072603));
#1450 = ( BOUNDED_CURVE() B_SPLINE_CURVE(3,(#1451,#1452,#1453,#1454),
.UNSPECIFIED.,.F.,.F.) B_SPLINE_CURVE_WITH_KNOTS((4,4),(5.464381559311,
6.249779722708),.PIECEWISE_BEZIER_KNOTS.) CURVE() 
GEOMETRIC_REPRESENTATION_ITEM() RATIONAL_B_SPLINE_CURVE((1.,
0.949253021674,0.949253021674,1.)) REPRESENTATION_ITEM('') );
#1451 = CARTESIAN_POINT('',(-17.66461039255,24.474951165779,
    8.312781488418));
#1452 = CARTESIAN_POINT('',(-17.50620774554,24.257831080562,
    8.164827978214));
#1453 = CARTESIAN_POINT('',(-17.27677452263,24.117856346384,
    8.081094273792));
#1454 = CARTESIAN_POINT('',(-17.01123985219,24.076336847651,
    8.074328072603));
#1455 = ORIENTED_EDGE('',*,*,#1456,.T.);
#1456 = EDGE_CURVE('',#1446,#1415,#1457,.T.);
#1457 = LINE('',#1458,#1459);
#1458 = CARTESIAN_POINT('',(-17.66461039255,24.474951165779,
    6.549371867901));
#1459 = VECTOR('',#1460,1.);
#1460 = DIRECTION('',(0.,0.,-1.));
#1461 = ORIENTED_EDGE('',*,*,#1462,.F.);
#1462 = EDGE_CURVE('',#1463,#1415,#1465,.T.);
#1463 = VERTEX_POINT('',#1464);
#1464 = CARTESIAN_POINT('',(-17.01123985219,24.076336847651,
    6.149371867901));
#1465 = CIRCLE('',#1466,1.);
#1466 = AXIS2_PLACEMENT_3D('',#1467,#1468,#1469);
#1467 = CARTESIAN_POINT('',(-16.85675507588,25.064332016611,
    6.149371867901));
#1468 = DIRECTION('',(-2.439981185136E-16,3.344444886874E-16,-1.));
#1469 = DIRECTION('',(-0.80785531667,-0.589380850832,4.930380657631E-32)
  );
#1470 = ORIENTED_EDGE('',*,*,#1471,.T.);
#1471 = EDGE_CURVE('',#1463,#1448,#1472,.T.);
#1472 = LINE('',#1473,#1474);
#1473 = CARTESIAN_POINT('',(-17.01123985219,24.076336847651,
    6.549371867901));
#1474 = VECTOR('',#1475,1.);
#1475 = DIRECTION('',(0.,0.,1.));
#1476 = CYLINDRICAL_SURFACE('',#1477,1.);
#1477 = AXIS2_PLACEMENT_3D('',#1478,#1479,#1480);
#1478 = CARTESIAN_POINT('',(-16.85675507588,25.064332016611,
    6.549371867901));
#1479 = DIRECTION('',(0.,0.,-1.));
#1480 = DIRECTION('',(-0.80785531667,-0.589380850832,-0.));
#1481 = ADVANCED_FACE('',(#1482),#1518,.T.);
#1482 = FACE_BOUND('',#1483,.T.);
#1483 = EDGE_LOOP('',(#1484,#1495,#1503,#1512));
#1484 = ORIENTED_EDGE('',*,*,#1485,.T.);
#1485 = EDGE_CURVE('',#1486,#1488,#1490,.T.);
#1486 = VERTEX_POINT('',#1487);
#1487 = CARTESIAN_POINT('',(-26.78812852293,22.386532602786,
    6.549371867901));
#1488 = VERTEX_POINT('',#1489);
#1489 = CARTESIAN_POINT('',(-26.62652378111,21.876620992263,
    6.549371867901));
#1490 = CIRCLE('',#1491,0.6);
#1491 = AXIS2_PLACEMENT_3D('',#1492,#1493,#1494);
#1492 = CARTESIAN_POINT('',(-26.19533142168,22.293841736204,
    6.549371867901));
#1493 = DIRECTION('',(3.565515166319E-16,-3.684914806973E-16,1.));
#1494 = DIRECTION('',(-0.718653932372,-0.695367906569,1.922848456476E-30
    ));
#1495 = ORIENTED_EDGE('',*,*,#1496,.T.);
#1496 = EDGE_CURVE('',#1488,#1497,#1499,.T.);
#1497 = VERTEX_POINT('',#1498);
#1498 = CARTESIAN_POINT('',(-26.62652378111,21.876620992263,
    10.295175677644));
#1499 = LINE('',#1500,#1501);
#1500 = CARTESIAN_POINT('',(-26.62652378111,21.876620992263,
    6.549371867901));
#1501 = VECTOR('',#1502,1.);
#1502 = DIRECTION('',(4.275466139979E-16,-4.418640154653E-16,1.));
#1503 = ORIENTED_EDGE('',*,*,#1504,.F.);
#1504 = EDGE_CURVE('',#1505,#1497,#1507,.T.);
#1505 = VERTEX_POINT('',#1506);
#1506 = CARTESIAN_POINT('',(-26.78812852293,22.386532602786,
    10.710799374522));
#1507 = ( BOUNDED_CURVE() B_SPLINE_CURVE(3,(#1508,#1509,#1510,#1511),
.UNSPECIFIED.,.F.,.F.) B_SPLINE_CURVE_WITH_KNOTS((4,4),(4.302470050119,
5.226507712027),.PIECEWISE_BEZIER_KNOTS.) CURVE() 
GEOMETRIC_REPRESENTATION_ITEM() RATIONAL_B_SPLINE_CURVE((1.,
0.930102943962,0.930102943962,1.)) REPRESENTATION_ITEM('') );
#1508 = CARTESIAN_POINT('',(-26.78812852293,22.386532602786,
    10.710799374522));
#1509 = CARTESIAN_POINT('',(-26.81774354339,22.197132083325,
    10.574001429525));
#1510 = CARTESIAN_POINT('',(-26.75982710777,22.014388293571,
    10.425048850467));
#1511 = CARTESIAN_POINT('',(-26.62652378111,21.876620992263,
    10.295175677644));
#1512 = ORIENTED_EDGE('',*,*,#1513,.T.);
#1513 = EDGE_CURVE('',#1505,#1486,#1514,.T.);
#1514 = LINE('',#1515,#1516);
#1515 = CARTESIAN_POINT('',(-26.78812852293,22.386532602786,
    6.549371867901));
#1516 = VECTOR('',#1517,1.);
#1517 = DIRECTION('',(-8.83630349471E-16,5.584328060347E-19,-1.));
#1518 = CYLINDRICAL_SURFACE('',#1519,0.6);
#1519 = AXIS2_PLACEMENT_3D('',#1520,#1521,#1522);
#1520 = CARTESIAN_POINT('',(-26.19533142168,22.293841736204,
    6.549371867901));
#1521 = DIRECTION('',(4.275466139979E-16,-4.418640154653E-16,1.));
#1522 = DIRECTION('',(-0.718653932372,-0.695367906569,2.366582715663E-30
    ));
#1523 = ADVANCED_FACE('',(#1524),#1567,.T.);
#1524 = FACE_BOUND('',#1525,.T.);
#1525 = EDGE_LOOP('',(#1526,#1544,#1552,#1561));
#1526 = ORIENTED_EDGE('',*,*,#1527,.T.);
#1527 = EDGE_CURVE('',#1528,#1530,#1532,.T.);
#1528 = VERTEX_POINT('',#1529);
#1529 = CARTESIAN_POINT('',(-23.56958938896,23.169484517663,
    10.669088918853));
#1530 = VERTEX_POINT('',#1531);
#1531 = CARTESIAN_POINT('',(-23.62572316294,23.996282308742,
    11.041235053325));
#1532 = B_SPLINE_CURVE_WITH_KNOTS('',3,(#1533,#1534,#1535,#1536,#1537,
    #1538,#1539,#1540,#1541,#1542,#1543),.UNSPECIFIED.,.F.,.F.,(4,2,2,1,
    2,4),(0.,0.249969860735,0.374954791103,0.437447256286,0.468693488878
    ,0.49993972147),.UNSPECIFIED.);
#1533 = CARTESIAN_POINT('',(-23.56958938896,23.169484517663,
    10.669088918853));
#1534 = CARTESIAN_POINT('',(-23.57695744698,23.287643679823,
    10.75949606091));
#1535 = CARTESIAN_POINT('',(-23.58531510616,23.417452380493,
    10.837706073007));
#1536 = CARTESIAN_POINT('',(-23.59938302443,23.625699627662,
    10.932150426014));
#1537 = CARTESIAN_POINT('',(-23.60432515672,23.697356536465,
    10.959826145515));
#1538 = CARTESIAN_POINT('',(-23.61209319642,23.807578215388,
    10.995125741047));
#1539 = CARTESIAN_POINT('',(-23.61606567446,23.863371833051,
    11.011222934277));
#1540 = CARTESIAN_POINT('',(-23.62016393439,23.92006088644,
    11.024905364709));
#1541 = CARTESIAN_POINT('',(-23.62292312696,23.958037504702,
    11.033481515286));
#1542 = CARTESIAN_POINT('',(-23.62439726865,23.978222165938,
    11.037712240855));
#1543 = CARTESIAN_POINT('',(-23.62572316294,23.996282308742,
    11.041235053325));
#1544 = ORIENTED_EDGE('',*,*,#1545,.T.);
#1545 = EDGE_CURVE('',#1530,#1546,#1548,.T.);
#1546 = VERTEX_POINT('',#1547);
#1547 = CARTESIAN_POINT('',(-26.59340118153,23.631895903147,
    11.348899499524));
#1548 = LINE('',#1549,#1550);
#1549 = CARTESIAN_POINT('',(-25.56718223272,23.757899746165,
    11.242509503902));
#1550 = VECTOR('',#1551,1.);
#1551 = DIRECTION('',(-0.98733286652,-0.12122923248,0.102358604339));
#1552 = ORIENTED_EDGE('',*,*,#1553,.T.);
#1553 = EDGE_CURVE('',#1546,#1554,#1556,.T.);
#1554 = VERTEX_POINT('',#1555);
#1555 = CARTESIAN_POINT('',(-26.72631001782,22.781887959643,
    10.996351919549));
#1556 = ( BOUNDED_CURVE() B_SPLINE_CURVE(3,(#1557,#1558,#1559,#1560),
.UNSPECIFIED.,.F.,.F.) B_SPLINE_CURVE_WITH_KNOTS((4,4),(5.253832737631,
5.712030494626),.PIECEWISE_BEZIER_KNOTS.) CURVE() 
GEOMETRIC_REPRESENTATION_ITEM() RATIONAL_B_SPLINE_CURVE((1.,
0.982580956739,0.982580956739,1.)) REPRESENTATION_ITEM('') );
#1557 = CARTESIAN_POINT('',(-26.59340118153,23.631895903147,
    11.348899499524));
#1558 = CARTESIAN_POINT('',(-26.64194940872,23.321409558495,
    11.297357864042));
#1559 = CARTESIAN_POINT('',(-26.68703774991,23.033050640866,
    11.177758701056));
#1560 = CARTESIAN_POINT('',(-26.72631001782,22.781887959643,
    10.996351919549));
#1561 = ORIENTED_EDGE('',*,*,#1562,.T.);
#1562 = EDGE_CURVE('',#1554,#1528,#1563,.T.);
#1563 = LINE('',#1564,#1565);
#1564 = CARTESIAN_POINT('',(-25.50441670759,22.931917593208,
    10.869676004944));
#1565 = VECTOR('',#1566,1.);
#1566 = DIRECTION('',(0.98733286652,0.12122923248,-0.102358604339));
#1567 = CYLINDRICAL_SURFACE('',#1568,2.);
#1568 = AXIS2_PLACEMENT_3D('',#1569,#1570,#1571);
#1569 = CARTESIAN_POINT('',(-25.81399109193,24.120416758493,
    9.291185132407));
#1570 = DIRECTION('',(-0.98733286652,-0.12122923248,0.102358604339));
#1571 = DIRECTION('',(0.123404429604,-0.181258506164,0.975662185747));
#1572 = ADVANCED_FACE('',(#1573),#1609,.T.);
#1573 = FACE_BOUND('',#1574,.T.);
#1574 = EDGE_LOOP('',(#1575,#1586,#1594,#1603));
#1575 = ORIENTED_EDGE('',*,*,#1576,.F.);
#1576 = EDGE_CURVE('',#1577,#1579,#1581,.T.);
#1577 = VERTEX_POINT('',#1578);
#1578 = CARTESIAN_POINT('',(-12.28064235274,20.670717051502,
    8.549371867901));
#1579 = VERTEX_POINT('',#1580);
#1580 = CARTESIAN_POINT('',(-12.29264718378,20.516232275191,
    8.549371867901));
#1581 = CIRCLE('',#1582,1.);
#1582 = AXIS2_PLACEMENT_3D('',#1583,#1584,#1585);
#1583 = CARTESIAN_POINT('',(-13.28064235274,20.670717051502,
    8.549371867901));
#1584 = DIRECTION('',(0.,0.,-1.));
#1585 = DIRECTION('',(1.,0.,0.));
#1586 = ORIENTED_EDGE('',*,*,#1587,.T.);
#1587 = EDGE_CURVE('',#1577,#1588,#1590,.T.);
#1588 = VERTEX_POINT('',#1589);
#1589 = CARTESIAN_POINT('',(-12.28064235274,20.670717051502,
    10.149371867901));
#1590 = LINE('',#1591,#1592);
#1591 = CARTESIAN_POINT('',(-12.28064235274,20.670717051502,
    7.349371867901));
#1592 = VECTOR('',#1593,1.);
#1593 = DIRECTION('',(0.,0.,1.));
#1594 = ORIENTED_EDGE('',*,*,#1595,.F.);
#1595 = EDGE_CURVE('',#1596,#1588,#1598,.T.);
#1596 = VERTEX_POINT('',#1597);
#1597 = CARTESIAN_POINT('',(-12.29264718378,20.516232275191,
    10.149371867901));
#1598 = CIRCLE('',#1599,1.);
#1599 = AXIS2_PLACEMENT_3D('',#1600,#1601,#1602);
#1600 = CARTESIAN_POINT('',(-13.28064235274,20.670717051502,
    10.149371867901));
#1601 = DIRECTION('',(0.,0.,1.));
#1602 = DIRECTION('',(1.,0.,0.));
#1603 = ORIENTED_EDGE('',*,*,#1604,.F.);
#1604 = EDGE_CURVE('',#1579,#1596,#1605,.T.);
#1605 = LINE('',#1606,#1607);
#1606 = CARTESIAN_POINT('',(-12.29264718378,20.516232275191,
    7.349371867901));
#1607 = VECTOR('',#1608,1.);
#1608 = DIRECTION('',(0.,0.,1.));
#1609 = CYLINDRICAL_SURFACE('',#1610,1.);
#1610 = AXIS2_PLACEMENT_3D('',#1611,#1612,#1613);
#1611 = CARTESIAN_POINT('',(-13.28064235274,20.670717051502,
    7.349371867901));
#1612 = DIRECTION('',(0.,0.,1.));
#1613 = DIRECTION('',(1.,0.,0.));
#1614 = ADVANCED_FACE('',(#1615),#1641,.F.);
#1615 = FACE_BOUND('',#1616,.F.);
#1616 = EDGE_LOOP('',(#1617,#1625,#1634,#1640));
#1617 = ORIENTED_EDGE('',*,*,#1618,.T.);
#1618 = EDGE_CURVE('',#899,#1619,#1621,.T.);
#1619 = VERTEX_POINT('',#1620);
#1620 = CARTESIAN_POINT('',(-25.25501429102,14.254090820639,
    10.149371867901));
#1621 = LINE('',#1622,#1623);
#1622 = CARTESIAN_POINT('',(-26.65501429102,14.254090820639,
    8.538856097792));
#1623 = VECTOR('',#1624,1.);
#1624 = DIRECTION('',(0.656059028991,0.,0.754709580223));
#1625 = ORIENTED_EDGE('',*,*,#1626,.T.);
#1626 = EDGE_CURVE('',#1619,#1627,#1629,.T.);
#1627 = VERTEX_POINT('',#1628);
#1628 = CARTESIAN_POINT('',(-30.45501429102,14.254090820639,
    10.149371867901));
#1629 = CIRCLE('',#1630,2.6);
#1630 = AXIS2_PLACEMENT_3D('',#1631,#1632,#1633);
#1631 = CARTESIAN_POINT('',(-27.85501429102,14.254090820639,
    10.149371867901));
#1632 = DIRECTION('',(0.,0.,-1.));
#1633 = DIRECTION('',(1.,0.,0.));
#1634 = ORIENTED_EDGE('',*,*,#1635,.F.);
#1635 = EDGE_CURVE('',#880,#1627,#1636,.T.);
#1636 = LINE('',#1637,#1638);
#1637 = CARTESIAN_POINT('',(-29.05501429102,14.254090820639,
    8.538856097792));
#1638 = VECTOR('',#1639,1.);
#1639 = DIRECTION('',(-0.656059028991,8.034405899049E-17,0.754709580223)
  );
#1640 = ORIENTED_EDGE('',*,*,#906,.T.);
#1641 = CONICAL_SURFACE('',#1642,1.2,0.715584993318);
#1642 = AXIS2_PLACEMENT_3D('',#1643,#1644,#1645);
#1643 = CARTESIAN_POINT('',(-27.85501429102,14.254090820639,
    8.538856097792));
#1644 = DIRECTION('',(0.,0.,1.));
#1645 = DIRECTION('',(1.,0.,0.));
#1646 = ADVANCED_FACE('',(#1647),#1675,.F.);
#1647 = FACE_BOUND('',#1648,.F.);
#1648 = EDGE_LOOP('',(#1649,#1659,#1668));
#1649 = ORIENTED_EDGE('',*,*,#1650,.F.);
#1650 = EDGE_CURVE('',#1651,#1653,#1655,.T.);
#1651 = VERTEX_POINT('',#1652);
#1652 = CARTESIAN_POINT('',(-14.0072819827,32.715988648249,
    7.549371867901));
#1653 = VERTEX_POINT('',#1654);
#1654 = CARTESIAN_POINT('',(-14.0072819827,32.715988648249,
    7.392461675586));
#1655 = LINE('',#1656,#1657);
#1656 = CARTESIAN_POINT('',(-14.0072819827,32.715988648249,
    6.549371867901));
#1657 = VECTOR('',#1658,1.);
#1658 = DIRECTION('',(-7.735545142092E-16,-0.,-1.));
#1659 = ORIENTED_EDGE('',*,*,#1660,.T.);
#1660 = EDGE_CURVE('',#1651,#1661,#1663,.T.);
#1661 = VERTEX_POINT('',#1662);
#1662 = CARTESIAN_POINT('',(-13.87496766189,32.68598422971,
    7.549371867901));
#1663 = CIRCLE('',#1664,1.);
#1664 = AXIS2_PLACEMENT_3D('',#1665,#1666,#1667);
#1665 = CARTESIAN_POINT('',(-14.16176675901,31.727993479289,
    7.549371867901));
#1666 = DIRECTION('',(-8.330074680376E-16,-9.381716073034E-17,-1.));
#1667 = DIRECTION('',(0.759764671551,0.650198157382,-6.938893903907E-16)
  );
#1668 = ORIENTED_EDGE('',*,*,#1669,.T.);
#1669 = EDGE_CURVE('',#1661,#1653,#1670,.T.);
#1670 = B_SPLINE_CURVE_WITH_KNOTS('',3,(#1671,#1672,#1673,#1674),
  .UNSPECIFIED.,.F.,.F.,(4,4),(1.824270076136E-04,3.897105609088E-04),
  .PIECEWISE_BEZIER_KNOTS.);
#1671 = CARTESIAN_POINT('',(-13.87496766189,32.68598422971,
    7.549371867901));
#1672 = CARTESIAN_POINT('',(-13.9183997055,32.698986725701,
    7.497230685101));
#1673 = CARTESIAN_POINT('',(-13.96267404306,32.709013667202,
    7.444764122334));
#1674 = CARTESIAN_POINT('',(-14.0072819827,32.715988648249,
    7.392461675586));
#1675 = CYLINDRICAL_SURFACE('',#1676,1.);
#1676 = AXIS2_PLACEMENT_3D('',#1677,#1678,#1679);
#1677 = CARTESIAN_POINT('',(-14.16176675901,31.727993479289,
    6.549371867901));
#1678 = DIRECTION('',(3.270260838268E-16,-3.821340653557E-16,1.));
#1679 = DIRECTION('',(0.759764671551,0.650198157382,1.084683744679E-30)
  );
#1680 = ADVANCED_FACE('',(#1681),#1707,.F.);
#1681 = FACE_BOUND('',#1682,.F.);
#1682 = EDGE_LOOP('',(#1683,#1693,#1700));
#1683 = ORIENTED_EDGE('',*,*,#1684,.F.);
#1684 = EDGE_CURVE('',#1685,#1687,#1689,.T.);
#1685 = VERTEX_POINT('',#1686);
#1686 = CARTESIAN_POINT('',(-15.6208768654,32.968293368292,
    7.433578368919));
#1687 = VERTEX_POINT('',#1688);
#1688 = CARTESIAN_POINT('',(-15.6208768654,32.968293368292,
    7.549371867901));
#1689 = LINE('',#1690,#1691);
#1690 = CARTESIAN_POINT('',(-15.6208768654,32.968293368292,
    6.549371867901));
#1691 = VECTOR('',#1692,1.);
#1692 = DIRECTION('',(1.846130092869E-17,1.180677900174E-16,1.));
#1693 = ORIENTED_EDGE('',*,*,#1694,.T.);
#1694 = EDGE_CURVE('',#1685,#561,#1695,.T.);
#1695 = B_SPLINE_CURVE_WITH_KNOTS('',3,(#1696,#1697,#1698,#1699),
  .UNSPECIFIED.,.F.,.F.,(4,4),(-7.484706514917E-06,1.428067437257E-04),
  .PIECEWISE_BEZIER_KNOTS.);
#1696 = CARTESIAN_POINT('',(-15.6208768654,32.968293368292,
    7.433578368919));
#1697 = CARTESIAN_POINT('',(-15.65242706265,32.973226616265,
    7.472178606831));
#1698 = CARTESIAN_POINT('',(-15.68425447623,32.976653386749,
    7.51082850235));
#1699 = CARTESIAN_POINT('',(-15.7162011587,32.978546684054,
    7.549371867901));
#1700 = ORIENTED_EDGE('',*,*,#1701,.T.);
#1701 = EDGE_CURVE('',#561,#1687,#1702,.T.);
#1702 = CIRCLE('',#1703,1.);
#1703 = AXIS2_PLACEMENT_3D('',#1704,#1705,#1706);
#1704 = CARTESIAN_POINT('',(-15.77536164171,31.980298199331,
    7.549371867901));
#1705 = DIRECTION('',(-8.45934458742E-16,-1.018052801165E-16,-1.));
#1706 = DIRECTION('',(-0.589380850832,0.80785531667,4.163336342344E-16)
  );
#1707 = CYLINDRICAL_SURFACE('',#1708,1.);
#1708 = AXIS2_PLACEMENT_3D('',#1709,#1710,#1711);
#1709 = CARTESIAN_POINT('',(-15.77536164171,31.980298199331,
    6.549371867901));
#1710 = DIRECTION('',(6.826454547302E-17,4.980324454433E-17,1.));
#1711 = DIRECTION('',(-0.589380850832,0.80785531667,2.588449845256E-31)
  );
#1712 = ADVANCED_FACE('',(#1713),#1812,.T.);
#1713 = FACE_BOUND('',#1714,.T.);
#1714 = EDGE_LOOP('',(#1715,#1725,#1734,#1742,#1749,#1750,#1758,#1766,
    #1772,#1773,#1780,#1781,#1790,#1797,#1798,#1806));
#1715 = ORIENTED_EDGE('',*,*,#1716,.T.);
#1716 = EDGE_CURVE('',#1717,#1719,#1721,.T.);
#1717 = VERTEX_POINT('',#1718);
#1718 = CARTESIAN_POINT('',(-10.51350017675,31.659216360402,
    6.549371867901));
#1719 = VERTEX_POINT('',#1720);
#1720 = CARTESIAN_POINT('',(-10.51350017675,32.912210969745,
    6.549371867901));
#1721 = LINE('',#1722,#1723);
#1722 = CARTESIAN_POINT('',(-10.51350017675,19.460482215262,
    6.549371867901));
#1723 = VECTOR('',#1724,1.);
#1724 = DIRECTION('',(-1.371135525935E-16,1.,0.));
#1725 = ORIENTED_EDGE('',*,*,#1726,.T.);
#1726 = EDGE_CURVE('',#1719,#1727,#1729,.T.);
#1727 = VERTEX_POINT('',#1728);
#1728 = CARTESIAN_POINT('',(-12.51350017675,34.912210969745,
    6.549371867901));
#1729 = CIRCLE('',#1730,2.);
#1730 = AXIS2_PLACEMENT_3D('',#1731,#1732,#1733);
#1731 = CARTESIAN_POINT('',(-12.51350017675,32.912210969745,
    6.549371867901));
#1732 = DIRECTION('',(8.445535056805E-16,1.03698131354E-16,1.));
#1733 = DIRECTION('',(1.,2.365171069822E-33,-8.445535056805E-16));
#1734 = ORIENTED_EDGE('',*,*,#1735,.T.);
#1735 = EDGE_CURVE('',#1727,#1736,#1738,.T.);
#1736 = VERTEX_POINT('',#1737);
#1737 = CARTESIAN_POINT('',(-17.49758553639,34.912210969745,
    6.549371867901));
#1738 = LINE('',#1739,#1740);
#1739 = CARTESIAN_POINT('',(-10.04166497429,34.912210969745,
    6.549371867901));
#1740 = VECTOR('',#1741,1.);
#1741 = DIRECTION('',(-1.,2.00360053461E-16,8.445535056805E-16));
#1742 = ORIENTED_EDGE('',*,*,#1743,.F.);
#1743 = EDGE_CURVE('',#445,#1736,#1744,.T.);
#1744 = CIRCLE('',#1745,1.);
#1745 = AXIS2_PLACEMENT_3D('',#1746,#1747,#1748);
#1746 = CARTESIAN_POINT('',(-17.49758553639,33.912210969745,
    6.549371867901));
#1747 = DIRECTION('',(-5.387387089477E-16,-4.610465661343E-16,-1.));
#1748 = DIRECTION('',(-0.65019813276,0.759764692622,-1.281898970984E-30)
  );
#1749 = ORIENTED_EDGE('',*,*,#442,.F.);
#1750 = ORIENTED_EDGE('',*,*,#1751,.T.);
#1751 = EDGE_CURVE('',#443,#1752,#1754,.T.);
#1752 = VERTEX_POINT('',#1753);
#1753 = CARTESIAN_POINT('',(-18.66277674053,32.933452517213,
    6.549371867901));
#1754 = LINE('',#1755,#1756);
#1755 = CARTESIAN_POINT('',(-18.35337436032,34.912210969745,
    6.549371867901));
#1756 = VECTOR('',#1757,1.);
#1757 = DIRECTION('',(-0.15448477631,-0.98799516896,2.329239122149E-16)
  );
#1758 = ORIENTED_EDGE('',*,*,#1759,.F.);
#1759 = EDGE_CURVE('',#1760,#1752,#1762,.T.);
#1760 = VERTEX_POINT('',#1761);
#1761 = CARTESIAN_POINT('',(-17.67478157156,32.778967740903,
    6.549371867901));
#1762 = LINE('',#1763,#1764);
#1763 = CARTESIAN_POINT('',(-18.66277674053,32.933452517213,
    6.549371867901));
#1764 = VECTOR('',#1765,1.);
#1765 = DIRECTION('',(-0.98799516896,0.15448477631,0.));
#1766 = ORIENTED_EDGE('',*,*,#1767,.T.);
#1767 = EDGE_CURVE('',#1760,#595,#1768,.T.);
#1768 = LINE('',#1769,#1770);
#1769 = CARTESIAN_POINT('',(-19.51088923366,21.03628640267,
    6.549371867901));
#1770 = VECTOR('',#1771,1.);
#1771 = DIRECTION('',(0.154484776312,0.98799516896,-2.329239122164E-16)
  );
#1772 = ORIENTED_EDGE('',*,*,#604,.F.);
#1773 = ORIENTED_EDGE('',*,*,#1774,.F.);
#1774 = EDGE_CURVE('',#648,#605,#1775,.T.);
#1775 = CIRCLE('',#1776,2.);
#1776 = AXIS2_PLACEMENT_3D('',#1777,#1778,#1779);
#1777 = CARTESIAN_POINT('',(-15.77536164171,31.980298199331,
    6.549371867901));
#1778 = DIRECTION('',(8.445535056805E-16,1.03698131354E-16,1.));
#1779 = DIRECTION('',(-0.589380850832,0.80785531667,4.139905770082E-16)
  );
#1780 = ORIENTED_EDGE('',*,*,#645,.F.);
#1781 = ORIENTED_EDGE('',*,*,#1782,.F.);
#1782 = EDGE_CURVE('',#1783,#646,#1785,.T.);
#1783 = VERTEX_POINT('',#1784);
#1784 = CARTESIAN_POINT('',(-12.38535018916,32.646875501281,
    6.549371867901));
#1785 = CIRCLE('',#1786,2.);
#1786 = AXIS2_PLACEMENT_3D('',#1787,#1788,#1789);
#1787 = CARTESIAN_POINT('',(-14.16176675901,31.727993479289,
    6.549371867901));
#1788 = DIRECTION('',(8.445535056805E-16,1.03698131354E-16,1.));
#1789 = DIRECTION('',(0.759764671551,0.650198157382,-7.090862507808E-16)
  );
#1790 = ORIENTED_EDGE('',*,*,#1791,.F.);
#1791 = EDGE_CURVE('',#344,#1783,#1792,.T.);
#1792 = CIRCLE('',#1793,0.5);
#1793 = AXIS2_PLACEMENT_3D('',#1794,#1795,#1796);
#1794 = CARTESIAN_POINT('',(-11.95350922331,32.394856890428,
    6.549371867901));
#1795 = DIRECTION('',(2.439981185136E-16,-3.344444886874E-16,1.));
#1796 = DIRECTION('',(0.80785531667,0.589380850832,-2.440538425528E-30)
  );
#1797 = ORIENTED_EDGE('',*,*,#351,.F.);
#1798 = ORIENTED_EDGE('',*,*,#1799,.T.);
#1799 = EDGE_CURVE('',#327,#1800,#1802,.T.);
#1800 = VERTEX_POINT('',#1801);
#1801 = CARTESIAN_POINT('',(-11.53742600708,31.819319322263,
    6.549371867901));
#1802 = LINE('',#1803,#1804);
#1803 = CARTESIAN_POINT('',(-12.33297701142,26.731435792713,
    6.549371867901));
#1804 = VECTOR('',#1805,1.);
#1805 = DIRECTION('',(-0.15448477631,-0.98799516896,2.329239122149E-16)
  );
#1806 = ORIENTED_EDGE('',*,*,#1807,.F.);
#1807 = EDGE_CURVE('',#1717,#1800,#1808,.T.);
#1808 = LINE('',#1809,#1810);
#1809 = CARTESIAN_POINT('',(-11.53742600708,31.819319322263,
    6.549371867901));
#1810 = VECTOR('',#1811,1.);
#1811 = DIRECTION('',(-0.98799516896,0.15448477631,0.));
#1812 = PLANE('',#1813);
#1813 = AXIS2_PLACEMENT_3D('',#1814,#1815,#1816);
#1814 = CARTESIAN_POINT('',(-18.84672027701,21.5211061564,6.549371867901
    ));
#1815 = DIRECTION('',(8.445535056805E-16,1.03698131354E-16,1.));
#1816 = DIRECTION('',(1.,0.,-8.445535056805E-16));
#1817 = ADVANCED_FACE('',(#1818,#1877,#1887),#1957,.F.);
#1818 = FACE_BOUND('',#1819,.T.);
#1819 = EDGE_LOOP('',(#1820,#1828,#1836,#1844,#1852,#1861,#1869,#1876));
#1820 = ORIENTED_EDGE('',*,*,#1821,.T.);
#1821 = EDGE_CURVE('',#766,#1822,#1824,.T.);
#1822 = VERTEX_POINT('',#1823);
#1823 = CARTESIAN_POINT('',(-27.46300372714,-13.91911501284,
    18.619679431192));
#1824 = LINE('',#1825,#1826);
#1825 = CARTESIAN_POINT('',(-31.23231068447,-14.3819277125,
    19.010443054058));
#1826 = VECTOR('',#1827,1.);
#1827 = DIRECTION('',(-0.98733306041,-0.121229256288,0.102356705895));
#1828 = ORIENTED_EDGE('',*,*,#1829,.T.);
#1829 = EDGE_CURVE('',#1822,#1830,#1832,.T.);
#1830 = VERTEX_POINT('',#1831);
#1831 = CARTESIAN_POINT('',(-24.85559120556,-31.21648620869,
    23.284123589556));
#1832 = LINE('',#1833,#1834);
#1833 = CARTESIAN_POINT('',(-26.00774628601,-23.57317931469,
    21.223013968408));
#1834 = VECTOR('',#1835,1.);
#1835 = DIRECTION('',(0.144024139646,-0.955444903331,0.25764720821));
#1836 = ORIENTED_EDGE('',*,*,#1837,.T.);
#1837 = EDGE_CURVE('',#1830,#1838,#1840,.T.);
#1838 = VERTEX_POINT('',#1839);
#1839 = CARTESIAN_POINT('',(-24.629908892,-32.7136450655,23.687850479885
    ));
#1840 = LINE('',#1841,#1842);
#1841 = CARTESIAN_POINT('',(-26.00774628601,-23.57317931469,
    21.223013968408));
#1842 = VECTOR('',#1843,1.);
#1843 = DIRECTION('',(0.144024139646,-0.955444903331,0.25764720821));
#1844 = ORIENTED_EDGE('',*,*,#1845,.F.);
#1845 = EDGE_CURVE('',#1846,#1838,#1848,.T.);
#1846 = VERTEX_POINT('',#1847);
#1847 = CARTESIAN_POINT('',(-12.40943720895,-28.82017499872,
    21.750668758438));
#1848 = LINE('',#1849,#1850);
#1849 = CARTESIAN_POINT('',(-25.40811272549,-32.96158257644,
    23.811210877167));
#1850 = VECTOR('',#1851,1.);
#1851 = DIRECTION('',(-0.942124342507,-0.300162957853,0.149344976444));
#1852 = ORIENTED_EDGE('',*,*,#1853,.T.);
#1853 = EDGE_CURVE('',#1846,#1854,#1856,.T.);
#1854 = VERTEX_POINT('',#1855);
#1855 = CARTESIAN_POINT('',(-9.774464116009,-24.67471441915,
    20.406960973681));
#1856 = CIRCLE('',#1857,4.);
#1857 = AXIS2_PLACEMENT_3D('',#1858,#1859,#1860);
#1858 = CARTESIAN_POINT('',(-13.72379635764,-25.1596314443,
    20.816387797262));
#1859 = DIRECTION('',(6.656181353355E-02,0.269125443091,0.960802279795)
  );
#1860 = DIRECTION('',(1.040834085586E-17,0.962937783644,-0.26972360822)
  );
#1861 = ORIENTED_EDGE('',*,*,#1862,.F.);
#1862 = EDGE_CURVE('',#1863,#1854,#1865,.T.);
#1863 = VERTEX_POINT('',#1864);
#1864 = CARTESIAN_POINT('',(-11.11164866975,-15.80393643825,
    18.014849012584));
#1865 = LINE('',#1866,#1867);
#1866 = CARTESIAN_POINT('',(-10.60889963551,-19.13913429887,
    18.914225224252));
#1867 = VECTOR('',#1868,1.);
#1868 = DIRECTION('',(0.144024139646,-0.955444903331,0.25764720821));
#1869 = ORIENTED_EDGE('',*,*,#1870,.T.);
#1870 = EDGE_CURVE('',#1863,#764,#1871,.T.);
#1871 = CIRCLE('',#1872,4.);
#1872 = AXIS2_PLACEMENT_3D('',#1873,#1874,#1875);
#1873 = CARTESIAN_POINT('',(-15.06098091139,-16.2888534634,
    18.424275836165));
#1874 = DIRECTION('',(6.656181353355E-02,0.269125443091,0.960802279795)
  );
#1875 = DIRECTION('',(8.743006318923E-16,0.962937783644,-0.26972360822)
  );
#1876 = ORIENTED_EDGE('',*,*,#763,.T.);
#1877 = FACE_BOUND('',#1878,.T.);
#1878 = EDGE_LOOP('',(#1879,#1880));
#1879 = ORIENTED_EDGE('',*,*,#250,.T.);
#1880 = ORIENTED_EDGE('',*,*,#1881,.T.);
#1881 = EDGE_CURVE('',#251,#243,#1882,.T.);
#1882 = CIRCLE('',#1883,1.35);
#1883 = AXIS2_PLACEMENT_3D('',#1884,#1885,#1886);
#1884 = CARTESIAN_POINT('',(-15.63113292595,-20.91469544218,
    19.759495528358));
#1885 = DIRECTION('',(-6.656181353355E-02,-0.269125443091,
    -0.960802279795));
#1886 = DIRECTION('',(7.979727989493E-17,0.962937783644,-0.26972360822)
  );
#1887 = FACE_BOUND('',#1888,.T.);
#1888 = EDGE_LOOP('',(#1889,#1899,#1908,#1916,#1925,#1933,#1942,#1950));
#1889 = ORIENTED_EDGE('',*,*,#1890,.F.);
#1890 = EDGE_CURVE('',#1891,#1893,#1895,.T.);
#1891 = VERTEX_POINT('',#1892);
#1892 = CARTESIAN_POINT('',(-19.1328522685,-24.74970034671,
    21.076289015136));
#1893 = VERTEX_POINT('',#1894);
#1894 = CARTESIAN_POINT('',(-20.07417941019,-18.50500954621,
    19.392333043134));
#1895 = LINE('',#1896,#1897);
#1896 = CARTESIAN_POINT('',(-20.32363653758,-16.8501304298,
    18.946074988087));
#1897 = VECTOR('',#1898,1.);
#1898 = DIRECTION('',(-0.144024139646,0.955444903331,-0.25764720821));
#1899 = ORIENTED_EDGE('',*,*,#1900,.T.);
#1900 = EDGE_CURVE('',#1891,#1901,#1903,.T.);
#1901 = VERTEX_POINT('',#1902);
#1902 = CARTESIAN_POINT('',(-20.59350616574,-26.61455469437,
    21.69983408529));
#1903 = ( BOUNDED_CURVE() B_SPLINE_CURVE(3,(#1904,#1905,#1906,#1907),
.UNSPECIFIED.,.F.,.F.) B_SPLINE_CURVE_WITH_KNOTS((4,4),(5.624127271353,
6.942243343006),.PIECEWISE_BEZIER_KNOTS.) CURVE() 
GEOMETRIC_REPRESENTATION_ITEM() RATIONAL_B_SPLINE_CURVE((1.,
0.860379610028,0.860379610028,1.)) REPRESENTATION_ITEM('') );
#1904 = CARTESIAN_POINT('',(-19.1328522685,-24.74970034671,
    21.076289015136));
#1905 = CARTESIAN_POINT('',(-18.98004128989,-25.76343645402,
    21.3496551475));
#1906 = CARTESIAN_POINT('',(-19.54593642122,-26.48592930327,
    21.591232649216));
#1907 = CARTESIAN_POINT('',(-20.59350616574,-26.61455469437,
    21.69983408529));
#1908 = ORIENTED_EDGE('',*,*,#1909,.F.);
#1909 = EDGE_CURVE('',#1910,#1901,#1912,.T.);
#1910 = VERTEX_POINT('',#1911);
#1911 = CARTESIAN_POINT('',(-22.10994941854,-26.8007505133,
    21.857043584554));
#1912 = LINE('',#1913,#1914);
#1913 = CARTESIAN_POINT('',(-18.88339514111,-26.40457946311,
    21.522547070184));
#1914 = VECTOR('',#1915,1.);
#1915 = DIRECTION('',(0.98733306041,0.121229256287,-0.102356705895));
#1916 = ORIENTED_EDGE('',*,*,#1917,.T.);
#1917 = EDGE_CURVE('',#1910,#1918,#1920,.T.);
#1918 = VERTEX_POINT('',#1919);
#1919 = CARTESIAN_POINT('',(-24.06951757055,-25.35584662815,
    21.588072544612));
#1920 = ( BOUNDED_CURVE() B_SPLINE_CURVE(3,(#1921,#1922,#1923,#1924),
.UNSPECIFIED.,.F.,.F.) B_SPLINE_CURVE_WITH_KNOTS((4,4),(5.624127271353,
6.942243343006),.PIECEWISE_BEZIER_KNOTS.) CURVE() 
GEOMETRIC_REPRESENTATION_ITEM() RATIONAL_B_SPLINE_CURVE((1.,
0.860379610028,0.860379610028,1.)) REPRESENTATION_ITEM('') );
#1921 = CARTESIAN_POINT('',(-22.10994941854,-26.8007505133,
    21.857043584554));
#1922 = CARTESIAN_POINT('',(-23.15751916305,-26.92937590439,
    21.965645020628));
#1923 = CARTESIAN_POINT('',(-23.91670659194,-26.36958273546,
    21.861438676976));
#1924 = CARTESIAN_POINT('',(-24.06951757055,-25.35584662815,
    21.588072544612));
#1925 = ORIENTED_EDGE('',*,*,#1926,.F.);
#1926 = EDGE_CURVE('',#1927,#1918,#1929,.T.);
#1927 = VERTEX_POINT('',#1928);
#1928 = CARTESIAN_POINT('',(-25.01084471224,-19.11115582764,
    19.90411657261));
#1929 = LINE('',#1930,#1931);
#1930 = CARTESIAN_POINT('',(-25.26030183962,-17.45627671124,
    19.457858517563));
#1931 = VECTOR('',#1932,1.);
#1932 = DIRECTION('',(0.144024139646,-0.955444903331,0.25764720821));
#1933 = ORIENTED_EDGE('',*,*,#1934,.T.);
#1934 = EDGE_CURVE('',#1927,#1935,#1937,.T.);
#1935 = VERTEX_POINT('',#1936);
#1936 = CARTESIAN_POINT('',(-23.550190815,-17.24630147999,
    19.280571502457));
#1937 = ( BOUNDED_CURVE() B_SPLINE_CURVE(3,(#1938,#1939,#1940,#1941),
.UNSPECIFIED.,.F.,.F.) B_SPLINE_CURVE_WITH_KNOTS((4,4),(5.624127271353,
6.942243343006),.PIECEWISE_BEZIER_KNOTS.) CURVE() 
GEOMETRIC_REPRESENTATION_ITEM() RATIONAL_B_SPLINE_CURVE((1.,
0.860379610028,0.860379610028,1.)) REPRESENTATION_ITEM('') );
#1938 = CARTESIAN_POINT('',(-25.01084471224,-19.11115582764,
    19.90411657261));
#1939 = CARTESIAN_POINT('',(-25.16365569085,-18.09741972033,
    19.630750440247));
#1940 = CARTESIAN_POINT('',(-24.59776055952,-17.37492687108,
    19.389172938531));
#1941 = CARTESIAN_POINT('',(-23.550190815,-17.24630147999,
    19.280571502457));
#1942 = ORIENTED_EDGE('',*,*,#1943,.F.);
#1943 = EDGE_CURVE('',#1944,#1935,#1946,.T.);
#1944 = VERTEX_POINT('',#1945);
#1945 = CARTESIAN_POINT('',(-22.0337475622,-17.06010566106,
    19.123362003192));
#1946 = LINE('',#1947,#1948);
#1947 = CARTESIAN_POINT('',(-20.32363653758,-16.8501304298,
    18.946074988087));
#1948 = VECTOR('',#1949,1.);
#1949 = DIRECTION('',(-0.98733306041,-0.121229256287,0.102356705895));
#1950 = ORIENTED_EDGE('',*,*,#1951,.T.);
#1951 = EDGE_CURVE('',#1944,#1893,#1952,.T.);
#1952 = ( BOUNDED_CURVE() B_SPLINE_CURVE(3,(#1953,#1954,#1955,#1956),
.UNSPECIFIED.,.F.,.F.) B_SPLINE_CURVE_WITH_KNOTS((4,4),(5.624127271353,
6.942243343006),.PIECEWISE_BEZIER_KNOTS.) CURVE() 
GEOMETRIC_REPRESENTATION_ITEM() RATIONAL_B_SPLINE_CURVE((1.,
0.860379610028,0.860379610028,1.)) REPRESENTATION_ITEM('') );
#1953 = CARTESIAN_POINT('',(-22.0337475622,-17.06010566106,
    19.123362003192));
#1954 = CARTESIAN_POINT('',(-20.98617781768,-16.93148026996,
    19.014760567118));
#1955 = CARTESIAN_POINT('',(-20.2269903888,-17.49127343889,
    19.118966910771));
#1956 = CARTESIAN_POINT('',(-20.07417941019,-18.50500954621,
    19.392333043134));
#1957 = PLANE('',#1958);
#1958 = AXIS2_PLACEMENT_3D('',#1959,#1960,#1961);
#1959 = CARTESIAN_POINT('',(5.87701352979,-19.65822308121,
    17.917524550632));
#1960 = DIRECTION('',(-6.656181353355E-02,-0.269125443091,
    -0.960802279795));
#1961 = DIRECTION('',(3.469446951954E-18,0.962937783644,-0.26972360822)
  );
#1962 = ADVANCED_FACE('',(#1963,#2015,#2025),#2095,.F.);
#1963 = FACE_BOUND('',#1964,.T.);
#1964 = EDGE_LOOP('',(#1965,#1975,#1983,#1991,#2000,#2008));
#1965 = ORIENTED_EDGE('',*,*,#1966,.T.);
#1966 = EDGE_CURVE('',#1967,#1969,#1971,.T.);
#1967 = VERTEX_POINT('',#1968);
#1968 = CARTESIAN_POINT('',(-18.94022062376,9.445720067676,
    11.484638603672));
#1969 = VERTEX_POINT('',#1970);
#1970 = CARTESIAN_POINT('',(-21.77853549898,9.097218822017,
    11.778886383444));
#1971 = LINE('',#1972,#1973);
#1972 = CARTESIAN_POINT('',(-17.67817612924,9.600679646775,
    11.353802594697));
#1973 = VECTOR('',#1974,1.);
#1974 = DIRECTION('',(-0.98733306041,-0.121229256287,0.102356705895));
#1975 = ORIENTED_EDGE('',*,*,#1976,.T.);
#1976 = EDGE_CURVE('',#1969,#1977,#1979,.T.);
#1977 = VERTEX_POINT('',#1978);
#1978 = CARTESIAN_POINT('',(-24.2286929888,-12.54886274493,
    18.011800631042));
#1979 = LINE('',#1980,#1981);
#1980 = CARTESIAN_POINT('',(-24.26741172825,-12.89092605954,
    18.110296578247));
#1981 = VECTOR('',#1982,1.);
#1982 = DIRECTION('',(-0.108134383926,-0.955320506696,0.275081232545));
#1983 = ORIENTED_EDGE('',*,*,#1984,.T.);
#1984 = EDGE_CURVE('',#1977,#1985,#1987,.T.);
#1985 = VERTEX_POINT('',#1986);
#1986 = CARTESIAN_POINT('',(-15.78110160962,-11.51162894674,
    17.136039795116));
#1987 = LINE('',#1988,#1989);
#1988 = CARTESIAN_POINT('',(-21.82426932404,-12.25363664102,
    17.76253430363));
#1989 = VECTOR('',#1990,1.);
#1990 = DIRECTION('',(0.98733306041,0.121229256288,-0.102356705895));
#1991 = ORIENTED_EDGE('',*,*,#1992,.T.);
#1992 = EDGE_CURVE('',#1985,#1993,#1995,.T.);
#1993 = VERTEX_POINT('',#1994);
#1994 = CARTESIAN_POINT('',(-12.40786592657,-7.204932308276,
    15.696024138696));
#1995 = CIRCLE('',#1996,4.);
#1996 = AXIS2_PLACEMENT_3D('',#1997,#1998,#1999);
#1997 = CARTESIAN_POINT('',(-16.35719816821,-7.689849333426,
    16.105450962277));
#1998 = DIRECTION('',(6.656181353355E-02,0.269125443091,0.960802279795)
  );
#1999 = DIRECTION('',(-1.720845688169E-15,0.962937783644,-0.26972360822)
  );
#2000 = ORIENTED_EDGE('',*,*,#2001,.F.);
#2001 = EDGE_CURVE('',#2002,#1993,#2004,.T.);
#2002 = VERTEX_POINT('',#2003);
#2003 = CARTESIAN_POINT('',(-14.39443813124,5.973832673144,
    12.14221167575));
#2004 = LINE('',#2005,#2006);
#2005 = CARTESIAN_POINT('',(-10.60889963551,-19.13913429887,
    18.914225224252));
#2006 = VECTOR('',#2007,1.);
#2007 = DIRECTION('',(0.144024139646,-0.955444903331,0.25764720821));
#2008 = ORIENTED_EDGE('',*,*,#2009,.T.);
#2009 = EDGE_CURVE('',#2002,#1967,#2010,.T.);
#2010 = ( BOUNDED_CURVE() B_SPLINE_CURVE(3,(#2011,#2012,#2013,#2014),
.UNSPECIFIED.,.F.,.F.) B_SPLINE_CURVE_WITH_KNOTS((4,4),(1.570796326795,
3.14159265359),.PIECEWISE_BEZIER_KNOTS.) CURVE() 
GEOMETRIC_REPRESENTATION_ITEM() RATIONAL_B_SPLINE_CURVE((1.,
0.804737854124,0.804737854124,1.)) REPRESENTATION_ITEM('') );
#2011 = CARTESIAN_POINT('',(-14.39443813124,5.973832673144,
    12.14221167575));
#2012 = CARTESIAN_POINT('',(-14.74383059892,8.291675038536,
    11.517177607924));
#2013 = CARTESIAN_POINT('',(-16.62675535892,9.729777884383,
    11.244801923217));
#2014 = CARTESIAN_POINT('',(-18.94022062376,9.445720067676,
    11.484638603672));
#2015 = FACE_BOUND('',#2016,.T.);
#2016 = EDGE_LOOP('',(#2017,#2018));
#2017 = ORIENTED_EDGE('',*,*,#292,.T.);
#2018 = ORIENTED_EDGE('',*,*,#2019,.T.);
#2019 = EDGE_CURVE('',#293,#285,#2020,.T.);
#2020 = CIRCLE('',#2021,1.35);
#2021 = AXIS2_PLACEMENT_3D('',#2022,#2023,#2024);
#2022 = CARTESIAN_POINT('',(-15.23689803487,-7.960172104827,
    16.103558301338));
#2023 = DIRECTION('',(-6.656181353355E-02,-0.269125443091,
    -0.960802279795));
#2024 = DIRECTION('',(4.51028103754E-17,0.962937783644,-0.26972360822));
#2025 = FACE_BOUND('',#2026,.T.);
#2026 = EDGE_LOOP('',(#2027,#2037,#2046,#2054,#2063,#2071,#2080,#2088));
#2027 = ORIENTED_EDGE('',*,*,#2028,.F.);
#2028 = EDGE_CURVE('',#2029,#2031,#2033,.T.);
#2029 = VERTEX_POINT('',#2030);
#2030 = CARTESIAN_POINT('',(-18.99717093338,3.847570434791,
    13.056653208647));
#2031 = VERTEX_POINT('',#2032);
#2032 = CARTESIAN_POINT('',(-20.51361418618,3.661374615861,
    13.213862707911));
#2033 = LINE('',#2034,#2035);
#2034 = CARTESIAN_POINT('',(-17.28705990876,4.057545666044,
    12.879366193541));
#2035 = VECTOR('',#2036,1.);
#2036 = DIRECTION('',(-0.98733306041,-0.121229256287,0.102356705895));
#2037 = ORIENTED_EDGE('',*,*,#2038,.T.);
#2038 = EDGE_CURVE('',#2029,#2039,#2041,.T.);
#2039 = VERTEX_POINT('',#2040);
#2040 = CARTESIAN_POINT('',(-17.03760278137,2.402666549642,
    13.325624248588));
#2041 = ( BOUNDED_CURVE() B_SPLINE_CURVE(3,(#2042,#2043,#2044,#2045),
.UNSPECIFIED.,.F.,.F.) B_SPLINE_CURVE_WITH_KNOTS((4,4),(5.624127271353,
6.942243343006),.PIECEWISE_BEZIER_KNOTS.) CURVE() 
GEOMETRIC_REPRESENTATION_ITEM() RATIONAL_B_SPLINE_CURVE((1.,
0.860379610028,0.860379610028,1.)) REPRESENTATION_ITEM('') );
#2042 = CARTESIAN_POINT('',(-18.99717093338,3.847570434791,
    13.056653208647));
#2043 = CARTESIAN_POINT('',(-17.94960118887,3.976195825886,
    12.948051772573));
#2044 = CARTESIAN_POINT('',(-17.19041375998,3.416402656953,
    13.052258116225));
#2045 = CARTESIAN_POINT('',(-17.03760278137,2.402666549642,
    13.325624248588));
#2046 = ORIENTED_EDGE('',*,*,#2047,.F.);
#2047 = EDGE_CURVE('',#2048,#2039,#2050,.T.);
#2048 = VERTEX_POINT('',#2049);
#2049 = CARTESIAN_POINT('',(-16.38432391897,-1.931134444201,
    14.494285804171));
#2050 = LINE('',#2051,#2052);
#2051 = CARTESIAN_POINT('',(-17.28705990876,4.057545666044,
    12.879366193541));
#2052 = VECTOR('',#2053,1.);
#2053 = DIRECTION('',(-0.144024139646,0.955444903331,-0.25764720821));
#2054 = ORIENTED_EDGE('',*,*,#2055,.T.);
#2055 = EDGE_CURVE('',#2048,#2056,#2058,.T.);
#2056 = VERTEX_POINT('',#2057);
#2057 = CARTESIAN_POINT('',(-17.84497781621,-3.795988791856,
    15.117830874324));
#2058 = ( BOUNDED_CURVE() B_SPLINE_CURVE(3,(#2059,#2060,#2061,#2062),
.UNSPECIFIED.,.F.,.F.) B_SPLINE_CURVE_WITH_KNOTS((4,4),(5.624127271353,
6.942243343006),.PIECEWISE_BEZIER_KNOTS.) CURVE() 
GEOMETRIC_REPRESENTATION_ITEM() RATIONAL_B_SPLINE_CURVE((1.,
0.860379610028,0.860379610028,1.)) REPRESENTATION_ITEM('') );
#2059 = CARTESIAN_POINT('',(-16.38432391897,-1.931134444201,
    14.494285804171));
#2060 = CARTESIAN_POINT('',(-16.23151294036,-2.944870551512,
    14.767651936535));
#2061 = CARTESIAN_POINT('',(-16.7974080717,-3.667363400761,
    15.00922943825));
#2062 = CARTESIAN_POINT('',(-17.84497781621,-3.795988791856,
    15.117830874324));
#2063 = ORIENTED_EDGE('',*,*,#2064,.F.);
#2064 = EDGE_CURVE('',#2065,#2056,#2067,.T.);
#2065 = VERTEX_POINT('',#2066);
#2066 = CARTESIAN_POINT('',(-19.36142106901,-3.982184610786,
    15.275040373589));
#2067 = LINE('',#2068,#2069);
#2068 = CARTESIAN_POINT('',(-16.13486679159,-3.586013560603,
    14.940543859219));
#2069 = VECTOR('',#2070,1.);
#2070 = DIRECTION('',(0.98733306041,0.121229256287,-0.102356705895));
#2071 = ORIENTED_EDGE('',*,*,#2072,.T.);
#2072 = EDGE_CURVE('',#2065,#2073,#2075,.T.);
#2073 = VERTEX_POINT('',#2074);
#2074 = CARTESIAN_POINT('',(-21.32098922102,-2.537280725638,
    15.006069333647));
#2075 = ( BOUNDED_CURVE() B_SPLINE_CURVE(3,(#2076,#2077,#2078,#2079),
.UNSPECIFIED.,.F.,.F.) B_SPLINE_CURVE_WITH_KNOTS((4,4),(5.624127271353,
6.942243343006),.PIECEWISE_BEZIER_KNOTS.) CURVE() 
GEOMETRIC_REPRESENTATION_ITEM() RATIONAL_B_SPLINE_CURVE((1.,
0.860379610028,0.860379610028,1.)) REPRESENTATION_ITEM('') );
#2076 = CARTESIAN_POINT('',(-19.36142106901,-3.982184610786,
    15.275040373589));
#2077 = CARTESIAN_POINT('',(-20.40899081353,-4.110810001881,
    15.383641809663));
#2078 = CARTESIAN_POINT('',(-21.16817824241,-3.551016832948,
    15.279435466011));
#2079 = CARTESIAN_POINT('',(-21.32098922102,-2.537280725638,
    15.006069333647));
#2080 = ORIENTED_EDGE('',*,*,#2081,.F.);
#2081 = EDGE_CURVE('',#2082,#2073,#2084,.T.);
#2082 = VERTEX_POINT('',#2083);
#2083 = CARTESIAN_POINT('',(-21.97426808342,1.796520268206,
    13.837407778064));
#2084 = LINE('',#2085,#2086);
#2085 = CARTESIAN_POINT('',(-22.22372521081,3.451399384608,
    13.391149723017));
#2086 = VECTOR('',#2087,1.);
#2087 = DIRECTION('',(0.144024139646,-0.955444903331,0.25764720821));
#2088 = ORIENTED_EDGE('',*,*,#2089,.T.);
#2089 = EDGE_CURVE('',#2082,#2031,#2090,.T.);
#2090 = ( BOUNDED_CURVE() B_SPLINE_CURVE(3,(#2091,#2092,#2093,#2094),
.UNSPECIFIED.,.F.,.F.) B_SPLINE_CURVE_WITH_KNOTS((4,4),(5.624127271353,
6.942243343006),.PIECEWISE_BEZIER_KNOTS.) CURVE() 
GEOMETRIC_REPRESENTATION_ITEM() RATIONAL_B_SPLINE_CURVE((1.,
0.860379610028,0.860379610028,1.)) REPRESENTATION_ITEM('') );
#2091 = CARTESIAN_POINT('',(-21.97426808342,1.796520268206,
    13.837407778064));
#2092 = CARTESIAN_POINT('',(-22.12707906203,2.810256375517,
    13.564041645701));
#2093 = CARTESIAN_POINT('',(-21.5611839307,3.532749224766,
    13.322464143985));
#2094 = CARTESIAN_POINT('',(-20.51361418618,3.661374615861,
    13.213862707911));
#2095 = PLANE('',#2096);
#2096 = AXIS2_PLACEMENT_3D('',#2097,#2098,#2099);
#2097 = CARTESIAN_POINT('',(5.87701352979,-19.65822308121,
    17.917524550632));
#2098 = DIRECTION('',(-6.656181353355E-02,-0.269125443091,
    -0.960802279795));
#2099 = DIRECTION('',(3.469446951954E-18,0.962937783644,-0.26972360822)
  );
#2100 = ADVANCED_FACE('',(#2101),#2128,.T.);
#2101 = FACE_BOUND('',#2102,.T.);
#2102 = EDGE_LOOP('',(#2103,#2104,#2113,#2121));
#2103 = ORIENTED_EDGE('',*,*,#1587,.F.);
#2104 = ORIENTED_EDGE('',*,*,#2105,.F.);
#2105 = EDGE_CURVE('',#2106,#1577,#2108,.T.);
#2106 = VERTEX_POINT('',#2107);
#2107 = CARTESIAN_POINT('',(-13.41612084956,21.661497338397,
    8.549371867901));
#2108 = CIRCLE('',#2109,1.);
#2109 = AXIS2_PLACEMENT_3D('',#2110,#2111,#2112);
#2110 = CARTESIAN_POINT('',(-13.28064235274,20.670717051502,
    8.549371867901));
#2111 = DIRECTION('',(0.,0.,-1.));
#2112 = DIRECTION('',(1.,0.,0.));
#2113 = ORIENTED_EDGE('',*,*,#2114,.F.);
#2114 = EDGE_CURVE('',#2115,#2106,#2117,.T.);
#2115 = VERTEX_POINT('',#2116);
#2116 = CARTESIAN_POINT('',(-13.41612084956,21.661497338397,
    10.149371867901));
#2117 = LINE('',#2118,#2119);
#2118 = CARTESIAN_POINT('',(-13.41612084956,21.661497338397,
    6.549371867901));
#2119 = VECTOR('',#2120,1.);
#2120 = DIRECTION('',(0.,0.,-1.));
#2121 = ORIENTED_EDGE('',*,*,#2122,.F.);
#2122 = EDGE_CURVE('',#1588,#2115,#2123,.T.);
#2123 = CIRCLE('',#2124,1.);
#2124 = AXIS2_PLACEMENT_3D('',#2125,#2126,#2127);
#2125 = CARTESIAN_POINT('',(-13.28064235274,20.670717051502,
    10.149371867901));
#2126 = DIRECTION('',(0.,0.,1.));
#2127 = DIRECTION('',(1.,0.,0.));
#2128 = CYLINDRICAL_SURFACE('',#2129,1.);
#2129 = AXIS2_PLACEMENT_3D('',#2130,#2131,#2132);
#2130 = CARTESIAN_POINT('',(-13.28064235274,20.670717051502,
    7.349371867901));
#2131 = DIRECTION('',(0.,0.,1.));
#2132 = DIRECTION('',(1.,0.,0.));
#2133 = ADVANCED_FACE('',(#2134),#2159,.T.);
#2134 = FACE_BOUND('',#2135,.T.);
#2135 = EDGE_LOOP('',(#2136,#2144,#2145,#2153));
#2136 = ORIENTED_EDGE('',*,*,#2137,.F.);
#2137 = EDGE_CURVE('',#1579,#2138,#2140,.T.);
#2138 = VERTEX_POINT('',#2139);
#2139 = CARTESIAN_POINT('',(-13.24674948894,14.414346440854,
    8.549371867901));
#2140 = LINE('',#2141,#2142);
#2141 = CARTESIAN_POINT('',(-12.29264718378,20.516232275191,
    8.549371867901));
#2142 = VECTOR('',#2143,1.);
#2143 = DIRECTION('',(-0.15448477631,-0.98799516896,0.));
#2144 = ORIENTED_EDGE('',*,*,#1604,.T.);
#2145 = ORIENTED_EDGE('',*,*,#2146,.F.);
#2146 = EDGE_CURVE('',#2147,#1596,#2149,.T.);
#2147 = VERTEX_POINT('',#2148);
#2148 = CARTESIAN_POINT('',(-13.24674948894,14.414346440854,
    10.149371867901));
#2149 = LINE('',#2150,#2151);
#2150 = CARTESIAN_POINT('',(-13.24674948894,14.414346440854,
    10.149371867901));
#2151 = VECTOR('',#2152,1.);
#2152 = DIRECTION('',(0.15448477631,0.98799516896,0.));
#2153 = ORIENTED_EDGE('',*,*,#2154,.F.);
#2154 = EDGE_CURVE('',#2138,#2147,#2155,.T.);
#2155 = LINE('',#2156,#2157);
#2156 = CARTESIAN_POINT('',(-13.24674948894,14.414346440854,
    5.949371867901));
#2157 = VECTOR('',#2158,1.);
#2158 = DIRECTION('',(0.,0.,1.));
#2159 = PLANE('',#2160);
#2160 = AXIS2_PLACEMENT_3D('',#2161,#2162,#2163);
#2161 = CARTESIAN_POINT('',(-13.24674948894,14.414346440854,
    5.949371867901));
#2162 = DIRECTION('',(0.98799516896,-0.15448477631,0.));
#2163 = DIRECTION('',(0.,0.,-1.));
#2164 = ADVANCED_FACE('',(#2165),#2218,.T.);
#2165 = FACE_BOUND('',#2166,.T.);
#2166 = EDGE_LOOP('',(#2167,#2177,#2186,#2194,#2203,#2211));
#2167 = ORIENTED_EDGE('',*,*,#2168,.T.);
#2168 = EDGE_CURVE('',#2169,#2171,#2173,.T.);
#2169 = VERTEX_POINT('',#2170);
#2170 = CARTESIAN_POINT('',(-22.3231399219,20.443558738899,
    10.149371867901));
#2171 = VERTEX_POINT('',#2172);
#2172 = CARTESIAN_POINT('',(-22.3231399219,20.443558738899,
    8.549371867901));
#2173 = LINE('',#2174,#2175);
#2174 = CARTESIAN_POINT('',(-22.3231399219,20.443558738899,
    19.720959162506));
#2175 = VECTOR('',#2176,1.);
#2176 = DIRECTION('',(-0.,-0.,-1.));
#2177 = ORIENTED_EDGE('',*,*,#2178,.F.);
#2178 = EDGE_CURVE('',#2179,#2171,#2181,.T.);
#2179 = VERTEX_POINT('',#2180);
#2180 = CARTESIAN_POINT('',(-21.27654960394,21.09316771604,
    8.549371867901));
#2181 = CIRCLE('',#2182,1.4);
#2182 = AXIS2_PLACEMENT_3D('',#2183,#2184,#2185);
#2183 = CARTESIAN_POINT('',(-21.13681972367,19.70015818249,
    8.549371867901));
#2184 = DIRECTION('',(0.,0.,1.));
#2185 = DIRECTION('',(1.,0.,0.));
#2186 = ORIENTED_EDGE('',*,*,#2187,.F.);
#2187 = EDGE_CURVE('',#2188,#2179,#2190,.T.);
#2188 = VERTEX_POINT('',#2189);
#2189 = CARTESIAN_POINT('',(-21.27654960394,21.09316771604,
    5.949371867901));
#2190 = LINE('',#2191,#2192);
#2191 = CARTESIAN_POINT('',(-21.27654960394,21.09316771604,
    5.949371867901));
#2192 = VECTOR('',#2193,1.);
#2193 = DIRECTION('',(0.,0.,1.));
#2194 = ORIENTED_EDGE('',*,*,#2195,.F.);
#2195 = EDGE_CURVE('',#2196,#2188,#2198,.T.);
#2196 = VERTEX_POINT('',#2197);
#2197 = CARTESIAN_POINT('',(-22.52001296022,19.916436869324,
    5.949371867901));
#2198 = CIRCLE('',#2199,1.4);
#2199 = AXIS2_PLACEMENT_3D('',#2200,#2201,#2202);
#2200 = CARTESIAN_POINT('',(-21.13681972367,19.70015818249,
    5.949371867901));
#2201 = DIRECTION('',(-8.445535056805E-16,-1.03698131354E-16,-1.));
#2202 = DIRECTION('',(1.,4.091251025725E-32,-8.445535056805E-16));
#2203 = ORIENTED_EDGE('',*,*,#2204,.F.);
#2204 = EDGE_CURVE('',#2205,#2196,#2207,.T.);
#2205 = VERTEX_POINT('',#2206);
#2206 = CARTESIAN_POINT('',(-22.52001296022,19.916436869324,
    10.149371867901));
#2207 = LINE('',#2208,#2209);
#2208 = CARTESIAN_POINT('',(-22.52001296022,19.916436869324,
    5.949371867901));
#2209 = VECTOR('',#2210,1.);
#2210 = DIRECTION('',(-0.,-0.,-1.));
#2211 = ORIENTED_EDGE('',*,*,#2212,.F.);
#2212 = EDGE_CURVE('',#2169,#2205,#2213,.T.);
#2213 = CIRCLE('',#2214,1.4);
#2214 = AXIS2_PLACEMENT_3D('',#2215,#2216,#2217);
#2215 = CARTESIAN_POINT('',(-21.13681972367,19.70015818249,
    10.149371867901));
#2216 = DIRECTION('',(0.,0.,1.));
#2217 = DIRECTION('',(1.,0.,0.));
#2218 = CYLINDRICAL_SURFACE('',#2219,1.4);
#2219 = AXIS2_PLACEMENT_3D('',#2220,#2221,#2222);
#2220 = CARTESIAN_POINT('',(-21.13681972367,19.70015818249,
    5.949371867901));
#2221 = DIRECTION('',(0.,0.,1.));
#2222 = DIRECTION('',(1.,0.,0.));
#2223 = ADVANCED_FACE('',(#2224),#2240,.F.);
#2224 = FACE_BOUND('',#2225,.T.);
#2225 = EDGE_LOOP('',(#2226,#2227,#2233,#2234));
#2226 = ORIENTED_EDGE('',*,*,#2114,.T.);
#2227 = ORIENTED_EDGE('',*,*,#2228,.F.);
#2228 = EDGE_CURVE('',#2171,#2106,#2229,.T.);
#2229 = LINE('',#2230,#2231);
#2230 = CARTESIAN_POINT('',(-22.3231399219,20.443558738899,
    8.549371867901));
#2231 = VECTOR('',#2232,1.);
#2232 = DIRECTION('',(0.990780286895,0.135478496816,0.));
#2233 = ORIENTED_EDGE('',*,*,#2168,.F.);
#2234 = ORIENTED_EDGE('',*,*,#2235,.F.);
#2235 = EDGE_CURVE('',#2115,#2169,#2236,.T.);
#2236 = LINE('',#2237,#2238);
#2237 = CARTESIAN_POINT('',(-13.41612084956,21.661497338397,
    10.149371867901));
#2238 = VECTOR('',#2239,1.);
#2239 = DIRECTION('',(-0.990780286895,-0.135478496816,0.));
#2240 = PLANE('',#2241);
#2241 = AXIS2_PLACEMENT_3D('',#2242,#2243,#2244);
#2242 = CARTESIAN_POINT('',(-22.32511300509,20.443288941096,
    7.349371867901));
#2243 = DIRECTION('',(0.135478496816,-0.990780286895,0.));
#2244 = DIRECTION('',(0.990780286895,0.135478496816,0.));
#2245 = ADVANCED_FACE('',(#2246),#2299,.F.);
#2246 = FACE_BOUND('',#2247,.F.);
#2247 = EDGE_LOOP('',(#2248,#2259,#2267,#2276,#2284,#2293));
#2248 = ORIENTED_EDGE('',*,*,#2249,.F.);
#2249 = EDGE_CURVE('',#2250,#2252,#2254,.T.);
#2250 = VERTEX_POINT('',#2251);
#2251 = CARTESIAN_POINT('',(-23.95502219571,17.714089904235,
    10.149371867901));
#2252 = VERTEX_POINT('',#2253);
#2253 = CARTESIAN_POINT('',(-22.8342899331,17.90650334486,
    10.149371867901));
#2254 = CIRCLE('',#2255,0.6);
#2255 = AXIS2_PLACEMENT_3D('',#2256,#2257,#2258);
#2256 = CARTESIAN_POINT('',(-23.42708703448,17.999194210646,
    10.149371867901));
#2257 = DIRECTION('',(0.,0.,1.));
#2258 = DIRECTION('',(1.,0.,0.));
#2259 = ORIENTED_EDGE('',*,*,#2260,.T.);
#2260 = EDGE_CURVE('',#2250,#2261,#2263,.T.);
#2261 = VERTEX_POINT('',#2262);
#2262 = CARTESIAN_POINT('',(-23.95502219571,17.714089904235,
    6.549371867901));
#2263 = LINE('',#2264,#2265);
#2264 = CARTESIAN_POINT('',(-23.95502219571,17.714089904235,
    36.559568514461));
#2265 = VECTOR('',#2266,1.);
#2266 = DIRECTION('',(-0.,-0.,-1.));
#2267 = ORIENTED_EDGE('',*,*,#2268,.T.);
#2268 = EDGE_CURVE('',#2261,#2269,#2271,.T.);
#2269 = VERTEX_POINT('',#2270);
#2270 = CARTESIAN_POINT('',(-24.01988413585,18.091885076432,
    6.549371867901));
#2271 = CIRCLE('',#2272,0.6);
#2272 = AXIS2_PLACEMENT_3D('',#2273,#2274,#2275);
#2273 = CARTESIAN_POINT('',(-23.42708703448,17.999194210646,
    6.549371867901));
#2274 = DIRECTION('',(-8.445535056805E-16,-1.03698131354E-16,-1.));
#2275 = DIRECTION('',(1.,-1.156482317318E-14,-8.445535056805E-16));
#2276 = ORIENTED_EDGE('',*,*,#2277,.T.);
#2277 = EDGE_CURVE('',#2269,#2278,#2280,.T.);
#2278 = VERTEX_POINT('',#2279);
#2279 = CARTESIAN_POINT('',(-24.01988413585,18.091885076432,
    5.949371867901));
#2280 = LINE('',#2281,#2282);
#2281 = CARTESIAN_POINT('',(-24.01988413585,18.091885076432,
    16.549371867901));
#2282 = VECTOR('',#2283,1.);
#2283 = DIRECTION('',(-0.,-0.,-1.));
#2284 = ORIENTED_EDGE('',*,*,#2285,.T.);
#2285 = EDGE_CURVE('',#2278,#2286,#2288,.T.);
#2286 = VERTEX_POINT('',#2287);
#2287 = CARTESIAN_POINT('',(-22.8342899331,17.90650334486,5.949371867901
    ));
#2288 = CIRCLE('',#2289,0.6);
#2289 = AXIS2_PLACEMENT_3D('',#2290,#2291,#2292);
#2290 = CARTESIAN_POINT('',(-23.42708703448,17.999194210646,
    5.949371867901));
#2291 = DIRECTION('',(8.445535056805E-16,1.03698131354E-16,1.));
#2292 = DIRECTION('',(1.,-8.757862036752E-32,-8.445535056805E-16));
#2293 = ORIENTED_EDGE('',*,*,#2294,.T.);
#2294 = EDGE_CURVE('',#2286,#2252,#2295,.T.);
#2295 = LINE('',#2296,#2297);
#2296 = CARTESIAN_POINT('',(-22.8342899331,17.90650334486,6.549371867901
    ));
#2297 = VECTOR('',#2298,1.);
#2298 = DIRECTION('',(0.,0.,1.));
#2299 = CYLINDRICAL_SURFACE('',#2300,0.6);
#2300 = AXIS2_PLACEMENT_3D('',#2301,#2302,#2303);
#2301 = CARTESIAN_POINT('',(-23.42708703448,17.999194210646,
    5.949371867901));
#2302 = DIRECTION('',(0.,0.,1.));
#2303 = DIRECTION('',(1.,0.,0.));
#2304 = ADVANCED_FACE('',(#2305),#2367,.F.);
#2305 = FACE_BOUND('',#2306,.F.);
#2306 = EDGE_LOOP('',(#2307,#2318,#2327,#2335,#2344,#2352,#2361));
#2307 = ORIENTED_EDGE('',*,*,#2308,.F.);
#2308 = EDGE_CURVE('',#2309,#2311,#2313,.T.);
#2309 = VERTEX_POINT('',#2310);
#2310 = CARTESIAN_POINT('',(-27.97063005919,16.851518970588,
    10.149371867901));
#2311 = VERTEX_POINT('',#2312);
#2312 = CARTESIAN_POINT('',(-27.59131228508,17.267609622484,
    10.149371867901));
#2313 = CIRCLE('',#2314,0.6);
#2314 = AXIS2_PLACEMENT_3D('',#2315,#2316,#2317);
#2315 = CARTESIAN_POINT('',(-28.17253849008,17.416526037389,
    10.149371867901));
#2316 = DIRECTION('',(0.,0.,1.));
#2317 = DIRECTION('',(1.,0.,0.));
#2318 = ORIENTED_EDGE('',*,*,#2319,.F.);
#2319 = EDGE_CURVE('',#2320,#2309,#2322,.T.);
#2320 = VERTEX_POINT('',#2321);
#2321 = CARTESIAN_POINT('',(-28.09941688404,16.820998346404,
    10.124657823948));
#2322 = B_SPLINE_CURVE_WITH_KNOTS('',3,(#2323,#2324,#2325,#2326),
  .UNSPECIFIED.,.F.,.F.,(4,4),(1.979921395949E-07,1.348394921185E-04),
  .PIECEWISE_BEZIER_KNOTS.);
#2323 = CARTESIAN_POINT('',(-28.09941688404,16.820998346404,
    10.124657823948));
#2324 = CARTESIAN_POINT('',(-28.05408504299,16.826564396602,
    10.126089168768));
#2325 = CARTESIAN_POINT('',(-28.0112966366,16.836986542027,
    10.134751021067));
#2326 = CARTESIAN_POINT('',(-27.97063005919,16.851518970588,
    10.149371867901));
#2327 = ORIENTED_EDGE('',*,*,#2328,.T.);
#2328 = EDGE_CURVE('',#2320,#2329,#2331,.T.);
#2329 = VERTEX_POINT('',#2330);
#2330 = CARTESIAN_POINT('',(-28.09941688404,16.820998346404,
    5.949371867901));
#2331 = LINE('',#2332,#2333);
#2332 = CARTESIAN_POINT('',(-28.09941688404,16.820998346404,
    5.949371867901));
#2333 = VECTOR('',#2334,1.);
#2334 = DIRECTION('',(-9.010161171362E-16,-1.106308683081E-16,-1.));
#2335 = ORIENTED_EDGE('',*,*,#2336,.T.);
#2336 = EDGE_CURVE('',#2329,#2337,#2339,.T.);
#2337 = VERTEX_POINT('',#2338);
#2338 = CARTESIAN_POINT('',(-27.57974138883,17.323835170807,
    5.949371867901));
#2339 = CIRCLE('',#2340,0.6);
#2340 = AXIS2_PLACEMENT_3D('',#2341,#2342,#2343);
#2341 = CARTESIAN_POINT('',(-28.17253849008,17.416526037389,
    5.949371867901));
#2342 = DIRECTION('',(8.445535056805E-16,1.03698131354E-16,1.));
#2343 = DIRECTION('',(1.,-8.757862036752E-32,-8.445535056805E-16));
#2344 = ORIENTED_EDGE('',*,*,#2345,.T.);
#2345 = EDGE_CURVE('',#2337,#2346,#2348,.T.);
#2346 = VERTEX_POINT('',#2347);
#2347 = CARTESIAN_POINT('',(-27.57974138883,17.323835170807,
    6.549371867901));
#2348 = LINE('',#2349,#2350);
#2349 = CARTESIAN_POINT('',(-27.57974138883,17.323835170807,
    6.549371867901));
#2350 = VECTOR('',#2351,1.);
#2351 = DIRECTION('',(9.010161171362E-16,1.106308683081E-16,1.));
#2352 = ORIENTED_EDGE('',*,*,#2353,.T.);
#2353 = EDGE_CURVE('',#2346,#2354,#2356,.T.);
#2354 = VERTEX_POINT('',#2355);
#2355 = CARTESIAN_POINT('',(-27.59131228508,17.267609622484,
    6.549371867901));
#2356 = CIRCLE('',#2357,0.6);
#2357 = AXIS2_PLACEMENT_3D('',#2358,#2359,#2360);
#2358 = CARTESIAN_POINT('',(-28.17253849008,17.416526037389,
    6.549371867901));
#2359 = DIRECTION('',(-8.445535056805E-16,-1.03698131354E-16,-1.));
#2360 = DIRECTION('',(1.,-1.156482317318E-14,-8.445535056805E-16));
#2361 = ORIENTED_EDGE('',*,*,#2362,.F.);
#2362 = EDGE_CURVE('',#2311,#2354,#2363,.T.);
#2363 = LINE('',#2364,#2365);
#2364 = CARTESIAN_POINT('',(-27.59131228508,17.267609622484,
    36.559568514461));
#2365 = VECTOR('',#2366,1.);
#2366 = DIRECTION('',(-0.,-0.,-1.));
#2367 = CYLINDRICAL_SURFACE('',#2368,0.6);
#2368 = AXIS2_PLACEMENT_3D('',#2369,#2370,#2371);
#2369 = CARTESIAN_POINT('',(-28.17253849008,17.416526037389,
    6.549371867901));
#2370 = DIRECTION('',(9.010161171362E-16,1.106308683081E-16,1.));
#2371 = DIRECTION('',(1.,-9.968019539836E-32,-9.010161171362E-16));
#2372 = ADVANCED_FACE('',(#2373),#2407,.F.);
#2373 = FACE_BOUND('',#2374,.T.);
#2374 = EDGE_LOOP('',(#2375,#2376,#2384,#2392,#2400));
#2375 = ORIENTED_EDGE('',*,*,#2328,.T.);
#2376 = ORIENTED_EDGE('',*,*,#2377,.F.);
#2377 = EDGE_CURVE('',#2378,#2329,#2380,.T.);
#2378 = VERTEX_POINT('',#2379);
#2379 = CARTESIAN_POINT('',(-29.07875967639,16.700750171673,
    5.949371867901));
#2380 = LINE('',#2381,#2382);
#2381 = CARTESIAN_POINT('',(-27.64973248608,16.876212647752,
    5.949371867901));
#2382 = VECTOR('',#2383,1.);
#2383 = DIRECTION('',(0.992546151641,0.121869343404,0.));
#2384 = ORIENTED_EDGE('',*,*,#2385,.T.);
#2385 = EDGE_CURVE('',#2378,#2386,#2388,.T.);
#2386 = VERTEX_POINT('',#2387);
#2387 = CARTESIAN_POINT('',(-29.07875967639,16.700750171673,
    10.149371867901));
#2388 = LINE('',#2389,#2390);
#2389 = CARTESIAN_POINT('',(-29.07875967639,16.700750171673,
    6.549371867901));
#2390 = VECTOR('',#2391,1.);
#2391 = DIRECTION('',(0.,0.,1.));
#2392 = ORIENTED_EDGE('',*,*,#2393,.T.);
#2393 = EDGE_CURVE('',#2386,#2394,#2396,.T.);
#2394 = VERTEX_POINT('',#2395);
#2395 = CARTESIAN_POINT('',(-28.50746217819,16.770896684133,
    10.149371867901));
#2396 = LINE('',#2397,#2398);
#2397 = CARTESIAN_POINT('',(-1.457402643619,20.092226366456,
    10.149371867901));
#2398 = VECTOR('',#2399,1.);
#2399 = DIRECTION('',(0.992546151641,0.121869343404,0.));
#2400 = ORIENTED_EDGE('',*,*,#2401,.T.);
#2401 = EDGE_CURVE('',#2394,#2320,#2402,.T.);
#2402 = B_SPLINE_CURVE_WITH_KNOTS('',3,(#2403,#2404,#2405,#2406),
  .UNSPECIFIED.,.F.,.F.,(4,4),(1.333250982267E-06,4.131850596782E-04),
  .PIECEWISE_BEZIER_KNOTS.);
#2403 = CARTESIAN_POINT('',(-28.50746217819,16.770896684133,
    10.149371867901));
#2404 = CARTESIAN_POINT('',(-28.37218502379,16.787506630136,
    10.12881687102));
#2405 = CARTESIAN_POINT('',(-28.23618427113,16.804205422833,
    10.120339418019));
#2406 = CARTESIAN_POINT('',(-28.09941688404,16.820998346404,
    10.124657823948));
#2407 = PLANE('',#2408);
#2408 = AXIS2_PLACEMENT_3D('',#2409,#2410,#2411);
#2409 = CARTESIAN_POINT('',(-27.64973248608,16.876212647752,
    5.949371867901));
#2410 = DIRECTION('',(0.121869343404,-0.992546151641,0.));
#2411 = DIRECTION('',(0.992546151641,0.121869343404,0.));
#2412 = ADVANCED_FACE('',(#2413),#2440,.F.);
#2413 = FACE_BOUND('',#2414,.F.);
#2414 = EDGE_LOOP('',(#2415,#2422,#2423,#2424,#2431,#2432,#2439));
#2415 = ORIENTED_EDGE('',*,*,#2416,.T.);
#2416 = EDGE_CURVE('',#1627,#2394,#2417,.T.);
#2417 = CIRCLE('',#2418,2.6);
#2418 = AXIS2_PLACEMENT_3D('',#2419,#2420,#2421);
#2419 = CARTESIAN_POINT('',(-27.85501429102,14.254090820639,
    10.149371867901));
#2420 = DIRECTION('',(0.,0.,-1.));
#2421 = DIRECTION('',(1.,0.,0.));
#2422 = ORIENTED_EDGE('',*,*,#2401,.T.);
#2423 = ORIENTED_EDGE('',*,*,#2319,.T.);
#2424 = ORIENTED_EDGE('',*,*,#2425,.T.);
#2425 = EDGE_CURVE('',#2309,#1619,#2426,.T.);
#2426 = CIRCLE('',#2427,2.6);
#2427 = AXIS2_PLACEMENT_3D('',#2428,#2429,#2430);
#2428 = CARTESIAN_POINT('',(-27.85501429102,14.254090820639,
    10.149371867901));
#2429 = DIRECTION('',(0.,0.,-1.));
#2430 = DIRECTION('',(1.,5.337610695313E-15,0.));
#2431 = ORIENTED_EDGE('',*,*,#1618,.F.);
#2432 = ORIENTED_EDGE('',*,*,#2433,.T.);
#2433 = EDGE_CURVE('',#899,#880,#2434,.T.);
#2434 = CIRCLE('',#2435,1.2);
#2435 = AXIS2_PLACEMENT_3D('',#2436,#2437,#2438);
#2436 = CARTESIAN_POINT('',(-27.85501429102,14.254090820639,
    8.538856097792));
#2437 = DIRECTION('',(0.,0.,1.));
#2438 = DIRECTION('',(1.,0.,0.));
#2439 = ORIENTED_EDGE('',*,*,#1635,.T.);
#2440 = CONICAL_SURFACE('',#2441,1.2,0.715584993318);
#2441 = AXIS2_PLACEMENT_3D('',#2442,#2443,#2444);
#2442 = CARTESIAN_POINT('',(-27.85501429102,14.254090820639,
    8.538856097792));
#2443 = DIRECTION('',(0.,0.,1.));
#2444 = DIRECTION('',(1.,0.,0.));
#2445 = ADVANCED_FACE('',(#2446,#2456,#2466),#2602,.T.);
#2446 = FACE_BOUND('',#2447,.T.);
#2447 = EDGE_LOOP('',(#2448,#2455));
#2448 = ORIENTED_EDGE('',*,*,#2449,.F.);
#2449 = EDGE_CURVE('',#24,#32,#2450,.T.);
#2450 = CIRCLE('',#2451,1.);
#2451 = AXIS2_PLACEMENT_3D('',#2452,#2453,#2454);
#2452 = CARTESIAN_POINT('',(-21.10821500946,15.856566344393,
    10.149371867901));
#2453 = DIRECTION('',(0.,0.,1.));
#2454 = DIRECTION('',(1.,0.,0.));
#2455 = ORIENTED_EDGE('',*,*,#31,.F.);
#2456 = FACE_BOUND('',#2457,.T.);
#2457 = EDGE_LOOP('',(#2458,#2465));
#2458 = ORIENTED_EDGE('',*,*,#2459,.F.);
#2459 = EDGE_CURVE('',#66,#74,#2460,.T.);
#2460 = CIRCLE('',#2461,1.);
#2461 = AXIS2_PLACEMENT_3D('',#2462,#2463,#2464);
#2462 = CARTESIAN_POINT('',(-17.50821500946,15.856566344393,
    10.149371867901));
#2463 = DIRECTION('',(0.,0.,1.));
#2464 = DIRECTION('',(1.,0.,0.));
#2465 = ORIENTED_EDGE('',*,*,#73,.F.);
#2466 = FACE_BOUND('',#2467,.T.);
#2467 = EDGE_LOOP('',(#2468,#2469,#2470,#2471,#2472,#2481,#2489,#2497,
    #2505,#2514,#2522,#2531,#2540,#2548,#2556,#2567,#2576,#2583,#2584,
    #2585,#2586,#2587,#2588,#2594,#2595,#2601));
#2468 = ORIENTED_EDGE('',*,*,#2425,.T.);
#2469 = ORIENTED_EDGE('',*,*,#1626,.T.);
#2470 = ORIENTED_EDGE('',*,*,#2416,.T.);
#2471 = ORIENTED_EDGE('',*,*,#2393,.F.);
#2472 = ORIENTED_EDGE('',*,*,#2473,.F.);
#2473 = EDGE_CURVE('',#2474,#2386,#2476,.T.);
#2474 = VERTEX_POINT('',#2475);
#2475 = CARTESIAN_POINT('',(-30.03806303448,16.137792964288,
    10.149371867901));
#2476 = CIRCLE('',#2477,1.4);
#2477 = AXIS2_PLACEMENT_3D('',#2478,#2479,#2480);
#2478 = CARTESIAN_POINT('',(-28.90814259562,15.311185559375,
    10.149371867901));
#2479 = DIRECTION('',(0.,0.,-1.));
#2480 = DIRECTION('',(1.,0.,0.));
#2481 = ORIENTED_EDGE('',*,*,#2482,.T.);
#2482 = EDGE_CURVE('',#2474,#2483,#2485,.T.);
#2483 = VERTEX_POINT('',#2484);
#2484 = CARTESIAN_POINT('',(-31.62405255013,11.918380635865,
    10.149371867901));
#2485 = LINE('',#2486,#2487);
#2486 = CARTESIAN_POINT('',(-29.71122706616,17.007316817048,
    10.149371867901));
#2487 = VECTOR('',#2488,1.);
#2488 = DIRECTION('',(-0.351844892225,-0.936058316461,0.));
#2489 = ORIENTED_EDGE('',*,*,#2490,.T.);
#2490 = EDGE_CURVE('',#2483,#2491,#2493,.T.);
#2491 = VERTEX_POINT('',#2492);
#2492 = CARTESIAN_POINT('',(-31.07489230979,7.445829394071,
    10.149371867901));
#2493 = LINE('',#2494,#2495);
#2494 = CARTESIAN_POINT('',(-31.62405255013,11.918380635865,
    10.149371867901));
#2495 = VECTOR('',#2496,1.);
#2496 = DIRECTION('',(0.121869343405,-0.992546151641,0.));
#2497 = ORIENTED_EDGE('',*,*,#2498,.T.);
#2498 = EDGE_CURVE('',#2491,#2499,#2501,.T.);
#2499 = VERTEX_POINT('',#2500);
#2500 = CARTESIAN_POINT('',(-31.19943264451,3.879460825103,
    10.149371867901));
#2501 = LINE('',#2502,#2503);
#2502 = CARTESIAN_POINT('',(-31.19943264451,3.879460825103,
    10.149371867901));
#2503 = VECTOR('',#2504,1.);
#2504 = DIRECTION('',(-3.489949670249E-02,-0.999390827019,-0.));
#2505 = ORIENTED_EDGE('',*,*,#2506,.T.);
#2506 = EDGE_CURVE('',#2499,#2507,#2509,.T.);
#2507 = VERTEX_POINT('',#2508);
#2508 = CARTESIAN_POINT('',(-30.97111594329,-1.356487570636,
    10.149371867901));
#2509 = ( BOUNDED_CURVE() B_SPLINE_CURVE(3,(#2510,#2511,#2512,#2513),
.UNSPECIFIED.,.F.,.F.) B_SPLINE_CURVE_WITH_KNOTS((4,4),(4.712388980385,
4.878089726561),.PIECEWISE_BEZIER_KNOTS.) CURVE() 
GEOMETRIC_REPRESENTATION_ITEM() RATIONAL_B_SPLINE_CURVE((1.,
0.997713247067,0.997713247067,1.)) REPRESENTATION_ITEM('') );
#2510 = CARTESIAN_POINT('',(-31.19943264451,3.879460825103,
    10.149371867901));
#2511 = CARTESIAN_POINT('',(-31.26056249196,2.128931030432,
    10.149371867901));
#2512 = CARTESIAN_POINT('',(-31.18428249133,0.379614644147,
    10.149371867901));
#2513 = CARTESIAN_POINT('',(-30.97111594329,-1.356487570636,
    10.149371867901));
#2514 = ORIENTED_EDGE('',*,*,#2515,.T.);
#2515 = EDGE_CURVE('',#2507,#2516,#2518,.T.);
#2516 = VERTEX_POINT('',#2517);
#2517 = CARTESIAN_POINT('',(-26.42332750847,-38.39525209468,
    10.149371867901));
#2518 = LINE('',#2519,#2520);
#2519 = CARTESIAN_POINT('',(-26.42332750487,-38.39525209424,
    10.149371867901));
#2520 = VECTOR('',#2521,1.);
#2521 = DIRECTION('',(0.121869343405,-0.992546151641,0.));
#2522 = ORIENTED_EDGE('',*,*,#2523,.T.);
#2523 = EDGE_CURVE('',#2516,#2524,#2526,.T.);
#2524 = VERTEX_POINT('',#2525);
#2525 = CARTESIAN_POINT('',(-25.92189563756,-40.45923438398,
    10.149371867901));
#2526 = ( BOUNDED_CURVE() B_SPLINE_CURVE(3,(#2527,#2528,#2529,#2530),
.UNSPECIFIED.,.F.,.F.) B_SPLINE_CURVE_WITH_KNOTS((4,4),(1.436998024874,
1.791206889168),.PIECEWISE_BEZIER_KNOTS.) CURVE() 
GEOMETRIC_REPRESENTATION_ITEM() RATIONAL_B_SPLINE_CURVE((1.,
0.989571973278,0.989571973278,1.)) REPRESENTATION_ITEM('') );
#2527 = CARTESIAN_POINT('',(-26.42332750847,-38.39525209468,
    10.149371867901));
#2528 = CARTESIAN_POINT('',(-26.3365324595,-39.10214104222,
    10.149371867901));
#2529 = CARTESIAN_POINT('',(-26.16762715349,-39.79738516292,
    10.149371867901));
#2530 = CARTESIAN_POINT('',(-25.92189563756,-40.45923438398,
    10.149371867901));
#2531 = ORIENTED_EDGE('',*,*,#2532,.T.);
#2532 = EDGE_CURVE('',#2524,#2533,#2535,.T.);
#2533 = VERTEX_POINT('',#2534);
#2534 = CARTESIAN_POINT('',(-22.25723183726,-43.4678948993,
    10.149371867901));
#2535 = ( BOUNDED_CURVE() B_SPLINE_CURVE(3,(#2536,#2537,#2538,#2539),
.UNSPECIFIED.,.F.,.F.) B_SPLINE_CURVE_WITH_KNOTS((4,4),(3.273567721522,
4.085641562409),.PIECEWISE_BEZIER_KNOTS.) CURVE() 
GEOMETRIC_REPRESENTATION_ITEM() RATIONAL_B_SPLINE_CURVE((1.,
0.945795558013,0.945795558013,1.)) REPRESENTATION_ITEM('') );
#2536 = CARTESIAN_POINT('',(-25.92189563756,-40.45923438398,
    10.149371867901));
#2537 = CARTESIAN_POINT('',(-25.15511458844,-41.94332661528,
    10.149371867901));
#2538 = CARTESIAN_POINT('',(-23.86355153367,-43.00368985123,
    10.149371867901));
#2539 = CARTESIAN_POINT('',(-22.25723183726,-43.4678948993,
    10.149371867901));
#2540 = ORIENTED_EDGE('',*,*,#2541,.T.);
#2541 = EDGE_CURVE('',#2533,#2542,#2544,.T.);
#2542 = VERTEX_POINT('',#2543);
#2543 = CARTESIAN_POINT('',(-28.73031749407,9.251157147716,
    10.149371867901));
#2544 = LINE('',#2545,#2546);
#2545 = CARTESIAN_POINT('',(-28.73031749407,9.251157147716,
    10.149371867901));
#2546 = VECTOR('',#2547,1.);
#2547 = DIRECTION('',(-0.121869343405,0.992546151641,0.));
#2548 = ORIENTED_EDGE('',*,*,#2549,.T.);
#2549 = EDGE_CURVE('',#2542,#2550,#2552,.T.);
#2550 = VERTEX_POINT('',#2551);
#2551 = CARTESIAN_POINT('',(-17.59354957967,10.618580305964,
    10.149371867901));
#2552 = LINE('',#2553,#2554);
#2553 = CARTESIAN_POINT('',(-31.25844451991,8.940742180941,
    10.149371867901));
#2554 = VECTOR('',#2555,1.);
#2555 = DIRECTION('',(0.992546151641,0.121869343405,0.));
#2556 = ORIENTED_EDGE('',*,*,#2557,.T.);
#2557 = EDGE_CURVE('',#2550,#2558,#2560,.T.);
#2558 = VERTEX_POINT('',#2559);
#2559 = CARTESIAN_POINT('',(-15.76737836299,11.540023901801,
    10.149371867901));
#2560 = B_SPLINE_CURVE_WITH_KNOTS('',3,(#2561,#2562,#2563,#2564,#2565,
    #2566),.UNSPECIFIED.,.F.,.F.,(4,2,4),(0.,1.038236077673E-03,
    2.076472155345E-03),.UNSPECIFIED.);
#2561 = CARTESIAN_POINT('',(-17.59354957967,10.618580305964,
    10.149371867901));
#2562 = CARTESIAN_POINT('',(-17.24511131534,10.661363145251,
    10.149371867901));
#2563 = CARTESIAN_POINT('',(-16.91311088254,10.76215503842,
    10.149371867901));
#2564 = CARTESIAN_POINT('',(-16.28702663124,11.077941645927,
    10.149371867901));
#2565 = CARTESIAN_POINT('',(-16.00822648695,11.285460924638,
    10.149371867901));
#2566 = CARTESIAN_POINT('',(-15.76737836299,11.540023901801,
    10.149371867901));
#2567 = ORIENTED_EDGE('',*,*,#2568,.T.);
#2568 = EDGE_CURVE('',#2558,#2569,#2571,.T.);
#2569 = VERTEX_POINT('',#2570);
#2570 = CARTESIAN_POINT('',(-14.71693960729,12.342284306917,
    10.149371867901));
#2571 = B_SPLINE_CURVE_WITH_KNOTS('',3,(#2572,#2573,#2574,#2575),
  .UNSPECIFIED.,.F.,.F.,(4,4),(0.,1.321757669585E-03),
  .PIECEWISE_BEZIER_KNOTS.);
#2572 = CARTESIAN_POINT('',(-15.76737836299,11.540023901801,
    10.149371867901));
#2573 = CARTESIAN_POINT('',(-15.46061847432,11.864251922557,
    10.149371867901));
#2574 = CARTESIAN_POINT('',(-15.11038471899,12.131557485075,
    10.149371867901));
#2575 = CARTESIAN_POINT('',(-14.71693960729,12.342284306917,
    10.149371867901));
#2576 = ORIENTED_EDGE('',*,*,#2577,.T.);
#2577 = EDGE_CURVE('',#2569,#2147,#2578,.T.);
#2578 = CIRCLE('',#2579,2.85);
#2579 = AXIS2_PLACEMENT_3D('',#2580,#2581,#2582);
#2580 = CARTESIAN_POINT('',(-16.06253572047,14.854628053338,
    10.149371867901));
#2581 = DIRECTION('',(0.,0.,1.));
#2582 = DIRECTION('',(1.,0.,0.));
#2583 = ORIENTED_EDGE('',*,*,#2146,.T.);
#2584 = ORIENTED_EDGE('',*,*,#1595,.T.);
#2585 = ORIENTED_EDGE('',*,*,#2122,.T.);
#2586 = ORIENTED_EDGE('',*,*,#2235,.T.);
#2587 = ORIENTED_EDGE('',*,*,#2212,.T.);
#2588 = ORIENTED_EDGE('',*,*,#2589,.T.);
#2589 = EDGE_CURVE('',#2205,#2252,#2590,.T.);
#2590 = LINE('',#2591,#2592);
#2591 = CARTESIAN_POINT('',(-22.52001296022,19.916436869324,
    10.149371867901));
#2592 = VECTOR('',#2593,1.);
#2593 = DIRECTION('',(-0.15448477631,-0.98799516896,0.));
#2594 = ORIENTED_EDGE('',*,*,#2249,.F.);
#2595 = ORIENTED_EDGE('',*,*,#2596,.T.);
#2596 = EDGE_CURVE('',#2250,#2311,#2597,.T.);
#2597 = LINE('',#2598,#2599);
#2598 = CARTESIAN_POINT('',(-16.58902163847,18.618521047883,
    10.149371867901));
#2599 = VECTOR('',#2600,1.);
#2600 = DIRECTION('',(-0.992546151648,-0.121869343354,0.));
#2601 = ORIENTED_EDGE('',*,*,#2308,.F.);
#2602 = PLANE('',#2603);
#2603 = AXIS2_PLACEMENT_3D('',#2604,#2605,#2606);
#2604 = CARTESIAN_POINT('',(4.237347181489,-26.28778903025,
    10.149371867901));
#2605 = DIRECTION('',(0.,0.,1.));
#2606 = DIRECTION('',(1.,0.,0.));
#2607 = ADVANCED_FACE('',(#2608),#2619,.F.);
#2608 = FACE_BOUND('',#2609,.T.);
#2609 = EDGE_LOOP('',(#2610,#2611,#2617,#2618));
#2610 = ORIENTED_EDGE('',*,*,#2260,.T.);
#2611 = ORIENTED_EDGE('',*,*,#2612,.T.);
#2612 = EDGE_CURVE('',#2261,#2354,#2613,.T.);
#2613 = LINE('',#2614,#2615);
#2614 = CARTESIAN_POINT('',(-16.58902163847,18.618521047883,
    6.549371867901));
#2615 = VECTOR('',#2616,1.);
#2616 = DIRECTION('',(-0.992546151648,-0.121869343354,0.));
#2617 = ORIENTED_EDGE('',*,*,#2362,.F.);
#2618 = ORIENTED_EDGE('',*,*,#2596,.F.);
#2619 = PLANE('',#2620);
#2620 = AXIS2_PLACEMENT_3D('',#2621,#2622,#2623);
#2621 = CARTESIAN_POINT('',(-16.58902163847,18.618521047883,
    10.149371867901));
#2622 = DIRECTION('',(0.121869343354,-0.992546151648,0.));
#2623 = DIRECTION('',(0.992546151648,0.121869343354,0.));
#2624 = ADVANCED_FACE('',(#2625),#2636,.F.);
#2625 = FACE_BOUND('',#2626,.T.);
#2626 = EDGE_LOOP('',(#2627,#2628,#2634,#2635));
#2627 = ORIENTED_EDGE('',*,*,#2204,.T.);
#2628 = ORIENTED_EDGE('',*,*,#2629,.F.);
#2629 = EDGE_CURVE('',#2286,#2196,#2630,.T.);
#2630 = LINE('',#2631,#2632);
#2631 = CARTESIAN_POINT('',(-22.35289894147,20.985201359429,
    5.949371867901));
#2632 = VECTOR('',#2633,1.);
#2633 = DIRECTION('',(0.15448477631,0.98799516896,0.));
#2634 = ORIENTED_EDGE('',*,*,#2294,.T.);
#2635 = ORIENTED_EDGE('',*,*,#2589,.F.);
#2636 = PLANE('',#2637);
#2637 = AXIS2_PLACEMENT_3D('',#2638,#2639,#2640);
#2638 = CARTESIAN_POINT('',(-22.35289894147,20.985201359429,
    5.949371867901));
#2639 = DIRECTION('',(0.98799516896,-0.15448477631,0.));
#2640 = DIRECTION('',(0.15448477631,0.98799516896,0.));
#2641 = ADVANCED_FACE('',(#2642),#2691,.T.);
#2642 = FACE_BOUND('',#2643,.T.);
#2643 = EDGE_LOOP('',(#2644,#2654,#2661,#2662,#2663,#2675,#2684));
#2644 = ORIENTED_EDGE('',*,*,#2645,.T.);
#2645 = EDGE_CURVE('',#2646,#2648,#2650,.T.);
#2646 = VERTEX_POINT('',#2647);
#2647 = CARTESIAN_POINT('',(-13.52379501656,13.559523564007,
    5.949371867901));
#2648 = VERTEX_POINT('',#2649);
#2649 = CARTESIAN_POINT('',(-13.52379501656,13.559523564007,
    8.549371867901));
#2650 = LINE('',#2651,#2652);
#2651 = CARTESIAN_POINT('',(-13.52379501656,13.559523564007,
    -12.8459489593));
#2652 = VECTOR('',#2653,1.);
#2653 = DIRECTION('',(0.,0.,1.));
#2654 = ORIENTED_EDGE('',*,*,#2655,.F.);
#2655 = EDGE_CURVE('',#2138,#2648,#2656,.T.);
#2656 = CIRCLE('',#2657,2.85);
#2657 = AXIS2_PLACEMENT_3D('',#2658,#2659,#2660);
#2658 = CARTESIAN_POINT('',(-16.06253572047,14.854628053338,
    8.549371867901));
#2659 = DIRECTION('',(0.,0.,-1.));
#2660 = DIRECTION('',(1.,0.,0.));
#2661 = ORIENTED_EDGE('',*,*,#2154,.T.);
#2662 = ORIENTED_EDGE('',*,*,#2577,.F.);
#2663 = ORIENTED_EDGE('',*,*,#2664,.T.);
#2664 = EDGE_CURVE('',#2569,#2665,#2667,.T.);
#2665 = VERTEX_POINT('',#2666);
#2666 = CARTESIAN_POINT('',(-14.96765212505,12.223329911265,
    6.380521569033));
#2667 = B_SPLINE_CURVE_WITH_KNOTS('',3,(#2668,#2669,#2670,#2671,#2672,
    #2673,#2674),.UNSPECIFIED.,.F.,.F.,(4,3,4),(3.469446951954E-18,
    1.954542917116E-03,3.779062087619E-03),.UNSPECIFIED.);
#2668 = CARTESIAN_POINT('',(-14.71693960729,12.342284306917,
    10.149371867901));
#2669 = CARTESIAN_POINT('',(-14.76097717367,12.318698052751,
    9.499775630304));
#2670 = CARTESIAN_POINT('',(-14.80462299976,12.296809291756,
    8.850089250035));
#2671 = CARTESIAN_POINT('',(-14.84782980718,12.276452430109,
    8.200328016569));
#2672 = CARTESIAN_POINT('',(-14.88816235926,12.257449772156,
    7.593790983307));
#2673 = CARTESIAN_POINT('',(-14.92811272109,12.239782263841,
    6.987185350805));
#2674 = CARTESIAN_POINT('',(-14.96765212505,12.223329911265,
    6.380521569033));
#2675 = ORIENTED_EDGE('',*,*,#2676,.T.);
#2676 = EDGE_CURVE('',#2665,#2677,#2679,.T.);
#2677 = VERTEX_POINT('',#2678);
#2678 = CARTESIAN_POINT('',(-14.99551450715,12.211908671657,
    5.949371867901));
#2679 = B_SPLINE_CURVE_WITH_KNOTS('',3,(#2680,#2681,#2682,#2683),
  .UNSPECIFIED.,.F.,.F.,(4,4),(0.,4.321999789877E-04),
  .PIECEWISE_BEZIER_KNOTS.);
#2680 = CARTESIAN_POINT('',(-14.96765212505,12.223329911265,
    6.380521569033));
#2681 = CARTESIAN_POINT('',(-14.97701838318,12.219432609696,
    6.23681253426));
#2682 = CARTESIAN_POINT('',(-14.98630500332,12.215627089894,
    6.093095772772));
#2683 = CARTESIAN_POINT('',(-14.99551450715,12.211908671657,
    5.949371867901));
#2684 = ORIENTED_EDGE('',*,*,#2685,.T.);
#2685 = EDGE_CURVE('',#2677,#2646,#2686,.T.);
#2686 = CIRCLE('',#2687,2.85);
#2687 = AXIS2_PLACEMENT_3D('',#2688,#2689,#2690);
#2688 = CARTESIAN_POINT('',(-16.06253572047,14.854628053338,
    5.949371867901));
#2689 = DIRECTION('',(8.445535056805E-16,1.03698131354E-16,1.));
#2690 = DIRECTION('',(0.121869343405,-0.992546151641,3.574525976783E-31)
  );
#2691 = CYLINDRICAL_SURFACE('',#2692,2.85);
#2692 = AXIS2_PLACEMENT_3D('',#2693,#2694,#2695);
#2693 = CARTESIAN_POINT('',(-16.06253572047,14.854628053338,
    5.949371867901));
#2694 = DIRECTION('',(0.,0.,1.));
#2695 = DIRECTION('',(0.121869343405,-0.992546151641,0.));
#2696 = ADVANCED_FACE('',(#2697),#2750,.F.);
#2697 = FACE_BOUND('',#2698,.F.);
#2698 = EDGE_LOOP('',(#2699,#2714,#2723,#2743));
#2699 = ORIENTED_EDGE('',*,*,#2700,.T.);
#2700 = EDGE_CURVE('',#2701,#2703,#2705,.T.);
#2701 = VERTEX_POINT('',#2702);
#2702 = CARTESIAN_POINT('',(-24.06162549439,21.951321986305,
    9.84839150474));
#2703 = VERTEX_POINT('',#2704);
#2704 = CARTESIAN_POINT('',(-23.53558490903,22.578546181633,
    10.217482484221));
#2705 = B_SPLINE_CURVE_WITH_KNOTS('',3,(#2706,#2707,#2708,#2709,#2710,
    #2711,#2712,#2713),.UNSPECIFIED.,.F.,.F.,(4,2,2,4),(0.,
    2.485478735075E-04,4.97095747015E-04,9.9419149403E-04),
  .UNSPECIFIED.);
#2706 = CARTESIAN_POINT('',(-24.06162549439,21.951321986305,
    9.84839150474));
#2707 = CARTESIAN_POINT('',(-23.97856215096,21.961520882456,
    9.839780175983));
#2708 = CARTESIAN_POINT('',(-23.89804309623,21.989793464554,
    9.845276123779));
#2709 = CARTESIAN_POINT('',(-23.75831162885,22.072272230354,
    9.879972973963));
#2710 = CARTESIAN_POINT('',(-23.69950157038,22.126568942448,
    9.909320948133));
#2711 = CARTESIAN_POINT('',(-23.56514704645,22.308298958289,
    10.019801950045));
#2712 = CARTESIAN_POINT('',(-23.52855469514,22.445653345444,
    10.116044204275));
#2713 = CARTESIAN_POINT('',(-23.53558490903,22.578546181633,
    10.217482484221));
#2714 = ORIENTED_EDGE('',*,*,#2715,.F.);
#2715 = EDGE_CURVE('',#2716,#2703,#2718,.T.);
#2716 = VERTEX_POINT('',#2717);
#2717 = CARTESIAN_POINT('',(-23.53558490903,22.578546181633,
    8.549371867901));
#2718 = B_SPLINE_CURVE_WITH_KNOTS('',3,(#2719,#2720,#2721,#2722),
  .UNSPECIFIED.,.F.,.F.,(4,4),(0.,0.735462637632),
  .PIECEWISE_BEZIER_KNOTS.);
#2719 = CARTESIAN_POINT('',(-23.53558490903,22.578546181633,
    8.549371867901));
#2720 = CARTESIAN_POINT('',(-23.53558490903,22.578546181633,
    9.105408740008));
#2721 = CARTESIAN_POINT('',(-23.53558490903,22.578546181633,
    9.661445612114));
#2722 = CARTESIAN_POINT('',(-23.53558490903,22.578546181633,
    10.217482484221));
#2723 = ORIENTED_EDGE('',*,*,#2724,.F.);
#2724 = EDGE_CURVE('',#2725,#2716,#2727,.T.);
#2725 = VERTEX_POINT('',#2726);
#2726 = CARTESIAN_POINT('',(-24.0616254944,21.951321986305,
    8.300843730478));
#2727 = B_SPLINE_CURVE_WITH_KNOTS('',3,(#2728,#2729,#2730,#2731,#2732,
    #2733,#2734,#2735,#2736,#2737,#2738,#2739,#2740,#2741,#2742),
  .UNSPECIFIED.,.F.,.F.,(4,2,2,2,1,2,2,4),(0.,0.25,0.375,0.4375,0.46875,
    0.484375,0.5,1.),.UNSPECIFIED.);
#2728 = CARTESIAN_POINT('',(-24.0616254944,21.951321986305,
    8.300843730478));
#2729 = CARTESIAN_POINT('',(-23.96539171263,21.963138008943,
    8.341072722913));
#2730 = CARTESIAN_POINT('',(-23.88460443128,21.996737464513,
    8.375080171377));
#2731 = CARTESIAN_POINT('',(-23.79046265119,22.05386722051,
    8.416759028114));
#2732 = CARTESIAN_POINT('',(-23.76340606494,22.074181939356,
    8.429096594367));
#2733 = CARTESIAN_POINT('',(-23.72863914763,22.104450963078,
    8.445269864757));
#2734 = CARTESIAN_POINT('',(-23.71801602838,22.11451485987,
    8.450272108388));
#2735 = CARTESIAN_POINT('',(-23.70340246597,22.12935612994,
    8.457192204088));
#2736 = CARTESIAN_POINT('',(-23.69642455231,22.13671267734,
    8.460506434502));
#2737 = CARTESIAN_POINT('',(-23.68991154282,22.143934994013,
    8.46360193876));
#2738 = CARTESIAN_POINT('',(-23.68566976476,22.148716244058,
    8.465617002453));
#2739 = CARTESIAN_POINT('',(-23.68489090087,22.149585424991,
    8.465987604596));
#2740 = CARTESIAN_POINT('',(-23.57552534416,22.276956572784,
    8.517848848044));
#2741 = CARTESIAN_POINT('',(-23.52798500554,22.434884445906,
    8.545060941624));
#2742 = CARTESIAN_POINT('',(-23.53558490903,22.578546181633,
    8.549371867901));
#2743 = ORIENTED_EDGE('',*,*,#2744,.F.);
#2744 = EDGE_CURVE('',#2701,#2725,#2745,.T.);
#2745 = B_SPLINE_CURVE_WITH_KNOTS('',3,(#2746,#2747,#2748,#2749),
  .UNSPECIFIED.,.F.,.F.,(4,4),(-0.129943729633,2.481104779278E-02),
  .PIECEWISE_BEZIER_KNOTS.);
#2746 = CARTESIAN_POINT('',(-24.06162549439,21.951321986305,
    9.84839150474));
#2747 = CARTESIAN_POINT('',(-24.06162549439,21.951321986305,
    9.332542246653));
#2748 = CARTESIAN_POINT('',(-24.06162549439,21.951321986305,
    8.816692988565));
#2749 = CARTESIAN_POINT('',(-24.0616254944,21.951321986305,
    8.300843730478));
#2750 = B_SPLINE_SURFACE_WITH_KNOTS('',3,3,(
    (#2751,#2752,#2753,#2754)
    ,(#2755,#2756,#2757,#2758)
    ,(#2759,#2760,#2761,#2762)
    ,(#2763,#2764,#2765,#2766)
    ,(#2767,#2768,#2769,#2770
  )),.UNSPECIFIED.,.F.,.F.,.F.,(4,1,4),(4,4),(0.,0.571428571429,1.),(
    -2.481104779278E-02,0.226852827581),.UNSPECIFIED.);
#2751 = CARTESIAN_POINT('',(-23.53558490903,22.578546181633,
    8.300843730478));
#2752 = CARTESIAN_POINT('',(-23.53558490903,22.578546181633,
    9.139723315059));
#2753 = CARTESIAN_POINT('',(-23.53558490903,22.578546181633,
    9.97860289964));
#2754 = CARTESIAN_POINT('',(-23.53558490903,22.578546181633,
    10.817482484221));
#2755 = CARTESIAN_POINT('',(-23.52651985738,22.407188603688,
    8.300843730478));
#2756 = CARTESIAN_POINT('',(-23.52651985738,22.407188603688,
    9.139723315059));
#2757 = CARTESIAN_POINT('',(-23.52651985738,22.407188603688,
    9.97860289964));
#2758 = CARTESIAN_POINT('',(-23.52651985738,22.407188603688,
    10.817482484221));
#2759 = CARTESIAN_POINT('',(-23.64716164788,22.102374668604,
    8.300843730478));
#2760 = CARTESIAN_POINT('',(-23.64716164788,22.102374668604,
    9.139723315059));
#2761 = CARTESIAN_POINT('',(-23.64716164788,22.102374668604,
    9.97860289964));
#2762 = CARTESIAN_POINT('',(-23.64716164788,22.102374668604,
    10.817482484221));
#2763 = CARTESIAN_POINT('',(-23.9338868985,21.967006313712,
    8.300843730478));
#2764 = CARTESIAN_POINT('',(-23.9338868985,21.967006313712,
    9.139723315059));
#2765 = CARTESIAN_POINT('',(-23.9338868985,21.967006313712,9.97860289964
    ));
#2766 = CARTESIAN_POINT('',(-23.9338868985,21.967006313712,
    10.817482484221));
#2767 = CARTESIAN_POINT('',(-24.06162549439,21.951321986305,
    8.300843730478));
#2768 = CARTESIAN_POINT('',(-24.06162549439,21.951321986305,
    9.139723315059));
#2769 = CARTESIAN_POINT('',(-24.06162549439,21.951321986305,
    9.97860289964));
#2770 = CARTESIAN_POINT('',(-24.06162549439,21.951321986305,
    10.817482484221));
#2771 = ADVANCED_FACE('',(#2772),#2799,.T.);
#2772 = FACE_BOUND('',#2773,.T.);
#2773 = EDGE_LOOP('',(#2774,#2775,#2784,#2792));
#2774 = ORIENTED_EDGE('',*,*,#1496,.F.);
#2775 = ORIENTED_EDGE('',*,*,#2776,.T.);
#2776 = EDGE_CURVE('',#1488,#2777,#2779,.T.);
#2777 = VERTEX_POINT('',#2778);
#2778 = CARTESIAN_POINT('',(-26.12220981564,21.698314045219,
    6.549371867901));
#2779 = CIRCLE('',#2780,0.6);
#2780 = AXIS2_PLACEMENT_3D('',#2781,#2782,#2783);
#2781 = CARTESIAN_POINT('',(-26.19533142168,22.293841736204,
    6.549371867901));
#2782 = DIRECTION('',(3.565515166319E-16,-3.684914806973E-16,1.));
#2783 = DIRECTION('',(-0.718653932372,-0.695367906569,1.922848456476E-30
    ));
#2784 = ORIENTED_EDGE('',*,*,#2785,.T.);
#2785 = EDGE_CURVE('',#2777,#2786,#2788,.T.);
#2786 = VERTEX_POINT('',#2787);
#2787 = CARTESIAN_POINT('',(-26.12220981564,21.698314045219,
    10.062016050623));
#2788 = LINE('',#2789,#2790);
#2789 = CARTESIAN_POINT('',(-26.12220981564,21.698314045219,
    6.549371867901));
#2790 = VECTOR('',#2791,1.);
#2791 = DIRECTION('',(8.83630349471E-16,-5.584328060347E-19,1.));
#2792 = ORIENTED_EDGE('',*,*,#2793,.F.);
#2793 = EDGE_CURVE('',#1497,#2786,#2794,.T.);
#2794 = ( BOUNDED_CURVE() B_SPLINE_CURVE(3,(#2795,#2796,#2797,#2798),
.UNSPECIFIED.,.F.,.F.) B_SPLINE_CURVE_WITH_KNOTS((4,4),(5.226507712027,
6.150545373935),.PIECEWISE_BEZIER_KNOTS.) CURVE() 
GEOMETRIC_REPRESENTATION_ITEM() RATIONAL_B_SPLINE_CURVE((1.,
0.930102943962,0.930102943962,1.)) REPRESENTATION_ITEM('') );
#2795 = CARTESIAN_POINT('',(-26.62652378111,21.876620992263,
    10.295175677644));
#2796 = CARTESIAN_POINT('',(-26.49322045444,21.738853690955,
    10.16530250482));
#2797 = CARTESIAN_POINT('',(-26.31248276702,21.674951464432,
    10.081741995548));
#2798 = CARTESIAN_POINT('',(-26.12220981564,21.698314045219,
    10.062016050623));
#2799 = CYLINDRICAL_SURFACE('',#2800,0.6);
#2800 = AXIS2_PLACEMENT_3D('',#2801,#2802,#2803);
#2801 = CARTESIAN_POINT('',(-26.19533142168,22.293841736204,
    6.549371867901));
#2802 = DIRECTION('',(4.275466139979E-16,-4.418640154653E-16,1.));
#2803 = DIRECTION('',(-0.718653932372,-0.695367906569,2.366582715663E-30
    ));
#2804 = ADVANCED_FACE('',(#2805),#2854,.T.);
#2805 = FACE_BOUND('',#2806,.T.);
#2806 = EDGE_LOOP('',(#2807,#2822,#2830,#2839,#2847));
#2807 = ORIENTED_EDGE('',*,*,#2808,.F.);
#2808 = EDGE_CURVE('',#2809,#2811,#2813,.T.);
#2809 = VERTEX_POINT('',#2810);
#2810 = CARTESIAN_POINT('',(-24.00336479292,21.958475500953,
    8.242286344962));
#2811 = VERTEX_POINT('',#2812);
#2812 = CARTESIAN_POINT('',(-23.31217623475,22.618432236387,
    8.324161788608));
#2813 = B_SPLINE_CURVE_WITH_KNOTS('',3,(#2814,#2815,#2816,#2817,#2818,
    #2819,#2820,#2821),.UNSPECIFIED.,.F.,.F.,(4,2,2,4),(
    -6.934517648139E-06,5.147718831357E-04,7.756250835277E-04,
    1.03647828392E-03),.UNSPECIFIED.);
#2814 = CARTESIAN_POINT('',(-24.00336479292,21.958475500953,
    8.242286344962));
#2815 = CARTESIAN_POINT('',(-23.83465260757,21.97919075255,
    8.279022609301));
#2816 = CARTESIAN_POINT('',(-23.67543148505,22.053641330209,
    8.318422951357));
#2817 = CARTESIAN_POINT('',(-23.48861755711,22.230486104451,
    8.349368669053));
#2818 = CARTESIAN_POINT('',(-23.43563984402,22.299752902747,
    8.354472470884));
#2819 = CARTESIAN_POINT('',(-23.35412029537,22.452697798995,
    8.350977270996));
#2820 = CARTESIAN_POINT('',(-23.32644603466,22.534494678627,
    8.342883266764));
#2821 = CARTESIAN_POINT('',(-23.31217623475,22.618432236387,
    8.324161788608));
#2822 = ORIENTED_EDGE('',*,*,#2823,.F.);
#2823 = EDGE_CURVE('',#2824,#2809,#2826,.T.);
#2824 = VERTEX_POINT('',#2825);
#2825 = CARTESIAN_POINT('',(-24.00336479292,21.958475500953,
    7.249371867901));
#2826 = LINE('',#2827,#2828);
#2827 = CARTESIAN_POINT('',(-24.00336479292,21.958475500953,
    7.639638506905));
#2828 = VECTOR('',#2829,1.);
#2829 = DIRECTION('',(-1.738576750918E-17,-1.11189301095E-16,1.));
#2830 = ORIENTED_EDGE('',*,*,#2831,.F.);
#2831 = EDGE_CURVE('',#2832,#2824,#2834,.T.);
#2832 = VERTEX_POINT('',#2833);
#2833 = CARTESIAN_POINT('',(-23.31046413248,22.628924601218,
    7.249371867901));
#2834 = CIRCLE('',#2835,0.8);
#2835 = AXIS2_PLACEMENT_3D('',#2836,#2837,#2838);
#2836 = CARTESIAN_POINT('',(-24.10086026765,22.752512422266,
    7.249371867901));
#2837 = DIRECTION('',(0.,0.,-1.));
#2838 = DIRECTION('',(1.,0.,0.));
#2839 = ORIENTED_EDGE('',*,*,#2840,.F.);
#2840 = EDGE_CURVE('',#2841,#2832,#2843,.T.);
#2841 = VERTEX_POINT('',#2842);
#2842 = CARTESIAN_POINT('',(-23.31046413248,22.628924601218,
    8.321892233795));
#2843 = LINE('',#2844,#2845);
#2844 = CARTESIAN_POINT('',(-23.31046413248,22.628924601218,
    5.949371867901));
#2845 = VECTOR('',#2846,1.);
#2846 = DIRECTION('',(1.738576750918E-17,1.11189301095E-16,-1.));
#2847 = ORIENTED_EDGE('',*,*,#2848,.F.);
#2848 = EDGE_CURVE('',#2811,#2841,#2849,.T.);
#2849 = B_SPLINE_CURVE_WITH_KNOTS('',3,(#2850,#2851,#2852,#2853),
  .UNSPECIFIED.,.F.,.F.,(4,4),(1.440969542111E-17,1.087068962699E-05),
  .PIECEWISE_BEZIER_KNOTS.);
#2850 = CARTESIAN_POINT('',(-23.31217623475,22.618432236387,
    8.324161788608));
#2851 = CARTESIAN_POINT('',(-23.31158309449,22.621921195224,
    8.323383610479));
#2852 = CARTESIAN_POINT('',(-23.31101228976,22.625418904669,
    8.322626962065));
#2853 = CARTESIAN_POINT('',(-23.31046413248,22.628924601218,
    8.321892233795));
#2854 = CYLINDRICAL_SURFACE('',#2855,0.8);
#2855 = AXIS2_PLACEMENT_3D('',#2856,#2857,#2858);
#2856 = CARTESIAN_POINT('',(-24.10086026765,22.752512422266,
    16.549371867901));
#2857 = DIRECTION('',(-1.738576750918E-17,-1.11189301095E-16,1.));
#2858 = DIRECTION('',(1.933111338346E-33,-1.,-1.11189301095E-16));
#2859 = ADVANCED_FACE('',(#2860),#2887,.F.);
#2860 = FACE_BOUND('',#2861,.F.);
#2861 = EDGE_LOOP('',(#2862,#2871,#2878,#2879,#2886));
#2862 = ORIENTED_EDGE('',*,*,#2863,.F.);
#2863 = EDGE_CURVE('',#2864,#2716,#2866,.T.);
#2864 = VERTEX_POINT('',#2865);
#2865 = CARTESIAN_POINT('',(-23.53623512495,22.590814327389,
    8.549371867901));
#2866 = B_SPLINE_CURVE_WITH_KNOTS('',3,(#2867,#2868,#2869,#2870),
  .UNSPECIFIED.,.F.,.F.,(4,4),(0.,1.),.PIECEWISE_BEZIER_KNOTS.);
#2867 = CARTESIAN_POINT('',(-23.53623512495,22.590814327389,
    8.549371867901));
#2868 = CARTESIAN_POINT('',(-23.5359887639,22.586725911085,8.54934264795
    ));
#2869 = CARTESIAN_POINT('',(-23.53577305643,22.582636236106,
    8.549282776318));
#2870 = CARTESIAN_POINT('',(-23.53558490903,22.578546181633,
    8.549371867901));
#2871 = ORIENTED_EDGE('',*,*,#2872,.F.);
#2872 = EDGE_CURVE('',#2811,#2864,#2873,.T.);
#2873 = B_SPLINE_CURVE_WITH_KNOTS('',3,(#2874,#2875,#2876,#2877),
  .UNSPECIFIED.,.F.,.F.,(4,4),(-3.188751979923E-02,4.718447854657E-16),
  .PIECEWISE_BEZIER_KNOTS.);
#2874 = CARTESIAN_POINT('',(-23.31217623475,22.618432236387,
    8.324161788608));
#2875 = CARTESIAN_POINT('',(-23.38686221361,22.609226472173,
    8.399232140492));
#2876 = CARTESIAN_POINT('',(-23.46154850886,22.60002050362,
    8.474302168427));
#2877 = CARTESIAN_POINT('',(-23.53623512495,22.590814327389,
    8.549371867901));
#2878 = ORIENTED_EDGE('',*,*,#2808,.F.);
#2879 = ORIENTED_EDGE('',*,*,#2880,.F.);
#2880 = EDGE_CURVE('',#2725,#2809,#2881,.T.);
#2881 = B_SPLINE_CURVE_WITH_KNOTS('',3,(#2882,#2883,#2884,#2885),
  .UNSPECIFIED.,.F.,.F.,(4,4),(-2.488266305098E-02,-1.659143304196E-02),
  .PIECEWISE_BEZIER_KNOTS.);
#2882 = CARTESIAN_POINT('',(-24.0616254944,21.951321986305,
    8.300843730478));
#2883 = CARTESIAN_POINT('',(-24.04220523842,21.953706493907,
    8.281324624342));
#2884 = CARTESIAN_POINT('',(-24.02278500462,21.956090998786,
    8.261805495813));
#2885 = CARTESIAN_POINT('',(-24.00336479292,21.958475500953,
    8.242286344962));
#2886 = ORIENTED_EDGE('',*,*,#2724,.T.);
#2887 = B_SPLINE_SURFACE_WITH_KNOTS('',3,3,(
    (#2888,#2889,#2890,#2891)
    ,(#2892,#2893,#2894,#2895)
    ,(#2896,#2897,#2898,#2899)
    ,(#2900,#2901,#2902,#2903)
    ,(#2904,#2905,#2906,#2907)
    ,(#2908,#2909,#2910,#2911
    )),.UNSPECIFIED.,.F.,.F.,.F.,(4,1,1,4),(4,4),(0.,0.285714285714,
    0.571428571429,1.),(-2.488266305098E-02,0.191809609032),
  .UNSPECIFIED.);
#2888 = CARTESIAN_POINT('',(-24.0616254944,21.951321986305,
    8.300843730478));
#2889 = CARTESIAN_POINT('',(-23.55407481898,22.013641373121,
    7.790709594395));
#2890 = CARTESIAN_POINT('',(-23.04653928835,22.075958900391,
    7.280560163079));
#2891 = CARTESIAN_POINT('',(-22.53901763583,22.138274723644,
    6.770396717418));
#2892 = CARTESIAN_POINT('',(-24.00066730239,21.958806711144,
    8.362407567846));
#2893 = CARTESIAN_POINT('',(-23.49309910623,22.02112816985,
    7.852288658409));
#2894 = CARTESIAN_POINT('',(-22.98554673719,22.083447918675,
    7.342153903479));
#2895 = CARTESIAN_POINT('',(-22.47800865666,22.145765684363,
    6.832004783574));
#2896 = CARTESIAN_POINT('',(-23.88360187437,22.011901207062,
    8.485366313492));
#2897 = CARTESIAN_POINT('',(-23.37600138599,22.074247677655,
    7.975277677656));
#2898 = CARTESIAN_POINT('',(-22.86841796827,22.136591290886,
    7.465172040488));
#2899 = CARTESIAN_POINT('',(-22.36084961592,22.198932555233,
    6.955051402897));
#2900 = CARTESIAN_POINT('',(-23.73256861355,22.220841774258,
    8.661159453433));
#2901 = CARTESIAN_POINT('',(-23.2249507172,22.283287029722,
    8.151093199683));
#2902 = CARTESIAN_POINT('',(-22.71734952356,22.345726576774,
    7.641010237477));
#2903 = CARTESIAN_POINT('',(-22.20976495076,22.408160652138,
    7.13091065115));
#2904 = CARTESIAN_POINT('',(-23.69967632759,22.439400382859,
    8.72058488349));
#2905 = CARTESIAN_POINT('',(-23.19209770047,22.501930733265,
    8.210487557991));
#2906 = CARTESIAN_POINT('',(-22.68453670856,22.564452275316,
    7.700372399008));
#2907 = CARTESIAN_POINT('',(-22.17698913158,22.626966247575,
    7.190243574712));
#2908 = CARTESIAN_POINT('',(-23.71107545186,22.569262490451,
    8.72510779919));
#2909 = CARTESIAN_POINT('',(-23.20353766188,22.631825451947,
    8.214973663107));
#2910 = CARTESIAN_POINT('',(-22.6960148129,22.694378731998,7.70482423179
    ));
#2911 = CARTESIAN_POINT('',(-22.18850564288,22.75692326688,7.19466078613
    ));
#2912 = ADVANCED_FACE('',(#2913),#2964,.T.);
#2913 = FACE_BOUND('',#2914,.T.);
#2914 = EDGE_LOOP('',(#2915,#2923,#2924,#2932,#2940,#2949,#2957));
#2915 = ORIENTED_EDGE('',*,*,#2916,.T.);
#2916 = EDGE_CURVE('',#2917,#2832,#2919,.T.);
#2917 = VERTEX_POINT('',#2918);
#2918 = CARTESIAN_POINT('',(-22.60995244162,27.108991717833,
    7.249371867901));
#2919 = LINE('',#2920,#2921);
#2920 = CARTESIAN_POINT('',(-23.31046413248,22.628924601218,
    7.249371867901));
#2921 = VECTOR('',#2922,1.);
#2922 = DIRECTION('',(-0.15448477631,-0.98799516896,-0.));
#2923 = ORIENTED_EDGE('',*,*,#2831,.T.);
#2924 = ORIENTED_EDGE('',*,*,#2925,.T.);
#2925 = EDGE_CURVE('',#2824,#2926,#2928,.T.);
#2926 = VERTEX_POINT('',#2927);
#2927 = CARTESIAN_POINT('',(-22.96589009335,21.928731743168,
    7.249371867901));
#2928 = LINE('',#2929,#2930);
#2929 = CARTESIAN_POINT('',(-24.00336479292,21.958475500953,
    7.249371867901));
#2930 = VECTOR('',#2931,1.);
#2931 = DIRECTION('',(0.999589286454,-2.865760642845E-02,0.));
#2932 = ORIENTED_EDGE('',*,*,#2933,.T.);
#2933 = EDGE_CURVE('',#2926,#2934,#2936,.T.);
#2934 = VERTEX_POINT('',#2935);
#2935 = CARTESIAN_POINT('',(-22.44697488028,21.980783045651,
    7.249371867901));
#2936 = LINE('',#2937,#2938);
#2937 = CARTESIAN_POINT('',(-22.44697488028,21.980783045651,
    7.249371867901));
#2938 = VECTOR('',#2939,1.);
#2939 = DIRECTION('',(0.995006809678,9.980705733544E-02,0.));
#2940 = ORIENTED_EDGE('',*,*,#2941,.T.);
#2941 = EDGE_CURVE('',#2934,#2942,#2944,.T.);
#2942 = VERTEX_POINT('',#2943);
#2943 = CARTESIAN_POINT('',(-21.203511524,23.157513892366,7.249371867901
    ));
#2944 = CIRCLE('',#2945,1.4);
#2945 = AXIS2_PLACEMENT_3D('',#2946,#2947,#2948);
#2946 = CARTESIAN_POINT('',(-22.58670476055,23.373792579201,
    7.249371867901));
#2947 = DIRECTION('',(0.,0.,1.));
#2948 = DIRECTION('',(1.,0.,0.));
#2949 = ORIENTED_EDGE('',*,*,#2950,.T.);
#2950 = EDGE_CURVE('',#2942,#2951,#2953,.T.);
#2951 = VERTEX_POINT('',#2952);
#2952 = CARTESIAN_POINT('',(-20.94293165632,24.824031827293,
    7.249371867901));
#2953 = LINE('',#2954,#2955);
#2954 = CARTESIAN_POINT('',(-21.203511524,23.157513892366,7.249371867901
    ));
#2955 = VECTOR('',#2956,1.);
#2956 = DIRECTION('',(0.15448477631,0.98799516896,0.));
#2957 = ORIENTED_EDGE('',*,*,#2958,.T.);
#2958 = EDGE_CURVE('',#2951,#2917,#2959,.T.);
#2959 = CIRCLE('',#2960,2.);
#2960 = AXIS2_PLACEMENT_3D('',#2961,#2962,#2963);
#2961 = CARTESIAN_POINT('',(-22.91892199424,25.133001379913,
    7.249371867901));
#2962 = DIRECTION('',(0.,0.,1.));
#2963 = DIRECTION('',(1.,0.,0.));
#2964 = PLANE('',#2965);
#2965 = AXIS2_PLACEMENT_3D('',#2966,#2967,#2968);
#2966 = CARTESIAN_POINT('',(-24.10086026765,22.752512422266,
    7.249371867901));
#2967 = DIRECTION('',(0.,0.,1.));
#2968 = DIRECTION('',(1.,0.,0.));
#2969 = ADVANCED_FACE('',(#2970),#2989,.T.);
#2970 = FACE_BOUND('',#2971,.T.);
#2971 = EDGE_LOOP('',(#2972,#2973,#2974,#2982));
#2972 = ORIENTED_EDGE('',*,*,#2840,.T.);
#2973 = ORIENTED_EDGE('',*,*,#2916,.F.);
#2974 = ORIENTED_EDGE('',*,*,#2975,.F.);
#2975 = EDGE_CURVE('',#2976,#2917,#2978,.T.);
#2976 = VERTEX_POINT('',#2977);
#2977 = CARTESIAN_POINT('',(-22.60995244162,27.108991717833,
    7.26291221886));
#2978 = LINE('',#2979,#2980);
#2979 = CARTESIAN_POINT('',(-22.60995244162,27.108991717833,
    16.549371867901));
#2980 = VECTOR('',#2981,1.);
#2981 = DIRECTION('',(-3.598319847579E-17,-2.301277000036E-16,-1.));
#2982 = ORIENTED_EDGE('',*,*,#2983,.F.);
#2983 = EDGE_CURVE('',#2841,#2976,#2984,.T.);
#2984 = B_SPLINE_CURVE_WITH_KNOTS('',3,(#2985,#2986,#2987,#2988),
  .UNSPECIFIED.,.F.,.F.,(4,4),(2.722121276234E-05,4.68382798074E-03),
  .PIECEWISE_BEZIER_KNOTS.);
#2985 = CARTESIAN_POINT('',(-23.31046413248,22.628924601218,
    8.321892233795));
#2986 = CARTESIAN_POINT('',(-23.07561986326,24.130852551586,
    8.007116294475));
#2987 = CARTESIAN_POINT('',(-22.84249883117,25.621759675209,
    7.642140250417));
#2988 = CARTESIAN_POINT('',(-22.60995244162,27.108991717833,
    7.26291221886));
#2989 = PLANE('',#2990);
#2990 = AXIS2_PLACEMENT_3D('',#2991,#2992,#2993);
#2991 = CARTESIAN_POINT('',(-22.09102615244,30.427743759323,
    16.549371867901));
#2992 = DIRECTION('',(0.98799516896,-0.15448477631,0.));
#2993 = DIRECTION('',(0.15448477631,0.98799516896,0.));
#2994 = ADVANCED_FACE('',(#2995),#3021,.T.);
#2995 = FACE_BOUND('',#2996,.T.);
#2996 = EDGE_LOOP('',(#2997,#2998,#3006,#3015));
#2997 = ORIENTED_EDGE('',*,*,#2958,.F.);
#2998 = ORIENTED_EDGE('',*,*,#2999,.F.);
#2999 = EDGE_CURVE('',#3000,#2951,#3002,.T.);
#3000 = VERTEX_POINT('',#3001);
#3001 = CARTESIAN_POINT('',(-20.94293165632,24.824031827293,
    5.949371867901));
#3002 = LINE('',#3003,#3004);
#3003 = CARTESIAN_POINT('',(-20.94293165632,24.824031827293,
    6.549371867901));
#3004 = VECTOR('',#3005,1.);
#3005 = DIRECTION('',(3.598319847579E-17,2.301277000036E-16,1.));
#3006 = ORIENTED_EDGE('',*,*,#3007,.F.);
#3007 = EDGE_CURVE('',#3008,#3000,#3010,.T.);
#3008 = VERTEX_POINT('',#3009);
#3009 = CARTESIAN_POINT('',(-22.60995244162,27.108991717833,
    5.949371867901));
#3010 = CIRCLE('',#3011,2.);
#3011 = AXIS2_PLACEMENT_3D('',#3012,#3013,#3014);
#3012 = CARTESIAN_POINT('',(-22.91892199424,25.133001379913,
    5.949371867901));
#3013 = DIRECTION('',(-8.445535056805E-16,-1.03698131354E-16,-1.));
#3014 = DIRECTION('',(1.,2.365171069822E-33,-8.445535056805E-16));
#3015 = ORIENTED_EDGE('',*,*,#3016,.F.);
#3016 = EDGE_CURVE('',#2917,#3008,#3017,.T.);
#3017 = LINE('',#3018,#3019);
#3018 = CARTESIAN_POINT('',(-22.60995244162,27.108991717833,
    5.949371867901));
#3019 = VECTOR('',#3020,1.);
#3020 = DIRECTION('',(-3.598319847579E-17,-2.301277000036E-16,-1.));
#3021 = CYLINDRICAL_SURFACE('',#3022,2.);
#3022 = AXIS2_PLACEMENT_3D('',#3023,#3024,#3025);
#3023 = CARTESIAN_POINT('',(-22.91892199424,25.133001379913,
    11.976908928821));
#3024 = DIRECTION('',(3.598319847579E-17,2.301277000036E-16,1.));
#3025 = DIRECTION('',(8.280730704007E-33,-1.,2.301277000036E-16));
#3026 = ADVANCED_FACE('',(#3027),#3089,.F.);
#3027 = FACE_BOUND('',#3028,.T.);
#3028 = EDGE_LOOP('',(#3029,#3030,#3038,#3046,#3054,#3062,#3070,#3078,
    #3088));
#3029 = ORIENTED_EDGE('',*,*,#3016,.T.);
#3030 = ORIENTED_EDGE('',*,*,#3031,.T.);
#3031 = EDGE_CURVE('',#3008,#3032,#3034,.T.);
#3032 = VERTEX_POINT('',#3033);
#3033 = CARTESIAN_POINT('',(-26.36433408367,27.696033867812,
    5.949371867901));
#3034 = LINE('',#3035,#3036);
#3035 = CARTESIAN_POINT('',(-20.6339621037,26.800022165213,
    5.949371867901));
#3036 = VECTOR('',#3037,1.);
#3037 = DIRECTION('',(-0.98799516896,0.15448477631,8.896017825522E-16));
#3038 = ORIENTED_EDGE('',*,*,#3039,.T.);
#3039 = EDGE_CURVE('',#3032,#3040,#3042,.T.);
#3040 = VERTEX_POINT('',#3041);
#3041 = CARTESIAN_POINT('',(-26.36433408367,27.696033867812,
    6.549371867901));
#3042 = LINE('',#3043,#3044);
#3043 = CARTESIAN_POINT('',(-26.36433408367,27.696033867812,
    6.549371867901));
#3044 = VECTOR('',#3045,1.);
#3045 = DIRECTION('',(3.598319847579E-17,2.301277000036E-16,1.));
#3046 = ORIENTED_EDGE('',*,*,#3047,.T.);
#3047 = EDGE_CURVE('',#3040,#3048,#3050,.T.);
#3048 = VERTEX_POINT('',#3049);
#3049 = CARTESIAN_POINT('',(-25.96762412289,27.634003554833,
    6.549371867901));
#3050 = LINE('',#3051,#3052);
#3051 = CARTESIAN_POINT('',(-18.08365170613,26.40125085168,
    6.549371867901));
#3052 = VECTOR('',#3053,1.);
#3053 = DIRECTION('',(0.98799516896,-0.15448477631,-8.183950009146E-16)
  );
#3054 = ORIENTED_EDGE('',*,*,#3055,.T.);
#3055 = EDGE_CURVE('',#3048,#3056,#3058,.T.);
#3056 = VERTEX_POINT('',#3057);
#3057 = CARTESIAN_POINT('',(-25.96762412289,27.634003554833,
    8.892544902391));
#3058 = LINE('',#3059,#3060);
#3059 = CARTESIAN_POINT('',(-25.96762412289,27.634003554833,
    6.549371867901));
#3060 = VECTOR('',#3061,1.);
#3061 = DIRECTION('',(8.986104609425E-16,9.524568451615E-17,1.));
#3062 = ORIENTED_EDGE('',*,*,#3063,.T.);
#3063 = EDGE_CURVE('',#3056,#3064,#3066,.T.);
#3064 = VERTEX_POINT('',#3065);
#3065 = CARTESIAN_POINT('',(-23.92361404207,27.314398307732,
    8.840460617442));
#3066 = LINE('',#3067,#3068);
#3067 = CARTESIAN_POINT('',(-20.69909565209,26.810206568911,
    8.758295301222));
#3068 = VECTOR('',#3069,1.);
#3069 = DIRECTION('',(0.987682218619,-0.154435842808,-2.516754814306E-02
    ));
#3070 = ORIENTED_EDGE('',*,*,#3071,.T.);
#3071 = EDGE_CURVE('',#3064,#3072,#3074,.T.);
#3072 = VERTEX_POINT('',#3073);
#3073 = CARTESIAN_POINT('',(-23.92361404207,27.314398307732,
    8.549371867901));
#3074 = LINE('',#3075,#3076);
#3075 = CARTESIAN_POINT('',(-23.92361404207,27.314398307732,
    10.114913118037));
#3076 = VECTOR('',#3077,1.);
#3077 = DIRECTION('',(-1.65697062576E-14,-0.,-1.));
#3078 = ORIENTED_EDGE('',*,*,#3079,.T.);
#3079 = EDGE_CURVE('',#3072,#2976,#3080,.T.);
#3080 = B_SPLINE_CURVE_WITH_KNOTS('',3,(#3081,#3082,#3083,#3084,#3085,
    #3086,#3087),.UNSPECIFIED.,.F.,.F.,(4,3,4),(0.,1.318183248811E-03,
    1.850101123879E-03),.UNSPECIFIED.);
#3081 = CARTESIAN_POINT('',(-23.92361404207,27.314398307732,
    8.549371867901));
#3082 = CARTESIAN_POINT('',(-23.6115910224,27.265609803583,
    8.243873149425));
#3083 = CARTESIAN_POINT('',(-23.29958954576,27.216824667947,
    7.93835302857));
#3084 = CARTESIAN_POINT('',(-22.98761188062,27.16804325552,
    7.632808001929));
#3085 = CARTESIAN_POINT('',(-22.86172157136,27.148358810822,
    7.509513413264));
#3086 = CARTESIAN_POINT('',(-22.73583506702,27.128674961068,
    7.386214844463));
#3087 = CARTESIAN_POINT('',(-22.60995244162,27.108991717833,
    7.26291221886));
#3088 = ORIENTED_EDGE('',*,*,#2975,.T.);
#3089 = PLANE('',#3090);
#3090 = AXIS2_PLACEMENT_3D('',#3091,#3092,#3093);
#3091 = CARTESIAN_POINT('',(-20.6339621037,26.800022165213,
    11.976908928821));
#3092 = DIRECTION('',(-0.15448477631,-0.98799516896,2.329239122149E-16)
  );
#3093 = DIRECTION('',(0.98799516896,-0.15448477631,0.));
#3094 = ADVANCED_FACE('',(#3095),#3136,.T.);
#3095 = FACE_BOUND('',#3096,.T.);
#3096 = EDGE_LOOP('',(#3097,#3098,#3104,#3105,#3111,#3112,#3121,#3129));
#3097 = ORIENTED_EDGE('',*,*,#3055,.F.);
#3098 = ORIENTED_EDGE('',*,*,#3099,.T.);
#3099 = EDGE_CURVE('',#3048,#1486,#3100,.T.);
#3100 = LINE('',#3101,#3102);
#3101 = CARTESIAN_POINT('',(-26.9217562482,21.531927061744,
    6.549371867901));
#3102 = VECTOR('',#3103,1.);
#3103 = DIRECTION('',(-0.154484777637,-0.987995168753,2.329239133141E-16
    ));
#3104 = ORIENTED_EDGE('',*,*,#1513,.F.);
#3105 = ORIENTED_EDGE('',*,*,#3106,.F.);
#3106 = EDGE_CURVE('',#1554,#1505,#3107,.T.);
#3107 = LINE('',#3108,#3109);
#3108 = CARTESIAN_POINT('',(-26.55851640146,23.854998753113,
    11.771425566223));
#3109 = VECTOR('',#3110,1.);
#3110 = DIRECTION('',(-0.12575036281,-0.804226492896,-0.580867105609));
#3111 = ORIENTED_EDGE('',*,*,#1553,.F.);
#3112 = ORIENTED_EDGE('',*,*,#3113,.F.);
#3113 = EDGE_CURVE('',#3114,#1546,#3116,.T.);
#3114 = VERTEX_POINT('',#3115);
#3115 = CARTESIAN_POINT('',(-26.44757303387,24.564528279985,
    11.292275393059));
#3116 = ( BOUNDED_CURVE() B_SPLINE_CURVE(3,(#3117,#3118,#3119,#3120),
.UNSPECIFIED.,.F.,.F.) B_SPLINE_CURVE_WITH_KNOTS((4,4),(4.795634980636,
5.253832737631),.PIECEWISE_BEZIER_KNOTS.) CURVE() 
GEOMETRIC_REPRESENTATION_ITEM() RATIONAL_B_SPLINE_CURVE((1.,
0.982580956739,0.982580956739,1.)) REPRESENTATION_ITEM('') );
#3117 = CARTESIAN_POINT('',(-26.44757303387,24.564528279985,
    11.292275393059));
#3118 = CARTESIAN_POINT('',(-26.49538183217,24.258770894265,
    11.38123182505));
#3119 = CARTESIAN_POINT('',(-26.54485295434,23.942382247799,
    11.400441135006));
#3120 = CARTESIAN_POINT('',(-26.59340118153,23.631895903147,
    11.348899499524));
#3121 = ORIENTED_EDGE('',*,*,#3122,.F.);
#3122 = EDGE_CURVE('',#3123,#3114,#3125,.T.);
#3123 = VERTEX_POINT('',#3124);
#3124 = CARTESIAN_POINT('',(-26.19126307165,26.203738357813,
    10.815366946633));
#3125 = LINE('',#3126,#3127);
#3126 = CARTESIAN_POINT('',(-25.86463154488,28.292684436214,
    10.207613222816));
#3127 = VECTOR('',#3128,1.);
#3128 = DIRECTION('',(-0.148472733978,-0.949545619348,0.276258871428));
#3129 = ORIENTED_EDGE('',*,*,#3130,.T.);
#3130 = EDGE_CURVE('',#3123,#3056,#3131,.T.);
#3131 = ( BOUNDED_CURVE() B_SPLINE_CURVE(3,(#3132,#3133,#3134,#3135),
.UNSPECIFIED.,.F.,.F.) B_SPLINE_CURVE_WITH_KNOTS((4,4),(0.279815253595,
1.570796380163),.PIECEWISE_BEZIER_KNOTS.) CURVE() 
GEOMETRIC_REPRESENTATION_ITEM() RATIONAL_B_SPLINE_CURVE((1.,
0.865869829948,0.865869829948,1.)) REPRESENTATION_ITEM('') );
#3132 = CARTESIAN_POINT('',(-26.19126307165,26.203738357813,
    10.815366946633));
#3133 = CARTESIAN_POINT('',(-26.05371826046,27.083395311903,
    10.559441341344));
#3134 = CARTESIAN_POINT('',(-25.96762412289,27.634003554833,
    9.819213816091));
#3135 = CARTESIAN_POINT('',(-25.96762412289,27.634003554833,
    8.892544902391));
#3136 = PLANE('',#3137);
#3137 = AXIS2_PLACEMENT_3D('',#3138,#3139,#3140);
#3138 = CARTESIAN_POINT('',(-25.63905788537,29.735322922663,
    6.549371867901));
#3139 = DIRECTION('',(-0.987995168753,0.154484777637,8.731087856083E-16)
  );
#3140 = DIRECTION('',(8.837176670719E-16,-2.465190328816E-32,1.));
#3141 = ADVANCED_FACE('',(#3142),#3167,.T.);
#3142 = FACE_BOUND('',#3143,.T.);
#3143 = EDGE_LOOP('',(#3144,#3159,#3160,#3161));
#3144 = ORIENTED_EDGE('',*,*,#3145,.F.);
#3145 = EDGE_CURVE('',#3064,#3146,#3148,.T.);
#3146 = VERTEX_POINT('',#3147);
#3147 = CARTESIAN_POINT('',(-23.77874870686,25.826534751075,
    10.753930343262));
#3148 = B_SPLINE_CURVE_WITH_KNOTS('',3,(#3149,#3150,#3151,#3152,#3153,
    #3154,#3155,#3156,#3157,#3158),.UNSPECIFIED.,.F.,.F.,(4,2,2,2,4),(0.
    ,6.49139268927E-04,1.298278537854E-03,1.947417806781E-03,
    2.596557075708E-03),.UNSPECIFIED.);
#3149 = CARTESIAN_POINT('',(-23.92361404207,27.314398307732,
    8.840460617442));
#3150 = CARTESIAN_POINT('',(-23.92361404207,27.314398307732,
    9.059984614474));
#3151 = CARTESIAN_POINT('',(-23.9199342609,27.278226639341,
    9.273287889207));
#3152 = CARTESIAN_POINT('',(-23.90536085607,27.133955735225,
    9.687526279709));
#3153 = CARTESIAN_POINT('',(-23.89485868593,27.029756778519,9.8771087075
    ));
#3154 = CARTESIAN_POINT('',(-23.86794232176,26.759190882179,
    10.221351948515));
#3155 = CARTESIAN_POINT('',(-23.85221176593,26.599660815911,
    10.367239405465));
#3156 = CARTESIAN_POINT('',(-23.81694596306,26.23476856267,
    10.607319071691));
#3157 = CARTESIAN_POINT('',(-23.79816638513,26.03726984131,
    10.696201337667));
#3158 = CARTESIAN_POINT('',(-23.77874870686,25.826534751075,
    10.753930343262));
#3159 = ORIENTED_EDGE('',*,*,#3063,.F.);
#3160 = ORIENTED_EDGE('',*,*,#3130,.F.);
#3161 = ORIENTED_EDGE('',*,*,#3162,.F.);
#3162 = EDGE_CURVE('',#3146,#3123,#3163,.T.);
#3163 = LINE('',#3164,#3165);
#3164 = CARTESIAN_POINT('',(-25.15034186399,26.040977966898,
    10.788842793304));
#3165 = VECTOR('',#3166,1.);
#3166 = DIRECTION('',(-0.987682218619,0.154435842808,2.516754814306E-02)
  );
#3167 = CYLINDRICAL_SURFACE('',#3168,2.);
#3168 = AXIS2_PLACEMENT_3D('',#3169,#3170,#3171);
#3169 = CARTESIAN_POINT('',(-25.28346909524,25.502726396237,
    8.86723867513));
#3170 = DIRECTION('',(-0.987682218619,0.154435842808,2.516754814306E-02)
  );
#3171 = DIRECTION('',(-0.15448477631,-0.98799516896,-1.561251128379E-17)
  );
#3172 = ADVANCED_FACE('',(#3173),#3217,.T.);
#3173 = FACE_BOUND('',#3174,.T.);
#3174 = EDGE_LOOP('',(#3175,#3176,#3177,#3186,#3193,#3194,#3201,#3202,
    #3203));
#3175 = ORIENTED_EDGE('',*,*,#3071,.F.);
#3176 = ORIENTED_EDGE('',*,*,#3145,.T.);
#3177 = ORIENTED_EDGE('',*,*,#3178,.F.);
#3178 = EDGE_CURVE('',#3179,#3146,#3181,.T.);
#3179 = VERTEX_POINT('',#3180);
#3180 = CARTESIAN_POINT('',(-23.69710666502,24.90224308536,
    11.007129513342));
#3181 = B_SPLINE_CURVE_WITH_KNOTS('',3,(#3182,#3183,#3184,#3185),
  .UNSPECIFIED.,.F.,.F.,(4,4),(0.,0.234991995195),
  .PIECEWISE_BEZIER_KNOTS.);
#3182 = CARTESIAN_POINT('',(-23.69710666502,24.90224308536,
    11.007129513342));
#3183 = CARTESIAN_POINT('',(-23.7213959557,25.191867985127,
    10.927686776026));
#3184 = CARTESIAN_POINT('',(-23.74862562241,25.499960432167,
    10.843274887096));
#3185 = CARTESIAN_POINT('',(-23.77874870686,25.826534751075,
    10.753930343262));
#3186 = ORIENTED_EDGE('',*,*,#3187,.F.);
#3187 = EDGE_CURVE('',#1530,#3179,#3188,.T.);
#3188 = B_SPLINE_CURVE_WITH_KNOTS('',3,(#3189,#3190,#3191,#3192),
  .UNSPECIFIED.,.F.,.F.,(4,4),(0.49993972147,1.),
  .PIECEWISE_BEZIER_KNOTS.);
#3189 = CARTESIAN_POINT('',(-23.62572316294,23.996282308742,
    11.041235053325));
#3190 = CARTESIAN_POINT('',(-23.64692911767,24.285315259066,
    11.097613665868));
#3191 = CARTESIAN_POINT('',(-23.67159742773,24.598057096024,
    11.090566403404));
#3192 = CARTESIAN_POINT('',(-23.69710666502,24.90224308536,
    11.007129513342));
#3193 = ORIENTED_EDGE('',*,*,#1527,.F.);
#3194 = ORIENTED_EDGE('',*,*,#3195,.F.);
#3195 = EDGE_CURVE('',#2703,#1528,#3196,.T.);
#3196 = B_SPLINE_CURVE_WITH_KNOTS('',3,(#3197,#3198,#3199,#3200),
  .UNSPECIFIED.,.F.,.F.,(4,4),(0.,1.),.PIECEWISE_BEZIER_KNOTS.);
#3197 = CARTESIAN_POINT('',(-23.53558490903,22.578546181633,
    10.217482484221));
#3198 = CARTESIAN_POINT('',(-23.54585049426,22.77259756581,
    10.36560362601));
#3199 = CARTESIAN_POINT('',(-23.55718532089,22.969577011155,
    10.51613910422));
#3200 = CARTESIAN_POINT('',(-23.56958938896,23.169484517663,
    10.669088918853));
#3201 = ORIENTED_EDGE('',*,*,#2715,.F.);
#3202 = ORIENTED_EDGE('',*,*,#2863,.F.);
#3203 = ORIENTED_EDGE('',*,*,#3204,.F.);
#3204 = EDGE_CURVE('',#3072,#2864,#3205,.T.);
#3205 = B_SPLINE_CURVE_WITH_KNOTS('',3,(#3206,#3207,#3208,#3209,#3210,
    #3211,#3212,#3213,#3214,#3215,#3216),.UNSPECIFIED.,.F.,.F.,(4,1,1,3,
    2,4),(0.340831417602,0.368776040754,0.454044792232,0.709851046666,
    0.721519414715,1.),.UNSPECIFIED.);
#3206 = CARTESIAN_POINT('',(-23.92361404207,27.314398307732,
    8.549371867901));
#3207 = CARTESIAN_POINT('',(-23.91845565645,27.263597264977,
    8.549371867901));
#3208 = CARTESIAN_POINT('',(-23.89754426908,27.056953454738,
    8.549371867901));
#3209 = CARTESIAN_POINT('',(-23.8257425888,26.336734830567,
    8.549371867901));
#3210 = CARTESIAN_POINT('',(-23.75149125158,25.549902077407,
    8.549371867901));
#3211 = CARTESIAN_POINT('',(-23.69797595857,24.912601894857,
    8.549371867901));
#3212 = CARTESIAN_POINT('',(-23.69553490749,24.883532030616,
    8.549371867901));
#3213 = CARTESIAN_POINT('',(-23.69309866936,24.854363719165,
    8.549371867901));
#3214 = CARTESIAN_POINT('',(-23.63265859818,24.126657243085,
    8.549371867901));
#3215 = CARTESIAN_POINT('',(-23.57777371071,23.373096232998,
    8.549371867901));
#3216 = CARTESIAN_POINT('',(-23.53623512495,22.590814327389,
    8.549371867901));
#3217 = B_SPLINE_SURFACE_WITH_KNOTS('',3,1,(
    (#3218,#3219)
    ,(#3220,#3221)
    ,(#3222,#3223)
    ,(#3224,#3225)
    ,(#3226,#3227)
    ,(#3228,#3229)
    ,(#3230,#3231)
    ,(#3232,#3233)
    ,(#3234,#3235)
    ,(#3236,#3237)
    ,(#3238,#3239)
    ,(#3240,#3241)
    ,(#3242,#3243)
    ,(#3244,#3245)
    ,(#3246,#3247)
    ,(#3248,#3249)
    ,(#3250,#3251)
    ,(#3252,#3253)
    ,(#3254,#3255)
    ,(#3256,#3257)
    ,(#3258,#3259)
    ,(#3260,#3261)
    ,(#3262,#3263)
    ,(#3264,#3265)
    ,(#3266,#3267)
    ,(#3268,#3269)
    ,(#3270,#3271)
    ,(#3272,#3273
    )),.UNSPECIFIED.,.F.,.F.,.F.,(4,3,3,3,3,3,3,3,3,4),(2,2),(
    -0.960313416781,-0.960274284362,-0.920744762738,-0.919409414942,
    -0.895013664203,-0.879487383577,-0.870617913464,-0.868702444505,
    -0.840023121407,-0.82683919891),(0.,1.507571568603),.UNSPECIFIED.);
#3218 = CARTESIAN_POINT('',(-23.50858253407,22.019227123348,
    6.549371867901));
#3219 = CARTESIAN_POINT('',(-23.50858253407,22.019227123348,
    21.625087553935));
#3220 = CARTESIAN_POINT('',(-23.50862501954,22.02020281299,
    6.549371867901));
#3221 = CARTESIAN_POINT('',(-23.50862501954,22.02020281299,
    21.625087553935));
#3222 = CARTESIAN_POINT('',(-23.50866752827,22.021178468991,
    6.549371867901));
#3223 = CARTESIAN_POINT('',(-23.50866752827,22.021178468991,
    21.625087553935));
#3224 = CARTESIAN_POINT('',(-23.50871006024,22.022154091285,
    6.549371867901));
#3225 = CARTESIAN_POINT('',(-23.50871006024,22.022154091285,
    21.625087553935));
#3226 = CARTESIAN_POINT('',(-23.55167362831,23.007676677948,
    6.549371867901));
#3227 = CARTESIAN_POINT('',(-23.55167362831,23.007676677948,
    21.625087553935));
#3228 = CARTESIAN_POINT('',(-23.61871505461,23.958790177835,
    6.549371867901));
#3229 = CARTESIAN_POINT('',(-23.61871505461,23.958790177835,
    21.625087553935));
#3230 = CARTESIAN_POINT('',(-23.69066804749,24.825098929621,
    6.549371867901));
#3231 = CARTESIAN_POINT('',(-23.69066804749,24.825098929621,
    21.625087553935));
#3232 = CARTESIAN_POINT('',(-23.69309869341,24.854363728061,
    6.549371867901));
#3233 = CARTESIAN_POINT('',(-23.69309869341,24.854363728061,
    21.625087553935));
#3234 = CARTESIAN_POINT('',(-23.69553490749,24.883532030616,
    6.549371867901));
#3235 = CARTESIAN_POINT('',(-23.69553490749,24.883532030616,
    21.625087553935));
#3236 = CARTESIAN_POINT('',(-23.69797595857,24.912601894857,
    6.549371867901));
#3237 = CARTESIAN_POINT('',(-23.69797595857,24.912601894857,
    21.625087553935));
#3238 = CARTESIAN_POINT('',(-23.74257203608,25.443685380316,
    6.549371867901));
#3239 = CARTESIAN_POINT('',(-23.74257203608,25.443685380316,
    21.625087553935));
#3240 = CARTESIAN_POINT('',(-23.78870815629,25.941920059417,
    6.549371867901));
#3241 = CARTESIAN_POINT('',(-23.78870815629,25.941920059417,
    21.625087553935));
#3242 = CARTESIAN_POINT('',(-23.83247396357,26.395419650636,
    6.549371867901));
#3243 = CARTESIAN_POINT('',(-23.83247396357,26.395419650636,
    21.625087553935));
#3244 = CARTESIAN_POINT('',(-23.86032800311,26.684042123954,
    6.549371867901));
#3245 = CARTESIAN_POINT('',(-23.86032800311,26.684042123954,
    21.625087553935));
#3246 = CARTESIAN_POINT('',(-23.8872400588,26.954541938791,
    6.549371867901));
#3247 = CARTESIAN_POINT('',(-23.8872400588,26.954541938791,
    21.625087553935));
#3248 = CARTESIAN_POINT('',(-23.91241919868,27.203830402761,
    6.549371867901));
#3249 = CARTESIAN_POINT('',(-23.91241919868,27.203830402761,
    21.625087553935));
#3250 = CARTESIAN_POINT('',(-23.92680291582,27.346237759309,
    6.549371867901));
#3251 = CARTESIAN_POINT('',(-23.92680291582,27.346237759309,
    21.625087553935));
#3252 = CARTESIAN_POINT('',(-23.94108674979,27.48630583771,
    6.549371867901));
#3253 = CARTESIAN_POINT('',(-23.94108674979,27.48630583771,
    21.625087553935));
#3254 = CARTESIAN_POINT('',(-23.95555158616,27.627140948419,
    6.549371867901));
#3255 = CARTESIAN_POINT('',(-23.95555158616,27.627140948419,
    21.625087553935));
#3256 = CARTESIAN_POINT('',(-23.95867544189,27.657555987801,
    6.549371867901));
#3257 = CARTESIAN_POINT('',(-23.95867544189,27.657555987801,
    21.625087553935));
#3258 = CARTESIAN_POINT('',(-23.96180348363,27.687964535884,
    6.549371867901));
#3259 = CARTESIAN_POINT('',(-23.96180348363,27.687964535884,
    21.625087553935));
#3260 = CARTESIAN_POINT('',(-23.96493589424,27.71836925419,
    6.549371867901));
#3261 = CARTESIAN_POINT('',(-23.96493589424,27.71836925419,
    21.625087553935));
#3262 = CARTESIAN_POINT('',(-24.01183585341,28.17360332947,
    6.549371867901));
#3263 = CARTESIAN_POINT('',(-24.01183585341,28.17360332947,
    21.625087553935));
#3264 = CARTESIAN_POINT('',(-24.05969391196,28.627927263087,
    6.549371867901));
#3265 = CARTESIAN_POINT('',(-24.05969391196,28.627927263087,
    21.625087553935));
#3266 = CARTESIAN_POINT('',(-24.10922014675,29.090838586147,
    6.549371867901));
#3267 = CARTESIAN_POINT('',(-24.10922014675,29.090838586147,
    21.625087553935));
#3268 = CARTESIAN_POINT('',(-24.13198742193,29.303639529363,
    6.549371867901));
#3269 = CARTESIAN_POINT('',(-24.13198742193,29.303639529363,
    21.625087553935));
#3270 = CARTESIAN_POINT('',(-24.15505871886,29.517781431687,
    6.549371867901));
#3271 = CARTESIAN_POINT('',(-24.15505871886,29.517781431687,
    21.625087553935));
#3272 = CARTESIAN_POINT('',(-24.17861932373,29.735322922663,
    6.549371867901));
#3273 = CARTESIAN_POINT('',(-24.17861932373,29.735322922663,
    21.625087553935));
#3274 = ADVANCED_FACE('',(#3275),#3282,.T.);
#3275 = FACE_BOUND('',#3276,.T.);
#3276 = EDGE_LOOP('',(#3277,#3278,#3279,#3280,#3281));
#3277 = ORIENTED_EDGE('',*,*,#3079,.F.);
#3278 = ORIENTED_EDGE('',*,*,#3204,.T.);
#3279 = ORIENTED_EDGE('',*,*,#2872,.F.);
#3280 = ORIENTED_EDGE('',*,*,#2848,.T.);
#3281 = ORIENTED_EDGE('',*,*,#2983,.T.);
#3282 = B_SPLINE_SURFACE_WITH_KNOTS('',3,3,(
    (#3283,#3284,#3285,#3286,#3287,#3288,#3289,#3290,#3291,#3292,#3293
      ,#3294,#3295,#3296,#3297,#3298,#3299,#3300,#3301)
    ,(#3302,#3303,#3304,#3305,#3306,#3307,#3308,#3309,#3310,#3311,#3312
      ,#3313,#3314,#3315,#3316,#3317,#3318,#3319,#3320)
    ,(#3321,#3322,#3323,#3324,#3325,#3326,#3327,#3328,#3329,#3330,#3331
      ,#3332,#3333,#3334,#3335,#3336,#3337,#3338,#3339)
    ,(#3340,#3341,#3342,#3343,#3344,#3345,#3346,#3347,#3348,#3349,#3350
      ,#3351,#3352,#3353,#3354,#3355,#3356,#3357,#3358
  )),.UNSPECIFIED.,.F.,.F.,.F.,(4,4),(4,2,3,2,1,1,1,3,2,4),(0.,1.),(
    0.838167078779,0.840017428506,0.868698108892,0.870613668503,
    0.875493049563,0.880372430623,0.890131192743,0.919407479105,
    0.920742890098,0.952614188081),.UNSPECIFIED.);
#3283 = CARTESIAN_POINT('',(-22.13022014775,29.393716921219,
    6.549371867901));
#3284 = CARTESIAN_POINT('',(-22.12699635192,29.363643421806,
    6.549371867901));
#3285 = CARTESIAN_POINT('',(-22.12377942031,29.333605888828,
    6.549371867901));
#3286 = CARTESIAN_POINT('',(-22.07081357554,28.838529559595,
    6.549371867901));
#3287 = CARTESIAN_POINT('',(-22.02268320738,28.381644985597,
    6.549371867901));
#3288 = CARTESIAN_POINT('',(-21.97546605345,27.923332062084,
    6.549371867901));
#3289 = CARTESIAN_POINT('',(-21.97231245895,27.892721722461,
    6.549371867901));
#3290 = CARTESIAN_POINT('',(-21.96916254591,27.862100072454,
    6.549371867901));
#3291 = CARTESIAN_POINT('',(-21.95800826408,27.753502619509,
    6.549371867901));
#3292 = CARTESIAN_POINT('',(-21.94197655233,27.596746600628,
    6.549371867901));
#3293 = CARTESIAN_POINT('',(-21.91042540233,27.285618662661,
    6.549371867901));
#3294 = CARTESIAN_POINT('',(-21.83500121946,26.529034375622,
    6.549371867901));
#3295 = CARTESIAN_POINT('',(-21.75960046739,25.730297061684,
    6.549371867901));
#3296 = CARTESIAN_POINT('',(-21.70499016223,25.079956654473,
    6.549371867901));
#3297 = CARTESIAN_POINT('',(-21.70249917196,25.050292077063,
    6.549371867901));
#3298 = CARTESIAN_POINT('',(-21.70001238773,25.020519410099,
    6.549371867901));
#3299 = CARTESIAN_POINT('',(-21.63831200083,24.277609552098,
    6.549371867901));
#3300 = CARTESIAN_POINT('',(-21.58192055823,23.504254264876,
    6.549371867901));
#3301 = CARTESIAN_POINT('',(-21.5390487074,22.696863436666,
    6.549371867901));
#3302 = CARTESIAN_POINT('',(-22.79308909826,29.322659206044,
    7.216038534568));
#3303 = CARTESIAN_POINT('',(-22.78987010089,29.292630481628,
    7.216038534568));
#3304 = CARTESIAN_POINT('',(-22.78665804007,29.262638401594,
    7.216038534568));
#3305 = CARTESIAN_POINT('',(-22.73377424567,28.768329198823,
    7.216038534568));
#3306 = CARTESIAN_POINT('',(-22.68573416252,28.312298695528,
    7.216038534568));
#3307 = CARTESIAN_POINT('',(-22.63862266705,27.855011126119,
    7.216038534568));
#3308 = CARTESIAN_POINT('',(-22.63547613412,27.824469139999,
    7.216038534568));
#3309 = CARTESIAN_POINT('',(-22.63233333613,27.793917126703,
    7.216038534568));
#3310 = CARTESIAN_POINT('',(-22.6212044855,27.685566043805,
    7.216038534568));
#3311 = CARTESIAN_POINT('',(-22.60521225918,27.529198477577,
    7.216038534568));
#3312 = CARTESIAN_POINT('',(-22.57375097054,27.218952718149,
    7.216038534568));
#3313 = CARTESIAN_POINT('',(-22.49858205613,26.464935716263,
    7.216038534568));
#3314 = CARTESIAN_POINT('',(-22.42356184204,25.67016173917,
    7.216038534568));
#3315 = CARTESIAN_POINT('',(-22.36931876101,25.024171734601,
    7.216038534568));
#3316 = CARTESIAN_POINT('',(-22.36684429629,24.994704862693,
    7.216038534568));
#3317 = CARTESIAN_POINT('',(-22.36437458288,24.96513454712,
    7.216038534568));
#3318 = CARTESIAN_POINT('',(-22.30309311256,24.227290388695,
    7.216038534568));
#3319 = CARTESIAN_POINT('',(-22.24720137872,23.460502395385,
    7.216038534568));
#3320 = CARTESIAN_POINT('',(-22.20477751325,22.661513733573,
    7.216038534568));
#3321 = CARTESIAN_POINT('',(-23.45595804878,29.251601490869,
    7.882705201234));
#3322 = CARTESIAN_POINT('',(-23.45274383641,29.221617379497,
    7.882705201234));
#3323 = CARTESIAN_POINT('',(-23.44953667176,29.1916710568,7.882705201234
    ));
#3324 = CARTESIAN_POINT('',(-23.39673479782,28.698127459339,
    7.882705201234));
#3325 = CARTESIAN_POINT('',(-23.34878489827,28.242949619539,
    7.882705201234));
#3326 = CARTESIAN_POINT('',(-23.30177928064,27.786690190154,
    7.882705201234));
#3327 = CARTESIAN_POINT('',(-23.29863980845,27.756217118346,
    7.882705201234));
#3328 = CARTESIAN_POINT('',(-23.29550412958,27.72573339618,
    7.882705201234));
#3329 = CARTESIAN_POINT('',(-23.28440071684,27.617632149306,
    7.882705201234));
#3330 = CARTESIAN_POINT('',(-23.26844808533,27.461648903278,
    7.882705201234));
#3331 = CARTESIAN_POINT('',(-23.23707694698,27.152289509359,
    7.882705201234));
#3332 = CARTESIAN_POINT('',(-23.16216175213,26.400833489926,
    7.882705201234));
#3333 = CARTESIAN_POINT('',(-23.08752987692,25.610037399921,
    7.882705201234));
#3334 = CARTESIAN_POINT('',(-23.03364735979,24.968386814729,
    7.882705201234));
#3335 = CARTESIAN_POINT('',(-23.03118978315,24.939119244987,
    7.882705201234));
#3336 = CARTESIAN_POINT('',(-23.02873647422,24.909748582144,
    7.882705201234));
#3337 = CARTESIAN_POINT('',(-22.96787748645,24.176976406487,
    7.882705201234));
#3338 = CARTESIAN_POINT('',(-22.91249289023,23.416848102489,
    7.882705201234));
#3339 = CARTESIAN_POINT('',(-22.8705063191,22.626164030481,
    7.882705201234));
#3340 = CARTESIAN_POINT('',(-24.1188269993,29.180543775694,
    8.549371867901));
#3341 = CARTESIAN_POINT('',(-24.11561758538,29.150604439319,
    8.549371867901));
#3342 = CARTESIAN_POINT('',(-24.11241529152,29.120703569565,
    8.549371867901));
#3343 = CARTESIAN_POINT('',(-24.05969546795,28.627927098567,
    8.549371867901));
#3344 = CARTESIAN_POINT('',(-24.01183585341,28.17360332947,
    8.549371867901));
#3345 = CARTESIAN_POINT('',(-23.96493589424,27.71836925419,
    8.549371867901));
#3346 = CARTESIAN_POINT('',(-23.96180348363,27.687964535884,
    8.549371867901));
#3347 = CARTESIAN_POINT('',(-23.9586749198,27.657550450429,
    8.549371867901));
#3348 = CARTESIAN_POINT('',(-23.94759693826,27.549695573602,
    8.549371867901));
#3349 = CARTESIAN_POINT('',(-23.93168379219,27.394100780227,
    8.549371867901));
#3350 = CARTESIAN_POINT('',(-23.90040251519,27.085623564846,
    8.549371867901));
#3351 = CARTESIAN_POINT('',(-23.8257425888,26.336734830567,
    8.549371867901));
#3352 = CARTESIAN_POINT('',(-23.75149125158,25.549902077407,
    8.549371867901));
#3353 = CARTESIAN_POINT('',(-23.69797595857,24.912601894857,
    8.549371867901));
#3354 = CARTESIAN_POINT('',(-23.69553490749,24.883532030616,
    8.549371867901));
#3355 = CARTESIAN_POINT('',(-23.69309866936,24.854363719165,
    8.549371867901));
#3356 = CARTESIAN_POINT('',(-23.63265859818,24.126657243085,
    8.549371867901));
#3357 = CARTESIAN_POINT('',(-23.57777371071,23.373096232998,
    8.549371867901));
#3358 = CARTESIAN_POINT('',(-23.53623512495,22.590814327389,
    8.549371867901));
#3359 = ADVANCED_FACE('',(#3360),#3386,.F.);
#3360 = FACE_BOUND('',#3361,.T.);
#3361 = EDGE_LOOP('',(#3362,#3363,#3371,#3377,#3378,#3379,#3380));
#3362 = ORIENTED_EDGE('',*,*,#2785,.F.);
#3363 = ORIENTED_EDGE('',*,*,#3364,.T.);
#3364 = EDGE_CURVE('',#2777,#3365,#3367,.T.);
#3365 = VERTEX_POINT('',#3366);
#3366 = CARTESIAN_POINT('',(-24.00336479292,21.958475500953,
    6.549371867901));
#3367 = LINE('',#3368,#3369);
#3368 = CARTESIAN_POINT('',(-24.00336479292,21.958475500953,
    6.549371867901));
#3369 = VECTOR('',#3370,1.);
#3370 = DIRECTION('',(0.992546151641,0.121869343404,-8.508959550988E-16)
  );
#3371 = ORIENTED_EDGE('',*,*,#3372,.T.);
#3372 = EDGE_CURVE('',#3365,#2824,#3373,.T.);
#3373 = LINE('',#3374,#3375);
#3374 = CARTESIAN_POINT('',(-24.00336479292,21.958475500953,
    7.639638506905));
#3375 = VECTOR('',#3376,1.);
#3376 = DIRECTION('',(-1.738576750918E-17,-1.11189301095E-16,1.));
#3377 = ORIENTED_EDGE('',*,*,#2823,.T.);
#3378 = ORIENTED_EDGE('',*,*,#2880,.F.);
#3379 = ORIENTED_EDGE('',*,*,#2744,.F.);
#3380 = ORIENTED_EDGE('',*,*,#3381,.F.);
#3381 = EDGE_CURVE('',#2786,#2701,#3382,.T.);
#3382 = LINE('',#3383,#3384);
#3383 = CARTESIAN_POINT('',(-26.07111527279,21.704587666228,
    10.056718985901));
#3384 = VECTOR('',#3385,1.);
#3385 = DIRECTION('',(0.98733286652,0.12122923248,-0.102358604339));
#3386 = PLANE('',#3387);
#3387 = AXIS2_PLACEMENT_3D('',#3388,#3389,#3390);
#3388 = CARTESIAN_POINT('',(-27.73803094075,21.499916157876,
    6.549371867901));
#3389 = DIRECTION('',(-0.121869343404,0.992546151641,1.082417208346E-16)
  );
#3390 = DIRECTION('',(8.881784197001E-16,2.465190328816E-32,1.));
#3391 = ADVANCED_FACE('',(#3392),#3401,.T.);
#3392 = FACE_BOUND('',#3393,.T.);
#3393 = EDGE_LOOP('',(#3394,#3395,#3396,#3397,#3398,#3399,#3400));
#3394 = ORIENTED_EDGE('',*,*,#1562,.F.);
#3395 = ORIENTED_EDGE('',*,*,#3106,.T.);
#3396 = ORIENTED_EDGE('',*,*,#1504,.T.);
#3397 = ORIENTED_EDGE('',*,*,#2793,.T.);
#3398 = ORIENTED_EDGE('',*,*,#3381,.T.);
#3399 = ORIENTED_EDGE('',*,*,#2700,.T.);
#3400 = ORIENTED_EDGE('',*,*,#3195,.T.);
#3401 = PLANE('',#3402);
#3402 = AXIS2_PLACEMENT_3D('',#3403,#3404,#3405);
#3403 = CARTESIAN_POINT('',(-26.11354426993,22.672506852082,
    10.793819272867));
#3404 = DIRECTION('',(0.154787192167,-0.594249582643,0.789245436268));
#3405 = DIRECTION('',(-0.967710453479,-0.252064432689,1.387778780781E-17
    ));
#3406 = ADVANCED_FACE('',(#3407),#3418,.T.);
#3407 = FACE_BOUND('',#3408,.T.);
#3408 = EDGE_LOOP('',(#3409,#3410,#3411,#3417));
#3409 = ORIENTED_EDGE('',*,*,#1545,.F.);
#3410 = ORIENTED_EDGE('',*,*,#3187,.T.);
#3411 = ORIENTED_EDGE('',*,*,#3412,.T.);
#3412 = EDGE_CURVE('',#3179,#3114,#3413,.T.);
#3413 = LINE('',#3414,#3415);
#3414 = CARTESIAN_POINT('',(-25.68086386068,24.658668329154,
    11.212789250581));
#3415 = VECTOR('',#3416,1.);
#3416 = DIRECTION('',(-0.98733286652,-0.12122923248,0.102358604339));
#3417 = ORIENTED_EDGE('',*,*,#3113,.T.);
#3418 = CYLINDRICAL_SURFACE('',#3419,2.);
#3419 = AXIS2_PLACEMENT_3D('',#3420,#3421,#3422);
#3420 = CARTESIAN_POINT('',(-25.81399109193,24.120416758493,
    9.291185132407));
#3421 = DIRECTION('',(-0.98733286652,-0.12122923248,0.102358604339));
#3422 = DIRECTION('',(0.123404429604,-0.181258506164,0.975662185747));
#3423 = ADVANCED_FACE('',(#3424),#3430,.F.);
#3424 = FACE_BOUND('',#3425,.T.);
#3425 = EDGE_LOOP('',(#3426,#3427,#3428,#3429));
#3426 = ORIENTED_EDGE('',*,*,#3178,.T.);
#3427 = ORIENTED_EDGE('',*,*,#3162,.T.);
#3428 = ORIENTED_EDGE('',*,*,#3122,.T.);
#3429 = ORIENTED_EDGE('',*,*,#3412,.F.);
#3430 = PLANE('',#3431);
#3431 = AXIS2_PLACEMENT_3D('',#3432,#3433,#3434);
#3432 = CARTESIAN_POINT('',(-25.20516064959,25.672971380292,
    10.895721205178));
#3433 = DIRECTION('',(-6.656361562212E-02,-0.26912578533,-0.960802059087
    ));
#3434 = DIRECTION('',(0.,-0.962937678465,0.269723983718));
#3435 = ADVANCED_FACE('',(#3436),#3452,.T.);
#3436 = FACE_BOUND('',#3437,.T.);
#3437 = EDGE_LOOP('',(#3438,#3444,#3445,#3451));
#3438 = ORIENTED_EDGE('',*,*,#3439,.T.);
#3439 = EDGE_CURVE('',#1423,#517,#3440,.T.);
#3440 = LINE('',#3441,#3442);
#3441 = CARTESIAN_POINT('',(-18.21614009442,22.843622382481,
    6.149371867901));
#3442 = VECTOR('',#3443,1.);
#3443 = DIRECTION('',(0.15448477631,0.98799516896,-2.329239122149E-16));
#3444 = ORIENTED_EDGE('',*,*,#516,.T.);
#3445 = ORIENTED_EDGE('',*,*,#3446,.T.);
#3446 = EDGE_CURVE('',#519,#1404,#3447,.T.);
#3447 = LINE('',#3448,#3449);
#3448 = CARTESIAN_POINT('',(-18.01854106063,22.812725427219,
    5.949371867901));
#3449 = VECTOR('',#3450,1.);
#3450 = DIRECTION('',(-0.15448477631,-0.98799516896,2.329239122149E-16)
  );
#3451 = ORIENTED_EDGE('',*,*,#1431,.F.);
#3452 = PLANE('',#3453);
#3453 = AXIS2_PLACEMENT_3D('',#3454,#3455,#3456);
#3454 = CARTESIAN_POINT('',(-18.11734057752,22.82817390485,
    6.049371867901));
#3455 = DIRECTION('',(-0.698618083751,0.109237232919,-0.707106781187));
#3456 = DIRECTION('',(-0.711363790113,-6.938893903907E-18,0.702823988005
    ));
#3457 = ADVANCED_FACE('',(#3458),#3532,.T.);
#3458 = FACE_BOUND('',#3459,.T.);
#3459 = EDGE_LOOP('',(#3460,#3468,#3476,#3491,#3492,#3501,#3509,#3517,
    #3524,#3525,#3531));
#3460 = ORIENTED_EDGE('',*,*,#3461,.F.);
#3461 = EDGE_CURVE('',#3462,#1341,#3464,.T.);
#3462 = VERTEX_POINT('',#3463);
#3463 = CARTESIAN_POINT('',(-12.44750680779,32.472099278583,
    6.149371867901));
#3464 = LINE('',#3465,#3466);
#3465 = CARTESIAN_POINT('',(-13.32097218038,26.885920569023,
    6.149371867901));
#3466 = VECTOR('',#3467,1.);
#3467 = DIRECTION('',(-0.15448477631,-0.98799516896,2.329239122149E-16)
  );
#3468 = ORIENTED_EDGE('',*,*,#3469,.F.);
#3469 = EDGE_CURVE('',#3470,#3462,#3472,.T.);
#3470 = VERTEX_POINT('',#3471);
#3471 = CARTESIAN_POINT('',(-12.44750680779,32.472099278583,
    6.558017110088));
#3472 = LINE('',#3473,#3474);
#3473 = CARTESIAN_POINT('',(-12.44750680779,32.472099278583,
    6.549371867901));
#3474 = VECTOR('',#3475,1.);
#3475 = DIRECTION('',(-2.119686303067E-17,-1.355628610898E-16,-1.));
#3476 = ORIENTED_EDGE('',*,*,#3477,.F.);
#3477 = EDGE_CURVE('',#369,#3470,#3478,.T.);
#3478 = B_SPLINE_CURVE_WITH_KNOTS('',3,(#3479,#3480,#3481,#3482,#3483,
    #3484,#3485,#3486,#3487,#3488,#3489,#3490),.UNSPECIFIED.,.F.,.F.,(4,
    2,2,2,2,4),(0.,0.25,0.375,0.4375,0.5,1.),.UNSPECIFIED.);
#3479 = CARTESIAN_POINT('',(-12.56385656897,31.727993582856,
    6.633771635961));
#3480 = CARTESIAN_POINT('',(-12.55408963146,31.790009045577,
    6.629482868282));
#3481 = CARTESIAN_POINT('',(-12.54442426078,31.852108541386,
    6.623823216968));
#3482 = CARTESIAN_POINT('',(-12.52967874644,31.94654080066,
    6.613942613536));
#3483 = CARTESIAN_POINT('',(-12.5247246994,31.978232586334,6.61042115073
    ));
#3484 = CARTESIAN_POINT('',(-12.51721581747,32.026239126652,
    6.604919525785));
#3485 = CARTESIAN_POINT('',(-12.51470007245,32.042319457218,
    6.603049339583));
#3486 = CARTESIAN_POINT('',(-12.50964212481,32.074660899577,
    6.599259930431));
#3487 = CARTESIAN_POINT('',(-12.50685193878,32.092510201342,
    6.597153304491));
#3488 = CARTESIAN_POINT('',(-12.48608855746,32.225489337456,
    6.581462091933));
#3489 = CARTESIAN_POINT('',(-12.46720727594,32.346068944817,
    6.567050735376));
#3490 = CARTESIAN_POINT('',(-12.44750680779,32.472099278583,
    6.558017110088));
#3491 = ORIENTED_EDGE('',*,*,#366,.F.);
#3492 = ORIENTED_EDGE('',*,*,#3493,.F.);
#3493 = EDGE_CURVE('',#3494,#367,#3496,.T.);
#3494 = VERTEX_POINT('',#3495);
#3495 = CARTESIAN_POINT('',(-13.16176651117,27.904107835164,
    7.549371867901));
#3496 = ( BOUNDED_CURVE() B_SPLINE_CURVE(3,(#3497,#3498,#3499,#3500),
.UNSPECIFIED.,.F.,.F.) B_SPLINE_CURVE_WITH_KNOTS((4,4),(
6.245004513517E-16,0.785398163397),.PIECEWISE_BEZIER_KNOTS.) CURVE() 
GEOMETRIC_REPRESENTATION_ITEM() RATIONAL_B_SPLINE_CURVE((1.,
0.949253021674,0.949253021674,1.)) REPRESENTATION_ITEM('') );
#3497 = CARTESIAN_POINT('',(-13.16176651117,27.904107835164,
    7.549371867901));
#3498 = CARTESIAN_POINT('',(-13.16176651117,27.904107835165,
    7.280610765836));
#3499 = CARTESIAN_POINT('',(-13.05891613278,28.561879295909,
    7.032307884504));
#3500 = CARTESIAN_POINT('',(-12.86887341376,29.777282475213,
    6.842265086714));
#3501 = ORIENTED_EDGE('',*,*,#3502,.T.);
#3502 = EDGE_CURVE('',#3494,#3503,#3505,.T.);
#3503 = VERTEX_POINT('',#3504);
#3504 = CARTESIAN_POINT('',(-13.16176651117,27.904107835164,
    9.736411042849));
#3505 = LINE('',#3506,#3507);
#3506 = CARTESIAN_POINT('',(-13.16176651117,27.904107835164,
    6.549371867901));
#3507 = VECTOR('',#3508,1.);
#3508 = DIRECTION('',(7.735545142092E-16,0.,1.));
#3509 = ORIENTED_EDGE('',*,*,#3510,.F.);
#3510 = EDGE_CURVE('',#3511,#3503,#3513,.T.);
#3511 = VERTEX_POINT('',#3512);
#3512 = CARTESIAN_POINT('',(-13.24433355882,27.37605681197,
    9.890041133604));
#3513 = LINE('',#3514,#3515);
#3514 = CARTESIAN_POINT('',(-13.32083180645,26.886818319382,
    10.032379185639));
#3515 = VECTOR('',#3516,1.);
#3516 = DIRECTION('',(0.148472732703,0.949545619556,-0.276258871398));
#3517 = ORIENTED_EDGE('',*,*,#3518,.F.);
#3518 = EDGE_CURVE('',#403,#3511,#3519,.T.);
#3519 = ( BOUNDED_CURVE() B_SPLINE_CURVE(3,(#3520,#3521,#3522,#3523),
.UNSPECIFIED.,.F.,.F.) B_SPLINE_CURVE_WITH_KNOTS((4,4),(6.100347625651,
6.563000507406),.PIECEWISE_BEZIER_KNOTS.) CURVE() 
GEOMETRIC_REPRESENTATION_ITEM() RATIONAL_B_SPLINE_CURVE((1.,
0.982242093221,0.982242093221,1.)) REPRESENTATION_ITEM('') );
#3520 = CARTESIAN_POINT('',(-13.38584121998,26.471055756668,
    9.934505639922));
#3521 = CARTESIAN_POINT('',(-13.33856410721,26.773412792309,
    9.991109505289));
#3522 = CARTESIAN_POINT('',(-13.2905421168,27.08053363402,9.976020045971
    ));
#3523 = CARTESIAN_POINT('',(-13.24433355882,27.37605681197,
    9.890041133604));
#3524 = ORIENTED_EDGE('',*,*,#400,.F.);
#3525 = ORIENTED_EDGE('',*,*,#3526,.F.);
#3526 = EDGE_CURVE('',#1324,#401,#3527,.T.);
#3527 = LINE('',#3528,#3529);
#3528 = CARTESIAN_POINT('',(-13.32203816515,26.879103147752,
    10.508941690283));
#3529 = VECTOR('',#3530,1.);
#3530 = DIRECTION('',(0.123389021555,0.789124728733,0.601711984144));
#3531 = ORIENTED_EDGE('',*,*,#1349,.F.);
#3532 = PLANE('',#3533);
#3533 = AXIS2_PLACEMENT_3D('',#3534,#3535,#3536);
#3534 = CARTESIAN_POINT('',(-12.37026441963,32.966096863063,
    6.549371867901));
#3535 = DIRECTION('',(0.98799516896,-0.15448477631,0.));
#3536 = DIRECTION('',(0.,0.,-1.));
#3537 = ADVANCED_FACE('',(#3538),#3557,.T.);
#3538 = FACE_BOUND('',#3539,.T.);
#3539 = EDGE_LOOP('',(#3540,#3541,#3550,#3556));
#3540 = ORIENTED_EDGE('',*,*,#1332,.F.);
#3541 = ORIENTED_EDGE('',*,*,#3542,.F.);
#3542 = EDGE_CURVE('',#3543,#1322,#3545,.T.);
#3543 = VERTEX_POINT('',#3544);
#3544 = CARTESIAN_POINT('',(-14.82586496354,23.734627534252,
    8.018641611225));
#3545 = ( BOUNDED_CURVE() B_SPLINE_CURVE(3,(#3546,#3547,#3548,#3549),
.UNSPECIFIED.,.F.,.F.) B_SPLINE_CURVE_WITH_KNOTS((4,4),(6.249779722708,
7.035177886105),.PIECEWISE_BEZIER_KNOTS.) CURVE() 
GEOMETRIC_REPRESENTATION_ITEM() RATIONAL_B_SPLINE_CURVE((1.,
0.949253021674,0.949253021674,1.)) REPRESENTATION_ITEM('') );
#3546 = CARTESIAN_POINT('',(-14.82586496354,23.734627534252,
    8.018641611225));
#3547 = CARTESIAN_POINT('',(-14.5603302931,23.693108035519,
    8.011875410036));
#3548 = CARTESIAN_POINT('',(-14.29911942161,23.756364739537,
    8.083106804875));
#3549 = CARTESIAN_POINT('',(-14.0819993364,23.914767386542,
    8.221491461591));
#3550 = ORIENTED_EDGE('',*,*,#3551,.T.);
#3551 = EDGE_CURVE('',#3543,#1381,#3552,.T.);
#3552 = LINE('',#3553,#3554);
#3553 = CARTESIAN_POINT('',(-14.82586496354,23.734627534252,
    6.549371867901));
#3554 = VECTOR('',#3555,1.);
#3555 = DIRECTION('',(0.,0.,-1.));
#3556 = ORIENTED_EDGE('',*,*,#1380,.F.);
#3557 = CYLINDRICAL_SURFACE('',#3558,1.);
#3558 = AXIS2_PLACEMENT_3D('',#3559,#3560,#3561);
#3559 = CARTESIAN_POINT('',(-14.67138018723,24.722622703212,
    6.549371867901));
#3560 = DIRECTION('',(0.,0.,-1.));
#3561 = DIRECTION('',(0.589380850832,-0.80785531667,0.));
#3562 = ADVANCED_FACE('',(#3563),#3588,.T.);
#3563 = FACE_BOUND('',#3564,.T.);
#3564 = EDGE_LOOP('',(#3565,#3575,#3581,#3582));
#3565 = ORIENTED_EDGE('',*,*,#3566,.T.);
#3566 = EDGE_CURVE('',#3567,#3569,#3571,.T.);
#3567 = VERTEX_POINT('',#3568);
#3568 = CARTESIAN_POINT('',(-13.88098405206,24.599034882165,
    5.949371867901));
#3569 = VERTEX_POINT('',#3570);
#3570 = CARTESIAN_POINT('',(-12.64510584158,32.502996233845,
    5.949371867901));
#3571 = LINE('',#3572,#3573);
#3572 = CARTESIAN_POINT('',(-13.51857121417,26.916817524285,
    5.949371867901));
#3573 = VECTOR('',#3574,1.);
#3574 = DIRECTION('',(0.15448477631,0.98799516896,-2.329239122149E-16));
#3575 = ORIENTED_EDGE('',*,*,#3576,.F.);
#3576 = EDGE_CURVE('',#3462,#3569,#3577,.T.);
#3577 = LINE('',#3578,#3579);
#3578 = CARTESIAN_POINT('',(-12.44750680779,32.472099278583,
    6.149371867901));
#3579 = VECTOR('',#3580,1.);
#3580 = DIRECTION('',(-0.698618083751,0.109237232919,-0.707106781187));
#3581 = ORIENTED_EDGE('',*,*,#3461,.T.);
#3582 = ORIENTED_EDGE('',*,*,#3583,.T.);
#3583 = EDGE_CURVE('',#1341,#3567,#3584,.T.);
#3584 = LINE('',#3585,#3586);
#3585 = CARTESIAN_POINT('',(-13.68338501827,24.568137926902,
    6.149371867901));
#3586 = VECTOR('',#3587,1.);
#3587 = DIRECTION('',(-0.698618083751,0.109237232919,-0.707106781187));
#3588 = PLANE('',#3589);
#3589 = AXIS2_PLACEMENT_3D('',#3590,#3591,#3592);
#3590 = CARTESIAN_POINT('',(-13.41977169728,26.901369046654,
    6.049371867901));
#3591 = DIRECTION('',(0.698618083751,-0.109237232919,-0.707106781187));
#3592 = DIRECTION('',(1.387778780781E-17,-0.988276652592,0.152673697608)
  );
#3593 = ADVANCED_FACE('',(#3594),#3606,.T.);
#3594 = FACE_BOUND('',#3595,.T.);
#3595 = EDGE_LOOP('',(#3596,#3597,#3604,#3605));
#3596 = ORIENTED_EDGE('',*,*,#1374,.F.);
#3597 = ORIENTED_EDGE('',*,*,#3598,.T.);
#3598 = EDGE_CURVE('',#1366,#3567,#3599,.T.);
#3599 = CIRCLE('',#3600,0.8);
#3600 = AXIS2_PLACEMENT_3D('',#3601,#3602,#3603);
#3601 = CARTESIAN_POINT('',(-14.67138018723,24.722622703212,
    5.949371867901));
#3602 = DIRECTION('',(8.445535056805E-16,1.03698131354E-16,1.));
#3603 = DIRECTION('',(0.589380850832,-0.80785531667,-4.139905770082E-16)
  );
#3604 = ORIENTED_EDGE('',*,*,#3583,.F.);
#3605 = ORIENTED_EDGE('',*,*,#1340,.T.);
#3606 = CONICAL_SURFACE('',#3607,0.9,0.785398163397);
#3607 = AXIS2_PLACEMENT_3D('',#3608,#3609,#3610);
#3608 = CARTESIAN_POINT('',(-14.67138018723,24.722622703212,
    6.049371867901));
#3609 = DIRECTION('',(1.084436082283E-16,-1.486419949722E-16,1.));
#3610 = DIRECTION('',(0.589380850832,-0.80785531667,-1.839958120036E-16)
  );
#3611 = ADVANCED_FACE('',(#3612,#4039,#4118,#4186,#4255,#4265),#4275,.T.
  );
#3612 = FACE_BOUND('',#3613,.T.);
#3613 = EDGE_LOOP('',(#3614,#3624,#3633,#3639,#3640,#3649,#3658,#3666,
    #3674,#3682,#3691,#3699,#3708,#3716,#3724,#3730,#3731,#3740,#3748,
    #3757,#3765,#3773,#3779,#3780,#3789,#3797,#3804,#3805,#3813,#3822,
    #3830,#3839,#3848,#3856,#3865,#3873,#3881,#3889,#3897,#3904,#3905,
    #3906,#3914,#3921,#3922,#3931,#3939,#3946,#3947,#3948,#3956,#3965,
    #3973,#3982,#3988,#3989,#3990,#3991,#3999,#4008,#4014,#4015,#4024,
    #4032));
#3614 = ORIENTED_EDGE('',*,*,#3615,.F.);
#3615 = EDGE_CURVE('',#3616,#3618,#3620,.T.);
#3616 = VERTEX_POINT('',#3617);
#3617 = CARTESIAN_POINT('',(-10.51350017675,22.344505538315,
    5.949371867901));
#3618 = VERTEX_POINT('',#3619);
#3619 = CARTESIAN_POINT('',(-10.51350017675,32.912210969745,
    5.949371867901));
#3620 = LINE('',#3621,#3622);
#3621 = CARTESIAN_POINT('',(-10.51350017675,19.460482215262,
    5.949371867901));
#3622 = VECTOR('',#3623,1.);
#3623 = DIRECTION('',(-1.371135525935E-16,1.,1.203412855394E-17));
#3624 = ORIENTED_EDGE('',*,*,#3625,.T.);
#3625 = EDGE_CURVE('',#3616,#3626,#3628,.T.);
#3626 = VERTEX_POINT('',#3627);
#3627 = CARTESIAN_POINT('',(-11.82406563395,16.891434004289,
    5.949371867901));
#3628 = CIRCLE('',#3629,12.);
#3629 = AXIS2_PLACEMENT_3D('',#3630,#3631,#3632);
#3630 = CARTESIAN_POINT('',(-22.51350017675,22.344505538315,
    5.949371867901));
#3631 = DIRECTION('',(9.801011190209E-17,1.203412855394E-17,-1.));
#3632 = DIRECTION('',(-1.,-5.601908234045E-34,-9.801011190209E-17));
#3633 = ORIENTED_EDGE('',*,*,#3634,.F.);
#3634 = EDGE_CURVE('',#2646,#3626,#3635,.T.);
#3635 = LINE('',#3636,#3637);
#3636 = CARTESIAN_POINT('',(-13.52379501656,13.559523564007,
    5.949371867901));
#3637 = VECTOR('',#3638,1.);
#3638 = DIRECTION('',(0.454422627835,0.8907862119,5.525784839308E-17));
#3639 = ORIENTED_EDGE('',*,*,#2685,.F.);
#3640 = ORIENTED_EDGE('',*,*,#3641,.T.);
#3641 = EDGE_CURVE('',#2677,#3642,#3644,.T.);
#3642 = VERTEX_POINT('',#3643);
#3643 = CARTESIAN_POINT('',(-15.99315718651,11.63477278884,
    5.949371867901));
#3644 = B_SPLINE_CURVE_WITH_KNOTS('',3,(#3645,#3646,#3647,#3648),
  .UNSPECIFIED.,.F.,.F.,(4,4),(0.,1.152552273401E-03),
  .PIECEWISE_BEZIER_KNOTS.);
#3645 = CARTESIAN_POINT('',(-14.99551450715,12.211908671657,
    5.949371867901));
#3646 = CARTESIAN_POINT('',(-15.35531327762,12.066636750892,
    5.949371867901));
#3647 = CARTESIAN_POINT('',(-15.68789800284,11.874322367825,
    5.949371867901));
#3648 = CARTESIAN_POINT('',(-15.99315718651,11.63477278884,
    5.949371867901));
#3649 = ORIENTED_EDGE('',*,*,#3650,.T.);
#3650 = EDGE_CURVE('',#3642,#3651,#3653,.T.);
#3651 = VERTEX_POINT('',#3652);
#3652 = CARTESIAN_POINT('',(-17.93285316904,10.57691906373,
    5.949371867901));
#3653 = CIRCLE('',#3654,3.);
#3654 = AXIS2_PLACEMENT_3D('',#3655,#3656,#3657);
#3655 = CARTESIAN_POINT('',(-18.29846119925,13.554557518654,
    5.949371867901));
#3656 = DIRECTION('',(9.801011190209E-17,1.203412855394E-17,-1.));
#3657 = DIRECTION('',(-1.,1.179466286216E-33,-9.801011190209E-17));
#3658 = ORIENTED_EDGE('',*,*,#3659,.T.);
#3659 = EDGE_CURVE('',#3651,#3660,#3662,.T.);
#3660 = VERTEX_POINT('',#3661);
#3661 = CARTESIAN_POINT('',(-28.73031749407,9.251157147716,
    5.949371867901));
#3662 = LINE('',#3663,#3664);
#3663 = CARTESIAN_POINT('',(-15.5749825104,10.866429177216,
    5.949371867901));
#3664 = VECTOR('',#3665,1.);
#3665 = DIRECTION('',(-0.992546151641,-0.121869343405,
    -9.874615073568E-17));
#3666 = ORIENTED_EDGE('',*,*,#3667,.F.);
#3667 = EDGE_CURVE('',#3668,#3660,#3670,.T.);
#3668 = VERTEX_POINT('',#3669);
#3669 = CARTESIAN_POINT('',(-28.60844815066,8.258610996075,
    5.949371867901));
#3670 = LINE('',#3671,#3672);
#3671 = CARTESIAN_POINT('',(-28.73031749407,9.251157147716,
    5.949371867901));
#3672 = VECTOR('',#3673,1.);
#3673 = DIRECTION('',(-0.121869343405,0.992546151641,-1.278817483073E-31
    ));
#3674 = ORIENTED_EDGE('',*,*,#3675,.F.);
#3675 = EDGE_CURVE('',#3676,#3668,#3678,.T.);
#3676 = VERTEX_POINT('',#3677);
#3677 = CARTESIAN_POINT('',(-19.50553833845,9.376307780307,
    5.949371867901));
#3678 = LINE('',#3679,#3680);
#3679 = CARTESIAN_POINT('',(-15.62110345298,9.853256412075,
    5.949371867901));
#3680 = VECTOR('',#3681,1.);
#3681 = DIRECTION('',(-0.992546151641,-0.121869343405,4.857225732735E-16
    ));
#3682 = ORIENTED_EDGE('',*,*,#3683,.T.);
#3683 = EDGE_CURVE('',#3676,#3684,#3686,.T.);
#3684 = VERTEX_POINT('',#3685);
#3685 = CARTESIAN_POINT('',(-15.02691389342,5.896174414402,
    5.949371867901));
#3686 = ( BOUNDED_CURVE() B_SPLINE_CURVE(3,(#3687,#3688,#3689,#3690),
.UNSPECIFIED.,.F.,.F.) B_SPLINE_CURVE_WITH_KNOTS((4,4),(4.712388980385,
6.28318530718),.PIECEWISE_BEZIER_KNOTS.) CURVE() 
GEOMETRIC_REPRESENTATION_ITEM() RATIONAL_B_SPLINE_CURVE((1.,
0.804737854124,0.804737854124,1.)) REPRESENTATION_ITEM('') );
#3687 = CARTESIAN_POINT('',(-19.50553833845,9.376307780307,
    5.949371867901));
#3688 = CARTESIAN_POINT('',(-17.16757851345,9.663373150828,
    5.949371867901));
#3689 = CARTESIAN_POINT('',(-15.31247152754,8.221854711803,
    5.949371867901));
#3690 = CARTESIAN_POINT('',(-15.02691389342,5.896174414402,
    5.949371867901));
#3691 = ORIENTED_EDGE('',*,*,#3692,.F.);
#3692 = EDGE_CURVE('',#3693,#3684,#3695,.T.);
#3693 = VERTEX_POINT('',#3694);
#3694 = CARTESIAN_POINT('',(-13.0830879147,-9.935017752041,
    5.949371867901));
#3695 = LINE('',#3696,#3697);
#3696 = CARTESIAN_POINT('',(-14.4928689319,1.546727239589,5.949371867901
    ));
#3697 = VECTOR('',#3698,1.);
#3698 = DIRECTION('',(-0.121869343405,0.992546151641,-1.195468246047E-31
    ));
#3699 = ORIENTED_EDGE('',*,*,#3700,.T.);
#3700 = EDGE_CURVE('',#3693,#3701,#3703,.T.);
#3701 = VERTEX_POINT('',#3702);
#3702 = CARTESIAN_POINT('',(-16.55608402907,-14.6450698887,
    5.949371867901));
#3703 = ( BOUNDED_CURVE() B_SPLINE_CURVE(3,(#3704,#3705,#3706,#3707),
.UNSPECIFIED.,.F.,.F.) B_SPLINE_CURVE_WITH_KNOTS((4,4),(4.334234270314,
5.905030597108),.PIECEWISE_BEZIER_KNOTS.) CURVE() 
GEOMETRIC_REPRESENTATION_ITEM() RATIONAL_B_SPLINE_CURVE((1.,
0.804737854124,0.804737854124,1.)) REPRESENTATION_ITEM('') );
#3704 = CARTESIAN_POINT('',(-13.0830879147,-9.935017752041,
    5.949371867901));
#3705 = CARTESIAN_POINT('',(-12.78744142816,-12.34286515866,
    5.949371867901));
#3706 = CARTESIAN_POINT('',(-14.2260035208,-14.29383263315,
    5.949371867901));
#3707 = CARTESIAN_POINT('',(-16.55608402907,-14.6450698887,
    5.949371867901));
#3708 = ORIENTED_EDGE('',*,*,#3709,.F.);
#3709 = EDGE_CURVE('',#3710,#3701,#3712,.T.);
#3710 = VERTEX_POINT('',#3711);
#3711 = CARTESIAN_POINT('',(-25.62831550851,-16.01262164293,
    5.949371867901));
#3712 = LINE('',#3713,#3714);
#3713 = CARTESIAN_POINT('',(-13.0106120232,-14.11062403905,
    5.949371867901));
#3714 = VECTOR('',#3715,1.);
#3715 = DIRECTION('',(0.988828691676,0.149056427297,9.955747877649E-17)
  );
#3716 = ORIENTED_EDGE('',*,*,#3717,.F.);
#3717 = EDGE_CURVE('',#3718,#3710,#3720,.T.);
#3718 = VERTEX_POINT('',#3719);
#3719 = CARTESIAN_POINT('',(-25.50214051166,-17.04023452781,
    5.949371867901));
#3720 = LINE('',#3721,#3722);
#3721 = CARTESIAN_POINT('',(-28.73031749407,9.251157147716,
    5.949371867901));
#3722 = VECTOR('',#3723,1.);
#3723 = DIRECTION('',(-0.121869343405,0.992546151641,-1.278817483073E-31
    ));
#3724 = ORIENTED_EDGE('',*,*,#3725,.T.);
#3725 = EDGE_CURVE('',#3718,#783,#3726,.T.);
#3726 = LINE('',#3727,#3728);
#3727 = CARTESIAN_POINT('',(-22.47987473596,-16.58465699884,
    5.949371867901));
#3728 = VECTOR('',#3729,1.);
#3729 = DIRECTION('',(0.988828692014,0.149056425053,1.812740453654E-16)
  );
#3730 = ORIENTED_EDGE('',*,*,#782,.T.);
#3731 = ORIENTED_EDGE('',*,*,#3732,.T.);
#3732 = EDGE_CURVE('',#775,#3733,#3735,.T.);
#3733 = VERTEX_POINT('',#3734);
#3734 = CARTESIAN_POINT('',(-11.94751264017,-19.18353618282,
    5.949371867901));
#3735 = ( BOUNDED_CURVE() B_SPLINE_CURVE(3,(#3736,#3737,#3738,#3739),
.UNSPECIFIED.,.F.,.F.) B_SPLINE_CURVE_WITH_KNOTS((4,4),(2.908288196725,
4.334234270314),.PIECEWISE_BEZIER_KNOTS.) CURVE() 
GEOMETRIC_REPRESENTATION_ITEM() RATIONAL_B_SPLINE_CURVE((1.,
0.837613734335,0.837613734335,1.)) REPRESENTATION_ITEM('') );
#3736 = CARTESIAN_POINT('',(-15.8504659518,-15.62918088925,
    5.949371867901));
#3737 = CARTESIAN_POINT('',(-13.76346002054,-15.62918088925,
    5.949371867901));
#3738 = CARTESIAN_POINT('',(-12.21025669557,-17.04365757378,
    5.949371867901));
#3739 = CARTESIAN_POINT('',(-11.94751264017,-19.18353618282,
    5.949371867901));
#3740 = ORIENTED_EDGE('',*,*,#3741,.F.);
#3741 = EDGE_CURVE('',#3742,#3733,#3744,.T.);
#3742 = VERTEX_POINT('',#3743);
#3743 = CARTESIAN_POINT('',(-10.77604720297,-28.7243565318,
    5.949371867901));
#3744 = LINE('',#3745,#3746);
#3745 = CARTESIAN_POINT('',(-11.2145835943,-25.15276423956,
    5.949371867901));
#3746 = VECTOR('',#3747,1.);
#3747 = DIRECTION('',(-0.121869343405,0.992546151641,-1.325039801738E-31
    ));
#3748 = ORIENTED_EDGE('',*,*,#3749,.T.);
#3749 = EDGE_CURVE('',#3742,#3750,#3752,.T.);
#3750 = VERTEX_POINT('',#3751);
#3751 = CARTESIAN_POINT('',(-13.50410877569,-33.24619629828,
    5.949371867901));
#3752 = ( BOUNDED_CURVE() B_SPLINE_CURVE(3,(#3753,#3754,#3755,#3756),
.UNSPECIFIED.,.F.,.F.) B_SPLINE_CURVE_WITH_KNOTS((4,4),(1.192641616075,
2.572704756144),.PIECEWISE_BEZIER_KNOTS.) CURVE() 
GEOMETRIC_REPRESENTATION_ITEM() RATIONAL_B_SPLINE_CURVE((1.,
0.847483946075,0.847483946075,1.)) REPRESENTATION_ITEM('') );
#3753 = CARTESIAN_POINT('',(-10.77604720297,-28.7243565318,
    5.949371867901));
#3754 = CARTESIAN_POINT('',(-10.52332054198,-30.78265001048,
    5.949371867901));
#3755 = CARTESIAN_POINT('',(-11.5963247703,-32.56118508379,
    5.949371867901));
#3756 = CARTESIAN_POINT('',(-13.50410877569,-33.24619629828,
    5.949371867901));
#3757 = ORIENTED_EDGE('',*,*,#3758,.F.);
#3758 = EDGE_CURVE('',#3759,#3750,#3761,.T.);
#3759 = VERTEX_POINT('',#3760);
#3760 = CARTESIAN_POINT('',(-23.08969713113,-36.68800915677,
    5.949371867901));
#3761 = LINE('',#3762,#3763);
#3762 = CARTESIAN_POINT('',(-8.901887316795,-31.59371713816,
    5.949371867901));
#3763 = VECTOR('',#3764,1.);
#3764 = DIRECTION('',(0.941168677442,0.337937154811,1.672208142973E-16)
  );
#3765 = ORIENTED_EDGE('',*,*,#3766,.F.);
#3766 = EDGE_CURVE('',#3767,#3759,#3769,.T.);
#3767 = VERTEX_POINT('',#3768);
#3768 = CARTESIAN_POINT('',(-22.98928824028,-37.50577394827,5.9493718679
    ));
#3769 = LINE('',#3770,#3771);
#3770 = CARTESIAN_POINT('',(-28.73031749407,9.251157147716,
    5.949371867901));
#3771 = VECTOR('',#3772,1.);
#3772 = DIRECTION('',(-0.121869343405,0.992546151641,-1.278817483073E-31
    ));
#3773 = ORIENTED_EDGE('',*,*,#3774,.F.);
#3774 = EDGE_CURVE('',#941,#3767,#3775,.T.);
#3775 = LINE('',#3776,#3777);
#3776 = CARTESIAN_POINT('',(-3.120089826643,-30.37151571799,
    5.949371856404));
#3777 = VECTOR('',#3778,1.);
#3778 = DIRECTION('',(-0.941168677397,-0.337937154938,5.444447172642E-10
    ));
#3779 = ORIENTED_EDGE('',*,*,#940,.T.);
#3780 = ORIENTED_EDGE('',*,*,#3781,.T.);
#3781 = EDGE_CURVE('',#933,#3782,#3784,.T.);
#3782 = VERTEX_POINT('',#3783);
#3783 = CARTESIAN_POINT('',(-9.953329656435,-35.42485324941,
    5.949371860534));
#3784 = ( BOUNDED_CURVE() B_SPLINE_CURVE(3,(#3785,#3786,#3787,#3788),
.UNSPECIFIED.,.F.,.F.) B_SPLINE_CURVE_WITH_KNOTS((4,4),(2.908288196069,
4.334234270649),.PIECEWISE_BEZIER_KNOTS.) CURVE() 
GEOMETRIC_REPRESENTATION_ITEM() RATIONAL_B_SPLINE_CURVE((1.,
0.837613734119,0.837613734119,1.)) REPRESENTATION_ITEM('') );
#3785 = CARTESIAN_POINT('',(-11.90480631178,-33.64767560074,
    5.949371867901));
#3786 = CARTESIAN_POINT('',(-10.86130334527,-33.64767560074,
    5.949371867901));
#3787 = CARTESIAN_POINT('',(-10.08470168248,-34.3549139439,
    5.949371867901));
#3788 = CARTESIAN_POINT('',(-9.953329656435,-35.42485324941,
    5.949371860534));
#3789 = ORIENTED_EDGE('',*,*,#3790,.T.);
#3790 = EDGE_CURVE('',#3782,#3791,#3793,.T.);
#3791 = VERTEX_POINT('',#3792);
#3792 = CARTESIAN_POINT('',(-9.57955202657,-38.46902775405,
    5.949371860534));
#3793 = LINE('',#3794,#3795);
#3794 = CARTESIAN_POINT('',(-9.58855208423,-38.3957281666,5.949371860534
    ));
#3795 = VECTOR('',#3796,1.);
#3796 = DIRECTION('',(0.121869343405,-0.992546151641,-1.427985021785E-18
    ));
#3797 = ORIENTED_EDGE('',*,*,#3798,.T.);
#3798 = EDGE_CURVE('',#3791,#964,#3799,.T.);
#3799 = ( BOUNDED_CURVE() B_SPLINE_CURVE(3,(#3800,#3801,#3802,#3803),
.UNSPECIFIED.,.F.,.F.) B_SPLINE_CURVE_WITH_KNOTS((4,4),(0.221362772971,
0.342967788142),.PIECEWISE_BEZIER_KNOTS.) CURVE() 
GEOMETRIC_REPRESENTATION_ITEM() RATIONAL_B_SPLINE_CURVE((1.,
0.998768064627,0.998768064627,1.)) REPRESENTATION_ITEM('') );
#3800 = CARTESIAN_POINT('',(-9.57955202657,-38.46902775405,
    5.949371860534));
#3801 = CARTESIAN_POINT('',(-9.569663332674,-38.5495646967,
    5.949371867901));
#3802 = CARTESIAN_POINT('',(-9.564709832514,-38.63056837361,
    5.949371867901));
#3803 = CARTESIAN_POINT('',(-9.564709832514,-38.71173941081,
    5.949371867901));
#3804 = ORIENTED_EDGE('',*,*,#963,.T.);
#3805 = ORIENTED_EDGE('',*,*,#3806,.F.);
#3806 = EDGE_CURVE('',#3807,#966,#3809,.T.);
#3807 = VERTEX_POINT('',#3808);
#3808 = CARTESIAN_POINT('',(-18.39001341323,-43.29097271511,
    5.949371870117));
#3809 = LINE('',#3810,#3811);
#3810 = CARTESIAN_POINT('',(-22.11964385255,-44.63013829712,
    5.949371867901));
#3811 = VECTOR('',#3812,1.);
#3812 = DIRECTION('',(0.941168677397,0.337937154938,5.590856332182E-10)
  );
#3813 = ORIENTED_EDGE('',*,*,#3814,.T.);
#3814 = EDGE_CURVE('',#3807,#3815,#3817,.T.);
#3815 = VERTEX_POINT('',#3816);
#3816 = CARTESIAN_POINT('',(-22.27122235444,-43.35395128063,
    5.949371867904));
#3817 = ( BOUNDED_CURVE() B_SPLINE_CURVE(3,(#3818,#3819,#3820,#3821),
.UNSPECIFIED.,.F.,.F.) B_SPLINE_CURVE_WITH_KNOTS((4,4),(1.570796329126,
2.228696181431),.PIECEWISE_BEZIER_KNOTS.) CURVE() 
GEOMETRIC_REPRESENTATION_ITEM() RATIONAL_B_SPLINE_CURVE((1.,
0.964254727331,0.964254727331,1.)) REPRESENTATION_ITEM('') );
#3818 = CARTESIAN_POINT('',(-18.39001341323,-43.29097271511,
    5.949371870117));
#3819 = CARTESIAN_POINT('',(-19.65313571775,-43.74451092583,
    5.949371869366));
#3820 = CARTESIAN_POINT('',(-20.99483130614,-43.76628199376,
    5.949371868601));
#3821 = CARTESIAN_POINT('',(-22.27122235444,-43.35395128063,
    5.949371867904));
#3822 = ORIENTED_EDGE('',*,*,#3823,.F.);
#3823 = EDGE_CURVE('',#3824,#3815,#3826,.T.);
#3824 = VERTEX_POINT('',#3825);
#3825 = CARTESIAN_POINT('',(-22.25723183726,-43.4678948993,
    5.949371867901));
#3826 = LINE('',#3827,#3828);
#3827 = CARTESIAN_POINT('',(-28.73031749407,9.251157147716,
    5.949371867901));
#3828 = VECTOR('',#3829,1.);
#3829 = DIRECTION('',(-0.121869343405,0.992546151641,-1.278817483073E-31
    ));
#3830 = ORIENTED_EDGE('',*,*,#3831,.F.);
#3831 = EDGE_CURVE('',#3832,#3824,#3834,.T.);
#3832 = VERTEX_POINT('',#3833);
#3833 = CARTESIAN_POINT('',(-25.92189563756,-40.45923438398,
    5.949371867901));
#3834 = ( BOUNDED_CURVE() B_SPLINE_CURVE(3,(#3835,#3836,#3837,#3838),
.UNSPECIFIED.,.F.,.F.) B_SPLINE_CURVE_WITH_KNOTS((4,4),(3.273567721522,
4.085641562409),.PIECEWISE_BEZIER_KNOTS.) CURVE() 
GEOMETRIC_REPRESENTATION_ITEM() RATIONAL_B_SPLINE_CURVE((1.,
0.945795558013,0.945795558013,1.)) REPRESENTATION_ITEM('') );
#3835 = CARTESIAN_POINT('',(-25.92189563756,-40.45923438398,
    5.949371867901));
#3836 = CARTESIAN_POINT('',(-25.15511458844,-41.94332661528,
    5.949371867901));
#3837 = CARTESIAN_POINT('',(-23.86355153367,-43.00368985123,
    5.949371867901));
#3838 = CARTESIAN_POINT('',(-22.25723183726,-43.4678948993,
    5.949371867901));
#3839 = ORIENTED_EDGE('',*,*,#3840,.F.);
#3840 = EDGE_CURVE('',#3841,#3832,#3843,.T.);
#3841 = VERTEX_POINT('',#3842);
#3842 = CARTESIAN_POINT('',(-26.42332750847,-38.39525209468,
    5.949371867901));
#3843 = ( BOUNDED_CURVE() B_SPLINE_CURVE(3,(#3844,#3845,#3846,#3847),
.UNSPECIFIED.,.F.,.F.) B_SPLINE_CURVE_WITH_KNOTS((4,4),(1.436998024874,
1.791206889168),.PIECEWISE_BEZIER_KNOTS.) CURVE() 
GEOMETRIC_REPRESENTATION_ITEM() RATIONAL_B_SPLINE_CURVE((1.,
0.989571973278,0.989571973278,1.)) REPRESENTATION_ITEM('') );
#3844 = CARTESIAN_POINT('',(-26.42332750847,-38.39525209468,
    5.949371867901));
#3845 = CARTESIAN_POINT('',(-26.3365324595,-39.10214104222,
    5.949371867901));
#3846 = CARTESIAN_POINT('',(-26.16762715349,-39.79738516292,
    5.949371867901));
#3847 = CARTESIAN_POINT('',(-25.92189563756,-40.45923438398,
    5.949371867901));
#3848 = ORIENTED_EDGE('',*,*,#3849,.F.);
#3849 = EDGE_CURVE('',#3850,#3841,#3852,.T.);
#3850 = VERTEX_POINT('',#3851);
#3851 = CARTESIAN_POINT('',(-30.97111594329,-1.356487570636,
    5.949371867901));
#3852 = LINE('',#3853,#3854);
#3853 = CARTESIAN_POINT('',(-26.42332750487,-38.39525209424,
    5.949371867901));
#3854 = VECTOR('',#3855,1.);
#3855 = DIRECTION('',(0.121869343405,-0.992546151641,8.936314941957E-32)
  );
#3856 = ORIENTED_EDGE('',*,*,#3857,.F.);
#3857 = EDGE_CURVE('',#3858,#3850,#3860,.T.);
#3858 = VERTEX_POINT('',#3859);
#3859 = CARTESIAN_POINT('',(-31.19943264451,3.879460825103,
    5.949371867901));
#3860 = ( BOUNDED_CURVE() B_SPLINE_CURVE(3,(#3861,#3862,#3863,#3864),
.UNSPECIFIED.,.F.,.F.) B_SPLINE_CURVE_WITH_KNOTS((4,4),(4.712388980385,
4.878089726561),.PIECEWISE_BEZIER_KNOTS.) CURVE() 
GEOMETRIC_REPRESENTATION_ITEM() RATIONAL_B_SPLINE_CURVE((1.,
0.997713247067,0.997713247067,1.)) REPRESENTATION_ITEM('') );
#3861 = CARTESIAN_POINT('',(-31.19943264451,3.879460825103,
    5.949371867901));
#3862 = CARTESIAN_POINT('',(-31.26056249196,2.128931030432,
    5.949371867901));
#3863 = CARTESIAN_POINT('',(-31.18428249133,0.379614644147,
    5.949371867901));
#3864 = CARTESIAN_POINT('',(-30.97111594329,-1.356487570636,
    5.949371867901));
#3865 = ORIENTED_EDGE('',*,*,#3866,.F.);
#3866 = EDGE_CURVE('',#3867,#3858,#3869,.T.);
#3867 = VERTEX_POINT('',#3868);
#3868 = CARTESIAN_POINT('',(-31.07489230979,7.445829394071,
    5.949371867901));
#3869 = LINE('',#3870,#3871);
#3870 = CARTESIAN_POINT('',(-31.05700811815,7.957965635623,
    5.949371867901));
#3871 = VECTOR('',#3872,1.);
#3872 = DIRECTION('',(-3.489949670249E-02,-0.999390827019,
    -1.85975073006E-17));
#3873 = ORIENTED_EDGE('',*,*,#3874,.T.);
#3874 = EDGE_CURVE('',#3867,#3875,#3877,.T.);
#3875 = VERTEX_POINT('',#3876);
#3876 = CARTESIAN_POINT('',(-31.62405255013,11.918380635865,
    5.949371867901));
#3877 = LINE('',#3878,#3879);
#3878 = CARTESIAN_POINT('',(-30.64909780289,3.978011422735,
    5.949371867901));
#3879 = VECTOR('',#3880,1.);
#3880 = DIRECTION('',(-0.121869343405,0.992546151641,2.826840855289E-18)
  );
#3881 = ORIENTED_EDGE('',*,*,#3882,.T.);
#3882 = EDGE_CURVE('',#3875,#3883,#3885,.T.);
#3883 = VERTEX_POINT('',#3884);
#3884 = CARTESIAN_POINT('',(-30.30833333842,15.41875803928,
    5.949371867901));
#3885 = LINE('',#3886,#3887);
#3886 = CARTESIAN_POINT('',(-31.62405255013,11.918380635865,
    5.949371867901));
#3887 = VECTOR('',#3888,1.);
#3888 = DIRECTION('',(0.351844892225,0.936058316461,4.574900337344E-17)
  );
#3889 = ORIENTED_EDGE('',*,*,#3890,.F.);
#3890 = EDGE_CURVE('',#3891,#3883,#3893,.T.);
#3891 = VERTEX_POINT('',#3892);
#3892 = CARTESIAN_POINT('',(-30.29133583216,15.527464246209,
    5.949371867901));
#3893 = LINE('',#3894,#3895);
#3894 = CARTESIAN_POINT('',(-29.31712749866,21.757936594716,
    5.949371867901));
#3895 = VECTOR('',#3896,1.);
#3896 = DIRECTION('',(-0.15448477631,-0.98799516896,2.329239122149E-16)
  );
#3897 = ORIENTED_EDGE('',*,*,#3898,.T.);
#3898 = EDGE_CURVE('',#3891,#2378,#3899,.T.);
#3899 = CIRCLE('',#3900,1.4);
#3900 = AXIS2_PLACEMENT_3D('',#3901,#3902,#3903);
#3901 = CARTESIAN_POINT('',(-28.90814259562,15.311185559375,
    5.949371867901));
#3902 = DIRECTION('',(-8.445535056805E-16,-1.03698131354E-16,-1.));
#3903 = DIRECTION('',(1.,4.956352788505E-15,-8.445535056805E-16));
#3904 = ORIENTED_EDGE('',*,*,#2377,.T.);
#3905 = ORIENTED_EDGE('',*,*,#2336,.T.);
#3906 = ORIENTED_EDGE('',*,*,#3907,.T.);
#3907 = EDGE_CURVE('',#2337,#3908,#3910,.T.);
#3908 = VERTEX_POINT('',#3909);
#3909 = CARTESIAN_POINT('',(-27.04126926598,20.76759101533,
    5.949371867901));
#3910 = LINE('',#3911,#3912);
#3911 = CARTESIAN_POINT('',(-27.01461366586,20.938064796267,
    5.949371867901));
#3912 = VECTOR('',#3913,1.);
#3913 = DIRECTION('',(0.154484777637,0.987995168753,0.));
#3914 = ORIENTED_EDGE('',*,*,#3915,.T.);
#3915 = EDGE_CURVE('',#3908,#1025,#3916,.T.);
#3916 = CIRCLE('',#3917,0.6);
#3917 = AXIS2_PLACEMENT_3D('',#3918,#3919,#3920);
#3918 = CARTESIAN_POINT('',(-27.63406636723,20.860281881912,
    5.949371867901));
#3919 = DIRECTION('',(8.445535056805E-16,1.03698131354E-16,1.));
#3920 = DIRECTION('',(1.,-8.757862036752E-32,-8.445535056805E-16));
#3921 = ORIENTED_EDGE('',*,*,#1024,.T.);
#3922 = ORIENTED_EDGE('',*,*,#3923,.T.);
#3923 = EDGE_CURVE('',#1017,#3924,#3926,.T.);
#3924 = VERTEX_POINT('',#3925);
#3925 = CARTESIAN_POINT('',(-29.11129080667,23.074348879074,
    5.949371867901));
#3926 = CIRCLE('',#3927,1.4);
#3927 = AXIS2_PLACEMENT_3D('',#3928,#3929,#3930);
#3928 = CARTESIAN_POINT('',(-27.72809757012,22.85807019224,
    5.949371867901));
#3929 = DIRECTION('',(-8.445535056805E-16,-1.03698131354E-16,-1.));
#3930 = DIRECTION('',(1.,4.460717509655E-14,-8.445535056805E-16));
#3931 = ORIENTED_EDGE('',*,*,#3932,.F.);
#3932 = EDGE_CURVE('',#3933,#3924,#3935,.T.);
#3933 = VERTEX_POINT('',#3934);
#3934 = CARTESIAN_POINT('',(-28.64929397421,26.029013082512,
    5.949371867901));
#3935 = LINE('',#3936,#3937);
#3936 = CARTESIAN_POINT('',(-29.31712749866,21.757936594716,
    5.949371867901));
#3937 = VECTOR('',#3938,1.);
#3938 = DIRECTION('',(-0.15448477631,-0.98799516896,2.329239122149E-16)
  );
#3939 = ORIENTED_EDGE('',*,*,#3940,.T.);
#3940 = EDGE_CURVE('',#3933,#3032,#3941,.T.);
#3941 = CIRCLE('',#3942,2.);
#3942 = AXIS2_PLACEMENT_3D('',#3943,#3944,#3945);
#3943 = CARTESIAN_POINT('',(-26.67330363629,25.720043529891,
    5.949371867901));
#3944 = DIRECTION('',(-8.445535056805E-16,-1.03698131354E-16,-1.));
#3945 = DIRECTION('',(1.,3.469446951954E-15,-8.445535056805E-16));
#3946 = ORIENTED_EDGE('',*,*,#3031,.F.);
#3947 = ORIENTED_EDGE('',*,*,#3007,.T.);
#3948 = ORIENTED_EDGE('',*,*,#3949,.F.);
#3949 = EDGE_CURVE('',#3950,#3000,#3952,.T.);
#3950 = VERTEX_POINT('',#3951);
#3951 = CARTESIAN_POINT('',(-21.203511524,23.157513892366,5.949371867901
    ));
#3952 = LINE('',#3953,#3954);
#3953 = CARTESIAN_POINT('',(-21.4745586316,21.424053552379,
    5.949371867901));
#3954 = VECTOR('',#3955,1.);
#3955 = DIRECTION('',(0.15448477631,0.98799516896,-2.329239122149E-16));
#3956 = ORIENTED_EDGE('',*,*,#3957,.T.);
#3957 = EDGE_CURVE('',#3950,#3958,#3960,.T.);
#3958 = VERTEX_POINT('',#3959);
#3959 = CARTESIAN_POINT('',(-22.44697488028,21.980783045651,
    5.949371867901));
#3960 = CIRCLE('',#3961,1.4);
#3961 = AXIS2_PLACEMENT_3D('',#3962,#3963,#3964);
#3962 = CARTESIAN_POINT('',(-22.58670476055,23.373792579201,
    5.949371867901));
#3963 = DIRECTION('',(-8.445535056805E-16,-1.03698131354E-16,-1.));
#3964 = DIRECTION('',(1.,4.091251025725E-32,-8.445535056805E-16));
#3965 = ORIENTED_EDGE('',*,*,#3966,.T.);
#3966 = EDGE_CURVE('',#3958,#3967,#3969,.T.);
#3967 = VERTEX_POINT('',#3968);
#3968 = CARTESIAN_POINT('',(-22.96589009335,21.928731743168,
    5.949371867901));
#3969 = LINE('',#3970,#3971);
#3970 = CARTESIAN_POINT('',(-21.37062554274,22.088749402262,
    5.949371867901));
#3971 = VECTOR('',#3972,1.);
#3972 = DIRECTION('',(-0.995006809678,-9.980705733543E-02,0.));
#3973 = ORIENTED_EDGE('',*,*,#3974,.T.);
#3974 = EDGE_CURVE('',#3967,#3975,#3977,.T.);
#3975 = VERTEX_POINT('',#3976);
#3976 = CARTESIAN_POINT('',(-23.49880296032,21.424418523147,
    5.949371867901));
#3977 = CIRCLE('',#3978,0.6);
#3978 = AXIS2_PLACEMENT_3D('',#3979,#3980,#3981);
#3979 = CARTESIAN_POINT('',(-22.90600585894,21.331727657361,
    5.949371867901));
#3980 = DIRECTION('',(8.445535056805E-16,1.03698131354E-16,1.));
#3981 = DIRECTION('',(1.,-8.757862036752E-32,-8.445535056805E-16));
#3982 = ORIENTED_EDGE('',*,*,#3983,.T.);
#3983 = EDGE_CURVE('',#3975,#2278,#3984,.T.);
#3984 = LINE('',#3985,#3986);
#3985 = CARTESIAN_POINT('',(-21.58792707948,33.645274091235,
    5.949371867901));
#3986 = VECTOR('',#3987,1.);
#3987 = DIRECTION('',(-0.15448477631,-0.98799516896,0.));
#3988 = ORIENTED_EDGE('',*,*,#2285,.T.);
#3989 = ORIENTED_EDGE('',*,*,#2629,.T.);
#3990 = ORIENTED_EDGE('',*,*,#2195,.T.);
#3991 = ORIENTED_EDGE('',*,*,#3992,.T.);
#3992 = EDGE_CURVE('',#2188,#3993,#3995,.T.);
#3993 = VERTEX_POINT('',#3994);
#3994 = CARTESIAN_POINT('',(-20.88640800772,21.132302005659,
    5.949371867901));
#3995 = LINE('',#3996,#3997);
#3996 = CARTESIAN_POINT('',(-23.58683321577,20.861427986558,
    5.949371867901));
#3997 = VECTOR('',#3998,1.);
#3998 = DIRECTION('',(0.995006809678,9.980705733543E-02,0.));
#3999 = ORIENTED_EDGE('',*,*,#4000,.T.);
#4000 = EDGE_CURVE('',#3993,#4001,#4003,.T.);
#4001 = VERTEX_POINT('',#4002);
#4002 = CARTESIAN_POINT('',(-20.44231395191,21.552563022343,
    5.949371867901));
#4003 = CIRCLE('',#4004,0.5);
#4004 = AXIS2_PLACEMENT_3D('',#4005,#4006,#4007);
#4005 = CARTESIAN_POINT('',(-20.93631153639,21.629805410498,
    5.949371867901));
#4006 = DIRECTION('',(8.445535056805E-16,1.03698131354E-16,1.));
#4007 = DIRECTION('',(1.,-8.757862036752E-32,-8.445535056805E-16));
#4008 = ORIENTED_EDGE('',*,*,#4009,.F.);
#4009 = EDGE_CURVE('',#462,#4001,#4010,.T.);
#4010 = LINE('',#4011,#4012);
#4011 = CARTESIAN_POINT('',(-19.62695972325,26.767096506758,
    5.949371867901));
#4012 = VECTOR('',#4013,1.);
#4013 = DIRECTION('',(-0.15448477631,-0.98799516896,2.329239122149E-16)
  );
#4014 = ORIENTED_EDGE('',*,*,#461,.F.);
#4015 = ORIENTED_EDGE('',*,*,#4016,.F.);
#4016 = EDGE_CURVE('',#4017,#454,#4019,.T.);
#4017 = VERTEX_POINT('',#4018);
#4018 = CARTESIAN_POINT('',(-17.49758553639,34.912210969745,
    5.949371867901));
#4019 = CIRCLE('',#4020,1.);
#4020 = AXIS2_PLACEMENT_3D('',#4021,#4022,#4023);
#4021 = CARTESIAN_POINT('',(-17.49758553639,33.912210969745,
    5.949371867901));
#4022 = DIRECTION('',(5.387387089477E-16,4.610465661343E-16,1.));
#4023 = DIRECTION('',(-0.65019813276,0.759764692622,-1.281898970984E-30)
  );
#4024 = ORIENTED_EDGE('',*,*,#4025,.T.);
#4025 = EDGE_CURVE('',#4017,#4026,#4028,.T.);
#4026 = VERTEX_POINT('',#4027);
#4027 = CARTESIAN_POINT('',(-12.51350017675,34.912210969745,
    5.949371867901));
#4028 = LINE('',#4029,#4030);
#4029 = CARTESIAN_POINT('',(-18.6877773629,34.912210969745,
    5.949371867901));
#4030 = VECTOR('',#4031,1.);
#4031 = DIRECTION('',(1.,-2.00360053461E-16,-8.445535056805E-16));
#4032 = ORIENTED_EDGE('',*,*,#4033,.T.);
#4033 = EDGE_CURVE('',#4026,#3618,#4034,.T.);
#4034 = CIRCLE('',#4035,2.);
#4035 = AXIS2_PLACEMENT_3D('',#4036,#4037,#4038);
#4036 = CARTESIAN_POINT('',(-12.51350017675,32.912210969745,
    5.949371867901));
#4037 = DIRECTION('',(9.801011190209E-17,1.203412855394E-17,-1.));
#4038 = DIRECTION('',(-1.,1.179466286216E-33,-9.801011190209E-17));
#4039 = FACE_BOUND('',#4040,.T.);
#4040 = EDGE_LOOP('',(#4041,#4042,#4043,#4052,#4060,#4069,#4075,#4076,
    #4085,#4091,#4092,#4099,#4100,#4101,#4102,#4110,#4117));
#4041 = ORIENTED_EDGE('',*,*,#3446,.F.);
#4042 = ORIENTED_EDGE('',*,*,#526,.F.);
#4043 = ORIENTED_EDGE('',*,*,#4044,.F.);
#4044 = EDGE_CURVE('',#4045,#527,#4047,.T.);
#4045 = VERTEX_POINT('',#4046);
#4046 = CARTESIAN_POINT('',(-17.79446623711,33.308159876175,
    5.949371867901));
#4047 = CIRCLE('',#4048,0.7);
#4048 = AXIS2_PLACEMENT_3D('',#4049,#4050,#4051);
#4049 = CARTESIAN_POINT('',(-17.10286961884,33.200020532756,
    5.949371867901));
#4050 = DIRECTION('',(-8.445535056805E-16,-1.03698131354E-16,-1.));
#4051 = DIRECTION('',(0.80785531667,0.589380850832,-7.433947326635E-16)
  );
#4052 = ORIENTED_EDGE('',*,*,#4053,.F.);
#4053 = EDGE_CURVE('',#4054,#4045,#4056,.T.);
#4054 = VERTEX_POINT('',#4055);
#4055 = CARTESIAN_POINT('',(-19.33484813373,23.456769282563,
    5.949371867901));
#4056 = LINE('',#4057,#4058);
#4057 = CARTESIAN_POINT('',(-19.70848826745,21.067183357933,
    5.949371867901));
#4058 = VECTOR('',#4059,1.);
#4059 = DIRECTION('',(0.154484776312,0.98799516896,-2.329239122164E-16)
  );
#4060 = ORIENTED_EDGE('',*,*,#4061,.F.);
#4061 = EDGE_CURVE('',#4062,#4054,#4064,.T.);
#4062 = VERTEX_POINT('',#4063);
#4063 = CARTESIAN_POINT('',(-18.0030107189,22.080332169019,
    5.949371867901));
#4064 = CIRCLE('',#4065,1.2);
#4065 = AXIS2_PLACEMENT_3D('',#4066,#4067,#4068);
#4066 = CARTESIAN_POINT('',(-18.14925393098,23.271387550989,
    5.949371867901));
#4067 = DIRECTION('',(-8.445535056805E-16,-1.03698131354E-16,-1.));
#4068 = DIRECTION('',(-0.98799516896,0.154484776312,8.183950009141E-16)
  );
#4069 = ORIENTED_EDGE('',*,*,#4070,.F.);
#4070 = EDGE_CURVE('',#808,#4062,#4071,.T.);
#4071 = LINE('',#4072,#4073);
#4072 = CARTESIAN_POINT('',(-15.57836862082,22.378040784376,
    5.949371867901));
#4073 = VECTOR('',#4074,1.);
#4074 = DIRECTION('',(-0.992546151641,-0.121869343404,8.508959550988E-16
    ));
#4075 = ORIENTED_EDGE('',*,*,#815,.F.);
#4076 = ORIENTED_EDGE('',*,*,#4077,.F.);
#4077 = EDGE_CURVE('',#4078,#816,#4080,.T.);
#4078 = VERTEX_POINT('',#4079);
#4079 = CARTESIAN_POINT('',(-12.6171043833,23.61969570888,5.949371867901
    ));
#4080 = CIRCLE('',#4081,1.2);
#4081 = AXIS2_PLACEMENT_3D('',#4082,#4083,#4084);
#4082 = CARTESIAN_POINT('',(-13.80269858605,23.805077440452,
    5.949371867901));
#4083 = DIRECTION('',(-8.445535056805E-16,-1.03698131354E-16,-1.));
#4084 = DIRECTION('',(0.695367907051,-0.718653931905,-5.127523338091E-16
    ));
#4085 = ORIENTED_EDGE('',*,*,#4086,.F.);
#4086 = EDGE_CURVE('',#485,#4078,#4087,.T.);
#4087 = LINE('',#4088,#4089);
#4088 = CARTESIAN_POINT('',(-12.84470667309,22.164083265186,
    5.949371867901));
#4089 = VECTOR('',#4090,1.);
#4090 = DIRECTION('',(-0.15448477631,-0.98799516896,2.329239122149E-16)
  );
#4091 = ORIENTED_EDGE('',*,*,#492,.F.);
#4092 = ORIENTED_EDGE('',*,*,#4093,.F.);
#4093 = EDGE_CURVE('',#3569,#493,#4094,.T.);
#4094 = CIRCLE('',#4095,0.7);
#4095 = AXIS2_PLACEMENT_3D('',#4096,#4097,#4098);
#4096 = CARTESIAN_POINT('',(-11.95350922331,32.394856890428,
    5.949371867901));
#4097 = DIRECTION('',(-8.445535056805E-16,-1.03698131354E-16,-1.));
#4098 = DIRECTION('',(0.80785531667,0.589380850832,-7.433947326635E-16)
  );
#4099 = ORIENTED_EDGE('',*,*,#3566,.F.);
#4100 = ORIENTED_EDGE('',*,*,#3598,.F.);
#4101 = ORIENTED_EDGE('',*,*,#1363,.F.);
#4102 = ORIENTED_EDGE('',*,*,#4103,.F.);
#4103 = EDGE_CURVE('',#4104,#1364,#4106,.T.);
#4104 = VERTEX_POINT('',#4105);
#4105 = CARTESIAN_POINT('',(-16.98034289692,24.273935881443,
    5.949371867901));
#4106 = LINE('',#4107,#4108);
#4107 = CARTESIAN_POINT('',(-16.09449300726,24.135422732443,
    5.949371867901));
#4108 = VECTOR('',#4109,1.);
#4109 = DIRECTION('',(0.98799516896,-0.15448477631,-8.183950009146E-16)
  );
#4110 = ORIENTED_EDGE('',*,*,#4111,.F.);
#4111 = EDGE_CURVE('',#1406,#4104,#4112,.T.);
#4112 = CIRCLE('',#4113,0.8);
#4113 = AXIS2_PLACEMENT_3D('',#4114,#4115,#4116);
#4114 = CARTESIAN_POINT('',(-16.85675507588,25.064332016611,
    5.949371867901));
#4115 = DIRECTION('',(8.445535056805E-16,1.03698131354E-16,1.));
#4116 = DIRECTION('',(-0.80785531667,-0.589380850832,7.433947326635E-16)
  );
#4117 = ORIENTED_EDGE('',*,*,#1403,.F.);
#4118 = FACE_BOUND('',#4119,.T.);
#4119 = EDGE_LOOP('',(#4120,#4130,#4139,#4147,#4154,#4155,#4163,#4170,
    #4171,#4179));
#4120 = ORIENTED_EDGE('',*,*,#4121,.F.);
#4121 = EDGE_CURVE('',#4122,#4124,#4126,.T.);
#4122 = VERTEX_POINT('',#4123);
#4123 = CARTESIAN_POINT('',(-27.25029396881,5.402841884556,
    5.949371867901));
#4124 = VERTEX_POINT('',#4125);
#4125 = CARTESIAN_POINT('',(-21.55015281911,6.102731212706,
    5.949371867901));
#4126 = LINE('',#4127,#4128);
#4127 = CARTESIAN_POINT('',(-6.364032616716E-02,8.740943214488,
    5.949371867901));
#4128 = VECTOR('',#4129,1.);
#4129 = DIRECTION('',(0.992546151641,0.121869343405,7.227770482556E-17)
  );
#4130 = ORIENTED_EDGE('',*,*,#4131,.T.);
#4131 = EDGE_CURVE('',#4122,#4132,#4134,.T.);
#4132 = VERTEX_POINT('',#4133);
#4133 = CARTESIAN_POINT('',(-28.12097077704,4.28842638951,5.949371867901
    ));
#4134 = CIRCLE('',#4135,1.);
#4135 = AXIS2_PLACEMENT_3D('',#4136,#4137,#4138);
#4136 = CARTESIAN_POINT('',(-27.1284246254,4.410295732915,5.949371867901
    ));
#4137 = DIRECTION('',(-9.801011190209E-17,-1.203412855394E-17,1.));
#4138 = DIRECTION('',(-1.,1.179466286216E-33,-9.801011190209E-17));
#4139 = ORIENTED_EDGE('',*,*,#4140,.F.);
#4140 = EDGE_CURVE('',#4141,#4132,#4143,.T.);
#4141 = VERTEX_POINT('',#4142);
#4142 = CARTESIAN_POINT('',(-26.11932152301,-12.01369856265,
    5.949371867901));
#4143 = LINE('',#4144,#4145);
#4144 = CARTESIAN_POINT('',(-28.73031749407,9.251157147716,
    5.949371867901));
#4145 = VECTOR('',#4146,1.);
#4146 = DIRECTION('',(-0.121869343405,0.992546151641,-1.278817483073E-31
    ));
#4147 = ORIENTED_EDGE('',*,*,#4148,.T.);
#4148 = EDGE_CURVE('',#4141,#1067,#4149,.T.);
#4149 = CIRCLE('',#4150,1.);
#4150 = AXIS2_PLACEMENT_3D('',#4151,#4152,#4153);
#4151 = CARTESIAN_POINT('',(-25.12677537137,-11.89182921924,
    5.949371867901));
#4152 = DIRECTION('',(-9.801011190209E-17,-1.203412855394E-17,1.));
#4153 = DIRECTION('',(-1.,1.179466286216E-33,-9.801011190209E-17));
#4154 = ORIENTED_EDGE('',*,*,#1074,.T.);
#4155 = ORIENTED_EDGE('',*,*,#4156,.T.);
#4156 = EDGE_CURVE('',#1048,#4157,#4159,.T.);
#4157 = VERTEX_POINT('',#4158);
#4158 = CARTESIAN_POINT('',(-19.30221646314,-12.02513042669,
    5.949371867901));
#4159 = LINE('',#4160,#4161);
#4160 = CARTESIAN_POINT('',(1.612158034885,-8.872489359463,
    5.949371867901));
#4161 = VECTOR('',#4162,1.);
#4162 = DIRECTION('',(0.988828691676,0.149056427297,7.200699754042E-17)
  );
#4163 = ORIENTED_EDGE('',*,*,#4164,.T.);
#4164 = EDGE_CURVE('',#4157,#1109,#4165,.T.);
#4165 = CIRCLE('',#4166,0.8);
#4166 = AXIS2_PLACEMENT_3D('',#4167,#4168,#4169);
#4167 = CARTESIAN_POINT('',(-19.42146160498,-11.23406747335,
    5.949371867901));
#4168 = DIRECTION('',(-9.801011190209E-17,-1.203412855394E-17,1.));
#4169 = DIRECTION('',(-1.,1.179466286216E-33,-9.801011190209E-17));
#4170 = ORIENTED_EDGE('',*,*,#1116,.T.);
#4171 = ORIENTED_EDGE('',*,*,#4172,.T.);
#4172 = EDGE_CURVE('',#1090,#4173,#4175,.T.);
#4173 = VERTEX_POINT('',#4174);
#4174 = CARTESIAN_POINT('',(-20.65862042307,5.406189766117,
    5.949371867901));
#4175 = LINE('',#4176,#4177);
#4176 = CARTESIAN_POINT('',(-16.45512839014,-28.82850555731,
    5.949371867901));
#4177 = VECTOR('',#4178,1.);
#4178 = DIRECTION('',(-0.121869343405,0.992546151641,-8.874586250076E-18
    ));
#4179 = ORIENTED_EDGE('',*,*,#4180,.T.);
#4180 = EDGE_CURVE('',#4173,#4124,#4181,.T.);
#4181 = CIRCLE('',#4182,0.8);
#4182 = AXIS2_PLACEMENT_3D('',#4183,#4184,#4185);
#4183 = CARTESIAN_POINT('',(-21.45265734439,5.308694291393,
    5.949371867901));
#4184 = DIRECTION('',(-9.801011190209E-17,-1.203412855394E-17,1.));
#4185 = DIRECTION('',(-1.,1.179466286216E-33,-9.801011190209E-17));
#4186 = FACE_BOUND('',#4187,.T.);
#4187 = EDGE_LOOP('',(#4188,#4198,#4207,#4215,#4222,#4223,#4231,#4240,
    #4248));
#4188 = ORIENTED_EDGE('',*,*,#4189,.T.);
#4189 = EDGE_CURVE('',#4190,#4192,#4194,.T.);
#4190 = VERTEX_POINT('',#4191);
#4191 = CARTESIAN_POINT('',(-18.7460706991,-19.05571446122,
    5.949371867901));
#4192 = VERTEX_POINT('',#4193);
#4193 = CARTESIAN_POINT('',(-24.17433486433,-19.87397313154,
    5.949371867901));
#4194 = LINE('',#4195,#4196);
#4195 = CARTESIAN_POINT('',(2.660761135289,-15.82884023042,
    5.949371867901));
#4196 = VECTOR('',#4197,1.);
#4197 = DIRECTION('',(-0.988828692014,-0.149056425053,
    -1.659544813929E-16));
#4198 = ORIENTED_EDGE('',*,*,#4199,.T.);
#4199 = EDGE_CURVE('',#4192,#4200,#4202,.T.);
#4200 = VERTEX_POINT('',#4201);
#4201 = CARTESIAN_POINT('',(-25.01782459091,-20.98467116696,
    5.949371867901));
#4202 = CIRCLE('',#4203,1.);
#4203 = AXIS2_PLACEMENT_3D('',#4204,#4205,#4206);
#4204 = CARTESIAN_POINT('',(-24.02527843927,-20.86280182356,
    5.949371867901));
#4205 = DIRECTION('',(-9.801011190209E-17,-1.203412855394E-17,1.));
#4206 = DIRECTION('',(-1.,-6.938893903907E-15,-9.801011190209E-17));
#4207 = ORIENTED_EDGE('',*,*,#4208,.F.);
#4208 = EDGE_CURVE('',#4209,#4200,#4211,.T.);
#4209 = VERTEX_POINT('',#4210);
#4210 = CARTESIAN_POINT('',(-23.61707990008,-32.39282118625,
    5.949371867901));
#4211 = LINE('',#4212,#4213);
#4212 = CARTESIAN_POINT('',(-28.73031749407,9.251157147716,
    5.949371867901));
#4213 = VECTOR('',#4214,1.);
#4214 = DIRECTION('',(-0.121869343405,0.992546151641,-1.278817483073E-31
    ));
#4215 = ORIENTED_EDGE('',*,*,#4216,.T.);
#4216 = EDGE_CURVE('',#4209,#1151,#4217,.T.);
#4217 = CIRCLE('',#4218,1.);
#4218 = AXIS2_PLACEMENT_3D('',#4219,#4220,#4221);
#4219 = CARTESIAN_POINT('',(-22.62453374844,-32.27095184285,
    5.949371867901));
#4220 = DIRECTION('',(-9.801011190209E-17,-1.203412855394E-17,1.));
#4221 = DIRECTION('',(-1.,8.673617379884E-16,-9.801011190209E-17));
#4222 = ORIENTED_EDGE('',*,*,#1158,.T.);
#4223 = ORIENTED_EDGE('',*,*,#4224,.F.);
#4224 = EDGE_CURVE('',#4225,#1132,#4227,.T.);
#4225 = VERTEX_POINT('',#4226);
#4226 = CARTESIAN_POINT('',(-17.0392093019,-31.32798734118,
    5.949371867901));
#4227 = LINE('',#4228,#4229);
#4228 = CARTESIAN_POINT('',(3.410596710434,-23.98525544964,
    5.949371867901));
#4229 = VECTOR('',#4230,1.);
#4230 = DIRECTION('',(-0.941168677397,-0.337937154938,
    -1.579557318897E-16));
#4231 = ORIENTED_EDGE('',*,*,#4232,.T.);
#4232 = EDGE_CURVE('',#4225,#4233,#4235,.T.);
#4233 = VERTEX_POINT('',#4234);
#4234 = CARTESIAN_POINT('',(-16.51552210454,-30.47755692454,
    5.949371867901));
#4235 = CIRCLE('',#4236,0.8);
#4236 = AXIS2_PLACEMENT_3D('',#4237,#4238,#4239);
#4237 = CARTESIAN_POINT('',(-17.30955902585,-30.57505239926,
    5.949371867901));
#4238 = DIRECTION('',(-1.799906187103E-16,-2.210006908499E-17,1.));
#4239 = DIRECTION('',(-1.,3.977805108148E-33,-1.799906187103E-16));
#4240 = ORIENTED_EDGE('',*,*,#4241,.T.);
#4241 = EDGE_CURVE('',#4233,#4242,#4244,.T.);
#4242 = VERTEX_POINT('',#4243);
#4243 = CARTESIAN_POINT('',(-17.83278863775,-19.7492819401,
    5.949371867901));
#4244 = LINE('',#4245,#4246);
#4245 = CARTESIAN_POINT('',(-16.71409594518,-28.86030277484,
    5.949371867901));
#4246 = VECTOR('',#4247,1.);
#4247 = DIRECTION('',(-0.121869343405,0.992546151641,-2.045325327413E-17
    ));
#4248 = ORIENTED_EDGE('',*,*,#4249,.T.);
#4249 = EDGE_CURVE('',#4242,#4190,#4250,.T.);
#4250 = CIRCLE('',#4251,0.8);
#4251 = AXIS2_PLACEMENT_3D('',#4252,#4253,#4254);
#4252 = CARTESIAN_POINT('',(-18.62682555906,-19.84677741483,
    5.949371867901));
#4253 = DIRECTION('',(-1.799906187103E-16,-2.210006908499E-17,1.));
#4254 = DIRECTION('',(-1.,1.084202172486E-15,-1.799906187103E-16));
#4255 = FACE_BOUND('',#4256,.T.);
#4256 = EDGE_LOOP('',(#4257,#4258));
#4257 = ORIENTED_EDGE('',*,*,#889,.T.);
#4258 = ORIENTED_EDGE('',*,*,#4259,.T.);
#4259 = EDGE_CURVE('',#890,#882,#4260,.T.);
#4260 = CIRCLE('',#4261,1.2);
#4261 = AXIS2_PLACEMENT_3D('',#4262,#4263,#4264);
#4262 = CARTESIAN_POINT('',(-27.85501429102,14.254090820639,
    5.949371867901));
#4263 = DIRECTION('',(8.445535056805E-16,1.03698131354E-16,1.));
#4264 = DIRECTION('',(1.,6.232769869472E-32,-8.445535056805E-16));
#4265 = FACE_BOUND('',#4266,.T.);
#4266 = EDGE_LOOP('',(#4267,#4268));
#4267 = ORIENTED_EDGE('',*,*,#1200,.F.);
#4268 = ORIENTED_EDGE('',*,*,#4269,.F.);
#4269 = EDGE_CURVE('',#1193,#1174,#4270,.T.);
#4270 = CIRCLE('',#4271,1.2);
#4271 = AXIS2_PLACEMENT_3D('',#4272,#4273,#4274);
#4272 = CARTESIAN_POINT('',(-18.81795689776,-39.18396882297,
    5.94937187016));
#4273 = DIRECTION('',(5.68950065931E-10,6.985811360565E-11,-1.));
#4274 = DIRECTION('',(-1.,-1.41749948961E-26,-5.68950065931E-10));
#4275 = PLANE('',#4276);
#4276 = AXIS2_PLACEMENT_3D('',#4277,#4278,#4279);
#4277 = CARTESIAN_POINT('',(-15.35485321878,1.440888877419,
    5.949371867901));
#4278 = DIRECTION('',(9.801011190209E-17,1.203412855394E-17,-1.));
#4279 = DIRECTION('',(0.,-1.,-1.203412855394E-17));
#4280 = ADVANCED_FACE('',(#4281),#4292,.T.);
#4281 = FACE_BOUND('',#4282,.T.);
#4282 = EDGE_LOOP('',(#4283,#4284,#4285,#4291));
#4283 = ORIENTED_EDGE('',*,*,#1414,.F.);
#4284 = ORIENTED_EDGE('',*,*,#4111,.T.);
#4285 = ORIENTED_EDGE('',*,*,#4286,.F.);
#4286 = EDGE_CURVE('',#1463,#4104,#4287,.T.);
#4287 = LINE('',#4288,#4289);
#4288 = CARTESIAN_POINT('',(-17.01123985219,24.076336847651,
    6.149371867901));
#4289 = VECTOR('',#4290,1.);
#4290 = DIRECTION('',(0.109237232919,0.698618083751,-0.707106781187));
#4291 = ORIENTED_EDGE('',*,*,#1462,.T.);
#4292 = CONICAL_SURFACE('',#4293,0.9,0.785398163397);
#4293 = AXIS2_PLACEMENT_3D('',#4294,#4295,#4296);
#4294 = CARTESIAN_POINT('',(-16.85675507588,25.064332016611,
    6.049371867901));
#4295 = DIRECTION('',(2.669135054075E-16,1.947300533517E-16,1.));
#4296 = DIRECTION('',(-0.80785531667,-0.589380850832,3.303976589616E-16)
  );
#4297 = ADVANCED_FACE('',(#4298),#4374,.T.);
#4298 = FACE_BOUND('',#4299,.T.);
#4299 = EDGE_LOOP('',(#4300,#4308,#4314,#4315,#4324,#4332,#4341,#4349,
    #4367,#4373));
#4300 = ORIENTED_EDGE('',*,*,#4301,.F.);
#4301 = EDGE_CURVE('',#4302,#1423,#4304,.T.);
#4302 = VERTEX_POINT('',#4303);
#4303 = CARTESIAN_POINT('',(-17.84475024484,25.218816792921,
    8.852855393422));
#4304 = LINE('',#4305,#4306);
#4305 = CARTESIAN_POINT('',(-17.84475024484,25.218816792921,
    6.549371867901));
#4306 = VECTOR('',#4307,1.);
#4307 = DIRECTION('',(0.,0.,-1.));
#4308 = ORIENTED_EDGE('',*,*,#4309,.F.);
#4309 = EDGE_CURVE('',#420,#4302,#4310,.T.);
#4310 = LINE('',#4311,#4312);
#4311 = CARTESIAN_POINT('',(-17.9594001686,24.48558227297,8.293760003584
    ));
#4312 = VECTOR('',#4313,1.);
#4313 = DIRECTION('',(-0.123389021555,-0.789124728733,-0.601711984144));
#4314 = ORIENTED_EDGE('',*,*,#419,.F.);
#4315 = ORIENTED_EDGE('',*,*,#4316,.F.);
#4316 = EDGE_CURVE('',#4317,#412,#4319,.T.);
#4317 = VERTEX_POINT('',#4318);
#4318 = CARTESIAN_POINT('',(-17.40569878539,28.026735677989,
    9.996078640107));
#4319 = ( BOUNDED_CURVE() B_SPLINE_CURVE(3,(#4320,#4321,#4322,#4323),
.UNSPECIFIED.,.F.,.F.) B_SPLINE_CURVE_WITH_KNOTS((4,4),(6.003370106953,
6.466022988708),.PIECEWISE_BEZIER_KNOTS.) CURVE() 
GEOMETRIC_REPRESENTATION_ITEM() RATIONAL_B_SPLINE_CURVE((1.,
0.982242093221,0.982242093221,1.)) REPRESENTATION_ITEM('') );
#4320 = CARTESIAN_POINT('',(-17.40569878539,28.026735677989,
    9.996078640107));
#4321 = CARTESIAN_POINT('',(-17.45190734336,27.731212500038,
    10.082057552475));
#4322 = CARTESIAN_POINT('',(-17.49992933378,27.424091658327,
    10.097147011793));
#4323 = CARTESIAN_POINT('',(-17.54720644654,27.121734622687,
    10.040543146425));
#4324 = ORIENTED_EDGE('',*,*,#4325,.F.);
#4325 = EDGE_CURVE('',#4326,#4317,#4328,.T.);
#4326 = VERTEX_POINT('',#4327);
#4327 = CARTESIAN_POINT('',(-16.76541929715,32.121592506477,
    8.804729322417));
#4328 = LINE('',#4329,#4330);
#4329 = CARTESIAN_POINT('',(-16.90706906931,31.215682591458,
    9.068292910681));
#4330 = VECTOR('',#4331,1.);
#4331 = DIRECTION('',(-0.148472732703,-0.949545619556,0.276258871398));
#4332 = ORIENTED_EDGE('',*,*,#4333,.F.);
#4333 = EDGE_CURVE('',#4334,#4326,#4336,.T.);
#4334 = VERTEX_POINT('',#4335);
#4335 = CARTESIAN_POINT('',(-16.76335681067,32.134782975642,
    8.800819781252));
#4336 = ( BOUNDED_CURVE() B_SPLINE_CURVE(3,(#4337,#4338,#4339,#4340),
.UNSPECIFIED.,.F.,.F.) B_SPLINE_CURVE_WITH_KNOTS((4,4),(5.993433605744,
6.003370106953),.PIECEWISE_BEZIER_KNOTS.) CURVE() 
GEOMETRIC_REPRESENTATION_ITEM() RATIONAL_B_SPLINE_CURVE((1.,
0.999991772179,0.999991772179,1.)) REPRESENTATION_ITEM('') );
#4337 = CARTESIAN_POINT('',(-16.76335681067,32.134782975642,
    8.800819781252));
#4338 = CARTESIAN_POINT('',(-16.76404330343,32.130392565476,
    8.802145073321));
#4339 = CARTESIAN_POINT('',(-16.76473080458,32.125995706245,
    8.803448264431));
#4340 = CARTESIAN_POINT('',(-16.76541929715,32.121592506477,
    8.804729322417));
#4341 = ORIENTED_EDGE('',*,*,#4342,.F.);
#4342 = EDGE_CURVE('',#4343,#4334,#4345,.T.);
#4343 = VERTEX_POINT('',#4344);
#4344 = CARTESIAN_POINT('',(-16.76335681067,32.134782975642,
    7.549371867901));
#4345 = LINE('',#4346,#4347);
#4346 = CARTESIAN_POINT('',(-16.76335681067,32.134782975642,
    6.549371867901));
#4347 = VECTOR('',#4348,1.);
#4348 = DIRECTION('',(1.846130092869E-17,1.180677900174E-16,1.));
#4349 = ORIENTED_EDGE('',*,*,#4350,.T.);
#4350 = EDGE_CURVE('',#4343,#4351,#4353,.T.);
#4351 = VERTEX_POINT('',#4352);
#4352 = CARTESIAN_POINT('',(-16.60887203433,33.122778144795,
    6.738906415427));
#4353 = B_SPLINE_CURVE_WITH_KNOTS('',3,(#4354,#4355,#4356,#4357,#4358,
    #4359,#4360,#4361,#4362,#4363,#4364,#4365,#4366),.UNSPECIFIED.,.F.,
  .F.,(4,1,1,1,1,1,2,2,4),(0.,0.25,0.375,0.4375,0.46875,0.484375,
    0.4921875,0.5,1.),.UNSPECIFIED.);
#4354 = CARTESIAN_POINT('',(-16.76335681067,32.134782975642,
    7.549371867901));
#4355 = CARTESIAN_POINT('',(-16.7479916005,32.233049962056,
    7.449910868999));
#4356 = CARTESIAN_POINT('',(-16.72735861154,32.365006611109,
    7.319493303034));
#4357 = CARTESIAN_POINT('',(-16.7075127371,32.491929331507,
    7.200193857751));
#4358 = CARTESIAN_POINT('',(-16.69864628639,32.548634015832,
    7.148757730528));
#4359 = CARTESIAN_POINT('',(-16.69447718265,32.575297189026,
    7.125093065772));
#4360 = CARTESIAN_POINT('',(-16.69245866119,32.588206483381,
    7.113774083107));
#4361 = CARTESIAN_POINT('',(-16.69160772994,32.593648546909,
    7.109033094047));
#4362 = CARTESIAN_POINT('',(-16.69104358674,32.597256480108,
    7.105896879898));
#4363 = CARTESIAN_POINT('',(-16.69092684094,32.59800311864,
    7.105247254025));
#4364 = CARTESIAN_POINT('',(-16.66215257992,32.782026629339,
    6.946002425444));
#4365 = CARTESIAN_POINT('',(-16.63495241432,32.95598313718,
    6.824656159752));
#4366 = CARTESIAN_POINT('',(-16.60887203433,33.122778144795,
    6.738906415427));
#4367 = ORIENTED_EDGE('',*,*,#4368,.F.);
#4368 = EDGE_CURVE('',#517,#4351,#4369,.T.);
#4369 = LINE('',#4370,#4371);
#4370 = CARTESIAN_POINT('',(-16.60887203436,33.122778144602,
    6.549371867901));
#4371 = VECTOR('',#4372,1.);
#4372 = DIRECTION('',(2.119686303067E-17,1.355628610898E-16,1.));
#4373 = ORIENTED_EDGE('',*,*,#3439,.F.);
#4374 = PLANE('',#4375);
#4375 = AXIS2_PLACEMENT_3D('',#4376,#4377,#4378);
#4376 = CARTESIAN_POINT('',(-17.99923502115,24.230821623961,
    6.549371867901));
#4377 = DIRECTION('',(-0.98799516896,0.15448477631,0.));
#4378 = DIRECTION('',(0.,0.,1.));
#4379 = ADVANCED_FACE('',(#4380),#4396,.T.);
#4380 = FACE_BOUND('',#4381,.T.);
#4381 = EDGE_LOOP('',(#4382,#4383,#4389,#4390));
#4382 = ORIENTED_EDGE('',*,*,#3551,.F.);
#4383 = ORIENTED_EDGE('',*,*,#4384,.F.);
#4384 = EDGE_CURVE('',#1448,#3543,#4385,.T.);
#4385 = LINE('',#4386,#4387);
#4386 = CARTESIAN_POINT('',(-15.02263211384,23.765394414652,
    8.023655518163));
#4387 = VECTOR('',#4388,1.);
#4388 = DIRECTION('',(0.987682218619,-0.154435842808,-2.516754814306E-02
    ));
#4389 = ORIENTED_EDGE('',*,*,#1471,.F.);
#4390 = ORIENTED_EDGE('',*,*,#4391,.F.);
#4391 = EDGE_CURVE('',#1381,#1463,#4392,.T.);
#4392 = LINE('',#4393,#4394);
#4393 = CARTESIAN_POINT('',(-16.12538996252,23.937823698651,
    6.149371867901));
#4394 = VECTOR('',#4395,1.);
#4395 = DIRECTION('',(-0.98799516896,0.15448477631,8.183950009146E-16));
#4396 = PLANE('',#4397);
#4397 = AXIS2_PLACEMENT_3D('',#4398,#4399,#4400);
#4398 = CARTESIAN_POINT('',(-13.83786979458,23.580142757942,
    6.549371867901));
#4399 = DIRECTION('',(-0.15448477631,-0.98799516896,0.));
#4400 = DIRECTION('',(-0.98799516896,0.15448477631,0.));
#4401 = ADVANCED_FACE('',(#4402),#4414,.T.);
#4402 = FACE_BOUND('',#4403,.T.);
#4403 = EDGE_LOOP('',(#4404,#4405,#4412,#4413));
#4404 = ORIENTED_EDGE('',*,*,#1456,.F.);
#4405 = ORIENTED_EDGE('',*,*,#4406,.F.);
#4406 = EDGE_CURVE('',#4302,#1446,#4407,.T.);
#4407 = ( BOUNDED_CURVE() B_SPLINE_CURVE(3,(#4408,#4409,#4410,#4411),
.UNSPECIFIED.,.F.,.F.) B_SPLINE_CURVE_WITH_KNOTS((4,4),(4.678983395913,
5.464381559311),.PIECEWISE_BEZIER_KNOTS.) CURVE() 
GEOMETRIC_REPRESENTATION_ITEM() RATIONAL_B_SPLINE_CURVE((1.,
0.949253021674,0.949253021674,1.)) REPRESENTATION_ITEM('') );
#4408 = CARTESIAN_POINT('',(-17.84475024484,25.218816792921,
    8.852855393422));
#4409 = CARTESIAN_POINT('',(-17.88626974357,24.953282122477,
    8.65038373388));
#4410 = CARTESIAN_POINT('',(-17.82301303955,24.692071250996,
    8.460734998621));
#4411 = CARTESIAN_POINT('',(-17.66461039255,24.474951165779,
    8.312781488418));
#4412 = ORIENTED_EDGE('',*,*,#4301,.T.);
#4413 = ORIENTED_EDGE('',*,*,#1422,.F.);
#4414 = CYLINDRICAL_SURFACE('',#4415,1.);
#4415 = AXIS2_PLACEMENT_3D('',#4416,#4417,#4418);
#4416 = CARTESIAN_POINT('',(-16.85675507588,25.064332016611,
    6.549371867901));
#4417 = DIRECTION('',(0.,0.,-1.));
#4418 = DIRECTION('',(-0.80785531667,-0.589380850832,-0.));
#4419 = ADVANCED_FACE('',(#4420),#4426,.T.);
#4420 = FACE_BOUND('',#4421,.T.);
#4421 = EDGE_LOOP('',(#4422,#4423,#4424,#4425));
#4422 = ORIENTED_EDGE('',*,*,#4286,.T.);
#4423 = ORIENTED_EDGE('',*,*,#4103,.T.);
#4424 = ORIENTED_EDGE('',*,*,#1389,.F.);
#4425 = ORIENTED_EDGE('',*,*,#4391,.T.);
#4426 = PLANE('',#4427);
#4427 = AXIS2_PLACEMENT_3D('',#4428,#4429,#4430);
#4428 = CARTESIAN_POINT('',(-16.10994148489,24.036623215547,
    6.049371867901));
#4429 = DIRECTION('',(-0.109237232919,-0.698618083751,-0.707106781187));
#4430 = DIRECTION('',(1.387778780781E-17,-0.711363790113,0.702823988005)
  );
#4431 = ADVANCED_FACE('',(#4432),#4457,.T.);
#4432 = FACE_BOUND('',#4433,.T.);
#4433 = EDGE_LOOP('',(#4434,#4442,#4443,#4451));
#4434 = ORIENTED_EDGE('',*,*,#4435,.F.);
#4435 = EDGE_CURVE('',#108,#4436,#4438,.T.);
#4436 = VERTEX_POINT('',#4437);
#4437 = CARTESIAN_POINT('',(-17.47946593652,-14.1203579083,
    8.411353218106));
#4438 = LINE('',#4439,#4440);
#4439 = CARTESIAN_POINT('',(-25.30295235887,-12.77951979059,
    17.7569528887));
#4440 = VECTOR('',#4441,1.);
#4441 = DIRECTION('',(0.638051611359,-0.109353282589,-0.762188953495));
#4442 = ORIENTED_EDGE('',*,*,#133,.T.);
#4443 = ORIENTED_EDGE('',*,*,#4444,.F.);
#4444 = EDGE_CURVE('',#4445,#125,#4447,.T.);
#4445 = VERTEX_POINT('',#4446);
#4446 = CARTESIAN_POINT('',(-20.35173639295,9.272407723748,
    8.411353218106));
#4447 = LINE('',#4448,#4449);
#4448 = CARTESIAN_POINT('',(-18.86725046152,9.454679677004,6.57262241642
    ));
#4449 = VECTOR('',#4450,1.);
#4450 = DIRECTION('',(-0.62631226955,-7.690147700485E-02,0.775770007054)
  );
#4451 = ORIENTED_EDGE('',*,*,#4452,.T.);
#4452 = EDGE_CURVE('',#4445,#4436,#4453,.T.);
#4453 = LINE('',#4454,#4455);
#4454 = CARTESIAN_POINT('',(-17.43088161976,-14.5160454149,
    8.411353218106));
#4455 = VECTOR('',#4456,1.);
#4456 = DIRECTION('',(0.121869343405,-0.992546151641,-6.881584869077E-17
    ));
#4457 = PLANE('',#4458);
#4458 = AXIS2_PLACEMENT_3D('',#4459,#4460,#4461);
#4459 = CARTESIAN_POINT('',(-17.25343851054,0.471064550615,
    5.949371867901));
#4460 = DIRECTION('',(-0.769987535061,-9.454258139312E-02,
    -0.631015765377));
#4461 = DIRECTION('',(0.121869343405,-0.992546151641,6.938893903907E-18)
  );
#4462 = ADVANCED_FACE('',(#4463),#4486,.T.);
#4463 = FACE_BOUND('',#4464,.T.);
#4464 = EDGE_LOOP('',(#4465,#4466,#4472,#4480));
#4465 = ORIENTED_EDGE('',*,*,#4053,.T.);
#4466 = ORIENTED_EDGE('',*,*,#4467,.F.);
#4467 = EDGE_CURVE('',#597,#4045,#4468,.T.);
#4468 = LINE('',#4469,#4470);
#4469 = CARTESIAN_POINT('',(-17.59686720332,33.277262920913,
    6.149371867901));
#4470 = VECTOR('',#4471,1.);
#4471 = DIRECTION('',(-0.698618083749,0.10923723292,-0.707106781188));
#4472 = ORIENTED_EDGE('',*,*,#4473,.T.);
#4473 = EDGE_CURVE('',#597,#4474,#4476,.T.);
#4474 = VERTEX_POINT('',#4475);
#4475 = CARTESIAN_POINT('',(-19.13724909994,23.425872327301,
    6.149371867899));
#4476 = LINE('',#4477,#4478);
#4477 = CARTESIAN_POINT('',(-19.51088923366,21.03628640267,
    6.149371867901));
#4478 = VECTOR('',#4479,1.);
#4479 = DIRECTION('',(-0.154484776312,-0.98799516896,2.329239122164E-16)
  );
#4480 = ORIENTED_EDGE('',*,*,#4481,.F.);
#4481 = EDGE_CURVE('',#4054,#4474,#4482,.T.);
#4482 = LINE('',#4483,#4484);
#4483 = CARTESIAN_POINT('',(-18.69265127391,23.35635417796,
    6.599371867899));
#4484 = VECTOR('',#4485,1.);
#4485 = DIRECTION('',(0.698618083751,-0.10923723292,0.707106781187));
#4486 = PLANE('',#4487);
#4487 = AXIS2_PLACEMENT_3D('',#4488,#4489,#4490);
#4488 = CARTESIAN_POINT('',(-19.60968875055,21.051734880302,
    6.049371867901));
#4489 = DIRECTION('',(0.698618083751,-0.10923723292,-0.707106781187));
#4490 = DIRECTION('',(-1.387778780781E-17,-0.988276652592,0.15267369761)
  );
#4491 = ADVANCED_FACE('',(#4492),#4519,.F.);
#4492 = FACE_BOUND('',#4493,.T.);
#4493 = EDGE_LOOP('',(#4494,#4495,#4503,#4511,#4517,#4518));
#4494 = ORIENTED_EDGE('',*,*,#1767,.F.);
#4495 = ORIENTED_EDGE('',*,*,#4496,.T.);
#4496 = EDGE_CURVE('',#1760,#4497,#4499,.T.);
#4497 = VERTEX_POINT('',#4498);
#4498 = CARTESIAN_POINT('',(-18.82787163995,25.404471404522,
    8.549371867901));
#4499 = LINE('',#4500,#4501);
#4500 = CARTESIAN_POINT('',(-18.82787163995,25.404471404519,
    8.549371867902));
#4501 = VECTOR('',#4502,1.);
#4502 = DIRECTION('',(-0.149220835208,-0.954330049947,0.258819045103));
#4503 = ORIENTED_EDGE('',*,*,#4504,.F.);
#4504 = EDGE_CURVE('',#4505,#4497,#4507,.T.);
#4505 = VERTEX_POINT('',#4506);
#4506 = CARTESIAN_POINT('',(-19.13724909994,23.425872327301,
    8.549371867901));
#4507 = LINE('',#4508,#4509);
#4508 = CARTESIAN_POINT('',(-19.13724909994,23.425872327301,
    8.549371867901));
#4509 = VECTOR('',#4510,1.);
#4510 = DIRECTION('',(0.154484776312,0.98799516896,0.));
#4511 = ORIENTED_EDGE('',*,*,#4512,.F.);
#4512 = EDGE_CURVE('',#4474,#4505,#4513,.T.);
#4513 = LINE('',#4514,#4515);
#4514 = CARTESIAN_POINT('',(-19.13724909994,23.425872327301,
    6.549371867901));
#4515 = VECTOR('',#4516,1.);
#4516 = DIRECTION('',(8.881784197001E-16,0.,1.));
#4517 = ORIENTED_EDGE('',*,*,#4473,.F.);
#4518 = ORIENTED_EDGE('',*,*,#594,.F.);
#4519 = PLANE('',#4520);
#4520 = AXIS2_PLACEMENT_3D('',#4521,#4522,#4523);
#4521 = CARTESIAN_POINT('',(-19.60073813064,20.461664888025,
    6.549371867901));
#4522 = DIRECTION('',(-0.98799516896,0.154484776312,8.77515987838E-16));
#4523 = DIRECTION('',(8.881784197001E-16,0.,1.));
#4524 = ADVANCED_FACE('',(#4525),#4544,.F.);
#4525 = FACE_BOUND('',#4526,.F.);
#4526 = EDGE_LOOP('',(#4527,#4536,#4537,#4538));
#4527 = ORIENTED_EDGE('',*,*,#4528,.F.);
#4528 = EDGE_CURVE('',#4474,#4529,#4531,.T.);
#4529 = VERTEX_POINT('',#4530);
#4530 = CARTESIAN_POINT('',(-18.02738458758,22.278841399348,
    6.149371867901));
#4531 = CIRCLE('',#4532,1.);
#4532 = AXIS2_PLACEMENT_3D('',#4533,#4534,#4535);
#4533 = CARTESIAN_POINT('',(-18.14925393098,23.271387550989,
    6.149371867901));
#4534 = DIRECTION('',(3.598319847647E-17,2.30127700005E-16,1.));
#4535 = DIRECTION('',(-0.98799516896,0.154484776312,4.437342591868E-31)
  );
#4536 = ORIENTED_EDGE('',*,*,#4481,.F.);
#4537 = ORIENTED_EDGE('',*,*,#4061,.F.);
#4538 = ORIENTED_EDGE('',*,*,#4539,.F.);
#4539 = EDGE_CURVE('',#4529,#4062,#4540,.T.);
#4540 = LINE('',#4541,#4542);
#4541 = CARTESIAN_POINT('',(-18.02738458758,22.278841399348,
    6.149371867901));
#4542 = VECTOR('',#4543,1.);
#4543 = DIRECTION('',(8.617463913982E-02,-0.701836114466,-0.707106781187
    ));
#4544 = CONICAL_SURFACE('',#4545,1.1,0.785398163397);
#4545 = AXIS2_PLACEMENT_3D('',#4546,#4547,#4548);
#4546 = CARTESIAN_POINT('',(-18.14925393098,23.271387550989,
    6.049371867901));
#4547 = DIRECTION('',(-4.41038349384E-16,6.896158290058E-17,-1.));
#4548 = DIRECTION('',(-0.98799516896,0.154484776312,4.463972732259E-16)
  );
#4549 = ADVANCED_FACE('',(#4550),#4568,.T.);
#4550 = FACE_BOUND('',#4551,.T.);
#4551 = EDGE_LOOP('',(#4552,#4560,#4561,#4562));
#4552 = ORIENTED_EDGE('',*,*,#4553,.T.);
#4553 = EDGE_CURVE('',#4554,#325,#4556,.T.);
#4554 = VERTEX_POINT('',#4555);
#4555 = CARTESIAN_POINT('',(-12.81470341709,23.650592664142,
    6.149371867901));
#4556 = LINE('',#4557,#4558);
#4557 = CARTESIAN_POINT('',(-13.04230570688,22.194980220448,
    6.149371867901));
#4558 = VECTOR('',#4559,1.);
#4559 = DIRECTION('',(0.15448477631,0.98799516896,-2.329239122149E-16));
#4560 = ORIENTED_EDGE('',*,*,#484,.T.);
#4561 = ORIENTED_EDGE('',*,*,#4086,.T.);
#4562 = ORIENTED_EDGE('',*,*,#4563,.F.);
#4563 = EDGE_CURVE('',#4554,#4078,#4564,.T.);
#4564 = LINE('',#4565,#4566);
#4565 = CARTESIAN_POINT('',(-13.25930124312,23.720110813481,
    6.599371867901));
#4566 = VECTOR('',#4567,1.);
#4567 = DIRECTION('',(0.698618083751,-0.109237232919,-0.707106781187));
#4568 = PLANE('',#4569);
#4569 = AXIS2_PLACEMENT_3D('',#4570,#4571,#4572);
#4570 = CARTESIAN_POINT('',(-12.94350618999,22.179531742817,
    6.049371867901));
#4571 = DIRECTION('',(-0.698618083751,0.109237232919,-0.707106781187));
#4572 = DIRECTION('',(-0.711363790113,-6.938893903907E-18,0.702823988005
    ));
#4573 = ADVANCED_FACE('',(#4574),#4601,.T.);
#4574 = FACE_BOUND('',#4575,.T.);
#4575 = EDGE_LOOP('',(#4576,#4586,#4592,#4593,#4594,#4595));
#4576 = ORIENTED_EDGE('',*,*,#4577,.F.);
#4577 = EDGE_CURVE('',#4578,#4580,#4582,.T.);
#4578 = VERTEX_POINT('',#4579);
#4579 = CARTESIAN_POINT('',(-19.8158668089,25.55895618083,8.549371867901
    ));
#4580 = VERTEX_POINT('',#4581);
#4581 = CARTESIAN_POINT('',(-20.44231395191,21.552563022343,
    8.549371867901));
#4582 = LINE('',#4583,#4584);
#4583 = CARTESIAN_POINT('',(-18.66277674053,32.933452517213,
    8.549371867901));
#4584 = VECTOR('',#4585,1.);
#4585 = DIRECTION('',(-0.15448477631,-0.98799516896,0.));
#4586 = ORIENTED_EDGE('',*,*,#4587,.T.);
#4587 = EDGE_CURVE('',#4578,#1752,#4588,.T.);
#4588 = LINE('',#4589,#4590);
#4589 = CARTESIAN_POINT('',(-18.80951235512,31.995016499171,
    6.803880372682));
#4590 = VECTOR('',#4591,1.);
#4591 = DIRECTION('',(0.149220835206,0.954330049947,-0.258819045103));
#4592 = ORIENTED_EDGE('',*,*,#1751,.F.);
#4593 = ORIENTED_EDGE('',*,*,#470,.F.);
#4594 = ORIENTED_EDGE('',*,*,#4009,.T.);
#4595 = ORIENTED_EDGE('',*,*,#4596,.T.);
#4596 = EDGE_CURVE('',#4001,#4580,#4597,.T.);
#4597 = LINE('',#4598,#4599);
#4598 = CARTESIAN_POINT('',(-20.44231395191,21.552563022343,
    5.949371867901));
#4599 = VECTOR('',#4600,1.);
#4600 = DIRECTION('',(0.,0.,1.));
#4601 = PLANE('',#4602);
#4602 = AXIS2_PLACEMENT_3D('',#4603,#4604,#4605);
#4603 = CARTESIAN_POINT('',(-18.84488394088,31.768800319893,
    5.949371867901));
#4604 = DIRECTION('',(-0.98799516896,0.15448477631,0.));
#4605 = DIRECTION('',(0.,0.,1.));
#4606 = ADVANCED_FACE('',(#4607),#4625,.F.);
#4607 = FACE_BOUND('',#4608,.T.);
#4608 = EDGE_LOOP('',(#4609,#4617,#4623,#4624));
#4609 = ORIENTED_EDGE('',*,*,#4610,.T.);
#4610 = EDGE_CURVE('',#3365,#4611,#4613,.T.);
#4611 = VERTEX_POINT('',#4612);
#4612 = CARTESIAN_POINT('',(-22.96589009335,21.928731743168,
    6.549371867901));
#4613 = LINE('',#4614,#4615);
#4614 = CARTESIAN_POINT('',(-24.00336479292,21.958475500953,
    6.549371867901));
#4615 = VECTOR('',#4616,1.);
#4616 = DIRECTION('',(0.999589286454,-2.865760642845E-02,0.));
#4617 = ORIENTED_EDGE('',*,*,#4618,.F.);
#4618 = EDGE_CURVE('',#2926,#4611,#4619,.T.);
#4619 = LINE('',#4620,#4621);
#4620 = CARTESIAN_POINT('',(-22.96589009335,21.928731743168,
    7.249371867901));
#4621 = VECTOR('',#4622,1.);
#4622 = DIRECTION('',(-0.,-0.,-1.));
#4623 = ORIENTED_EDGE('',*,*,#2925,.F.);
#4624 = ORIENTED_EDGE('',*,*,#3372,.F.);
#4625 = PLANE('',#4626);
#4626 = AXIS2_PLACEMENT_3D('',#4627,#4628,#4629);
#4627 = CARTESIAN_POINT('',(-24.00336479292,21.958475500953,
    7.249371867901));
#4628 = DIRECTION('',(2.865760642845E-02,0.999589286454,0.));
#4629 = DIRECTION('',(-0.999589286454,2.865760642845E-02,0.));
#4630 = ADVANCED_FACE('',(#4631),#4648,.F.);
#4631 = FACE_BOUND('',#4632,.T.);
#4632 = EDGE_LOOP('',(#4633,#4639,#4640,#4641,#4647));
#4633 = ORIENTED_EDGE('',*,*,#4634,.T.);
#4634 = EDGE_CURVE('',#3958,#2934,#4635,.T.);
#4635 = LINE('',#4636,#4637);
#4636 = CARTESIAN_POINT('',(-22.44697488028,21.980783045651,
    6.549371867901));
#4637 = VECTOR('',#4638,1.);
#4638 = DIRECTION('',(0.,0.,1.));
#4639 = ORIENTED_EDGE('',*,*,#2933,.F.);
#4640 = ORIENTED_EDGE('',*,*,#4618,.T.);
#4641 = ORIENTED_EDGE('',*,*,#4642,.T.);
#4642 = EDGE_CURVE('',#4611,#3967,#4643,.T.);
#4643 = LINE('',#4644,#4645);
#4644 = CARTESIAN_POINT('',(-22.96589009335,21.928731743168,
    5.949371867901));
#4645 = VECTOR('',#4646,1.);
#4646 = DIRECTION('',(0.,0.,-1.));
#4647 = ORIENTED_EDGE('',*,*,#3966,.F.);
#4648 = PLANE('',#4649);
#4649 = AXIS2_PLACEMENT_3D('',#4650,#4651,#4652);
#4650 = CARTESIAN_POINT('',(-21.37062554274,22.088749402262,
    5.949371867901));
#4651 = DIRECTION('',(-9.980705733543E-02,0.995006809678,0.));
#4652 = DIRECTION('',(-0.995006809678,-9.980705733543E-02,0.));
#4653 = ADVANCED_FACE('',(#4654),#4665,.T.);
#4654 = FACE_BOUND('',#4655,.T.);
#4655 = EDGE_LOOP('',(#4656,#4657,#4663,#4664));
#4656 = ORIENTED_EDGE('',*,*,#3957,.F.);
#4657 = ORIENTED_EDGE('',*,*,#4658,.F.);
#4658 = EDGE_CURVE('',#2942,#3950,#4659,.T.);
#4659 = LINE('',#4660,#4661);
#4660 = CARTESIAN_POINT('',(-21.203511524,23.157513892366,5.949371867901
    ));
#4661 = VECTOR('',#4662,1.);
#4662 = DIRECTION('',(-0.,-0.,-1.));
#4663 = ORIENTED_EDGE('',*,*,#2941,.F.);
#4664 = ORIENTED_EDGE('',*,*,#4634,.F.);
#4665 = CYLINDRICAL_SURFACE('',#4666,1.4);
#4666 = AXIS2_PLACEMENT_3D('',#4667,#4668,#4669);
#4667 = CARTESIAN_POINT('',(-22.58670476055,23.373792579201,
    5.949371867901));
#4668 = DIRECTION('',(0.,0.,-1.));
#4669 = DIRECTION('',(-1.,0.,0.));
#4670 = ADVANCED_FACE('',(#4671),#4677,.T.);
#4671 = FACE_BOUND('',#4672,.T.);
#4672 = EDGE_LOOP('',(#4673,#4674,#4675,#4676));
#4673 = ORIENTED_EDGE('',*,*,#2999,.T.);
#4674 = ORIENTED_EDGE('',*,*,#2950,.F.);
#4675 = ORIENTED_EDGE('',*,*,#4658,.T.);
#4676 = ORIENTED_EDGE('',*,*,#3949,.T.);
#4677 = PLANE('',#4678);
#4678 = AXIS2_PLACEMENT_3D('',#4679,#4680,#4681);
#4679 = CARTESIAN_POINT('',(-21.55208658862,20.928229634826,
    5.949371867901));
#4680 = DIRECTION('',(0.98799516896,-0.15448477631,0.));
#4681 = DIRECTION('',(0.,0.,-1.));
#4682 = ADVANCED_FACE('',(#4683),#4701,.F.);
#4683 = FACE_BOUND('',#4684,.T.);
#4684 = EDGE_LOOP('',(#4685,#4686,#4687,#4695));
#4685 = ORIENTED_EDGE('',*,*,#3992,.F.);
#4686 = ORIENTED_EDGE('',*,*,#2187,.T.);
#4687 = ORIENTED_EDGE('',*,*,#4688,.F.);
#4688 = EDGE_CURVE('',#4689,#2179,#4691,.T.);
#4689 = VERTEX_POINT('',#4690);
#4690 = CARTESIAN_POINT('',(-20.88640800772,21.132302005659,
    8.549371867901));
#4691 = LINE('',#4692,#4693);
#4692 = CARTESIAN_POINT('',(-20.88640800772,21.132302005659,
    8.549371867901));
#4693 = VECTOR('',#4694,1.);
#4694 = DIRECTION('',(-0.995006809678,-9.980705733542E-02,0.));
#4695 = ORIENTED_EDGE('',*,*,#4696,.F.);
#4696 = EDGE_CURVE('',#3993,#4689,#4697,.T.);
#4697 = LINE('',#4698,#4699);
#4698 = CARTESIAN_POINT('',(-20.88640800772,21.132302005659,
    5.949371867901));
#4699 = VECTOR('',#4700,1.);
#4700 = DIRECTION('',(0.,0.,1.));
#4701 = PLANE('',#4702);
#4702 = AXIS2_PLACEMENT_3D('',#4703,#4704,#4705);
#4703 = CARTESIAN_POINT('',(-23.58683321577,20.861427986558,
    5.949371867901));
#4704 = DIRECTION('',(9.980705733543E-02,-0.995006809678,0.));
#4705 = DIRECTION('',(0.995006809678,9.980705733543E-02,0.));
#4706 = ADVANCED_FACE('',(#4707),#4773,.T.);
#4707 = FACE_BOUND('',#4708,.T.);
#4708 = EDGE_LOOP('',(#4709,#4710,#4711,#4719,#4726,#4727,#4728,#4729,
    #4730,#4731,#4732,#4741,#4749,#4756,#4757,#4766,#4772));
#4709 = ORIENTED_EDGE('',*,*,#2612,.F.);
#4710 = ORIENTED_EDGE('',*,*,#2268,.T.);
#4711 = ORIENTED_EDGE('',*,*,#4712,.F.);
#4712 = EDGE_CURVE('',#4713,#2269,#4715,.T.);
#4713 = VERTEX_POINT('',#4714);
#4714 = CARTESIAN_POINT('',(-23.49880296032,21.424418523147,
    6.549371867901));
#4715 = LINE('',#4716,#4717);
#4716 = CARTESIAN_POINT('',(-23.31046413248,22.628924601218,
    6.549371867901));
#4717 = VECTOR('',#4718,1.);
#4718 = DIRECTION('',(-0.15448477631,-0.98799516896,2.329239122149E-16)
  );
#4719 = ORIENTED_EDGE('',*,*,#4720,.T.);
#4720 = EDGE_CURVE('',#4713,#4611,#4721,.T.);
#4721 = CIRCLE('',#4722,0.6);
#4722 = AXIS2_PLACEMENT_3D('',#4723,#4724,#4725);
#4723 = CARTESIAN_POINT('',(-22.90600585894,21.331727657361,
    6.549371867901));
#4724 = DIRECTION('',(-8.445535056805E-16,-1.03698131354E-16,-1.));
#4725 = DIRECTION('',(1.,-1.156482317318E-14,-8.445535056805E-16));
#4726 = ORIENTED_EDGE('',*,*,#4610,.F.);
#4727 = ORIENTED_EDGE('',*,*,#3364,.F.);
#4728 = ORIENTED_EDGE('',*,*,#2776,.F.);
#4729 = ORIENTED_EDGE('',*,*,#1485,.F.);
#4730 = ORIENTED_EDGE('',*,*,#3099,.F.);
#4731 = ORIENTED_EDGE('',*,*,#3047,.F.);
#4732 = ORIENTED_EDGE('',*,*,#4733,.T.);
#4733 = EDGE_CURVE('',#3040,#4734,#4736,.T.);
#4734 = VERTEX_POINT('',#4735);
#4735 = CARTESIAN_POINT('',(-28.64929397421,26.029013082512,
    6.549371867901));
#4736 = CIRCLE('',#4737,2.);
#4737 = AXIS2_PLACEMENT_3D('',#4738,#4739,#4740);
#4738 = CARTESIAN_POINT('',(-26.67330363629,25.720043529891,
    6.549371867901));
#4739 = DIRECTION('',(8.445535056805E-16,1.03698131354E-16,1.));
#4740 = DIRECTION('',(1.,2.365171069822E-33,-8.445535056805E-16));
#4741 = ORIENTED_EDGE('',*,*,#4742,.T.);
#4742 = EDGE_CURVE('',#4734,#4743,#4745,.T.);
#4743 = VERTEX_POINT('',#4744);
#4744 = CARTESIAN_POINT('',(-29.11129080667,23.074348879074,
    6.549371867901));
#4745 = LINE('',#4746,#4747);
#4746 = CARTESIAN_POINT('',(-27.69243857489,32.148506112873,
    6.549371867901));
#4747 = VECTOR('',#4748,1.);
#4748 = DIRECTION('',(-0.15448477631,-0.98799516896,2.329239122149E-16)
  );
#4749 = ORIENTED_EDGE('',*,*,#4750,.T.);
#4750 = EDGE_CURVE('',#4743,#1006,#4751,.T.);
#4751 = CIRCLE('',#4752,1.4);
#4752 = AXIS2_PLACEMENT_3D('',#4753,#4754,#4755);
#4753 = CARTESIAN_POINT('',(-27.72809757012,22.85807019224,
    6.549371867901));
#4754 = DIRECTION('',(8.445535056805E-16,1.03698131354E-16,1.));
#4755 = DIRECTION('',(1.,4.091251025725E-32,-8.445535056805E-16));
#4756 = ORIENTED_EDGE('',*,*,#1005,.T.);
#4757 = ORIENTED_EDGE('',*,*,#4758,.T.);
#4758 = EDGE_CURVE('',#1008,#4759,#4761,.T.);
#4759 = VERTEX_POINT('',#4760);
#4760 = CARTESIAN_POINT('',(-27.04126926598,20.76759101533,
    6.549371867901));
#4761 = CIRCLE('',#4762,0.6);
#4762 = AXIS2_PLACEMENT_3D('',#4763,#4764,#4765);
#4763 = CARTESIAN_POINT('',(-27.63406636723,20.860281881912,
    6.549371867901));
#4764 = DIRECTION('',(-8.445535056805E-16,-1.03698131354E-16,-1.));
#4765 = DIRECTION('',(1.,1.156482317318E-14,-8.445535056805E-16));
#4766 = ORIENTED_EDGE('',*,*,#4767,.F.);
#4767 = EDGE_CURVE('',#2346,#4759,#4768,.T.);
#4768 = LINE('',#4769,#4770);
#4769 = CARTESIAN_POINT('',(-27.10362503688,20.368799617666,
    6.549371867901));
#4770 = VECTOR('',#4771,1.);
#4771 = DIRECTION('',(0.154484777637,0.987995168753,-2.329239133141E-16)
  );
#4772 = ORIENTED_EDGE('',*,*,#2353,.T.);
#4773 = PLANE('',#4774);
#4774 = AXIS2_PLACEMENT_3D('',#4775,#4776,#4777);
#4775 = CARTESIAN_POINT('',(-18.84672027701,21.5211061564,6.549371867901
    ));
#4776 = DIRECTION('',(8.445535056805E-16,1.03698131354E-16,1.));
#4777 = DIRECTION('',(1.,0.,-8.445535056805E-16));
#4778 = ADVANCED_FACE('',(#4779),#4790,.T.);
#4779 = FACE_BOUND('',#4780,.T.);
#4780 = EDGE_LOOP('',(#4781,#4782,#4783,#4784));
#4781 = ORIENTED_EDGE('',*,*,#3907,.F.);
#4782 = ORIENTED_EDGE('',*,*,#2345,.T.);
#4783 = ORIENTED_EDGE('',*,*,#4767,.T.);
#4784 = ORIENTED_EDGE('',*,*,#4785,.T.);
#4785 = EDGE_CURVE('',#4759,#3908,#4786,.T.);
#4786 = LINE('',#4787,#4788);
#4787 = CARTESIAN_POINT('',(-27.04126926598,20.76759101533,
    5.949371867901));
#4788 = VECTOR('',#4789,1.);
#4789 = DIRECTION('',(-8.626272619765E-16,1.348820165977E-16,-1.));
#4790 = PLANE('',#4791);
#4791 = AXIS2_PLACEMENT_3D('',#4792,#4793,#4794);
#4792 = CARTESIAN_POINT('',(-25.63905788537,29.735322922663,
    6.549371867901));
#4793 = DIRECTION('',(-0.987995168753,0.154484777637,8.731087856083E-16)
  );
#4794 = DIRECTION('',(8.837176670719E-16,-2.465190328816E-32,1.));
#4795 = ADVANCED_FACE('',(#4796),#4812,.T.);
#4796 = FACE_BOUND('',#4797,.T.);
#4797 = EDGE_LOOP('',(#4798,#4799,#4805,#4806));
#4798 = ORIENTED_EDGE('',*,*,#1853,.F.);
#4799 = ORIENTED_EDGE('',*,*,#4800,.F.);
#4800 = EDGE_CURVE('',#3750,#1846,#4801,.T.);
#4801 = LINE('',#4802,#4803);
#4802 = CARTESIAN_POINT('',(-15.41342239484,-40.96601199705,
    -21.61106933665));
#4803 = VECTOR('',#4804,1.);
#4804 = DIRECTION('',(6.656181062467E-02,0.269125462389,0.960802274592)
  );
#4805 = ORIENTED_EDGE('',*,*,#3749,.F.);
#4806 = ORIENTED_EDGE('',*,*,#4807,.F.);
#4807 = EDGE_CURVE('',#1854,#3742,#4808,.T.);
#4808 = LINE('',#4809,#4810);
#4809 = CARTESIAN_POINT('',(-12.22598638781,-34.58681054099,
    -14.9801198893));
#4810 = VECTOR('',#4811,1.);
#4811 = DIRECTION('',(-6.656181062467E-02,-0.269125462389,
    -0.960802274592));
#4812 = CYLINDRICAL_SURFACE('',#4813,4.);
#4813 = AXIS2_PLACEMENT_3D('',#4814,#4815,#4816);
#4814 = CARTESIAN_POINT('',(-16.72778154881,-37.30546846397,
    -22.54535037404));
#4815 = DIRECTION('',(6.656181062467E-02,0.269125462389,0.960802274592)
  );
#4816 = DIRECTION('',(-1.040834085586E-17,-0.962937778241,0.269723627508
    ));
#4817 = ADVANCED_FACE('',(#4818),#4877,.F.);
#4818 = FACE_BOUND('',#4819,.T.);
#4819 = EDGE_LOOP('',(#4820,#4821,#4828,#4829,#4837,#4844,#4845,#4851,
    #4852,#4861,#4869,#4875,#4876));
#4820 = ORIENTED_EDGE('',*,*,#1845,.T.);
#4821 = ORIENTED_EDGE('',*,*,#4822,.T.);
#4822 = EDGE_CURVE('',#1838,#148,#4823,.T.);
#4823 = ( BOUNDED_CURVE() B_SPLINE_CURVE(3,(#4824,#4825,#4826,#4827),
.UNSPECIFIED.,.F.,.F.) B_SPLINE_CURVE_WITH_KNOTS((4,4),(1.57079622219,
1.638110132445),.PIECEWISE_BEZIER_KNOTS.) CURVE() 
GEOMETRIC_REPRESENTATION_ITEM() RATIONAL_B_SPLINE_CURVE((1.,
0.999622438767,0.999622438767,1.)) REPRESENTATION_ITEM('') );
#4824 = CARTESIAN_POINT('',(-24.629908892,-32.7136450655,23.687850479885
    ));
#4825 = CARTESIAN_POINT('',(-24.64282920531,-32.7177615067,
    23.689898600075));
#4826 = CARTESIAN_POINT('',(-24.65577236155,-32.72199756171,
    23.691510205195));
#4827 = CARTESIAN_POINT('',(-24.66872370021,-32.72634843243,
    23.692683469805));
#4828 = ORIENTED_EDGE('',*,*,#147,.T.);
#4829 = ORIENTED_EDGE('',*,*,#4830,.F.);
#4830 = EDGE_CURVE('',#4831,#150,#4833,.T.);
#4831 = VERTEX_POINT('',#4832);
#4832 = CARTESIAN_POINT('',(-25.54175860334,-34.25614327397,
    18.927094723712));
#4833 = LINE('',#4834,#4835);
#4834 = CARTESIAN_POINT('',(-25.20562376822,-32.89706902287,
    23.779112887303));
#4835 = VECTOR('',#4836,1.);
#4836 = DIRECTION('',(6.656181062467E-02,0.269125462389,0.960802274592)
  );
#4837 = ORIENTED_EDGE('',*,*,#4838,.T.);
#4838 = EDGE_CURVE('',#4831,#190,#4839,.T.);
#4839 = ( BOUNDED_CURVE() B_SPLINE_CURVE(3,(#4840,#4841,#4842,#4843),
.UNSPECIFIED.,.F.,.F.) B_SPLINE_CURVE_WITH_KNOTS((4,4),(2.21138660514,
2.31392288905),.PIECEWISE_BEZIER_KNOTS.) CURVE() 
GEOMETRIC_REPRESENTATION_ITEM() RATIONAL_B_SPLINE_CURVE((1.,
0.999124051096,0.999124051096,1.)) REPRESENTATION_ITEM('') );
#4840 = CARTESIAN_POINT('',(-25.54175860334,-34.25614327397,
    18.927094723712));
#4841 = CARTESIAN_POINT('',(-25.54317244887,-34.26185979261,
    18.906686234447));
#4842 = CARTESIAN_POINT('',(-25.54357199862,-34.26723273945,
    18.886196945698));
#4843 = CARTESIAN_POINT('',(-25.54295620264,-34.27224799522,
    18.865680700174));
#4844 = ORIENTED_EDGE('',*,*,#189,.T.);
#4845 = ORIENTED_EDGE('',*,*,#4846,.T.);
#4846 = EDGE_CURVE('',#192,#1218,#4847,.T.);
#4847 = LINE('',#4848,#4849);
#4848 = CARTESIAN_POINT('',(-25.7887065407,-34.35896655426,
    18.871639448909));
#4849 = VECTOR('',#4850,1.);
#4850 = DIRECTION('',(0.70348838953,7.213844774479E-02,-0.707036159014)
  );
#4851 = ORIENTED_EDGE('',*,*,#1225,.T.);
#4852 = ORIENTED_EDGE('',*,*,#4853,.T.);
#4853 = EDGE_CURVE('',#1226,#4854,#4856,.T.);
#4854 = VERTEX_POINT('',#4855);
#4855 = CARTESIAN_POINT('',(-16.087713191,-33.9617809214,6.780337517332)
  );
#4856 = ( BOUNDED_CURVE() B_SPLINE_CURVE(3,(#4857,#4858,#4859,#4860),
.UNSPECIFIED.,.F.,.F.) B_SPLINE_CURVE_WITH_KNOTS((4,4),(3.969262418129,
5.54005874549),.PIECEWISE_BEZIER_KNOTS.) CURVE() 
GEOMETRIC_REPRESENTATION_ITEM() RATIONAL_B_SPLINE_CURVE((1.,
0.804737853991,0.804737853991,1.)) REPRESENTATION_ITEM('') );
#4857 = CARTESIAN_POINT('',(-15.15276107994,-33.37084575465,
    7.780337517332));
#4858 = CARTESIAN_POINT('',(-15.13517867522,-33.5140429497,
    7.194551079443));
#4859 = CARTESIAN_POINT('',(-15.52244851986,-33.75881631029,
    6.780337517001));
#4860 = CARTESIAN_POINT('',(-16.087713191,-33.9617809214,6.780337517332)
  );
#4861 = ORIENTED_EDGE('',*,*,#4862,.T.);
#4862 = EDGE_CURVE('',#4854,#4863,#4865,.T.);
#4863 = VERTEX_POINT('',#4864);
#4864 = CARTESIAN_POINT('',(-23.11463860037,-36.48487719079,
    6.780337521449));
#4865 = LINE('',#4866,#4867);
#4866 = CARTESIAN_POINT('',(-29.07942095995,-38.62659910222,
    6.780337524943));
#4867 = VECTOR('',#4868,1.);
#4868 = DIRECTION('',(-0.941168677487,-0.337937154687,5.513633883473E-10
    ));
#4869 = ORIENTED_EDGE('',*,*,#4870,.T.);
#4870 = EDGE_CURVE('',#4863,#3759,#4871,.T.);
#4871 = LINE('',#4872,#4873);
#4872 = CARTESIAN_POINT('',(-22.31436622749,-43.00257263232,
    -19.88203945195));
#4873 = VECTOR('',#4874,1.);
#4874 = DIRECTION('',(2.914414026479E-02,-0.237359974662,-0.970984480575
    ));
#4875 = ORIENTED_EDGE('',*,*,#3758,.T.);
#4876 = ORIENTED_EDGE('',*,*,#4800,.T.);
#4877 = PLANE('',#4878);
#4878 = AXIS2_PLACEMENT_3D('',#4879,#4880,#4881);
#4879 = CARTESIAN_POINT('',(-28.41209774506,-45.10741950868,
    -19.55052719297));
#4880 = DIRECTION('',(-0.328589788494,0.915135883269,-0.233570259348));
#4881 = DIRECTION('',(-0.941168677442,-0.337937154811,1.387778780781E-17
    ));
#4882 = ADVANCED_FACE('',(#4883),#4894,.T.);
#4883 = FACE_BOUND('',#4884,.T.);
#4884 = EDGE_LOOP('',(#4885,#4886,#4887,#4893));
#4885 = ORIENTED_EDGE('',*,*,#774,.F.);
#4886 = ORIENTED_EDGE('',*,*,#1870,.F.);
#4887 = ORIENTED_EDGE('',*,*,#4888,.F.);
#4888 = EDGE_CURVE('',#3733,#1863,#4889,.T.);
#4889 = LINE('',#4890,#4891);
#4890 = CARTESIAN_POINT('',(-10.93858796765,-15.10421025632,
    20.512934849296));
#4891 = VECTOR('',#4892,1.);
#4892 = DIRECTION('',(6.656181055162E-02,0.269125462873,0.960802274461)
  );
#4893 = ORIENTED_EDGE('',*,*,#3732,.F.);
#4894 = CYLINDRICAL_SURFACE('',#4895,4.);
#4895 = AXIS2_PLACEMENT_3D('',#4896,#4897,#4898);
#4896 = CARTESIAN_POINT('',(-17.51250319311,-26.20094965403,
    -16.96280520387));
#4897 = DIRECTION('',(-6.656181055162E-02,-0.269125462873,
    -0.960802274461));
#4898 = DIRECTION('',(3.469446951954E-18,0.962937778105,-0.269723627992)
  );
#4899 = ADVANCED_FACE('',(#4900),#4906,.F.);
#4900 = FACE_BOUND('',#4901,.T.);
#4901 = EDGE_LOOP('',(#4902,#4903,#4904,#4905));
#4902 = ORIENTED_EDGE('',*,*,#4888,.T.);
#4903 = ORIENTED_EDGE('',*,*,#1862,.T.);
#4904 = ORIENTED_EDGE('',*,*,#4807,.T.);
#4905 = ORIENTED_EDGE('',*,*,#3741,.T.);
#4906 = PLANE('',#4907);
#4907 = AXIS2_PLACEMENT_3D('',#4908,#4909,#4910);
#4908 = CARTESIAN_POINT('',(-13.06042202224,-29.05122974147,
    -16.47285594281));
#4909 = DIRECTION('',(-0.98733306041,-0.121229256287,0.102356705895));
#4910 = DIRECTION('',(0.121869343405,-0.992546151641,-1.734723475977E-18
    ));
#4911 = ADVANCED_FACE('',(#4912),#4928,.T.);
#4912 = FACE_BOUND('',#4913,.T.);
#4913 = EDGE_LOOP('',(#4914,#4915,#4921,#4922));
#4914 = ORIENTED_EDGE('',*,*,#1992,.F.);
#4915 = ORIENTED_EDGE('',*,*,#4916,.F.);
#4916 = EDGE_CURVE('',#3701,#1985,#4917,.T.);
#4917 = LINE('',#4918,#4919);
#4918 = CARTESIAN_POINT('',(-15.60804090219,-10.81190274327,
    19.634125708714));
#4919 = VECTOR('',#4920,1.);
#4920 = DIRECTION('',(6.656181055162E-02,0.269125462873,0.960802274461)
  );
#4921 = ORIENTED_EDGE('',*,*,#3700,.F.);
#4922 = ORIENTED_EDGE('',*,*,#4923,.F.);
#4923 = EDGE_CURVE('',#1993,#3693,#4924,.T.);
#4924 = LINE('',#4925,#4926);
#4925 = CARTESIAN_POINT('',(-13.15448435678,-10.2236907969,
    4.918782955491));
#4926 = VECTOR('',#4927,1.);
#4927 = DIRECTION('',(-6.656181055162E-02,-0.269125462873,
    -0.960802274461));
#4928 = CYLINDRICAL_SURFACE('',#4929,4.);
#4929 = AXIS2_PLACEMENT_3D('',#4930,#4931,#4932);
#4930 = CARTESIAN_POINT('',(-16.15751275251,-6.882473009336,
    18.987857555283));
#4931 = DIRECTION('',(-6.656181055162E-02,-0.269125462873,
    -0.960802274461));
#4932 = DIRECTION('',(6.938893903907E-18,0.962937778105,-0.269723627992)
  );
#4933 = ADVANCED_FACE('',(#4934),#4971,.T.);
#4934 = FACE_BOUND('',#4935,.T.);
#4935 = EDGE_LOOP('',(#4936,#4937,#4944,#4945,#4946,#4955,#4963,#4969,
    #4970));
#4936 = ORIENTED_EDGE('',*,*,#1984,.F.);
#4937 = ORIENTED_EDGE('',*,*,#4938,.T.);
#4938 = EDGE_CURVE('',#1977,#106,#4939,.T.);
#4939 = ( BOUNDED_CURVE() B_SPLINE_CURVE(3,(#4940,#4941,#4942,#4943),
.UNSPECIFIED.,.F.,.F.) B_SPLINE_CURVE_WITH_KNOTS((4,4),(1.57079624422,
1.637800785405),.PIECEWISE_BEZIER_KNOTS.) CURVE() 
GEOMETRIC_REPRESENTATION_ITEM() RATIONAL_B_SPLINE_CURVE((1.,
0.999625900948,0.999625900948,1.)) REPRESENTATION_ITEM('') );
#4940 = CARTESIAN_POINT('',(-24.2286929888,-12.54886274493,
    18.011800631042));
#4941 = CARTESIAN_POINT('',(-24.24236330813,-12.55054124908,
    18.01321783149));
#4942 = CARTESIAN_POINT('',(-24.25605584003,-12.55233963815,
    18.014202874059));
#4943 = CARTESIAN_POINT('',(-24.26975521741,-12.5542558938,
    18.014754653239));
#4944 = ORIENTED_EDGE('',*,*,#105,.T.);
#4945 = ORIENTED_EDGE('',*,*,#4435,.T.);
#4946 = ORIENTED_EDGE('',*,*,#4947,.T.);
#4947 = EDGE_CURVE('',#4436,#4948,#4950,.T.);
#4948 = VERTEX_POINT('',#4949);
#4949 = CARTESIAN_POINT('',(-18.19383636889,-14.66786544125,
    6.780337452728));
#4950 = ( BOUNDED_CURVE() B_SPLINE_CURVE(3,(#4951,#4952,#4953,#4954),
.UNSPECIFIED.,.F.,.F.) B_SPLINE_CURVE_WITH_KNOTS((4,4),(0.785398163396,
3.039056369678),.PIECEWISE_BEZIER_KNOTS.) CURVE() 
GEOMETRIC_REPRESENTATION_ITEM() RATIONAL_B_SPLINE_CURVE((1.,
0.619683637302,0.619683637302,1.)) REPRESENTATION_ITEM('') );
#4951 = CARTESIAN_POINT('',(-17.47946593652,-14.1203579083,
    8.411353218106));
#4952 = CARTESIAN_POINT('',(-16.84853919055,-14.22849008682,
    7.657675321709));
#4953 = CARTESIAN_POINT('',(-17.23280539208,-14.52299925246,
    6.780337452728));
#4954 = CARTESIAN_POINT('',(-18.19383636889,-14.66786544125,
    6.780337452728));
#4955 = ORIENTED_EDGE('',*,*,#4956,.T.);
#4956 = EDGE_CURVE('',#4948,#4957,#4959,.T.);
#4957 = VERTEX_POINT('',#4958);
#4958 = CARTESIAN_POINT('',(-25.65532907526,-15.79261379704,
    6.780337452728));
#4959 = LINE('',#4960,#4961);
#4960 = CARTESIAN_POINT('',(-28.51848110573,-16.22420646426,
    6.780337452728));
#4961 = VECTOR('',#4962,1.);
#4962 = DIRECTION('',(-0.988828691676,-0.149056427297,
    -1.382852840686E-16));
#4963 = ORIENTED_EDGE('',*,*,#4964,.F.);
#4964 = EDGE_CURVE('',#3710,#4957,#4965,.T.);
#4965 = LINE('',#4966,#4967);
#4966 = CARTESIAN_POINT('',(-26.10705526084,-12.1135992511,
    20.675907682303));
#4967 = VECTOR('',#4968,1.);
#4968 = DIRECTION('',(-3.141033870946E-02,0.25581667987,0.966214891689)
  );
#4969 = ORIENTED_EDGE('',*,*,#3709,.T.);
#4970 = ORIENTED_EDGE('',*,*,#4916,.T.);
#4971 = PLANE('',#4972);
#4972 = AXIS2_PLACEMENT_3D('',#4973,#4974,#4975);
#4973 = CARTESIAN_POINT('',(-21.62458390283,-11.44626029465,
    20.644940976207));
#4974 = DIRECTION('',(0.144024141025,-0.955444897759,0.257647228102));
#4975 = DIRECTION('',(-0.988828691676,-0.149056427297,6.938893903907E-18
    ));
#4976 = ADVANCED_FACE('',(#4977),#4993,.T.);
#4977 = FACE_BOUND('',#4978,.T.);
#4978 = EDGE_LOOP('',(#4979,#4980,#4986,#4987));
#4979 = ORIENTED_EDGE('',*,*,#2009,.F.);
#4980 = ORIENTED_EDGE('',*,*,#4981,.F.);
#4981 = EDGE_CURVE('',#3684,#2002,#4982,.T.);
#4982 = LINE('',#4983,#4984);
#4983 = CARTESIAN_POINT('',(-14.44468384637,5.967663275074,
    11.650234459434));
#4984 = VECTOR('',#4985,1.);
#4985 = DIRECTION('',(0.101593754531,1.247414454056E-02,0.994747759363)
  );
#4986 = ORIENTED_EDGE('',*,*,#3683,.F.);
#4987 = ORIENTED_EDGE('',*,*,#4988,.F.);
#4988 = EDGE_CURVE('',#1967,#3676,#4989,.T.);
#4989 = LINE('',#4990,#4991);
#4990 = CARTESIAN_POINT('',(-19.46372350869,9.381441995818,
    6.358798691482));
#4991 = VECTOR('',#4992,1.);
#4992 = DIRECTION('',(-0.101593754531,-1.247414454056E-02,
    -0.994747759363));
#4993 = CYLINDRICAL_SURFACE('',#4994,4.);
#4994 = AXIS2_PLACEMENT_3D('',#4995,#4996,#4997);
#4995 = CARTESIAN_POINT('',(-18.87703595298,5.423438867897,
    7.330207876875));
#4996 = DIRECTION('',(0.101593754531,1.247414454056E-02,0.994747759363)
  );
#4997 = DIRECTION('',(0.994825161902,1.084202172486E-18,-0.101601659665)
  );
#4998 = ADVANCED_FACE('',(#4999),#5005,.F.);
#4999 = FACE_BOUND('',#5000,.T.);
#5000 = EDGE_LOOP('',(#5001,#5002,#5003,#5004));
#5001 = ORIENTED_EDGE('',*,*,#4981,.T.);
#5002 = ORIENTED_EDGE('',*,*,#2001,.T.);
#5003 = ORIENTED_EDGE('',*,*,#4923,.T.);
#5004 = ORIENTED_EDGE('',*,*,#3692,.T.);
#5005 = PLANE('',#5006);
#5006 = AXIS2_PLACEMENT_3D('',#5007,#5008,#5009);
#5007 = CARTESIAN_POINT('',(-13.06042202224,-29.05122974147,
    -16.47285594281));
#5008 = DIRECTION('',(-0.98733306041,-0.121229256287,0.102356705895));
#5009 = DIRECTION('',(0.121869343405,-0.992546151641,-1.734723475977E-18
    ));
#5010 = ADVANCED_FACE('',(#5011),#5048,.T.);
#5011 = FACE_BOUND('',#5012,.T.);
#5012 = EDGE_LOOP('',(#5013,#5014,#5015,#5022,#5023,#5024,#5025,#5033,
    #5041));
#5013 = ORIENTED_EDGE('',*,*,#4444,.T.);
#5014 = ORIENTED_EDGE('',*,*,#124,.T.);
#5015 = ORIENTED_EDGE('',*,*,#5016,.T.);
#5016 = EDGE_CURVE('',#117,#1969,#5017,.T.);
#5017 = ( BOUNDED_CURVE() B_SPLINE_CURVE(3,(#5018,#5019,#5020,#5021),
.UNSPECIFIED.,.F.,.F.) B_SPLINE_CURVE_WITH_KNOTS((4,4),(3.826418602883,
3.893423144069),.PIECEWISE_BEZIER_KNOTS.) CURVE() 
GEOMETRIC_REPRESENTATION_ITEM() RATIONAL_B_SPLINE_CURVE((1.,
0.999625900948,0.999625900948,1.)) REPRESENTATION_ITEM('') );
#5018 = CARTESIAN_POINT('',(-21.81955739817,9.092181966138,
    11.781737812307));
#5019 = CARTESIAN_POINT('',(-21.80588490204,9.093860737572,
    11.781254415884));
#5020 = CARTESIAN_POINT('',(-21.79220581831,9.095540317861,
    11.780303583891));
#5021 = CARTESIAN_POINT('',(-21.77853549898,9.097218822017,
    11.778886383444));
#5022 = ORIENTED_EDGE('',*,*,#1966,.F.);
#5023 = ORIENTED_EDGE('',*,*,#4988,.T.);
#5024 = ORIENTED_EDGE('',*,*,#3675,.T.);
#5025 = ORIENTED_EDGE('',*,*,#5026,.F.);
#5026 = EDGE_CURVE('',#5027,#3668,#5029,.T.);
#5027 = VERTEX_POINT('',#5028);
#5028 = CARTESIAN_POINT('',(-28.60844815066,8.258610996075,
    6.780337452728));
#5029 = LINE('',#5030,#5031);
#5030 = CARTESIAN_POINT('',(-28.60844815066,8.258610996075,
    7.199371867901));
#5031 = VECTOR('',#5032,1.);
#5032 = DIRECTION('',(0.,0.,-1.));
#5033 = ORIENTED_EDGE('',*,*,#5034,.F.);
#5034 = EDGE_CURVE('',#5035,#5027,#5037,.T.);
#5035 = VERTEX_POINT('',#5036);
#5036 = CARTESIAN_POINT('',(-21.12172392801,9.177865142354,
    6.780337452728));
#5037 = LINE('',#5038,#5039);
#5038 = CARTESIAN_POINT('',(-31.4812821134,7.905871339413,6.780337452728
    ));
#5039 = VECTOR('',#5040,1.);
#5040 = DIRECTION('',(-0.992546151641,-0.121869343405,
    -1.363674041517E-16));
#5041 = ORIENTED_EDGE('',*,*,#5042,.T.);
#5042 = EDGE_CURVE('',#5035,#4445,#5043,.T.);
#5043 = CIRCLE('',#5044,1.);
#5044 = AXIS2_PLACEMENT_3D('',#5045,#5046,#5047);
#5045 = CARTESIAN_POINT('',(-21.12172392801,9.177865142354,
    7.780337452728));
#5046 = DIRECTION('',(0.121869343405,-0.992546151641,0.));
#5047 = DIRECTION('',(-0.992546151641,-0.121869343405,1.734723475977E-15
    ));
#5048 = PLANE('',#5049);
#5049 = AXIS2_PLACEMENT_3D('',#5050,#5051,#5052);
#5050 = CARTESIAN_POINT('',(-18.10246883209,9.548583053562,
    7.199371867901));
#5051 = DIRECTION('',(-0.121869343405,0.992546151641,0.));
#5052 = DIRECTION('',(0.,0.,1.));
#5053 = ADVANCED_FACE('',(#5054),#5097,.T.);
#5054 = FACE_BOUND('',#5055,.T.);
#5055 = EDGE_LOOP('',(#5056,#5057,#5064,#5065,#5066,#5067,#5075,#5083,
    #5090,#5091));
#5056 = ORIENTED_EDGE('',*,*,#217,.T.);
#5057 = ORIENTED_EDGE('',*,*,#5058,.T.);
#5058 = EDGE_CURVE('',#209,#1822,#5059,.T.);
#5059 = CIRCLE('',#5060,0.6);
#5060 = AXIS2_PLACEMENT_3D('',#5061,#5062,#5063);
#5061 = CARTESIAN_POINT('',(-27.50294081347,-14.08059029056,
    18.043198066515));
#5062 = DIRECTION('',(-0.144024141025,0.955444897759,-0.257647228102));
#5063 = DIRECTION('',(1.387778780781E-17,0.260361713903,0.965511148529)
  );
#5064 = ORIENTED_EDGE('',*,*,#1821,.F.);
#5065 = ORIENTED_EDGE('',*,*,#791,.T.);
#5066 = ORIENTED_EDGE('',*,*,#3725,.F.);
#5067 = ORIENTED_EDGE('',*,*,#5068,.F.);
#5068 = EDGE_CURVE('',#5069,#3718,#5071,.T.);
#5069 = VERTEX_POINT('',#5070);
#5070 = CARTESIAN_POINT('',(-25.529154047,-16.82022693782,6.780337521449
    ));
#5071 = LINE('',#5072,#5073);
#5072 = CARTESIAN_POINT('',(-26.01931546809,-12.82818251879,
    21.858215820499));
#5073 = VECTOR('',#5074,1.);
#5074 = DIRECTION('',(3.141033870946E-02,-0.25581667987,-0.966214891689)
  );
#5075 = ORIENTED_EDGE('',*,*,#5076,.T.);
#5076 = EDGE_CURVE('',#5069,#5077,#5079,.T.);
#5077 = VERTEX_POINT('',#5078);
#5078 = CARTESIAN_POINT('',(-18.32575613143,-15.73438389378,
    6.780337517332));
#5079 = LINE('',#5080,#5081);
#5080 = CARTESIAN_POINT('',(-28.87985608892,-17.3253130857,
    6.780337523364));
#5081 = VECTOR('',#5082,1.);
#5082 = DIRECTION('',(0.988828691698,0.149056427148,-5.650923783287E-10)
  );
#5083 = ORIENTED_EDGE('',*,*,#5084,.T.);
#5084 = EDGE_CURVE('',#5077,#1235,#5085,.T.);
#5085 = ( BOUNDED_CURVE() B_SPLINE_CURVE(3,(#5086,#5087,#5088,#5089),
.UNSPECIFIED.,.F.,.F.) B_SPLINE_CURVE_WITH_KNOTS((4,4),(0.102536283346,
1.673332610707),.PIECEWISE_BEZIER_KNOTS.) CURVE() 
GEOMETRIC_REPRESENTATION_ITEM() RATIONAL_B_SPLINE_CURVE((1.,
0.804737853991,0.804737853991,1.)) REPRESENTATION_ITEM('') );
#5086 = CARTESIAN_POINT('',(-18.32575613143,-15.73438389378,
    6.780337517332));
#5087 = CARTESIAN_POINT('',(-17.74629553998,-15.64703577559,
    6.780337517001));
#5088 = CARTESIAN_POINT('',(-17.35002054865,-15.47560344932,
    7.194551079443));
#5089 = CARTESIAN_POINT('',(-17.3690636731,-15.32050964675,
    7.780337517332));
#5090 = ORIENTED_EDGE('',*,*,#1242,.T.);
#5091 = ORIENTED_EDGE('',*,*,#5092,.T.);
#5092 = EDGE_CURVE('',#1216,#218,#5093,.T.);
#5093 = LINE('',#5094,#5095);
#5094 = CARTESIAN_POINT('',(-31.2058488379,-13.64615599596,
    21.724146566066));
#5095 = VECTOR('',#5096,1.);
#5096 = DIRECTION('',(-0.712331850247,8.063009026607E-02,0.697195900495)
  );
#5097 = PLANE('',#5098);
#5098 = AXIS2_PLACEMENT_3D('',#5099,#5100,#5101);
#5099 = CARTESIAN_POINT('',(-31.0326252602,-13.57455135371,
    21.892849770947));
#5100 = DIRECTION('',(-0.144024141025,0.955444897759,-0.257647228102));
#5101 = DIRECTION('',(-0.872878830533,-2.775557561563E-17,0.487937032011
    ));
#5102 = ADVANCED_FACE('',(#5103),#5114,.T.);
#5103 = FACE_BOUND('',#5104,.T.);
#5104 = EDGE_LOOP('',(#5105,#5106,#5112,#5113));
#5105 = ORIENTED_EDGE('',*,*,#3983,.F.);
#5106 = ORIENTED_EDGE('',*,*,#5107,.T.);
#5107 = EDGE_CURVE('',#3975,#4713,#5108,.T.);
#5108 = LINE('',#5109,#5110);
#5109 = CARTESIAN_POINT('',(-23.49880296032,21.424418523147,
    16.549371867901));
#5110 = VECTOR('',#5111,1.);
#5111 = DIRECTION('',(0.,0.,1.));
#5112 = ORIENTED_EDGE('',*,*,#4712,.T.);
#5113 = ORIENTED_EDGE('',*,*,#2277,.T.);
#5114 = PLANE('',#5115);
#5115 = AXIS2_PLACEMENT_3D('',#5116,#5117,#5118);
#5116 = CARTESIAN_POINT('',(-22.09102615244,30.427743759323,
    16.549371867901));
#5117 = DIRECTION('',(0.98799516896,-0.15448477631,0.));
#5118 = DIRECTION('',(0.15448477631,0.98799516896,0.));
#5119 = ADVANCED_FACE('',(#5120),#5148,.T.);
#5120 = FACE_BOUND('',#5121,.T.);
#5121 = EDGE_LOOP('',(#5122,#5123,#5131,#5140,#5146,#5147));
#5122 = ORIENTED_EDGE('',*,*,#3898,.F.);
#5123 = ORIENTED_EDGE('',*,*,#5124,.F.);
#5124 = EDGE_CURVE('',#5125,#3891,#5127,.T.);
#5125 = VERTEX_POINT('',#5126);
#5126 = CARTESIAN_POINT('',(-30.29133583216,15.527464246209,
    6.549371867901));
#5127 = LINE('',#5128,#5129);
#5128 = CARTESIAN_POINT('',(-30.29133583216,15.527464246209,
    5.949371867901));
#5129 = VECTOR('',#5130,1.);
#5130 = DIRECTION('',(0.,0.,-1.));
#5131 = ORIENTED_EDGE('',*,*,#5132,.F.);
#5132 = EDGE_CURVE('',#5133,#5125,#5135,.T.);
#5133 = VERTEX_POINT('',#5134);
#5134 = CARTESIAN_POINT('',(-30.03806303448,16.137792964288,
    6.549371867901));
#5135 = CIRCLE('',#5136,1.4);
#5136 = AXIS2_PLACEMENT_3D('',#5137,#5138,#5139);
#5137 = CARTESIAN_POINT('',(-28.90814259562,15.311185559375,
    6.549371867901));
#5138 = DIRECTION('',(8.445535056805E-16,1.03698131354E-16,1.));
#5139 = DIRECTION('',(1.,4.091251025725E-32,-8.445535056805E-16));
#5140 = ORIENTED_EDGE('',*,*,#5141,.F.);
#5141 = EDGE_CURVE('',#2474,#5133,#5142,.T.);
#5142 = LINE('',#5143,#5144);
#5143 = CARTESIAN_POINT('',(-30.03806303448,16.137792964288,
    36.559568514461));
#5144 = VECTOR('',#5145,1.);
#5145 = DIRECTION('',(-0.,-0.,-1.));
#5146 = ORIENTED_EDGE('',*,*,#2473,.T.);
#5147 = ORIENTED_EDGE('',*,*,#2385,.F.);
#5148 = CYLINDRICAL_SURFACE('',#5149,1.4);
#5149 = AXIS2_PLACEMENT_3D('',#5150,#5151,#5152);
#5150 = CARTESIAN_POINT('',(-28.90814259562,15.311185559375,
    5.949371867901));
#5151 = DIRECTION('',(0.,0.,-1.));
#5152 = DIRECTION('',(-1.,0.,0.));
#5153 = ADVANCED_FACE('',(#5154),#5165,.T.);
#5154 = FACE_BOUND('',#5155,.T.);
#5155 = EDGE_LOOP('',(#5156,#5157,#5158,#5159));
#5156 = ORIENTED_EDGE('',*,*,#4733,.F.);
#5157 = ORIENTED_EDGE('',*,*,#3039,.F.);
#5158 = ORIENTED_EDGE('',*,*,#3940,.F.);
#5159 = ORIENTED_EDGE('',*,*,#5160,.F.);
#5160 = EDGE_CURVE('',#4734,#3933,#5161,.T.);
#5161 = LINE('',#5162,#5163);
#5162 = CARTESIAN_POINT('',(-28.64929397421,26.029013082512,
    5.949371867901));
#5163 = VECTOR('',#5164,1.);
#5164 = DIRECTION('',(-3.598319847579E-17,-2.301277000036E-16,-1.));
#5165 = CYLINDRICAL_SURFACE('',#5166,2.);
#5166 = AXIS2_PLACEMENT_3D('',#5167,#5168,#5169);
#5167 = CARTESIAN_POINT('',(-26.67330363629,25.720043529891,
    6.549371867901));
#5168 = DIRECTION('',(3.598319847579E-17,2.301277000036E-16,1.));
#5169 = DIRECTION('',(8.280730704007E-33,-1.,2.301277000036E-16));
#5170 = ADVANCED_FACE('',(#5171),#5183,.F.);
#5171 = FACE_BOUND('',#5172,.F.);
#5172 = EDGE_LOOP('',(#5173,#5174,#5175,#5182));
#5173 = ORIENTED_EDGE('',*,*,#4077,.F.);
#5174 = ORIENTED_EDGE('',*,*,#4563,.F.);
#5175 = ORIENTED_EDGE('',*,*,#5176,.F.);
#5176 = EDGE_CURVE('',#825,#4554,#5177,.T.);
#5177 = CIRCLE('',#5178,1.);
#5178 = AXIS2_PLACEMENT_3D('',#5179,#5180,#5181);
#5179 = CARTESIAN_POINT('',(-13.80269858605,23.805077440452,
    6.149371867901));
#5180 = DIRECTION('',(4.880019884839E-16,4.721896121395E-16,1.));
#5181 = DIRECTION('',(0.695367907051,-0.718653931905,1.479114197289E-30)
  );
#5182 = ORIENTED_EDGE('',*,*,#824,.T.);
#5183 = CONICAL_SURFACE('',#5184,1.1,0.785398163397);
#5184 = AXIS2_PLACEMENT_3D('',#5185,#5186,#5187);
#5185 = CARTESIAN_POINT('',(-13.80269858605,23.805077440452,
    6.049371867901));
#5186 = DIRECTION('',(-1.944826457435E-16,2.009953531558E-16,-1.));
#5187 = DIRECTION('',(0.695367907051,-0.718653931905,-2.796830911686E-16
    ));
#5188 = ADVANCED_FACE('',(#5189),#5216,.F.);
#5189 = FACE_BOUND('',#5190,.T.);
#5190 = EDGE_LOOP('',(#5191,#5201,#5207,#5208,#5209,#5210));
#5191 = ORIENTED_EDGE('',*,*,#5192,.F.);
#5192 = EDGE_CURVE('',#5193,#5195,#5197,.T.);
#5193 = VERTEX_POINT('',#5194);
#5194 = CARTESIAN_POINT('',(-12.69051607545,24.44482298588,
    8.549371867901));
#5195 = VERTEX_POINT('',#5196);
#5196 = CARTESIAN_POINT('',(-12.81470341709,23.650592664142,
    8.549371867901));
#5197 = LINE('',#5198,#5199);
#5198 = CARTESIAN_POINT('',(-11.53742600708,31.819319322263,
    8.549371867901));
#5199 = VECTOR('',#5200,1.);
#5200 = DIRECTION('',(-0.15448477631,-0.98799516896,0.));
#5201 = ORIENTED_EDGE('',*,*,#5202,.T.);
#5202 = EDGE_CURVE('',#5193,#1800,#5203,.T.);
#5203 = LINE('',#5204,#5205);
#5204 = CARTESIAN_POINT('',(-12.69051607545,24.44482298588,
    8.549371867901));
#5205 = VECTOR('',#5206,1.);
#5206 = DIRECTION('',(0.149220835206,0.954330049947,-0.258819045103));
#5207 = ORIENTED_EDGE('',*,*,#1799,.F.);
#5208 = ORIENTED_EDGE('',*,*,#324,.F.);
#5209 = ORIENTED_EDGE('',*,*,#4553,.F.);
#5210 = ORIENTED_EDGE('',*,*,#5211,.F.);
#5211 = EDGE_CURVE('',#5195,#4554,#5212,.T.);
#5212 = LINE('',#5213,#5214);
#5213 = CARTESIAN_POINT('',(-12.81470341709,23.650592664142,
    6.549371867901));
#5214 = VECTOR('',#5215,1.);
#5215 = DIRECTION('',(-8.881784197001E-16,0.,-1.));
#5216 = PLANE('',#5217);
#5217 = AXIS2_PLACEMENT_3D('',#5218,#5219,#5220);
#5218 = CARTESIAN_POINT('',(-12.8009266416,23.738700942223,
    6.549371867901));
#5219 = DIRECTION('',(0.98799516896,-0.15448477631,-8.775159878383E-16)
  );
#5220 = DIRECTION('',(-1.972152263053E-31,5.680274838711E-15,-1.));
#5221 = ADVANCED_FACE('',(#5222),#5234,.F.);
#5222 = FACE_BOUND('',#5223,.F.);
#5223 = EDGE_LOOP('',(#5224,#5225,#5226,#5233));
#5224 = ORIENTED_EDGE('',*,*,#5176,.T.);
#5225 = ORIENTED_EDGE('',*,*,#5211,.F.);
#5226 = ORIENTED_EDGE('',*,*,#5227,.T.);
#5227 = EDGE_CURVE('',#5195,#857,#5228,.T.);
#5228 = CIRCLE('',#5229,1.);
#5229 = AXIS2_PLACEMENT_3D('',#5230,#5231,#5232);
#5230 = CARTESIAN_POINT('',(-13.80269858605,23.805077440452,
    8.549371867901));
#5231 = DIRECTION('',(0.,0.,-1.));
#5232 = DIRECTION('',(1.,0.,0.));
#5233 = ORIENTED_EDGE('',*,*,#856,.T.);
#5234 = CYLINDRICAL_SURFACE('',#5235,1.);
#5235 = AXIS2_PLACEMENT_3D('',#5236,#5237,#5238);
#5236 = CARTESIAN_POINT('',(-13.80269858605,23.805077440452,
    6.549371867901));
#5237 = DIRECTION('',(-4.587117120308E-16,-4.438484073817E-16,-1.));
#5238 = DIRECTION('',(0.695367907051,-0.718653931905,1.281898970984E-30)
  );
#5239 = ADVANCED_FACE('',(#5240),#5259,.F.);
#5240 = FACE_BOUND('',#5241,.F.);
#5241 = EDGE_LOOP('',(#5242,#5250,#5257,#5258));
#5242 = ORIENTED_EDGE('',*,*,#5243,.F.);
#5243 = EDGE_CURVE('',#5244,#4529,#5246,.T.);
#5244 = VERTEX_POINT('',#5245);
#5245 = CARTESIAN_POINT('',(-18.02738458758,22.278841399348,
    8.549371867901));
#5246 = LINE('',#5247,#5248);
#5247 = CARTESIAN_POINT('',(-18.02738458758,22.278841399348,
    6.549371867901));
#5248 = VECTOR('',#5249,1.);
#5249 = DIRECTION('',(-8.881784197001E-16,0.,-1.));
#5250 = ORIENTED_EDGE('',*,*,#5251,.T.);
#5251 = EDGE_CURVE('',#5244,#4505,#5252,.T.);
#5252 = CIRCLE('',#5253,1.);
#5253 = AXIS2_PLACEMENT_3D('',#5254,#5255,#5256);
#5254 = CARTESIAN_POINT('',(-18.14925393098,23.271387550989,
    8.549371867901));
#5255 = DIRECTION('',(0.,0.,-1.));
#5256 = DIRECTION('',(1.,0.,0.));
#5257 = ORIENTED_EDGE('',*,*,#4512,.F.);
#5258 = ORIENTED_EDGE('',*,*,#4528,.T.);
#5259 = CYLINDRICAL_SURFACE('',#5260,1.);
#5260 = AXIS2_PLACEMENT_3D('',#5261,#5262,#5263);
#5261 = CARTESIAN_POINT('',(-18.14925393098,23.271387550989,
    6.549371867901));
#5262 = DIRECTION('',(2.119686303118E-17,1.355628610913E-16,1.));
#5263 = DIRECTION('',(-0.98799516896,0.154484776312,2.496005207926E-31)
  );
#5264 = ADVANCED_FACE('',(#5265),#5285,.F.);
#5265 = FACE_BOUND('',#5266,.F.);
#5266 = EDGE_LOOP('',(#5267,#5268,#5277,#5284));
#5267 = ORIENTED_EDGE('',*,*,#2664,.T.);
#5268 = ORIENTED_EDGE('',*,*,#5269,.T.);
#5269 = EDGE_CURVE('',#2665,#5270,#5272,.T.);
#5270 = VERTEX_POINT('',#5271);
#5271 = CARTESIAN_POINT('',(-16.20411590179,11.40231222175,
    6.627727768164));
#5272 = CIRCLE('',#5273,4.);
#5273 = AXIS2_PLACEMENT_3D('',#5274,#5275,#5276);
#5274 = CARTESIAN_POINT('',(-13.43097339463,8.530279887303,
    6.380521569033));
#5275 = DIRECTION('',(0.154441818204,6.426326629247E-02,0.985909710569)
  );
#5276 = DIRECTION('',(0.987951826738,1.734723475977E-18,-0.154761713759)
  );
#5277 = ORIENTED_EDGE('',*,*,#5278,.T.);
#5278 = EDGE_CURVE('',#5270,#2558,#5279,.T.);
#5279 = B_SPLINE_CURVE_WITH_KNOTS('',3,(#5280,#5281,#5282,#5283),
  .UNSPECIFIED.,.F.,.F.,(4,4),(1.817407454212E-16,3.551292912424E-03),
  .PIECEWISE_BEZIER_KNOTS.);
#5280 = CARTESIAN_POINT('',(-16.20411590179,11.40231222175,
    6.627727768164));
#5281 = CARTESIAN_POINT('',(-16.05671324398,11.443603238839,
    7.801563379283));
#5282 = CARTESIAN_POINT('',(-15.91109307953,11.489184475062,
    8.97545228042));
#5283 = CARTESIAN_POINT('',(-15.76737836299,11.540023901801,
    10.149371867901));
#5284 = ORIENTED_EDGE('',*,*,#2568,.T.);
#5285 = ( BOUNDED_SURFACE() B_SPLINE_SURFACE(3,2,(
    (#5286,#5287,#5288)
    ,(#5289,#5290,#5291)
    ,(#5292,#5293,#5294)
    ,(#5295,#5296,#5297
)),.UNSPECIFIED.,.F.,.F.,.F.) B_SPLINE_SURFACE_WITH_KNOTS((4,4),(3,3),(
    3.627732945506E-03,7.477942993764E-03),(0.,1.),
.PIECEWISE_BEZIER_KNOTS.) GEOMETRIC_REPRESENTATION_ITEM() 
RATIONAL_B_SPLINE_SURFACE((
    (1.,0.982153058793,1.)
    ,(1.,0.983793711138,1.)
    ,(1.,0.985208075613,1.)
,(1.,0.986441945996,1.))) REPRESENTATION_ITEM('') SURFACE() );
#5286 = CARTESIAN_POINT('',(-16.20411590179,11.40231222175,
    6.627727768164));
#5287 = CARTESIAN_POINT('',(-15.66491035805,11.933200644314,
    6.508657525348));
#5288 = CARTESIAN_POINT('',(-14.96765212505,12.223329911265,
    6.380521569033));
#5289 = CARTESIAN_POINT('',(-16.04575596385,11.446672636051,
    7.888821269009));
#5290 = CARTESIAN_POINT('',(-15.54009505652,11.959542980216,
    7.769246978003));
#5291 = CARTESIAN_POINT('',(-14.88518548745,12.257644292912,
    7.645829503947));
#5292 = CARTESIAN_POINT('',(-15.88958533971,11.495947846557,
    9.148943186218));
#5293 = CARTESIAN_POINT('',(-15.41568287705,11.992825818781,
    9.031451083469));
#5294 = CARTESIAN_POINT('',(-14.80098432233,12.297203922027,
    8.909892908334));
#5295 = CARTESIAN_POINT('',(-15.73581193014,11.551286906824,
    10.407469616301));
#5296 = CARTESIAN_POINT('',(-15.29206183262,12.033800468909,
    10.292971173931));
#5297 = CARTESIAN_POINT('',(-14.71540854098,12.343104937323,
    10.171954203985));
#5298 = ADVANCED_FACE('',(#5299),#5326,.F.);
#5299 = FACE_BOUND('',#5300,.F.);
#5300 = EDGE_LOOP('',(#5301,#5302,#5303,#5318,#5325));
#5301 = ORIENTED_EDGE('',*,*,#2676,.T.);
#5302 = ORIENTED_EDGE('',*,*,#3641,.T.);
#5303 = ORIENTED_EDGE('',*,*,#5304,.T.);
#5304 = EDGE_CURVE('',#3642,#5305,#5307,.T.);
#5305 = VERTEX_POINT('',#5306);
#5306 = CARTESIAN_POINT('',(-16.21030048288,11.400587968594,
    6.578388651554));
#5307 = B_SPLINE_CURVE_WITH_KNOTS('',3,(#5308,#5309,#5310,#5311,#5312,
    #5313,#5314,#5315,#5316,#5317),.UNSPECIFIED.,.F.,.F.,(4,2,2,2,4),(0.
    ,3.685089546318E-04,5.527634319477E-04,6.448906706057E-04,
    7.370179092636E-04),.UNSPECIFIED.);
#5308 = CARTESIAN_POINT('',(-15.99315718651,11.63477278884,
    5.949371867901));
#5309 = CARTESIAN_POINT('',(-16.01018464557,11.614325980883,
    6.069352246566));
#5310 = CARTESIAN_POINT('',(-16.02981143813,11.591124420209,
    6.188711364174));
#5311 = CARTESIAN_POINT('',(-16.07262436578,11.543062873268,
    6.361435486939));
#5312 = CARTESIAN_POINT('',(-16.08892122353,11.525020129624,
    6.418084379171));
#5313 = CARTESIAN_POINT('',(-16.12280422834,11.488936794909,
    6.496029383195));
#5314 = CARTESIAN_POINT('',(-16.13572120055,11.475354722788,
    6.520858269109));
#5315 = CARTESIAN_POINT('',(-16.16784144821,11.442452397033,
    6.561485516419));
#5316 = CARTESIAN_POINT('',(-16.18798052958,11.422225994849,
    6.57711656905));
#5317 = CARTESIAN_POINT('',(-16.21030048288,11.400587968594,
    6.578388651554));
#5318 = ORIENTED_EDGE('',*,*,#5319,.T.);
#5319 = EDGE_CURVE('',#5305,#5270,#5320,.T.);
#5320 = B_SPLINE_CURVE_WITH_KNOTS('',3,(#5321,#5322,#5323,#5324),
  .UNSPECIFIED.,.F.,.F.,(4,4),(0.,4.975510546742E-05),
  .PIECEWISE_BEZIER_KNOTS.);
#5321 = CARTESIAN_POINT('',(-16.21030048288,11.400587968594,
    6.578388651554));
#5322 = CARTESIAN_POINT('',(-16.20824000133,11.401161501609,
    6.594835197294));
#5323 = CARTESIAN_POINT('',(-16.20617847553,11.401736250251,
    6.611281569895));
#5324 = CARTESIAN_POINT('',(-16.20411590179,11.40231222175,
    6.627727768164));
#5325 = ORIENTED_EDGE('',*,*,#5269,.F.);
#5326 = ( BOUNDED_SURFACE() B_SPLINE_SURFACE(3,2,(
    (#5327,#5328,#5329)
    ,(#5330,#5331,#5332)
    ,(#5333,#5334,#5335)
    ,(#5336,#5337,#5338
)),.UNSPECIFIED.,.F.,.F.,.F.) B_SPLINE_SURFACE_WITH_KNOTS((4,4),(3,3),(
    1.30351701727E-02,1.366373615855E-02),(0.,1.),
.PIECEWISE_BEZIER_KNOTS.) GEOMETRIC_REPRESENTATION_ITEM() 
RATIONAL_B_SPLINE_SURFACE((
    (1.,0.981344560556,1.)
    ,(1.,0.981617960024,1.)
    ,(1.,0.981887458587,1.)
,(1.,0.982153058793,1.))) REPRESENTATION_ITEM('') SURFACE() );
#5327 = CARTESIAN_POINT('',(-16.28169130993,11.381081422394,
    6.005157825003));
#5328 = CARTESIAN_POINT('',(-15.72592486094,11.920841331996,
    5.887312110809));
#5329 = CARTESIAN_POINT('',(-15.00760058882,12.207060893093,
    5.760059130053));
#5330 = CARTESIAN_POINT('',(-16.25599340188,11.387973439512,
    6.212718271077));
#5331 = CARTESIAN_POINT('',(-15.7057449189,11.924746131847,
    6.094418305847));
#5332 = CARTESIAN_POINT('',(-14.99444134011,12.21230425537,
    5.966942286529));
#5333 = CARTESIAN_POINT('',(-16.23013736565,11.395045756006,
    6.420242263627));
#5334 = CARTESIAN_POINT('',(-15.68540904782,11.928861326129,
    6.301536024426));
#5335 = CARTESIAN_POINT('',(-14.98112756847,12.217722777014,6.1737641914
    ));
#5336 = CARTESIAN_POINT('',(-16.20411590179,11.40231222175,
    6.627727768165));
#5337 = CARTESIAN_POINT('',(-15.66491035805,11.933200644314,
    6.508657525349));
#5338 = CARTESIAN_POINT('',(-14.96765212505,12.223329911265,
    6.380521569034));
#5339 = ADVANCED_FACE('',(#5340),#5346,.F.);
#5340 = FACE_BOUND('',#5341,.F.);
#5341 = EDGE_LOOP('',(#5342,#5343,#5344,#5345));
#5342 = ORIENTED_EDGE('',*,*,#4259,.T.);
#5343 = ORIENTED_EDGE('',*,*,#879,.F.);
#5344 = ORIENTED_EDGE('',*,*,#2433,.F.);
#5345 = ORIENTED_EDGE('',*,*,#898,.T.);
#5346 = CYLINDRICAL_SURFACE('',#5347,1.2);
#5347 = AXIS2_PLACEMENT_3D('',#5348,#5349,#5350);
#5348 = CARTESIAN_POINT('',(-27.85501429102,14.254090820639,
    10.149371867901));
#5349 = DIRECTION('',(-0.,-0.,-1.));
#5350 = DIRECTION('',(-1.,0.,0.));
#5351 = ADVANCED_FACE('',(#5352),#5377,.F.);
#5352 = FACE_BOUND('',#5353,.F.);
#5353 = EDGE_LOOP('',(#5354,#5355,#5356,#5362,#5370,#5376));
#5354 = ORIENTED_EDGE('',*,*,#4452,.T.);
#5355 = ORIENTED_EDGE('',*,*,#4947,.T.);
#5356 = ORIENTED_EDGE('',*,*,#5357,.T.);
#5357 = EDGE_CURVE('',#4948,#1092,#5358,.T.);
#5358 = LINE('',#5359,#5360);
#5359 = CARTESIAN_POINT('',(-21.12172392801,9.177865142354,
    6.780337452728));
#5360 = VECTOR('',#5361,1.);
#5361 = DIRECTION('',(-0.121869343405,0.992546151641,7.177114380541E-17)
  );
#5362 = ORIENTED_EDGE('',*,*,#5363,.T.);
#5363 = EDGE_CURVE('',#1092,#5364,#5366,.T.);
#5364 = VERTEX_POINT('',#5365);
#5365 = CARTESIAN_POINT('',(-20.65862042307,5.406189766117,
    6.780337452728));
#5366 = LINE('',#5367,#5368);
#5367 = CARTESIAN_POINT('',(-16.45512839014,-28.82850555731,
    6.780337452728));
#5368 = VECTOR('',#5369,1.);
#5369 = DIRECTION('',(-0.121869343405,0.992546151641,7.177114380541E-17)
  );
#5370 = ORIENTED_EDGE('',*,*,#5371,.T.);
#5371 = EDGE_CURVE('',#5364,#5035,#5372,.T.);
#5372 = LINE('',#5373,#5374);
#5373 = CARTESIAN_POINT('',(-21.12172392801,9.177865142354,
    6.780337452728));
#5374 = VECTOR('',#5375,1.);
#5375 = DIRECTION('',(-0.121869343405,0.992546151641,7.177114380541E-17)
  );
#5376 = ORIENTED_EDGE('',*,*,#5042,.T.);
#5377 = CYLINDRICAL_SURFACE('',#5378,1.);
#5378 = AXIS2_PLACEMENT_3D('',#5379,#5380,#5381);
#5379 = CARTESIAN_POINT('',(-20.01108877169,0.132467674176,
    7.780337452728));
#5380 = DIRECTION('',(-0.121869343405,0.992546151641,7.177114380541E-17)
  );
#5381 = DIRECTION('',(-0.992546151641,-0.121869343405,9.244463733059E-33
    ));
#5382 = ADVANCED_FACE('',(#5383),#5402,.T.);
#5383 = FACE_BOUND('',#5384,.T.);
#5384 = EDGE_LOOP('',(#5385,#5386,#5387,#5396));
#5385 = ORIENTED_EDGE('',*,*,#3650,.F.);
#5386 = ORIENTED_EDGE('',*,*,#5304,.T.);
#5387 = ORIENTED_EDGE('',*,*,#5388,.T.);
#5388 = EDGE_CURVE('',#5305,#5389,#5391,.T.);
#5389 = VERTEX_POINT('',#5390);
#5390 = CARTESIAN_POINT('',(-17.93285316904,10.57691906373,
    6.671270149411));
#5391 = ( BOUNDED_CURVE() B_SPLINE_CURVE(3,(#5392,#5393,#5394,#5395),
.UNSPECIFIED.,.F.,.F.) B_SPLINE_CURVE_WITH_KNOTS((4,4),(4.064675777551,
4.712388980385),.PIECEWISE_BEZIER_KNOTS.) CURVE() 
GEOMETRIC_REPRESENTATION_ITEM() RATIONAL_B_SPLINE_CURVE((1.,
0.965343469392,0.965343469392,1.)) REPRESENTATION_ITEM('') );
#5392 = CARTESIAN_POINT('',(-16.21030048288,11.400587968594,
    6.578388651554));
#5393 = CARTESIAN_POINT('',(-16.68367053676,10.941680482743,
    6.605367460836));
#5394 = CARTESIAN_POINT('',(-17.27846839568,10.657267410788,
    6.637439464498));
#5395 = CARTESIAN_POINT('',(-17.93285316904,10.57691906373,
    6.671270149411));
#5396 = ORIENTED_EDGE('',*,*,#5397,.F.);
#5397 = EDGE_CURVE('',#3651,#5389,#5398,.T.);
#5398 = LINE('',#5399,#5400);
#5399 = CARTESIAN_POINT('',(-17.93285316904,10.57691906373,
    10.149371867901));
#5400 = VECTOR('',#5401,1.);
#5401 = DIRECTION('',(0.,0.,1.));
#5402 = CYLINDRICAL_SURFACE('',#5403,3.);
#5403 = AXIS2_PLACEMENT_3D('',#5404,#5405,#5406);
#5404 = CARTESIAN_POINT('',(-18.29846119925,13.554557518654,
    -11.24421955677));
#5405 = DIRECTION('',(0.,0.,1.));
#5406 = DIRECTION('',(1.,0.,0.));
#5407 = ADVANCED_FACE('',(#5408),#5437,.F.);
#5408 = FACE_BOUND('',#5409,.T.);
#5409 = EDGE_LOOP('',(#5410,#5411,#5412,#5420,#5430,#5431));
#5410 = ORIENTED_EDGE('',*,*,#3659,.F.);
#5411 = ORIENTED_EDGE('',*,*,#5397,.T.);
#5412 = ORIENTED_EDGE('',*,*,#5413,.T.);
#5413 = EDGE_CURVE('',#5389,#5414,#5416,.T.);
#5414 = VERTEX_POINT('',#5415);
#5415 = CARTESIAN_POINT('',(-17.91836475194,10.578698017661,
    6.813132417514));
#5416 = LINE('',#5417,#5418);
#5417 = CARTESIAN_POINT('',(-17.72096647858,10.602935477978,
    8.745943061553));
#5418 = VECTOR('',#5419,1.);
#5419 = DIRECTION('',(0.101593754531,1.247414454056E-02,0.994747759363)
  );
#5420 = ORIENTED_EDGE('',*,*,#5421,.T.);
#5421 = EDGE_CURVE('',#5414,#2550,#5422,.T.);
#5422 = B_SPLINE_CURVE_WITH_KNOTS('',3,(#5423,#5424,#5425,#5426,#5427,
    #5428,#5429),.UNSPECIFIED.,.F.,.F.,(4,3,4),(0.,1.798244249137E-03,
    3.352259341241E-03),.UNSPECIFIED.);
#5423 = CARTESIAN_POINT('',(-17.91836475194,10.578698017661,
    6.813132417514));
#5424 = CARTESIAN_POINT('',(-17.857467957,10.586175203889,7.40939889672)
  );
#5425 = CARTESIAN_POINT('',(-17.79809219944,10.593465630209,
    8.005825015092));
#5426 = CARTESIAN_POINT('',(-17.7402243752,10.600570905599,8.60239761935
    ));
#5427 = CARTESIAN_POINT('',(-17.69021584523,10.606711180992,
    9.117946965557));
#5428 = CARTESIAN_POINT('',(-17.64133272471,10.612713273481,
    9.633608323818));
#5429 = CARTESIAN_POINT('',(-17.59354957967,10.618580305964,
    10.149371867901));
#5430 = ORIENTED_EDGE('',*,*,#2549,.F.);
#5431 = ORIENTED_EDGE('',*,*,#5432,.T.);
#5432 = EDGE_CURVE('',#2542,#3660,#5433,.T.);
#5433 = LINE('',#5434,#5435);
#5434 = CARTESIAN_POINT('',(-28.73031749407,9.251157147716,
    10.149371867901));
#5435 = VECTOR('',#5436,1.);
#5436 = DIRECTION('',(0.,0.,-1.));
#5437 = PLANE('',#5438);
#5438 = AXIS2_PLACEMENT_3D('',#5439,#5440,#5441);
#5439 = CARTESIAN_POINT('',(-31.25844451991,8.940742180941,
    10.149371867901));
#5440 = DIRECTION('',(-0.121869343405,0.992546151641,0.));
#5441 = DIRECTION('',(-0.992546151641,-0.121869343405,0.));
#5442 = ADVANCED_FACE('',(#5443),#5534,.T.);
#5443 = FACE_BOUND('',#5444,.T.);
#5444 = EDGE_LOOP('',(#5445,#5453,#5459,#5460,#5468,#5474,#5475,#5476,
    #5477,#5485,#5491,#5492,#5500,#5506,#5507,#5508,#5509,#5510,#5518,
    #5526,#5532,#5533));
#5445 = ORIENTED_EDGE('',*,*,#5446,.T.);
#5446 = EDGE_CURVE('',#4863,#5447,#5449,.T.);
#5447 = VERTEX_POINT('',#5448);
#5448 = CARTESIAN_POINT('',(-23.61707990008,-32.39282118625,
    6.780337452728));
#5449 = LINE('',#5450,#5451);
#5450 = CARTESIAN_POINT('',(-30.23329604229,21.491935118259,
    6.780337452728));
#5451 = VECTOR('',#5452,1.);
#5452 = DIRECTION('',(-0.121869343405,0.992546151641,7.177114380541E-17)
  );
#5453 = ORIENTED_EDGE('',*,*,#5454,.T.);
#5454 = EDGE_CURVE('',#5447,#4209,#5455,.T.);
#5455 = LINE('',#5456,#5457);
#5456 = CARTESIAN_POINT('',(-23.61707990008,-32.39282118625,
    -47.5325903109));
#5457 = VECTOR('',#5458,1.);
#5458 = DIRECTION('',(5.001239545497E-18,-4.073182742781E-17,-1.));
#5459 = ORIENTED_EDGE('',*,*,#4208,.T.);
#5460 = ORIENTED_EDGE('',*,*,#5461,.T.);
#5461 = EDGE_CURVE('',#4200,#5462,#5464,.T.);
#5462 = VERTEX_POINT('',#5463);
#5463 = CARTESIAN_POINT('',(-25.01782459091,-20.98467116696,
    6.780337452728));
#5464 = LINE('',#5465,#5466);
#5465 = CARTESIAN_POINT('',(-25.01782459091,-20.98467116696,
    6.780337521449));
#5466 = VECTOR('',#5467,1.);
#5467 = DIRECTION('',(-6.065985223604E-19,4.940348508801E-18,1.));
#5468 = ORIENTED_EDGE('',*,*,#5469,.T.);
#5469 = EDGE_CURVE('',#5462,#5069,#5470,.T.);
#5470 = LINE('',#5471,#5472);
#5471 = CARTESIAN_POINT('',(-30.23329604229,21.491935118259,
    6.780337452728));
#5472 = VECTOR('',#5473,1.);
#5473 = DIRECTION('',(-0.121869343405,0.992546151641,7.177114380541E-17)
  );
#5474 = ORIENTED_EDGE('',*,*,#5068,.T.);
#5475 = ORIENTED_EDGE('',*,*,#3717,.T.);
#5476 = ORIENTED_EDGE('',*,*,#4964,.T.);
#5477 = ORIENTED_EDGE('',*,*,#5478,.T.);
#5478 = EDGE_CURVE('',#4957,#5479,#5481,.T.);
#5479 = VERTEX_POINT('',#5480);
#5480 = CARTESIAN_POINT('',(-26.11932152301,-12.01369856265,
    6.780337452728));
#5481 = LINE('',#5482,#5483);
#5482 = CARTESIAN_POINT('',(-30.23329604229,21.491935118259,
    6.780337452728));
#5483 = VECTOR('',#5484,1.);
#5484 = DIRECTION('',(-0.121869343405,0.992546151641,7.177114380541E-17)
  );
#5485 = ORIENTED_EDGE('',*,*,#5486,.T.);
#5486 = EDGE_CURVE('',#5479,#4141,#5487,.T.);
#5487 = LINE('',#5488,#5489);
#5488 = CARTESIAN_POINT('',(-26.11932152301,-12.01369856265,
    5.949371867901));
#5489 = VECTOR('',#5490,1.);
#5490 = DIRECTION('',(3.303105150846E-19,-2.690163263652E-18,-1.));
#5491 = ORIENTED_EDGE('',*,*,#4140,.T.);
#5492 = ORIENTED_EDGE('',*,*,#5493,.T.);
#5493 = EDGE_CURVE('',#4132,#5494,#5496,.T.);
#5494 = VERTEX_POINT('',#5495);
#5495 = CARTESIAN_POINT('',(-28.12097077704,4.28842638951,6.780337452728
    ));
#5496 = LINE('',#5497,#5498);
#5497 = CARTESIAN_POINT('',(-28.12097077704,4.28842638951,-47.5325903109
    ));
#5498 = VECTOR('',#5499,1.);
#5499 = DIRECTION('',(-9.438757073875E-33,7.687250745913E-32,1.));
#5500 = ORIENTED_EDGE('',*,*,#5501,.T.);
#5501 = EDGE_CURVE('',#5494,#5027,#5502,.T.);
#5502 = LINE('',#5503,#5504);
#5503 = CARTESIAN_POINT('',(-30.23329604229,21.491935118259,
    6.780337452728));
#5504 = VECTOR('',#5505,1.);
#5505 = DIRECTION('',(-0.121869343405,0.992546151641,7.177114380541E-17)
  );
#5506 = ORIENTED_EDGE('',*,*,#5026,.T.);
#5507 = ORIENTED_EDGE('',*,*,#3667,.T.);
#5508 = ORIENTED_EDGE('',*,*,#5432,.F.);
#5509 = ORIENTED_EDGE('',*,*,#2541,.F.);
#5510 = ORIENTED_EDGE('',*,*,#5511,.F.);
#5511 = EDGE_CURVE('',#5512,#2533,#5514,.T.);
#5512 = VERTEX_POINT('',#5513);
#5513 = CARTESIAN_POINT('',(-22.25723183726,-43.4678948993,
    9.772610930787));
#5514 = LINE('',#5515,#5516);
#5515 = CARTESIAN_POINT('',(-22.25723183726,-43.4678948993,
    -47.5325903109));
#5516 = VECTOR('',#5517,1.);
#5517 = DIRECTION('',(0.,0.,1.));
#5518 = ORIENTED_EDGE('',*,*,#5519,.T.);
#5519 = EDGE_CURVE('',#5512,#5520,#5522,.T.);
#5520 = VERTEX_POINT('',#5521);
#5521 = CARTESIAN_POINT('',(-23.1040429225,-36.57117206202,
    9.772610930787));
#5522 = LINE('',#5523,#5524);
#5523 = CARTESIAN_POINT('',(-23.94580360667,-29.71558144074,
    9.772610930787));
#5524 = VECTOR('',#5525,1.);
#5525 = DIRECTION('',(-0.121869343405,0.992546151641,-2.350334515975E-16
    ));
#5526 = ORIENTED_EDGE('',*,*,#5527,.F.);
#5527 = EDGE_CURVE('',#3767,#5520,#5528,.T.);
#5528 = LINE('',#5529,#5530);
#5529 = CARTESIAN_POINT('',(-23.02176404062,-37.24127977978,
    7.031356027963));
#5530 = VECTOR('',#5531,1.);
#5531 = DIRECTION('',(-2.914414026397E-02,0.237359974655,0.970984480576)
  );
#5532 = ORIENTED_EDGE('',*,*,#3766,.T.);
#5533 = ORIENTED_EDGE('',*,*,#4870,.F.);
#5534 = PLANE('',#5535);
#5535 = AXIS2_PLACEMENT_3D('',#5536,#5537,#5538);
#5536 = CARTESIAN_POINT('',(-28.73031749407,9.251157147716,
    -47.5325903109));
#5537 = DIRECTION('',(0.992546151641,0.121869343405,0.));
#5538 = DIRECTION('',(-0.121869343405,0.992546151641,0.));
#5539 = ADVANCED_FACE('',(#5540),#5551,.F.);
#5540 = FACE_BOUND('',#5541,.T.);
#5541 = EDGE_LOOP('',(#5542,#5543,#5544,#5550));
#5542 = ORIENTED_EDGE('',*,*,#3774,.T.);
#5543 = ORIENTED_EDGE('',*,*,#5527,.T.);
#5544 = ORIENTED_EDGE('',*,*,#5545,.F.);
#5545 = EDGE_CURVE('',#924,#5520,#5546,.T.);
#5546 = LINE('',#5547,#5548);
#5547 = CARTESIAN_POINT('',(-3.43045059537,-29.50714838797,
    9.772610919262));
#5548 = VECTOR('',#5549,1.);
#5549 = DIRECTION('',(-0.941168677397,-0.337937154936,5.51363500854E-10)
  );
#5550 = ORIENTED_EDGE('',*,*,#949,.T.);
#5551 = PLANE('',#5552);
#5552 = AXIS2_PLACEMENT_3D('',#5553,#5554,#5555);
#5553 = CARTESIAN_POINT('',(-3.120089826643,-30.37151571799,
    5.949371856404));
#5554 = DIRECTION('',(0.328589788738,-0.915135883186,0.233570259328));
#5555 = DIRECTION('',(0.941168677352,0.337937155061,0.));
#5556 = ADVANCED_FACE('',(#5557),#5576,.T.);
#5557 = FACE_BOUND('',#5558,.T.);
#5558 = EDGE_LOOP('',(#5559,#5560,#5569,#5575));
#5559 = ORIENTED_EDGE('',*,*,#932,.F.);
#5560 = ORIENTED_EDGE('',*,*,#5561,.F.);
#5561 = EDGE_CURVE('',#5562,#922,#5564,.T.);
#5562 = VERTEX_POINT('',#5563);
#5563 = CARTESIAN_POINT('',(-9.688465884589,-34.35394510543,
    9.772610923107));
#5564 = ( BOUNDED_CURVE() B_SPLINE_CURVE(3,(#5565,#5566,#5567,#5568),
.UNSPECIFIED.,.F.,.F.) B_SPLINE_CURVE_WITH_KNOTS((4,4),(1.948951035584,
3.374897109205),.PIECEWISE_BEZIER_KNOTS.) CURVE() 
GEOMETRIC_REPRESENTATION_ITEM() RATIONAL_B_SPLINE_CURVE((1.,
0.837613734328,0.837613734328,1.)) REPRESENTATION_ITEM('') );
#5565 = CARTESIAN_POINT('',(-9.688465884589,-34.35394510543,
    9.772610923107));
#5566 = CARTESIAN_POINT('',(-9.819837912274,-33.28400580102,
    9.772610923107));
#5567 = CARTESIAN_POINT('',(-10.59643957475,-32.57676745871,
    9.772610923494));
#5568 = CARTESIAN_POINT('',(-11.63994254037,-32.57676745855,
    9.772610924079));
#5569 = ORIENTED_EDGE('',*,*,#5570,.F.);
#5570 = EDGE_CURVE('',#3782,#5562,#5571,.T.);
#5571 = LINE('',#5572,#5573);
#5572 = CARTESIAN_POINT('',(-11.28688466899,-40.81673796602,
    -13.30014490269));
#5573 = VECTOR('',#5574,1.);
#5574 = DIRECTION('',(6.656181062183E-02,0.269125462407,0.960802274587)
  );
#5575 = ORIENTED_EDGE('',*,*,#3781,.F.);
#5576 = CYLINDRICAL_SURFACE('',#5577,2.);
#5577 = AXIS2_PLACEMENT_3D('',#5578,#5579,#5580);
#5578 = CARTESIAN_POINT('',(-11.80719843078,-35.17889894052,
    7.897763278871));
#5579 = DIRECTION('',(-6.656181062183E-02,-0.269125462407,
    -0.960802274587));
#5580 = DIRECTION('',(2.081668171172E-17,0.962937778236,-0.269723627527)
  );
#5581 = ADVANCED_FACE('',(#5582),#5600,.F.);
#5582 = FACE_BOUND('',#5583,.T.);
#5583 = EDGE_LOOP('',(#5584,#5592,#5598,#5599));
#5584 = ORIENTED_EDGE('',*,*,#5585,.T.);
#5585 = EDGE_CURVE('',#5562,#5586,#5588,.T.);
#5586 = VERTEX_POINT('',#5587);
#5587 = CARTESIAN_POINT('',(-9.199933572505,-38.3327214963,
    9.772610923107));
#5588 = LINE('',#5589,#5590);
#5589 = CARTESIAN_POINT('',(-10.46127868084,-28.05988996873,
    9.772610923107));
#5590 = VECTOR('',#5591,1.);
#5591 = DIRECTION('',(0.121869343405,-0.992546151641,2.339990155279E-16)
  );
#5592 = ORIENTED_EDGE('',*,*,#5593,.T.);
#5593 = EDGE_CURVE('',#5586,#3791,#5594,.T.);
#5594 = LINE('',#5595,#5596);
#5595 = CARTESIAN_POINT('',(-11.78236967108,-39.25997410141,
    -16.23579426097));
#5596 = VECTOR('',#5597,1.);
#5597 = DIRECTION('',(-9.874437254609E-02,-3.54552729237E-02,
    -0.994481006612));
#5598 = ORIENTED_EDGE('',*,*,#3790,.F.);
#5599 = ORIENTED_EDGE('',*,*,#5570,.T.);
#5600 = PLANE('',#5601);
#5601 = AXIS2_PLACEMENT_3D('',#5602,#5603,#5604);
#5602 = CARTESIAN_POINT('',(-13.06042202224,-29.05122974147,
    -16.47285594281));
#5603 = DIRECTION('',(-0.98733306041,-0.121229256287,0.102356705895));
#5604 = DIRECTION('',(0.121869343405,-0.992546151641,-1.734723475977E-18
    ));
#5605 = ADVANCED_FACE('',(#5606),#5618,.T.);
#5606 = FACE_BOUND('',#5607,.T.);
#5607 = EDGE_LOOP('',(#5608,#5609,#5610,#5611));
#5608 = ORIENTED_EDGE('',*,*,#974,.F.);
#5609 = ORIENTED_EDGE('',*,*,#3798,.F.);
#5610 = ORIENTED_EDGE('',*,*,#5593,.F.);
#5611 = ORIENTED_EDGE('',*,*,#5612,.F.);
#5612 = EDGE_CURVE('',#975,#5586,#5613,.T.);
#5613 = ( BOUNDED_CURVE() B_SPLINE_CURVE(3,(#5614,#5615,#5616,#5617),
.UNSPECIFIED.,.F.,.F.) B_SPLINE_CURVE_WITH_KNOTS((4,4),(5.940217517848,
6.061822533105),.PIECEWISE_BEZIER_KNOTS.) CURVE() 
GEOMETRIC_REPRESENTATION_ITEM() RATIONAL_B_SPLINE_CURVE((1.,
0.998768064625,0.998768064625,1.)) REPRESENTATION_ITEM('') );
#5614 = CARTESIAN_POINT('',(-9.185091379179,-38.57543315332,
    9.772610923115));
#5615 = CARTESIAN_POINT('',(-9.185091379179,-38.49426211607,
    9.77261092311));
#5616 = CARTESIAN_POINT('',(-9.190044879347,-38.4132584391,
    9.772610923107));
#5617 = CARTESIAN_POINT('',(-9.199933572505,-38.3327214963,
    9.772610923107));
#5618 = CYLINDRICAL_SURFACE('',#5619,2.);
#5619 = AXIS2_PLACEMENT_3D('',#5620,#5621,#5622);
#5620 = CARTESIAN_POINT('',(-12.54407659207,-39.06690602785,
    -3.815044077465));
#5621 = DIRECTION('',(9.874437254609E-02,3.54552729237E-02,
    0.994481006612));
#5622 = DIRECTION('',(0.995106665841,4.336808689942E-19,
    -9.880649573152E-02));
#5623 = ADVANCED_FACE('',(#5624),#5650,.F.);
#5624 = FACE_BOUND('',#5625,.T.);
#5625 = EDGE_LOOP('',(#5626,#5627,#5628,#5636,#5644));
#5626 = ORIENTED_EDGE('',*,*,#3806,.T.);
#5627 = ORIENTED_EDGE('',*,*,#991,.T.);
#5628 = ORIENTED_EDGE('',*,*,#5629,.F.);
#5629 = EDGE_CURVE('',#5630,#983,#5632,.T.);
#5630 = VERTEX_POINT('',#5631);
#5631 = CARTESIAN_POINT('',(-18.55492204921,-43.35018500788,
    9.772610928702));
#5632 = LINE('',#5633,#5634);
#5633 = CARTESIAN_POINT('',(-9.163767768361,-39.97818588012,9.7726109232
    ));
#5634 = VECTOR('',#5635,1.);
#5635 = DIRECTION('',(0.941168677397,0.337937154938,-5.513634497711E-10)
  );
#5636 = ORIENTED_EDGE('',*,*,#5637,.F.);
#5637 = EDGE_CURVE('',#5638,#5630,#5640,.T.);
#5638 = VERTEX_POINT('',#5639);
#5639 = CARTESIAN_POINT('',(-18.55492204921,-43.35018500788,
    9.172610928701));
#5640 = LINE('',#5641,#5642);
#5641 = CARTESIAN_POINT('',(-18.55492204921,-43.35018500788,
    9.472610928702));
#5642 = VECTOR('',#5643,1.);
#5643 = DIRECTION('',(0.,0.,1.));
#5644 = ORIENTED_EDGE('',*,*,#5645,.T.);
#5645 = EDGE_CURVE('',#5638,#3807,#5646,.T.);
#5646 = LINE('',#5647,#5648);
#5647 = CARTESIAN_POINT('',(-18.41086139969,-43.29845841815,
    6.356858378345));
#5648 = VECTOR('',#5649,1.);
#5649 = DIRECTION('',(5.108696994778E-02,1.834334874626E-02,
    -0.9985257348));
#5650 = PLANE('',#5651);
#5651 = AXIS2_PLACEMENT_3D('',#5652,#5653,#5654);
#5652 = CARTESIAN_POINT('',(5.399362922489,-34.74913069496,
    -5.750628132099));
#5653 = DIRECTION('',(-0.337937154938,0.941168677397,0.));
#5654 = DIRECTION('',(-0.941168677397,-0.337937154938,0.));
#5655 = ADVANCED_FACE('',(#5656),#5684,.T.);
#5656 = FACE_BOUND('',#5657,.T.);
#5657 = EDGE_LOOP('',(#5658,#5667,#5668,#5669));
#5658 = ORIENTED_EDGE('',*,*,#5659,.F.);
#5659 = EDGE_CURVE('',#3815,#5660,#5662,.T.);
#5660 = VERTEX_POINT('',#5661);
#5661 = CARTESIAN_POINT('',(-22.25723183726,-43.4678948993,
    9.172610930787));
#5662 = ( BOUNDED_CURVE() B_SPLINE_CURVE(3,(#5663,#5664,#5665,#5666),
.UNSPECIFIED.,.F.,.F.) B_SPLINE_CURVE_WITH_KNOTS((4,4),(1.135765486827,
1.166917918857),.PIECEWISE_BEZIER_KNOTS.) CURVE() 
GEOMETRIC_REPRESENTATION_ITEM() RATIONAL_B_SPLINE_CURVE((1.,0.9999191288
,0.9999191288,1.)) REPRESENTATION_ITEM('') );
#5663 = CARTESIAN_POINT('',(-22.27122235444,-43.35395128063,
    5.949371867904));
#5664 = CARTESIAN_POINT('',(-22.26646194239,-43.39272172558,
    7.016265814403));
#5665 = CARTESIAN_POINT('',(-22.26179805948,-43.43070600364,
    8.090765731462));
#5666 = CARTESIAN_POINT('',(-22.25723183726,-43.4678948993,
    9.172610930787));
#5667 = ORIENTED_EDGE('',*,*,#3814,.F.);
#5668 = ORIENTED_EDGE('',*,*,#5645,.F.);
#5669 = ORIENTED_EDGE('',*,*,#5670,.F.);
#5670 = EDGE_CURVE('',#5660,#5638,#5671,.T.);
#5671 = B_SPLINE_CURVE_WITH_KNOTS('',3,(#5672,#5673,#5674,#5675,#5676,
    #5677,#5678,#5679,#5680,#5681,#5682,#5683),.UNSPECIFIED.,.F.,.F.,(4,
    2,2,2,2,4),(0.,9.399479641584E-04,1.879895928317E-03,
    2.819843892475E-03,3.289817874555E-03,3.759791856634E-03),
  .UNSPECIFIED.);
#5672 = CARTESIAN_POINT('',(-22.25723183726,-43.4678948993,
    9.172610930787));
#5673 = CARTESIAN_POINT('',(-21.95330990431,-43.55572429952,
    9.172610930622));
#5674 = CARTESIAN_POINT('',(-21.64582694722,-43.61873835308,
    9.172610930454));
#5675 = CARTESIAN_POINT('',(-21.0239433746,-43.6965600776,9.172610930111
    ));
#5676 = CARTESIAN_POINT('',(-20.70721202705,-43.71123169886,
    9.172610929934));
#5677 = CARTESIAN_POINT('',(-20.07830384899,-43.69078773124,
    9.17261092958));
#5678 = CARTESIAN_POINT('',(-19.7679118129,-43.65615329615,
    9.172610929403));
#5679 = CARTESIAN_POINT('',(-19.30826135656,-43.56851739243,
    9.172610929139));
#5680 = CARTESIAN_POINT('',(-19.15603873981,-43.53333038952,
    9.172610929052));
#5681 = CARTESIAN_POINT('',(-18.85361105023,-43.45083118655,
    9.172610928876));
#5682 = CARTESIAN_POINT('',(-18.70236596205,-43.40312639619,
    9.172610928791));
#5683 = CARTESIAN_POINT('',(-18.55492204921,-43.35018500788,
    9.172610928701));
#5684 = CYLINDRICAL_SURFACE('',#5685,6.);
#5685 = AXIS2_PLACEMENT_3D('',#5686,#5687,#5688);
#5686 = CARTESIAN_POINT('',(-20.30326667246,-37.60289493961,
    3.713947469622));
#5687 = DIRECTION('',(5.108696994778E-02,1.834334874626E-02,
    -0.9985257348));
#5688 = DIRECTION('',(-0.998693768399,-2.385244779468E-18,
    -5.109556694942E-02));
#5689 = ADVANCED_FACE('',(#5690),#5700,.T.);
#5690 = FACE_BOUND('',#5691,.T.);
#5691 = EDGE_LOOP('',(#5692,#5693,#5694));
#5692 = ORIENTED_EDGE('',*,*,#3823,.T.);
#5693 = ORIENTED_EDGE('',*,*,#5659,.T.);
#5694 = ORIENTED_EDGE('',*,*,#5695,.F.);
#5695 = EDGE_CURVE('',#3824,#5660,#5696,.T.);
#5696 = LINE('',#5697,#5698);
#5697 = CARTESIAN_POINT('',(-22.25723183726,-43.4678948993,
    -47.5325903109));
#5698 = VECTOR('',#5699,1.);
#5699 = DIRECTION('',(0.,0.,1.));
#5700 = PLANE('',#5701);
#5701 = AXIS2_PLACEMENT_3D('',#5702,#5703,#5704);
#5702 = CARTESIAN_POINT('',(-28.73031749407,9.251157147716,
    -47.5325903109));
#5703 = DIRECTION('',(0.992546151641,0.121869343405,0.));
#5704 = DIRECTION('',(-0.121869343405,0.992546151641,0.));
#5705 = ADVANCED_FACE('',(#5706),#5731,.T.);
#5706 = FACE_BOUND('',#5707,.T.);
#5707 = EDGE_LOOP('',(#5708,#5714,#5715,#5716,#5717,#5718,#5729,#5730));
#5708 = ORIENTED_EDGE('',*,*,#5709,.F.);
#5709 = EDGE_CURVE('',#3832,#2524,#5710,.T.);
#5710 = LINE('',#5711,#5712);
#5711 = CARTESIAN_POINT('',(-25.92189563756,-40.45923438398,
    -47.5325903109));
#5712 = VECTOR('',#5713,1.);
#5713 = DIRECTION('',(0.,0.,1.));
#5714 = ORIENTED_EDGE('',*,*,#3831,.T.);
#5715 = ORIENTED_EDGE('',*,*,#5695,.T.);
#5716 = ORIENTED_EDGE('',*,*,#5670,.T.);
#5717 = ORIENTED_EDGE('',*,*,#5637,.T.);
#5718 = ORIENTED_EDGE('',*,*,#5719,.F.);
#5719 = EDGE_CURVE('',#5512,#5630,#5720,.T.);
#5720 = B_SPLINE_CURVE_WITH_KNOTS('',3,(#5721,#5722,#5723,#5724,#5725,
    #5726,#5727,#5728),.UNSPECIFIED.,.F.,.F.,(4,2,2,4),(
    3.469446951954E-18,1.871376821E-03,2.8070652315E-03,3.742753642E-03)
  ,.UNSPECIFIED.);
#5721 = CARTESIAN_POINT('',(-22.25723183726,-43.4678948993,
    9.772610930787));
#5722 = CARTESIAN_POINT('',(-21.64932540358,-43.643571781,9.772610930458
    ));
#5723 = CARTESIAN_POINT('',(-21.03030573771,-43.72093706922,
    9.772610930116));
#5724 = CARTESIAN_POINT('',(-20.08532001466,-43.69140740536,
    9.772610929584));
#5725 = CARTESIAN_POINT('',(-19.77096749528,-43.65663669027,
    9.772610929405));
#5726 = CARTESIAN_POINT('',(-19.15565600232,-43.53952061079,
    9.772610929052));
#5727 = CARTESIAN_POINT('',(-18.85255885908,-43.45705483807,
    9.772610928876));
#5728 = CARTESIAN_POINT('',(-18.55492204921,-43.35018500788,
    9.772610928702));
#5729 = ORIENTED_EDGE('',*,*,#5511,.T.);
#5730 = ORIENTED_EDGE('',*,*,#2532,.F.);
#5731 = ( BOUNDED_SURFACE() B_SPLINE_SURFACE(3,1,(
    (#5732,#5733)
    ,(#5734,#5735)
    ,(#5736,#5737)
    ,(#5738,#5739
)),.UNSPECIFIED.,.F.,.F.,.F.) B_SPLINE_SURFACE_WITH_KNOTS((4,4),(2,2),(
    0.,1.),(0.,1.),.PIECEWISE_BEZIER_KNOTS.) 
GEOMETRIC_REPRESENTATION_ITEM() RATIONAL_B_SPLINE_SURFACE((
    (1.,1.)
    ,(0.834796146472,0.834796146472)
    ,(0.834796146472,0.834796146472)
,(1.,1.))) REPRESENTATION_ITEM('') SURFACE() );
#5732 = CARTESIAN_POINT('',(-25.92189563756,-40.45923438398,
    5.949371867901));
#5733 = CARTESIAN_POINT('',(-25.92189563756,-40.45923438398,
    10.149371867901));
#5734 = CARTESIAN_POINT('',(-24.47255926671,-43.26440132308,
    5.949371867901));
#5735 = CARTESIAN_POINT('',(-24.47255926671,-43.26440132308,
    10.149371867901));
#5736 = CARTESIAN_POINT('',(-21.53093348998,-44.41875524774,
    5.949371867901));
#5737 = CARTESIAN_POINT('',(-21.53093348998,-44.41875524774,
    10.149371867901));
#5738 = CARTESIAN_POINT('',(-18.55492204921,-43.35018500788,
    5.949371867901));
#5739 = CARTESIAN_POINT('',(-18.55492204921,-43.35018500788,
    10.149371867901));
#5740 = ADVANCED_FACE('',(#5741),#5752,.T.);
#5741 = FACE_BOUND('',#5742,.T.);
#5742 = EDGE_LOOP('',(#5743,#5749,#5750,#5751));
#5743 = ORIENTED_EDGE('',*,*,#5744,.F.);
#5744 = EDGE_CURVE('',#3841,#2516,#5745,.T.);
#5745 = LINE('',#5746,#5747);
#5746 = CARTESIAN_POINT('',(-26.42332750847,-38.39525209468,
    -47.5325903109));
#5747 = VECTOR('',#5748,1.);
#5748 = DIRECTION('',(0.,0.,1.));
#5749 = ORIENTED_EDGE('',*,*,#3840,.T.);
#5750 = ORIENTED_EDGE('',*,*,#5709,.T.);
#5751 = ORIENTED_EDGE('',*,*,#2523,.F.);
#5752 = ( BOUNDED_SURFACE() B_SPLINE_SURFACE(3,1,(
    (#5753,#5754)
    ,(#5755,#5756)
    ,(#5757,#5758)
    ,(#5759,#5760
)),.UNSPECIFIED.,.F.,.F.,.F.) B_SPLINE_SURFACE_WITH_KNOTS((4,4),(2,2),(
    0.,1.),(0.,1.),.PIECEWISE_BEZIER_KNOTS.) 
GEOMETRIC_REPRESENTATION_ITEM() RATIONAL_B_SPLINE_SURFACE((
    (1.,1.)
    ,(0.989571973278,0.989571973278)
    ,(0.989571973278,0.989571973278)
,(1.,1.))) REPRESENTATION_ITEM('') SURFACE() );
#5753 = CARTESIAN_POINT('',(-26.42332750847,-38.39525209468,
    5.949371867901));
#5754 = CARTESIAN_POINT('',(-26.42332750847,-38.39525209468,
    10.149371867901));
#5755 = CARTESIAN_POINT('',(-26.3365324595,-39.10214104222,
    5.949371867901));
#5756 = CARTESIAN_POINT('',(-26.3365324595,-39.10214104222,
    10.149371867901));
#5757 = CARTESIAN_POINT('',(-26.16762715349,-39.79738516292,
    5.949371867901));
#5758 = CARTESIAN_POINT('',(-26.16762715349,-39.79738516292,
    10.149371867901));
#5759 = CARTESIAN_POINT('',(-25.92189563756,-40.45923438398,
    5.949371867901));
#5760 = CARTESIAN_POINT('',(-25.92189563756,-40.45923438398,
    10.149371867901));
#5761 = ADVANCED_FACE('',(#5762),#5773,.T.);
#5762 = FACE_BOUND('',#5763,.T.);
#5763 = EDGE_LOOP('',(#5764,#5770,#5771,#5772));
#5764 = ORIENTED_EDGE('',*,*,#5765,.F.);
#5765 = EDGE_CURVE('',#3850,#2507,#5766,.T.);
#5766 = LINE('',#5767,#5768);
#5767 = CARTESIAN_POINT('',(-30.97111594329,-1.356487570636,
    -47.5325903109));
#5768 = VECTOR('',#5769,1.);
#5769 = DIRECTION('',(0.,0.,1.));
#5770 = ORIENTED_EDGE('',*,*,#3849,.T.);
#5771 = ORIENTED_EDGE('',*,*,#5744,.T.);
#5772 = ORIENTED_EDGE('',*,*,#2515,.F.);
#5773 = PLANE('',#5774);
#5774 = AXIS2_PLACEMENT_3D('',#5775,#5776,#5777);
#5775 = CARTESIAN_POINT('',(-26.42332750487,-38.39525209424,
    -47.5325903109));
#5776 = DIRECTION('',(-0.992546151641,-0.121869343405,0.));
#5777 = DIRECTION('',(0.121869343405,-0.992546151641,0.));
#5778 = ADVANCED_FACE('',(#5779),#5790,.T.);
#5779 = FACE_BOUND('',#5780,.T.);
#5780 = EDGE_LOOP('',(#5781,#5787,#5788,#5789));
#5781 = ORIENTED_EDGE('',*,*,#5782,.F.);
#5782 = EDGE_CURVE('',#3858,#2499,#5783,.T.);
#5783 = LINE('',#5784,#5785);
#5784 = CARTESIAN_POINT('',(-31.19943264451,3.879460825103,
    -47.5325903109));
#5785 = VECTOR('',#5786,1.);
#5786 = DIRECTION('',(0.,0.,1.));
#5787 = ORIENTED_EDGE('',*,*,#3857,.T.);
#5788 = ORIENTED_EDGE('',*,*,#5765,.T.);
#5789 = ORIENTED_EDGE('',*,*,#2506,.F.);
#5790 = ( BOUNDED_SURFACE() B_SPLINE_SURFACE(3,1,(
    (#5791,#5792)
    ,(#5793,#5794)
    ,(#5795,#5796)
    ,(#5797,#5798
)),.UNSPECIFIED.,.F.,.F.,.F.) B_SPLINE_SURFACE_WITH_KNOTS((4,4),(2,2),(
    0.,1.),(0.,1.),.PIECEWISE_BEZIER_KNOTS.) 
GEOMETRIC_REPRESENTATION_ITEM() RATIONAL_B_SPLINE_SURFACE((
    (1.,1.)
    ,(0.997713247067,0.997713247067)
    ,(0.997713247067,0.997713247067)
,(1.,1.))) REPRESENTATION_ITEM('') SURFACE() );
#5791 = CARTESIAN_POINT('',(-31.19943264451,3.879460825103,
    5.949371867901));
#5792 = CARTESIAN_POINT('',(-31.19943264451,3.879460825103,
    10.149371867901));
#5793 = CARTESIAN_POINT('',(-31.26056249196,2.128931030432,
    5.949371867901));
#5794 = CARTESIAN_POINT('',(-31.26056249196,2.128931030432,
    10.149371867901));
#5795 = CARTESIAN_POINT('',(-31.18428249133,0.379614644146,
    5.949371867901));
#5796 = CARTESIAN_POINT('',(-31.18428249133,0.379614644146,
    10.149371867901));
#5797 = CARTESIAN_POINT('',(-30.97111594316,-1.356487570621,
    5.949371867901));
#5798 = CARTESIAN_POINT('',(-30.97111594316,-1.356487570621,
    10.149371867901));
#5799 = ADVANCED_FACE('',(#5800),#5811,.F.);
#5800 = FACE_BOUND('',#5801,.T.);
#5801 = EDGE_LOOP('',(#5802,#5808,#5809,#5810));
#5802 = ORIENTED_EDGE('',*,*,#5803,.T.);
#5803 = EDGE_CURVE('',#2491,#3867,#5804,.T.);
#5804 = LINE('',#5805,#5806);
#5805 = CARTESIAN_POINT('',(-31.07489230979,7.445829394071,
    3.997865103298));
#5806 = VECTOR('',#5807,1.);
#5807 = DIRECTION('',(-0.,-0.,-1.));
#5808 = ORIENTED_EDGE('',*,*,#3866,.T.);
#5809 = ORIENTED_EDGE('',*,*,#5782,.T.);
#5810 = ORIENTED_EDGE('',*,*,#2498,.F.);
#5811 = PLANE('',#5812);
#5812 = AXIS2_PLACEMENT_3D('',#5813,#5814,#5815);
#5813 = CARTESIAN_POINT('',(-31.05700811815,7.957965635623,
    -4.607441428435));
#5814 = DIRECTION('',(0.999390827019,-3.489949670249E-02,0.));
#5815 = DIRECTION('',(3.489949670249E-02,0.999390827019,0.));
#5816 = ADVANCED_FACE('',(#5817),#5828,.T.);
#5817 = FACE_BOUND('',#5818,.T.);
#5818 = EDGE_LOOP('',(#5819,#5825,#5826,#5827));
#5819 = ORIENTED_EDGE('',*,*,#5820,.F.);
#5820 = EDGE_CURVE('',#3875,#2483,#5821,.T.);
#5821 = LINE('',#5822,#5823);
#5822 = CARTESIAN_POINT('',(-31.62405255013,11.918380635865,
    6.780337452728));
#5823 = VECTOR('',#5824,1.);
#5824 = DIRECTION('',(0.,0.,1.));
#5825 = ORIENTED_EDGE('',*,*,#3874,.F.);
#5826 = ORIENTED_EDGE('',*,*,#5803,.F.);
#5827 = ORIENTED_EDGE('',*,*,#2490,.F.);
#5828 = PLANE('',#5829);
#5829 = AXIS2_PLACEMENT_3D('',#5830,#5831,#5832);
#5830 = CARTESIAN_POINT('',(-30.64909780289,3.978011422735,
    6.780337452728));
#5831 = DIRECTION('',(-0.992546151641,-0.121869343405,0.));
#5832 = DIRECTION('',(0.121869343405,-0.992546151641,0.));
#5833 = ADVANCED_FACE('',(#5834),#5854,.F.);
#5834 = FACE_BOUND('',#5835,.T.);
#5835 = EDGE_LOOP('',(#5836,#5837,#5838,#5846,#5852,#5853));
#5836 = ORIENTED_EDGE('',*,*,#2482,.F.);
#5837 = ORIENTED_EDGE('',*,*,#5141,.T.);
#5838 = ORIENTED_EDGE('',*,*,#5839,.T.);
#5839 = EDGE_CURVE('',#5133,#5840,#5842,.T.);
#5840 = VERTEX_POINT('',#5841);
#5841 = CARTESIAN_POINT('',(-30.30833333842,15.41875803928,
    6.549371867901));
#5842 = LINE('',#5843,#5844);
#5843 = CARTESIAN_POINT('',(-29.71122706616,17.007316817048,
    6.549371867901));
#5844 = VECTOR('',#5845,1.);
#5845 = DIRECTION('',(-0.351844892225,-0.936058316461,0.));
#5846 = ORIENTED_EDGE('',*,*,#5847,.F.);
#5847 = EDGE_CURVE('',#3883,#5840,#5848,.T.);
#5848 = LINE('',#5849,#5850);
#5849 = CARTESIAN_POINT('',(-30.30833333842,15.41875803928,
    -11.24421955677));
#5850 = VECTOR('',#5851,1.);
#5851 = DIRECTION('',(0.,0.,1.));
#5852 = ORIENTED_EDGE('',*,*,#3882,.F.);
#5853 = ORIENTED_EDGE('',*,*,#5820,.T.);
#5854 = PLANE('',#5855);
#5855 = AXIS2_PLACEMENT_3D('',#5856,#5857,#5858);
#5856 = CARTESIAN_POINT('',(-29.71122706616,17.007316817048,
    10.149371867901));
#5857 = DIRECTION('',(0.936058316461,-0.351844892225,0.));
#5858 = DIRECTION('',(0.351844892225,0.936058316461,0.));
#5859 = ADVANCED_FACE('',(#5860),#5871,.T.);
#5860 = FACE_BOUND('',#5861,.T.);
#5861 = EDGE_LOOP('',(#5862,#5863,#5864,#5870));
#5862 = ORIENTED_EDGE('',*,*,#3890,.T.);
#5863 = ORIENTED_EDGE('',*,*,#5847,.T.);
#5864 = ORIENTED_EDGE('',*,*,#5865,.F.);
#5865 = EDGE_CURVE('',#5125,#5840,#5866,.T.);
#5866 = LINE('',#5867,#5868);
#5867 = CARTESIAN_POINT('',(-27.69243857489,32.148506112873,
    6.549371867901));
#5868 = VECTOR('',#5869,1.);
#5869 = DIRECTION('',(-0.15448477631,-0.98799516896,2.329239122149E-16)
  );
#5870 = ORIENTED_EDGE('',*,*,#5124,.T.);
#5871 = PLANE('',#5872);
#5872 = AXIS2_PLACEMENT_3D('',#5873,#5874,#5875);
#5873 = CARTESIAN_POINT('',(-29.53086200484,20.391014464281,
    6.549371867901));
#5874 = DIRECTION('',(-0.98799516896,0.15448477631,0.));
#5875 = DIRECTION('',(0.,0.,1.));
#5876 = ADVANCED_FACE('',(#5877),#5883,.F.);
#5877 = FACE_BOUND('',#5878,.F.);
#5878 = EDGE_LOOP('',(#5879,#5880,#5881,#5882));
#5879 = ORIENTED_EDGE('',*,*,#4785,.T.);
#5880 = ORIENTED_EDGE('',*,*,#3915,.T.);
#5881 = ORIENTED_EDGE('',*,*,#1033,.T.);
#5882 = ORIENTED_EDGE('',*,*,#4758,.T.);
#5883 = CYLINDRICAL_SURFACE('',#5884,0.6);
#5884 = AXIS2_PLACEMENT_3D('',#5885,#5886,#5887);
#5885 = CARTESIAN_POINT('',(-27.63406636723,20.860281881912,
    6.549371867901));
#5886 = DIRECTION('',(0.,0.,-1.));
#5887 = DIRECTION('',(-1.,0.,0.));
#5888 = ADVANCED_FACE('',(#5889),#5900,.T.);
#5889 = FACE_BOUND('',#5890,.T.);
#5890 = EDGE_LOOP('',(#5891,#5892,#5893,#5899));
#5891 = ORIENTED_EDGE('',*,*,#1016,.F.);
#5892 = ORIENTED_EDGE('',*,*,#4750,.F.);
#5893 = ORIENTED_EDGE('',*,*,#5894,.F.);
#5894 = EDGE_CURVE('',#3924,#4743,#5895,.T.);
#5895 = LINE('',#5896,#5897);
#5896 = CARTESIAN_POINT('',(-29.11129080667,23.074348879074,
    6.549371867901));
#5897 = VECTOR('',#5898,1.);
#5898 = DIRECTION('',(0.,0.,1.));
#5899 = ORIENTED_EDGE('',*,*,#3923,.F.);
#5900 = CYLINDRICAL_SURFACE('',#5901,1.4);
#5901 = AXIS2_PLACEMENT_3D('',#5902,#5903,#5904);
#5902 = CARTESIAN_POINT('',(-27.72809757012,22.85807019224,
    6.549371867901));
#5903 = DIRECTION('',(0.,0.,-1.));
#5904 = DIRECTION('',(-1.,0.,0.));
#5905 = ADVANCED_FACE('',(#5906),#5912,.T.);
#5906 = FACE_BOUND('',#5907,.T.);
#5907 = EDGE_LOOP('',(#5908,#5909,#5910,#5911));
#5908 = ORIENTED_EDGE('',*,*,#3932,.T.);
#5909 = ORIENTED_EDGE('',*,*,#5894,.T.);
#5910 = ORIENTED_EDGE('',*,*,#4742,.F.);
#5911 = ORIENTED_EDGE('',*,*,#5160,.T.);
#5912 = PLANE('',#5913);
#5913 = AXIS2_PLACEMENT_3D('',#5914,#5915,#5916);
#5914 = CARTESIAN_POINT('',(-29.53086200484,20.391014464281,
    6.549371867901));
#5915 = DIRECTION('',(-0.98799516896,0.15448477631,0.));
#5916 = DIRECTION('',(0.,0.,1.));
#5917 = ADVANCED_FACE('',(#5918),#5924,.F.);
#5918 = FACE_BOUND('',#5919,.F.);
#5919 = EDGE_LOOP('',(#5920,#5921,#5922,#5923));
#5920 = ORIENTED_EDGE('',*,*,#4642,.T.);
#5921 = ORIENTED_EDGE('',*,*,#3974,.T.);
#5922 = ORIENTED_EDGE('',*,*,#5107,.T.);
#5923 = ORIENTED_EDGE('',*,*,#4720,.T.);
#5924 = CYLINDRICAL_SURFACE('',#5925,0.6);
#5925 = AXIS2_PLACEMENT_3D('',#5926,#5927,#5928);
#5926 = CARTESIAN_POINT('',(-22.90600585894,21.331727657361,
    5.949371867901));
#5927 = DIRECTION('',(0.,0.,-1.));
#5928 = DIRECTION('',(-1.,0.,0.));
#5929 = ADVANCED_FACE('',(#5930),#5942,.F.);
#5930 = FACE_BOUND('',#5931,.F.);
#5931 = EDGE_LOOP('',(#5932,#5939,#5940,#5941));
#5932 = ORIENTED_EDGE('',*,*,#5933,.T.);
#5933 = EDGE_CURVE('',#4580,#4689,#5934,.T.);
#5934 = CIRCLE('',#5935,0.5);
#5935 = AXIS2_PLACEMENT_3D('',#5936,#5937,#5938);
#5936 = CARTESIAN_POINT('',(-20.93631153639,21.629805410498,
    8.549371867901));
#5937 = DIRECTION('',(0.,0.,-1.));
#5938 = DIRECTION('',(1.,0.,0.));
#5939 = ORIENTED_EDGE('',*,*,#4696,.F.);
#5940 = ORIENTED_EDGE('',*,*,#4000,.T.);
#5941 = ORIENTED_EDGE('',*,*,#4596,.T.);
#5942 = CYLINDRICAL_SURFACE('',#5943,0.5);
#5943 = AXIS2_PLACEMENT_3D('',#5944,#5945,#5946);
#5944 = CARTESIAN_POINT('',(-20.93631153639,21.629805410498,
    5.949371867901));
#5945 = DIRECTION('',(0.,0.,1.));
#5946 = DIRECTION('',(1.,0.,0.));
#5947 = ADVANCED_FACE('',(#5948),#5959,.T.);
#5948 = FACE_BOUND('',#5949,.T.);
#5949 = EDGE_LOOP('',(#5950,#5951,#5952,#5953));
#5950 = ORIENTED_EDGE('',*,*,#805,.T.);
#5951 = ORIENTED_EDGE('',*,*,#4070,.T.);
#5952 = ORIENTED_EDGE('',*,*,#4539,.F.);
#5953 = ORIENTED_EDGE('',*,*,#5954,.T.);
#5954 = EDGE_CURVE('',#4529,#806,#5955,.T.);
#5955 = LINE('',#5956,#5957);
#5956 = CARTESIAN_POINT('',(-15.6027424895,22.576550014704,
    6.149371867901));
#5957 = VECTOR('',#5958,1.);
#5958 = DIRECTION('',(0.992546151641,0.121869343404,-8.508959550988E-16)
  );
#5959 = PLANE('',#5960);
#5960 = AXIS2_PLACEMENT_3D('',#5961,#5962,#5963);
#5961 = CARTESIAN_POINT('',(-15.59055555516,22.47729539954,
    6.049371867901));
#5962 = DIRECTION('',(-8.617463913984E-02,0.701836114466,-0.707106781187
    ));
#5963 = DIRECTION('',(-0.992655640633,1.387778780781E-17,0.12097429115)
  );
#5964 = ADVANCED_FACE('',(#5965),#5990,.F.);
#5965 = FACE_BOUND('',#5966,.T.);
#5966 = EDGE_LOOP('',(#5967,#5977,#5983,#5984));
#5967 = ORIENTED_EDGE('',*,*,#5968,.F.);
#5968 = EDGE_CURVE('',#5969,#5971,#5973,.T.);
#5969 = VERTEX_POINT('',#5970);
#5970 = CARTESIAN_POINT('',(-27.25029396881,5.402841884556,
    6.780337452728));
#5971 = VERTEX_POINT('',#5972);
#5972 = CARTESIAN_POINT('',(-21.55015281911,6.102731212706,
    6.780337452728));
#5973 = LINE('',#5974,#5975);
#5974 = CARTESIAN_POINT('',(-6.364032616716E-02,8.740943214488,
    6.780337452728));
#5975 = VECTOR('',#5976,1.);
#5976 = DIRECTION('',(0.992546151641,0.121869343405,1.363674041517E-16)
  );
#5977 = ORIENTED_EDGE('',*,*,#5978,.T.);
#5978 = EDGE_CURVE('',#5969,#4122,#5979,.T.);
#5979 = LINE('',#5980,#5981);
#5980 = CARTESIAN_POINT('',(-27.25029396881,5.402841884556,
    28.329504584187));
#5981 = VECTOR('',#5982,1.);
#5982 = DIRECTION('',(9.438757073875E-33,-7.687250745913E-32,-1.));
#5983 = ORIENTED_EDGE('',*,*,#4121,.T.);
#5984 = ORIENTED_EDGE('',*,*,#5985,.T.);
#5985 = EDGE_CURVE('',#4124,#5971,#5986,.T.);
#5986 = LINE('',#5987,#5988);
#5987 = CARTESIAN_POINT('',(-21.55015281911,6.102731212706,
    28.329504584187));
#5988 = VECTOR('',#5989,1.);
#5989 = DIRECTION('',(-9.801011190209E-17,-1.203412855394E-17,1.));
#5990 = PLANE('',#5991);
#5991 = AXIS2_PLACEMENT_3D('',#5992,#5993,#5994);
#5992 = CARTESIAN_POINT('',(-6.364032616716E-02,8.740943214488,
    28.329504584187));
#5993 = DIRECTION('',(-0.121869343405,0.992546151641,-7.744980657274E-32
    ));
#5994 = DIRECTION('',(-0.992546151641,-0.121869343405,0.));
#5995 = ADVANCED_FACE('',(#5996),#6008,.F.);
#5996 = FACE_BOUND('',#5997,.F.);
#5997 = EDGE_LOOP('',(#5998,#5999,#6000,#6001));
#5998 = ORIENTED_EDGE('',*,*,#5978,.T.);
#5999 = ORIENTED_EDGE('',*,*,#4131,.T.);
#6000 = ORIENTED_EDGE('',*,*,#5493,.T.);
#6001 = ORIENTED_EDGE('',*,*,#6002,.T.);
#6002 = EDGE_CURVE('',#5494,#5969,#6003,.T.);
#6003 = CIRCLE('',#6004,1.);
#6004 = AXIS2_PLACEMENT_3D('',#6005,#6006,#6007);
#6005 = CARTESIAN_POINT('',(-27.1284246254,4.410295732915,6.780337452728
    ));
#6006 = DIRECTION('',(1.266042400291E-16,8.785517858879E-17,-1.));
#6007 = DIRECTION('',(1.,-3.469446951954E-15,1.266042400291E-16));
#6008 = CYLINDRICAL_SURFACE('',#6009,1.);
#6009 = AXIS2_PLACEMENT_3D('',#6010,#6011,#6012);
#6010 = CARTESIAN_POINT('',(-27.1284246254,4.410295732915,
    28.329504584187));
#6011 = DIRECTION('',(9.438757073875E-33,-7.687250745913E-32,-1.));
#6012 = DIRECTION('',(7.255809235664E-64,1.,-7.687250745913E-32));
#6013 = ADVANCED_FACE('',(#6014),#6026,.F.);
#6014 = FACE_BOUND('',#6015,.F.);
#6015 = EDGE_LOOP('',(#6016,#6023,#6024,#6025));
#6016 = ORIENTED_EDGE('',*,*,#6017,.T.);
#6017 = EDGE_CURVE('',#1058,#5479,#6018,.T.);
#6018 = CIRCLE('',#6019,1.);
#6019 = AXIS2_PLACEMENT_3D('',#6020,#6021,#6022);
#6020 = CARTESIAN_POINT('',(-25.12677537137,-11.89182921924,
    6.780337452728));
#6021 = DIRECTION('',(1.266042400291E-16,8.785517858879E-17,-1.));
#6022 = DIRECTION('',(1.,-1.112283811786E-32,1.266042400291E-16));
#6023 = ORIENTED_EDGE('',*,*,#5486,.T.);
#6024 = ORIENTED_EDGE('',*,*,#4148,.T.);
#6025 = ORIENTED_EDGE('',*,*,#1066,.T.);
#6026 = CYLINDRICAL_SURFACE('',#6027,1.);
#6027 = AXIS2_PLACEMENT_3D('',#6028,#6029,#6030);
#6028 = CARTESIAN_POINT('',(-25.12677537137,-11.89182921924,
    -47.5325903109));
#6029 = DIRECTION('',(-3.303105150846E-19,2.690163263652E-18,1.));
#6030 = DIRECTION('',(-8.885892132784E-37,-1.,2.690163263652E-18));
#6031 = ADVANCED_FACE('',(#6032),#6050,.T.);
#6032 = FACE_BOUND('',#6033,.T.);
#6033 = EDGE_LOOP('',(#6034,#6035,#6036,#6044));
#6034 = ORIENTED_EDGE('',*,*,#4156,.F.);
#6035 = ORIENTED_EDGE('',*,*,#1047,.T.);
#6036 = ORIENTED_EDGE('',*,*,#6037,.T.);
#6037 = EDGE_CURVE('',#1050,#6038,#6040,.T.);
#6038 = VERTEX_POINT('',#6039);
#6039 = CARTESIAN_POINT('',(-19.30221646314,-12.02513042669,
    6.780337452728));
#6040 = LINE('',#6041,#6042);
#6041 = CARTESIAN_POINT('',(1.612158034885,-8.872489359463,
    6.780337452728));
#6042 = VECTOR('',#6043,1.);
#6043 = DIRECTION('',(0.988828691676,0.149056427297,1.382852840686E-16)
  );
#6044 = ORIENTED_EDGE('',*,*,#6045,.T.);
#6045 = EDGE_CURVE('',#6038,#4157,#6046,.T.);
#6046 = LINE('',#6047,#6048);
#6047 = CARTESIAN_POINT('',(-19.30221646314,-12.02513042669,
    5.949371867901));
#6048 = VECTOR('',#6049,1.);
#6049 = DIRECTION('',(9.801011190209E-17,1.203412855394E-17,-1.));
#6050 = PLANE('',#6051);
#6051 = AXIS2_PLACEMENT_3D('',#6052,#6053,#6054);
#6052 = CARTESIAN_POINT('',(1.612158034885,-8.872489359463,
    28.329504584187));
#6053 = DIRECTION('',(-0.149056427297,0.988828691676,-2.709345525668E-18
    ));
#6054 = DIRECTION('',(-0.988828691676,-0.149056427297,0.));
#6055 = ADVANCED_FACE('',(#6056),#6068,.F.);
#6056 = FACE_BOUND('',#6057,.F.);
#6057 = EDGE_LOOP('',(#6058,#6065,#6066,#6067));
#6058 = ORIENTED_EDGE('',*,*,#6059,.T.);
#6059 = EDGE_CURVE('',#1100,#6038,#6060,.T.);
#6060 = CIRCLE('',#6061,0.8);
#6061 = AXIS2_PLACEMENT_3D('',#6062,#6063,#6064);
#6062 = CARTESIAN_POINT('',(-19.42146160498,-11.23406747335,
    6.780337452728));
#6063 = DIRECTION('',(1.266042400291E-16,8.785517858879E-17,-1.));
#6064 = DIRECTION('',(1.,-1.112283811786E-32,1.266042400291E-16));
#6065 = ORIENTED_EDGE('',*,*,#6045,.T.);
#6066 = ORIENTED_EDGE('',*,*,#4164,.T.);
#6067 = ORIENTED_EDGE('',*,*,#1108,.T.);
#6068 = CYLINDRICAL_SURFACE('',#6069,0.8);
#6069 = AXIS2_PLACEMENT_3D('',#6070,#6071,#6072);
#6070 = CARTESIAN_POINT('',(-19.42146160498,-11.23406747335,
    28.329504584187));
#6071 = DIRECTION('',(-9.801011190209E-17,-1.203412855394E-17,1.));
#6072 = DIRECTION('',(1.,-1.179466286216E-33,9.801011190209E-17));
#6073 = ADVANCED_FACE('',(#6074),#6085,.T.);
#6074 = FACE_BOUND('',#6075,.T.);
#6075 = EDGE_LOOP('',(#6076,#6077,#6078,#6079));
#6076 = ORIENTED_EDGE('',*,*,#4172,.F.);
#6077 = ORIENTED_EDGE('',*,*,#1089,.T.);
#6078 = ORIENTED_EDGE('',*,*,#5363,.T.);
#6079 = ORIENTED_EDGE('',*,*,#6080,.T.);
#6080 = EDGE_CURVE('',#5364,#4173,#6081,.T.);
#6081 = LINE('',#6082,#6083);
#6082 = CARTESIAN_POINT('',(-20.65862042307,5.406189766117,
    28.329504584187));
#6083 = VECTOR('',#6084,1.);
#6084 = DIRECTION('',(9.801011190209E-17,1.203412855394E-17,-1.));
#6085 = PLANE('',#6086);
#6086 = AXIS2_PLACEMENT_3D('',#6087,#6088,#6089);
#6087 = CARTESIAN_POINT('',(-16.45512839014,-28.82850555731,
    28.329504584187));
#6088 = DIRECTION('',(-0.992546151641,-0.121869343405,
    -9.874615073568E-17));
#6089 = DIRECTION('',(0.121869343405,-0.992546151641,3.08148791102E-33)
  );
#6090 = ADVANCED_FACE('',(#6091),#6103,.F.);
#6091 = FACE_BOUND('',#6092,.F.);
#6092 = EDGE_LOOP('',(#6093,#6094,#6095,#6096));
#6093 = ORIENTED_EDGE('',*,*,#6080,.T.);
#6094 = ORIENTED_EDGE('',*,*,#4180,.T.);
#6095 = ORIENTED_EDGE('',*,*,#5985,.T.);
#6096 = ORIENTED_EDGE('',*,*,#6097,.T.);
#6097 = EDGE_CURVE('',#5971,#5364,#6098,.T.);
#6098 = CIRCLE('',#6099,0.8);
#6099 = AXIS2_PLACEMENT_3D('',#6100,#6101,#6102);
#6100 = CARTESIAN_POINT('',(-21.45265734439,5.308694291393,
    6.780337452728));
#6101 = DIRECTION('',(1.266042400291E-16,8.785517858879E-17,-1.));
#6102 = DIRECTION('',(1.,8.673617379884E-15,1.266042400291E-16));
#6103 = CYLINDRICAL_SURFACE('',#6104,0.8);
#6104 = AXIS2_PLACEMENT_3D('',#6105,#6106,#6107);
#6105 = CARTESIAN_POINT('',(-21.45265734439,5.308694291393,
    28.329504584187));
#6106 = DIRECTION('',(9.801011190209E-17,1.203412855394E-17,-1.));
#6107 = DIRECTION('',(-1.,1.179466286216E-33,-9.801011190209E-17));
#6108 = ADVANCED_FACE('',(#6109),#6134,.T.);
#6109 = FACE_BOUND('',#6110,.T.);
#6110 = EDGE_LOOP('',(#6111,#6121,#6127,#6128));
#6111 = ORIENTED_EDGE('',*,*,#6112,.T.);
#6112 = EDGE_CURVE('',#6113,#6115,#6117,.T.);
#6113 = VERTEX_POINT('',#6114);
#6114 = CARTESIAN_POINT('',(-18.7460706991,-19.05571446122,
    6.780337517797));
#6115 = VERTEX_POINT('',#6116);
#6116 = CARTESIAN_POINT('',(-24.17433486433,-19.87397313154,
    6.780337520899));
#6117 = LINE('',#6118,#6119);
#6118 = CARTESIAN_POINT('',(2.660761125741,-15.82884023185,
    6.780337505563));
#6119 = VECTOR('',#6120,1.);
#6120 = DIRECTION('',(-0.988828692014,-0.149056425053,5.650923783616E-10
    ));
#6121 = ORIENTED_EDGE('',*,*,#6122,.T.);
#6122 = EDGE_CURVE('',#6115,#4192,#6123,.T.);
#6123 = LINE('',#6124,#6125);
#6124 = CARTESIAN_POINT('',(-24.17433486433,-19.87397313154,
    5.949371867901));
#6125 = VECTOR('',#6126,1.);
#6126 = DIRECTION('',(6.065985223604E-19,-4.940348508801E-18,-1.));
#6127 = ORIENTED_EDGE('',*,*,#4189,.F.);
#6128 = ORIENTED_EDGE('',*,*,#6129,.T.);
#6129 = EDGE_CURVE('',#4190,#6113,#6130,.T.);
#6130 = LINE('',#6131,#6132);
#6131 = CARTESIAN_POINT('',(-18.7460706991,-19.05571446122,
    6.780337517332));
#6132 = VECTOR('',#6133,1.);
#6133 = DIRECTION('',(-1.799906187103E-16,-2.210006908499E-17,1.));
#6134 = PLANE('',#6135);
#6135 = AXIS2_PLACEMENT_3D('',#6136,#6137,#6138);
#6136 = CARTESIAN_POINT('',(2.660761135289,-15.82884023042,
    23.867011794081));
#6137 = DIRECTION('',(0.149056425053,-0.988828692014,4.975575761237E-18)
  );
#6138 = DIRECTION('',(0.988828692014,0.149056425053,0.));
#6139 = ADVANCED_FACE('',(#6140),#6152,.F.);
#6140 = FACE_BOUND('',#6141,.F.);
#6141 = EDGE_LOOP('',(#6142,#6143,#6150,#6151));
#6142 = ORIENTED_EDGE('',*,*,#5461,.T.);
#6143 = ORIENTED_EDGE('',*,*,#6144,.T.);
#6144 = EDGE_CURVE('',#5462,#6115,#6145,.T.);
#6145 = CIRCLE('',#6146,1.);
#6146 = AXIS2_PLACEMENT_3D('',#6147,#6148,#6149);
#6147 = CARTESIAN_POINT('',(-24.02527843927,-20.86280182356,
    6.780337452728));
#6148 = DIRECTION('',(1.266042400291E-16,8.785517858879E-17,-1.));
#6149 = DIRECTION('',(1.,-1.112283811786E-32,1.266042400291E-16));
#6150 = ORIENTED_EDGE('',*,*,#6122,.T.);
#6151 = ORIENTED_EDGE('',*,*,#4199,.T.);
#6152 = CYLINDRICAL_SURFACE('',#6153,1.);
#6153 = AXIS2_PLACEMENT_3D('',#6154,#6155,#6156);
#6154 = CARTESIAN_POINT('',(-24.02527843927,-20.86280182356,
    -47.5325903109));
#6155 = DIRECTION('',(6.065985223604E-19,-4.940348508801E-18,-1.));
#6156 = DIRECTION('',(2.996808105384E-36,1.,-4.940348508801E-18));
#6157 = ADVANCED_FACE('',(#6158),#6170,.F.);
#6158 = FACE_BOUND('',#6159,.F.);
#6159 = EDGE_LOOP('',(#6160,#6167,#6168,#6169));
#6160 = ORIENTED_EDGE('',*,*,#6161,.T.);
#6161 = EDGE_CURVE('',#1142,#5447,#6162,.T.);
#6162 = CIRCLE('',#6163,1.);
#6163 = AXIS2_PLACEMENT_3D('',#6164,#6165,#6166);
#6164 = CARTESIAN_POINT('',(-22.62453374844,-32.27095184285,
    6.780337452728));
#6165 = DIRECTION('',(1.266042400291E-16,8.785517858879E-17,-1.));
#6166 = DIRECTION('',(1.,-1.112283811786E-32,1.266042400291E-16));
#6167 = ORIENTED_EDGE('',*,*,#5454,.T.);
#6168 = ORIENTED_EDGE('',*,*,#4216,.T.);
#6169 = ORIENTED_EDGE('',*,*,#1150,.T.);
#6170 = CYLINDRICAL_SURFACE('',#6171,1.);
#6171 = AXIS2_PLACEMENT_3D('',#6172,#6173,#6174);
#6172 = CARTESIAN_POINT('',(-22.62453374844,-32.27095184285,
    23.867011794081));
#6173 = DIRECTION('',(-5.001239545497E-18,4.073182742781E-17,1.));
#6174 = DIRECTION('',(-2.037096260923E-34,-1.,4.073182742781E-17));
#6175 = ADVANCED_FACE('',(#6176),#6194,.F.);
#6176 = FACE_BOUND('',#6177,.T.);
#6177 = EDGE_LOOP('',(#6178,#6179,#6180,#6188));
#6178 = ORIENTED_EDGE('',*,*,#4224,.T.);
#6179 = ORIENTED_EDGE('',*,*,#1131,.T.);
#6180 = ORIENTED_EDGE('',*,*,#6181,.F.);
#6181 = EDGE_CURVE('',#6182,#1134,#6184,.T.);
#6182 = VERTEX_POINT('',#6183);
#6183 = CARTESIAN_POINT('',(-17.0392093019,-31.32798734118,
    6.780337517685));
#6184 = LINE('',#6185,#6186);
#6185 = CARTESIAN_POINT('',(3.410596701568,-23.98525545282,
    6.780337505705));
#6186 = VECTOR('',#6187,1.);
#6187 = DIRECTION('',(-0.941168677397,-0.337937154938,5.513633798261E-10
    ));
#6188 = ORIENTED_EDGE('',*,*,#6189,.T.);
#6189 = EDGE_CURVE('',#6182,#4225,#6190,.T.);
#6190 = LINE('',#6191,#6192);
#6191 = CARTESIAN_POINT('',(-17.0392093019,-31.32798734118,
    23.867011794081));
#6192 = VECTOR('',#6193,1.);
#6193 = DIRECTION('',(1.799906187103E-16,2.210006908499E-17,-1.));
#6194 = PLANE('',#6195);
#6195 = AXIS2_PLACEMENT_3D('',#6196,#6197,#6198);
#6196 = CARTESIAN_POINT('',(3.410596710434,-23.98525544964,
    23.867011794081));
#6197 = DIRECTION('',(0.337937154938,-0.941168677397,4.002562481135E-17)
  );
#6198 = DIRECTION('',(0.941168677397,0.337937154938,0.));
#6199 = ADVANCED_FACE('',(#6200),#6219,.F.);
#6200 = FACE_BOUND('',#6201,.F.);
#6201 = EDGE_LOOP('',(#6202,#6203,#6204,#6212));
#6202 = ORIENTED_EDGE('',*,*,#6189,.T.);
#6203 = ORIENTED_EDGE('',*,*,#4232,.T.);
#6204 = ORIENTED_EDGE('',*,*,#6205,.T.);
#6205 = EDGE_CURVE('',#4233,#6206,#6208,.T.);
#6206 = VERTEX_POINT('',#6207);
#6207 = CARTESIAN_POINT('',(-16.51552210454,-30.47755692454,
    6.780337517332));
#6208 = LINE('',#6209,#6210);
#6209 = CARTESIAN_POINT('',(-16.51552210454,-30.47755692454,
    23.867011794081));
#6210 = VECTOR('',#6211,1.);
#6211 = DIRECTION('',(-1.799906187103E-16,-2.210006908499E-17,1.));
#6212 = ORIENTED_EDGE('',*,*,#6213,.T.);
#6213 = EDGE_CURVE('',#6206,#6182,#6214,.T.);
#6214 = CIRCLE('',#6215,0.8);
#6215 = AXIS2_PLACEMENT_3D('',#6216,#6217,#6218);
#6216 = CARTESIAN_POINT('',(-17.30955902585,-30.57505239926,
    6.780337517785));
#6217 = DIRECTION('',(-5.610915043286E-10,-6.889337398534E-11,-1.));
#6218 = DIRECTION('',(1.,-3.252606517424E-15,-5.610915043286E-10));
#6219 = CYLINDRICAL_SURFACE('',#6220,0.8);
#6220 = AXIS2_PLACEMENT_3D('',#6221,#6222,#6223);
#6221 = CARTESIAN_POINT('',(-17.30955902585,-30.57505239926,
    23.867011794081));
#6222 = DIRECTION('',(1.799906187103E-16,2.210006908499E-17,-1.));
#6223 = DIRECTION('',(-1.,3.977805108148E-33,-1.799906187103E-16));
#6224 = ADVANCED_FACE('',(#6225),#6243,.T.);
#6225 = FACE_BOUND('',#6226,.T.);
#6226 = EDGE_LOOP('',(#6227,#6235,#6241,#6242));
#6227 = ORIENTED_EDGE('',*,*,#6228,.T.);
#6228 = EDGE_CURVE('',#6206,#6229,#6231,.T.);
#6229 = VERTEX_POINT('',#6230);
#6230 = CARTESIAN_POINT('',(-17.83278863775,-19.7492819401,
    6.780337517332));
#6231 = LINE('',#6232,#6233);
#6232 = CARTESIAN_POINT('',(-16.71409594518,-28.86030277484,
    6.780337517332));
#6233 = VECTOR('',#6234,1.);
#6234 = DIRECTION('',(-0.121869343405,0.992546151641,9.047287949799E-26)
  );
#6235 = ORIENTED_EDGE('',*,*,#6236,.T.);
#6236 = EDGE_CURVE('',#6229,#4242,#6237,.T.);
#6237 = LINE('',#6238,#6239);
#6238 = CARTESIAN_POINT('',(-17.83278863775,-19.7492819401,
    5.949371867901));
#6239 = VECTOR('',#6240,1.);
#6240 = DIRECTION('',(1.799906187103E-16,2.210006908499E-17,-1.));
#6241 = ORIENTED_EDGE('',*,*,#4241,.F.);
#6242 = ORIENTED_EDGE('',*,*,#6205,.T.);
#6243 = PLANE('',#6244);
#6244 = AXIS2_PLACEMENT_3D('',#6245,#6246,#6247);
#6245 = CARTESIAN_POINT('',(-16.71409594518,-28.86030277484,
    23.867011794081));
#6246 = DIRECTION('',(-0.992546151641,-0.121869343405,
    -1.813423168411E-16));
#6247 = DIRECTION('',(0.121869343405,-0.992546151641,0.));
#6248 = ADVANCED_FACE('',(#6249),#6261,.F.);
#6249 = FACE_BOUND('',#6250,.F.);
#6250 = EDGE_LOOP('',(#6251,#6252,#6253,#6254));
#6251 = ORIENTED_EDGE('',*,*,#6236,.T.);
#6252 = ORIENTED_EDGE('',*,*,#4249,.T.);
#6253 = ORIENTED_EDGE('',*,*,#6129,.T.);
#6254 = ORIENTED_EDGE('',*,*,#6255,.T.);
#6255 = EDGE_CURVE('',#6113,#6229,#6256,.T.);
#6256 = CIRCLE('',#6257,0.8);
#6257 = AXIS2_PLACEMENT_3D('',#6258,#6259,#6260);
#6258 = CARTESIAN_POINT('',(-18.62682555906,-19.84677741483,
    6.780337517785));
#6259 = DIRECTION('',(-5.610915043286E-10,-6.889337398534E-11,-1.));
#6260 = DIRECTION('',(1.,2.168404345003E-15,-5.610915043286E-10));
#6261 = CYLINDRICAL_SURFACE('',#6262,0.8);
#6262 = AXIS2_PLACEMENT_3D('',#6263,#6264,#6265);
#6263 = CARTESIAN_POINT('',(-18.62682555906,-19.84677741483,
    23.867011794081));
#6264 = DIRECTION('',(-1.799906187103E-16,-2.210006908499E-17,1.));
#6265 = DIRECTION('',(1.,-3.977805108148E-33,1.799906187103E-16));
#6266 = ADVANCED_FACE('',(#6267),#6279,.F.);
#6267 = FACE_BOUND('',#6268,.F.);
#6268 = EDGE_LOOP('',(#6269,#6276,#6277,#6278));
#6269 = ORIENTED_EDGE('',*,*,#6270,.F.);
#6270 = EDGE_CURVE('',#1176,#1184,#6271,.T.);
#6271 = CIRCLE('',#6272,1.2);
#6272 = AXIS2_PLACEMENT_3D('',#6273,#6274,#6275);
#6273 = CARTESIAN_POINT('',(-18.81795689664,-39.18396882283,
    8.542537247118));
#6274 = DIRECTION('',(5.611013429477E-10,6.889170591138E-11,1.));
#6275 = DIRECTION('',(1.,-4.807499480498E-26,-5.611013429477E-10));
#6276 = ORIENTED_EDGE('',*,*,#1173,.F.);
#6277 = ORIENTED_EDGE('',*,*,#4269,.F.);
#6278 = ORIENTED_EDGE('',*,*,#1192,.T.);
#6279 = CYLINDRICAL_SURFACE('',#6280,1.2);
#6280 = AXIS2_PLACEMENT_3D('',#6281,#6282,#6283);
#6281 = CARTESIAN_POINT('',(-18.81795690368,-39.1839688237,
    -4.606441448399));
#6282 = DIRECTION('',(5.610915460569E-10,6.889361590839E-11,1.));
#6283 = DIRECTION('',(1.,4.411835124295E-27,-5.610915460569E-10));
#6284 = ADVANCED_FACE('',(#6285),#6293,.T.);
#6285 = FACE_BOUND('',#6286,.T.);
#6286 = EDGE_LOOP('',(#6287,#6288,#6289,#6290,#6291,#6292));
#6287 = ORIENTED_EDGE('',*,*,#5501,.F.);
#6288 = ORIENTED_EDGE('',*,*,#6002,.T.);
#6289 = ORIENTED_EDGE('',*,*,#5968,.T.);
#6290 = ORIENTED_EDGE('',*,*,#6097,.T.);
#6291 = ORIENTED_EDGE('',*,*,#5371,.T.);
#6292 = ORIENTED_EDGE('',*,*,#5034,.T.);
#6293 = PLANE('',#6294);
#6294 = AXIS2_PLACEMENT_3D('',#6295,#6296,#6297);
#6295 = CARTESIAN_POINT('',(-33.10613000503,21.139195461597,
    6.780337452728));
#6296 = DIRECTION('',(-1.266042400291E-16,-8.785517858879E-17,1.));
#6297 = DIRECTION('',(1.,0.,1.266042400291E-16));
#6298 = ADVANCED_FACE('',(#6299),#6312,.T.);
#6299 = FACE_BOUND('',#6300,.T.);
#6300 = EDGE_LOOP('',(#6301,#6302,#6303,#6304,#6305,#6311));
#6301 = ORIENTED_EDGE('',*,*,#5469,.F.);
#6302 = ORIENTED_EDGE('',*,*,#6144,.T.);
#6303 = ORIENTED_EDGE('',*,*,#6112,.F.);
#6304 = ORIENTED_EDGE('',*,*,#6255,.T.);
#6305 = ORIENTED_EDGE('',*,*,#6306,.T.);
#6306 = EDGE_CURVE('',#6229,#5077,#6307,.T.);
#6307 = LINE('',#6308,#6309);
#6308 = CARTESIAN_POINT('',(-18.33383178944,-15.66861293733,
    6.780337517332));
#6309 = VECTOR('',#6310,1.);
#6310 = DIRECTION('',(-0.121869343405,0.992546151641,1.292469707114E-26)
  );
#6311 = ORIENTED_EDGE('',*,*,#5076,.F.);
#6312 = PLANE('',#6313);
#6313 = AXIS2_PLACEMENT_3D('',#6314,#6315,#6316);
#6314 = CARTESIAN_POINT('',(-33.10613000503,21.139195461597,
    6.780337452728));
#6315 = DIRECTION('',(-1.266042400291E-16,-8.785517858879E-17,1.));
#6316 = DIRECTION('',(1.,0.,1.266042400291E-16));
#6317 = ADVANCED_FACE('',(#6318),#6331,.F.);
#6318 = FACE_BOUND('',#6319,.F.);
#6319 = EDGE_LOOP('',(#6320,#6321,#6327,#6328,#6329,#6330));
#6320 = ORIENTED_EDGE('',*,*,#4853,.T.);
#6321 = ORIENTED_EDGE('',*,*,#6322,.T.);
#6322 = EDGE_CURVE('',#4854,#6206,#6323,.T.);
#6323 = LINE('',#6324,#6325);
#6324 = CARTESIAN_POINT('',(-18.33383178944,-15.66861293733,
    6.780337517332));
#6325 = VECTOR('',#6326,1.);
#6326 = DIRECTION('',(-0.121869343405,0.992546151641,1.292469707114E-26)
  );
#6327 = ORIENTED_EDGE('',*,*,#6228,.T.);
#6328 = ORIENTED_EDGE('',*,*,#6306,.T.);
#6329 = ORIENTED_EDGE('',*,*,#5084,.T.);
#6330 = ORIENTED_EDGE('',*,*,#1234,.T.);
#6331 = CYLINDRICAL_SURFACE('',#6332,1.);
#6332 = AXIS2_PLACEMENT_3D('',#6333,#6334,#6335);
#6333 = CARTESIAN_POINT('',(-14.21172476485,-49.24048055415,
    7.780337517332));
#6334 = DIRECTION('',(0.121869343405,-0.992546151641,-9.139140948952E-27
    ));
#6335 = DIRECTION('',(0.992546151641,0.121869343405,-1.793662034336E-42)
  );
#6336 = ADVANCED_FACE('',(#6337),#6343,.T.);
#6337 = FACE_BOUND('',#6338,.T.);
#6338 = EDGE_LOOP('',(#6339,#6340,#6341,#6342));
#6339 = ORIENTED_EDGE('',*,*,#4846,.F.);
#6340 = ORIENTED_EDGE('',*,*,#226,.T.);
#6341 = ORIENTED_EDGE('',*,*,#5092,.F.);
#6342 = ORIENTED_EDGE('',*,*,#1215,.T.);
#6343 = PLANE('',#6344);
#6344 = AXIS2_PLACEMENT_3D('',#6345,#6346,#6347);
#6345 = CARTESIAN_POINT('',(-28.34734785226,-11.646141387,
    18.643211946115));
#6346 = DIRECTION('',(-0.701836114466,-8.617463914053E-02,
    -0.707106781187));
#6347 = DIRECTION('',(-0.121869343405,0.992546151641,6.938893903907E-18)
  );
#6348 = ADVANCED_FACE('',(#6349),#6367,.F.);
#6349 = FACE_BOUND('',#6350,.T.);
#6350 = EDGE_LOOP('',(#6351,#6352,#6353,#6361));
#6351 = ORIENTED_EDGE('',*,*,#4830,.T.);
#6352 = ORIENTED_EDGE('',*,*,#175,.T.);
#6353 = ORIENTED_EDGE('',*,*,#6354,.T.);
#6354 = EDGE_CURVE('',#167,#6355,#6357,.T.);
#6355 = VERTEX_POINT('',#6356);
#6356 = CARTESIAN_POINT('',(-27.63557493166,-17.20337773957,
    18.927094723712));
#6357 = LINE('',#6358,#6359);
#6358 = CARTESIAN_POINT('',(-28.44781377168,-11.81504865882,
    17.474066987911));
#6359 = VECTOR('',#6360,1.);
#6360 = DIRECTION('',(-0.144024139646,0.955444903331,-0.25764720821));
#6361 = ORIENTED_EDGE('',*,*,#6362,.T.);
#6362 = EDGE_CURVE('',#6355,#4831,#6363,.T.);
#6363 = LINE('',#6364,#6365);
#6364 = CARTESIAN_POINT('',(-25.53243224714,-34.33210034982,
    18.927094723712));
#6365 = VECTOR('',#6366,1.);
#6366 = DIRECTION('',(0.121869343405,-0.992546151641,6.6330048582E-18));
#6367 = PLANE('',#6368);
#6368 = AXIS2_PLACEMENT_3D('',#6369,#6370,#6371);
#6369 = CARTESIAN_POINT('',(-28.40787668356,-11.65357339297,
    18.050548355788));
#6370 = DIRECTION('',(0.98733306041,0.121229256287,-0.102356705895));
#6371 = DIRECTION('',(1.387778780781E-17,-0.645126857251,-0.764075479291
    ));
#6372 = ADVANCED_FACE('',(#6373),#6382,.T.);
#6373 = FACE_BOUND('',#6374,.T.);
#6374 = EDGE_LOOP('',(#6375,#6376,#6377,#6378,#6379,#6380,#6381));
#6375 = ORIENTED_EDGE('',*,*,#5446,.F.);
#6376 = ORIENTED_EDGE('',*,*,#4862,.F.);
#6377 = ORIENTED_EDGE('',*,*,#6322,.T.);
#6378 = ORIENTED_EDGE('',*,*,#6213,.T.);
#6379 = ORIENTED_EDGE('',*,*,#6181,.T.);
#6380 = ORIENTED_EDGE('',*,*,#1141,.T.);
#6381 = ORIENTED_EDGE('',*,*,#6161,.T.);
#6382 = PLANE('',#6383);
#6383 = AXIS2_PLACEMENT_3D('',#6384,#6385,#6386);
#6384 = CARTESIAN_POINT('',(-33.10613000503,21.139195461597,
    6.780337452728));
#6385 = DIRECTION('',(-1.266042400291E-16,-8.785517858879E-17,1.));
#6386 = DIRECTION('',(1.,0.,1.266042400291E-16));
#6387 = ADVANCED_FACE('',(#6388),#6398,.T.);
#6388 = FACE_BOUND('',#6389,.T.);
#6389 = EDGE_LOOP('',(#6390,#6391,#6392,#6393,#6394,#6395,#6396,#6397));
#6390 = ORIENTED_EDGE('',*,*,#5478,.F.);
#6391 = ORIENTED_EDGE('',*,*,#4956,.F.);
#6392 = ORIENTED_EDGE('',*,*,#5357,.T.);
#6393 = ORIENTED_EDGE('',*,*,#1099,.T.);
#6394 = ORIENTED_EDGE('',*,*,#6059,.T.);
#6395 = ORIENTED_EDGE('',*,*,#6037,.F.);
#6396 = ORIENTED_EDGE('',*,*,#1057,.T.);
#6397 = ORIENTED_EDGE('',*,*,#6017,.T.);
#6398 = PLANE('',#6399);
#6399 = AXIS2_PLACEMENT_3D('',#6400,#6401,#6402);
#6400 = CARTESIAN_POINT('',(-33.10613000503,21.139195461597,
    6.780337452728));
#6401 = DIRECTION('',(-1.266042400291E-16,-8.785517858879E-17,1.));
#6402 = DIRECTION('',(1.,0.,1.266042400291E-16));
#6403 = ADVANCED_FACE('',(#6404),#6416,.T.);
#6404 = FACE_BOUND('',#6405,.T.);
#6405 = EDGE_LOOP('',(#6406,#6413,#6414,#6415));
#6406 = ORIENTED_EDGE('',*,*,#6407,.F.);
#6407 = EDGE_CURVE('',#5270,#5414,#6408,.T.);
#6408 = CIRCLE('',#6409,3.);
#6409 = AXIS2_PLACEMENT_3D('',#6410,#6411,#6412);
#6410 = CARTESIAN_POINT('',(-18.28397278216,13.556336472585,
    6.813132417514));
#6411 = DIRECTION('',(-0.101593754532,-1.24741445407E-02,-0.994747759363
    ));
#6412 = DIRECTION('',(-0.994825161902,4.119968255445E-18,0.101601659666)
  );
#6413 = ORIENTED_EDGE('',*,*,#5278,.T.);
#6414 = ORIENTED_EDGE('',*,*,#2557,.F.);
#6415 = ORIENTED_EDGE('',*,*,#5421,.F.);
#6416 = ( BOUNDED_SURFACE() B_SPLINE_SURFACE(3,2,(
    (#6417,#6418,#6419)
    ,(#6420,#6421,#6422)
    ,(#6423,#6424,#6425)
    ,(#6426,#6427,#6428
)),.UNSPECIFIED.,.F.,.F.,.F.) B_SPLINE_SURFACE_WITH_KNOTS((4,4),(3,3),(
    2.239896589622E-02,2.595010393546E-02),(0.248529109074,1.),
.PIECEWISE_BEZIER_KNOTS.) GEOMETRIC_REPRESENTATION_ITEM() 
RATIONAL_B_SPLINE_SURFACE((
    (0.961681567271,0.922909568076,1.)
    ,(0.961681257649,0.922908945166,1.)
    ,(0.961411028056,0.922365287335,1.)
,(0.960862232552,0.921261200361,1.
  ))) REPRESENTATION_ITEM('') SURFACE() );
#6417 = CARTESIAN_POINT('',(-16.11707763875,11.490814060867,
    6.617728722105));
#6418 = CARTESIAN_POINT('',(-16.85431202096,10.709347265012,
    6.70282219211));
#6419 = CARTESIAN_POINT('',(-17.91836475194,10.578698017661,
    6.813132417514));
#6420 = CARTESIAN_POINT('',(-15.99615768244,11.505661387061,
    7.801706459573));
#6421 = CARTESIAN_POINT('',(-16.73367774717,10.724159291349,
    7.884006411413));
#6422 = CARTESIAN_POINT('',(-17.79810021933,10.59346464549,
    7.990693724436));
#6423 = CARTESIAN_POINT('',(-15.87598532354,11.525227155254,
    8.986446529843));
#6424 = CARTESIAN_POINT('',(-16.61468469877,10.738769800544,
    9.06684965779));
#6425 = CARTESIAN_POINT('',(-17.68378960655,10.607500223887,
    9.168932839132));
#6426 = CARTESIAN_POINT('',(-15.75668090135,11.549624422833,
    10.169662288681));
#6427 = CARTESIAN_POINT('',(-16.4975097695,10.753157072787,
    10.246896049201));
#6428 = CARTESIAN_POINT('',(-17.57523484911,10.620829072113,
    10.347646524822));
#6429 = ADVANCED_FACE('',(#6430),#6441,.F.);
#6430 = FACE_BOUND('',#6431,.T.);
#6431 = EDGE_LOOP('',(#6432,#6433,#6434,#6440));
#6432 = ORIENTED_EDGE('',*,*,#5954,.F.);
#6433 = ORIENTED_EDGE('',*,*,#5243,.F.);
#6434 = ORIENTED_EDGE('',*,*,#6435,.F.);
#6435 = EDGE_CURVE('',#848,#5244,#6436,.T.);
#6436 = LINE('',#6437,#6438);
#6437 = CARTESIAN_POINT('',(-13.68082924265,22.812531288811,
    8.549371867901));
#6438 = VECTOR('',#6439,1.);
#6439 = DIRECTION('',(-0.992546151641,-0.121869343404,0.));
#6440 = ORIENTED_EDGE('',*,*,#847,.F.);
#6441 = PLANE('',#6442);
#6442 = AXIS2_PLACEMENT_3D('',#6443,#6444,#6445);
#6443 = CARTESIAN_POINT('',(-12.931355245,22.904555124519,6.549371867901
    ));
#6444 = DIRECTION('',(0.121869343404,-0.992546151641,-1.082417208346E-16
    ));
#6445 = DIRECTION('',(-3.08148791102E-33,1.090545972654E-16,-1.));
#6446 = ADVANCED_FACE('',(#6447),#6452,.T.);
#6447 = FACE_BOUND('',#6448,.T.);
#6448 = EDGE_LOOP('',(#6449,#6450,#6451));
#6449 = ORIENTED_EDGE('',*,*,#5839,.F.);
#6450 = ORIENTED_EDGE('',*,*,#5132,.T.);
#6451 = ORIENTED_EDGE('',*,*,#5865,.T.);
#6452 = PLANE('',#6453);
#6453 = AXIS2_PLACEMENT_3D('',#6454,#6455,#6456);
#6454 = CARTESIAN_POINT('',(-18.84672027701,21.5211061564,6.549371867901
    ));
#6455 = DIRECTION('',(8.445535056805E-16,1.03698131354E-16,1.));
#6456 = DIRECTION('',(1.,0.,-8.445535056805E-16));
#6457 = ADVANCED_FACE('',(#6458),#6464,.T.);
#6458 = FACE_BOUND('',#6459,.T.);
#6459 = EDGE_LOOP('',(#6460,#6461,#6462,#6463));
#6460 = ORIENTED_EDGE('',*,*,#5388,.F.);
#6461 = ORIENTED_EDGE('',*,*,#5319,.T.);
#6462 = ORIENTED_EDGE('',*,*,#6407,.T.);
#6463 = ORIENTED_EDGE('',*,*,#5413,.F.);
#6464 = CYLINDRICAL_SURFACE('',#6465,3.);
#6465 = AXIS2_PLACEMENT_3D('',#6466,#6467,#6468);
#6466 = CARTESIAN_POINT('',(-20.63734106027,13.267379181915,
    -16.2296996189));
#6467 = DIRECTION('',(0.101593754531,1.247414454056E-02,0.994747759363)
  );
#6468 = DIRECTION('',(0.994825161902,3.903127820948E-18,-0.101601659665)
  );
#6469 = ADVANCED_FACE('',(#6470,#6481),#6491,.T.);
#6470 = FACE_BOUND('',#6471,.T.);
#6471 = EDGE_LOOP('',(#6472,#6473,#6474,#6475,#6476,#6477,#6478,#6479,
    #6480));
#6472 = ORIENTED_EDGE('',*,*,#5519,.F.);
#6473 = ORIENTED_EDGE('',*,*,#5719,.T.);
#6474 = ORIENTED_EDGE('',*,*,#5629,.T.);
#6475 = ORIENTED_EDGE('',*,*,#982,.T.);
#6476 = ORIENTED_EDGE('',*,*,#5612,.T.);
#6477 = ORIENTED_EDGE('',*,*,#5585,.F.);
#6478 = ORIENTED_EDGE('',*,*,#5561,.T.);
#6479 = ORIENTED_EDGE('',*,*,#921,.T.);
#6480 = ORIENTED_EDGE('',*,*,#5545,.T.);
#6481 = FACE_BOUND('',#6482,.T.);
#6482 = EDGE_LOOP('',(#6483,#6484));
#6483 = ORIENTED_EDGE('',*,*,#1265,.T.);
#6484 = ORIENTED_EDGE('',*,*,#6485,.T.);
#6485 = EDGE_CURVE('',#1266,#1258,#6486,.T.);
#6486 = CIRCLE('',#6487,2.269286737816);
#6487 = AXIS2_PLACEMENT_3D('',#6488,#6489,#6490);
#6488 = CARTESIAN_POINT('',(-18.81795689595,-39.18396882275,
    9.772610928562));
#6489 = DIRECTION('',(-5.610915460567E-10,-6.889361590742E-11,-1.));
#6490 = DIRECTION('',(1.,1.528871118043E-15,-5.610915460567E-10));
#6491 = PLANE('',#6492);
#6492 = AXIS2_PLACEMENT_3D('',#6493,#6494,#6495);
#6493 = CARTESIAN_POINT('',(4.375589310085,-26.23815164729,
    9.772610914656));
#6494 = DIRECTION('',(5.610915460567E-10,6.889361590742E-11,1.));
#6495 = DIRECTION('',(1.,0.,-5.610915460567E-10));
#6496 = ADVANCED_FACE('',(#6497),#6503,.F.);
#6497 = FACE_BOUND('',#6498,.F.);
#6498 = EDGE_LOOP('',(#6499,#6500,#6501,#6502));
#6499 = ORIENTED_EDGE('',*,*,#6485,.T.);
#6500 = ORIENTED_EDGE('',*,*,#1257,.F.);
#6501 = ORIENTED_EDGE('',*,*,#6270,.T.);
#6502 = ORIENTED_EDGE('',*,*,#1274,.T.);
#6503 = CONICAL_SURFACE('',#6504,1.2,0.715584993318);
#6504 = AXIS2_PLACEMENT_3D('',#6505,#6506,#6507);
#6505 = CARTESIAN_POINT('',(-18.81795689664,-39.18396882283,
    8.542537247118));
#6506 = DIRECTION('',(5.611013429477E-10,6.889170591138E-11,1.));
#6507 = DIRECTION('',(1.,-4.807499480498E-26,-5.611013429477E-10));
#6508 = ADVANCED_FACE('',(#6509),#6527,.F.);
#6509 = FACE_BOUND('',#6510,.F.);
#6510 = EDGE_LOOP('',(#6511,#6518,#6519,#6526));
#6511 = ORIENTED_EDGE('',*,*,#6512,.F.);
#6512 = EDGE_CURVE('',#283,#302,#6513,.T.);
#6513 = CIRCLE('',#6514,0.95);
#6514 = AXIS2_PLACEMENT_3D('',#6515,#6516,#6517);
#6515 = CARTESIAN_POINT('',(-15.26352276029,-8.067822282064,
    15.71923738942));
#6516 = DIRECTION('',(6.656181353355E-02,0.269125443091,0.960802279795)
  );
#6517 = DIRECTION('',(-5.20417042793E-17,0.962937783644,-0.26972360822)
  );
#6518 = ORIENTED_EDGE('',*,*,#1289,.F.);
#6519 = ORIENTED_EDGE('',*,*,#6520,.T.);
#6520 = EDGE_CURVE('',#1290,#1299,#6521,.T.);
#6521 = CIRCLE('',#6522,0.95);
#6522 = AXIS2_PLACEMENT_3D('',#6523,#6524,#6525);
#6523 = CARTESIAN_POINT('',(-15.76939254314,-10.11317564955,
    8.417140062975));
#6524 = DIRECTION('',(6.656181353355E-02,0.269125443091,0.960802279795)
  );
#6525 = DIRECTION('',(2.081668171172E-17,-0.962937783644,0.26972360822)
  );
#6526 = ORIENTED_EDGE('',*,*,#1298,.T.);
#6527 = CYLINDRICAL_SURFACE('',#6528,0.95);
#6528 = AXIS2_PLACEMENT_3D('',#6529,#6530,#6531);
#6529 = CARTESIAN_POINT('',(-15.76939254314,-10.11317564955,
    8.417140062975));
#6530 = DIRECTION('',(6.656181353355E-02,0.269125443091,0.960802279795)
  );
#6531 = DIRECTION('',(2.775557561563E-17,-0.962937783644,0.26972360822)
  );
#6532 = ADVANCED_FACE('',(#6533),#6537,.T.);
#6533 = FACE_BOUND('',#6534,.T.);
#6534 = EDGE_LOOP('',(#6535,#6536));
#6535 = ORIENTED_EDGE('',*,*,#6520,.T.);
#6536 = ORIENTED_EDGE('',*,*,#1306,.T.);
#6537 = PLANE('',#6538);
#6538 = AXIS2_PLACEMENT_3D('',#6539,#6540,#6541);
#6539 = CARTESIAN_POINT('',(-15.76939254314,-10.11317564955,
    8.417140062975));
#6540 = DIRECTION('',(6.656181353355E-02,0.269125443091,0.960802279795)
  );
#6541 = DIRECTION('',(3.469446951954E-18,-0.962937783644,0.26972360822)
  );
#6542 = ADVANCED_FACE('',(#6543),#6561,.F.);
#6543 = FACE_BOUND('',#6544,.F.);
#6544 = EDGE_LOOP('',(#6545,#6552,#6553,#6560));
#6545 = ORIENTED_EDGE('',*,*,#6546,.F.);
#6546 = EDGE_CURVE('',#241,#260,#6547,.T.);
#6547 = CIRCLE('',#6548,0.95);
#6548 = AXIS2_PLACEMENT_3D('',#6549,#6550,#6551);
#6549 = CARTESIAN_POINT('',(-15.65775765136,-21.02234561941,
    19.37517461644));
#6550 = DIRECTION('',(6.656181353354E-02,0.269125443091,0.960802279795)
  );
#6551 = DIRECTION('',(-1.734723475977E-17,0.962937783644,-0.26972360822)
  );
#6552 = ORIENTED_EDGE('',*,*,#731,.F.);
#6553 = ORIENTED_EDGE('',*,*,#6554,.T.);
#6554 = EDGE_CURVE('',#732,#741,#6555,.T.);
#6555 = CIRCLE('',#6556,0.95);
#6556 = AXIS2_PLACEMENT_3D('',#6557,#6558,#6559);
#6557 = CARTESIAN_POINT('',(-16.16362743422,-23.06769898691,
    12.073077289995));
#6558 = DIRECTION('',(6.656181353355E-02,0.269125443091,0.960802279795)
  );
#6559 = DIRECTION('',(2.081668171172E-17,-0.962937783644,0.26972360822)
  );
#6560 = ORIENTED_EDGE('',*,*,#740,.T.);
#6561 = CYLINDRICAL_SURFACE('',#6562,0.95);
#6562 = AXIS2_PLACEMENT_3D('',#6563,#6564,#6565);
#6563 = CARTESIAN_POINT('',(-16.16362743422,-23.06769898691,
    12.073077289995));
#6564 = DIRECTION('',(6.656181353355E-02,0.269125443091,0.960802279795)
  );
#6565 = DIRECTION('',(2.775557561563E-17,-0.962937783644,0.26972360822)
  );
#6566 = ADVANCED_FACE('',(#6567),#6571,.T.);
#6567 = FACE_BOUND('',#6568,.T.);
#6568 = EDGE_LOOP('',(#6569,#6570));
#6569 = ORIENTED_EDGE('',*,*,#6554,.T.);
#6570 = ORIENTED_EDGE('',*,*,#748,.T.);
#6571 = PLANE('',#6572);
#6572 = AXIS2_PLACEMENT_3D('',#6573,#6574,#6575);
#6573 = CARTESIAN_POINT('',(-16.16362743422,-23.06769898691,
    12.073077289995));
#6574 = DIRECTION('',(6.656181353355E-02,0.269125443091,0.960802279795)
  );
#6575 = DIRECTION('',(3.469446951954E-18,-0.962937783644,0.26972360822)
  );
#6576 = ADVANCED_FACE('',(#6577),#6593,.F.);
#6577 = FACE_BOUND('',#6578,.T.);
#6578 = EDGE_LOOP('',(#6579,#6585,#6586,#6592));
#6579 = ORIENTED_EDGE('',*,*,#6580,.F.);
#6580 = EDGE_CURVE('',#1653,#1685,#6581,.T.);
#6581 = LINE('',#6582,#6583);
#6582 = CARTESIAN_POINT('',(-14.87631279904,32.851871935421,
    7.414605817189));
#6583 = VECTOR('',#6584,1.);
#6584 = DIRECTION('',(-0.987682218619,0.154435842808,2.516754814306E-02)
  );
#6585 = ORIENTED_EDGE('',*,*,#1650,.F.);
#6586 = ORIENTED_EDGE('',*,*,#6587,.F.);
#6587 = EDGE_CURVE('',#1687,#1651,#6588,.T.);
#6588 = LINE('',#6589,#6590);
#6589 = CARTESIAN_POINT('',(-15.09215697908,32.885621735944,
    7.549371867901));
#6590 = VECTOR('',#6591,1.);
#6591 = DIRECTION('',(0.98799516896,-0.15448477631,-8.183950009146E-16)
  );
#6592 = ORIENTED_EDGE('',*,*,#1684,.F.);
#6593 = PLANE('',#6594);
#6594 = AXIS2_PLACEMENT_3D('',#6595,#6596,#6597);
#6595 = CARTESIAN_POINT('',(-13.16176681448,32.583782311889,
    6.549371867901));
#6596 = DIRECTION('',(0.15448477631,0.98799516896,-1.195023960913E-16));
#6597 = DIRECTION('',(-7.735545142092E-16,-2.465190328816E-32,-1.));
#6598 = ADVANCED_FACE('',(#6599),#6618,.T.);
#6599 = FACE_BOUND('',#6600,.T.);
#6600 = EDGE_LOOP('',(#6601,#6602,#6609));
#6601 = ORIENTED_EDGE('',*,*,#698,.F.);
#6602 = ORIENTED_EDGE('',*,*,#6603,.F.);
#6603 = EDGE_CURVE('',#1661,#688,#6604,.T.);
#6604 = CIRCLE('',#6605,1.);
#6605 = AXIS2_PLACEMENT_3D('',#6606,#6607,#6608);
#6606 = CARTESIAN_POINT('',(-14.16176675901,31.727993479289,
    7.549371867901));
#6607 = DIRECTION('',(-8.330074680376E-16,-9.381716073034E-17,-1.));
#6608 = DIRECTION('',(0.759764671551,0.650198157382,-6.938893903907E-16)
  );
#6609 = ORIENTED_EDGE('',*,*,#6610,.F.);
#6610 = EDGE_CURVE('',#699,#1661,#6611,.T.);
#6611 = B_SPLINE_CURVE_WITH_KNOTS('',3,(#6612,#6613,#6614,#6615,#6616,
    #6617),.UNSPECIFIED.,.F.,.F.,(4,2,4),(8.632796502568E-04,
    1.281057262186E-03,1.698834874114E-03),.UNSPECIFIED.);
#6612 = CARTESIAN_POINT('',(-13.40200208746,32.378191636671,
    8.16052587527));
#6613 = CARTESIAN_POINT('',(-13.46861058512,32.456024498503,
    8.063943973949));
#6614 = CARTESIAN_POINT('',(-13.54263737416,32.518926967184,
    7.964579166205));
#6615 = CARTESIAN_POINT('',(-13.70144888137,32.620744524644,
    7.76049738383));
#6616 = CARTESIAN_POINT('',(-13.78694654536,32.659632851326,
    7.655043274123));
#6617 = CARTESIAN_POINT('',(-13.87496766189,32.68598422971,
    7.549371867901));
#6618 = CYLINDRICAL_SURFACE('',#6619,1.);
#6619 = AXIS2_PLACEMENT_3D('',#6620,#6621,#6622);
#6620 = CARTESIAN_POINT('',(-14.16176675901,31.727993479289,
    6.549371867901));
#6621 = DIRECTION('',(3.270260838268E-16,-3.821340653557E-16,1.));
#6622 = DIRECTION('',(0.759764671551,0.650198157382,1.084683744679E-30)
  );
#6623 = ADVANCED_FACE('',(#6624),#6642,.F.);
#6624 = FACE_BOUND('',#6625,.F.);
#6625 = EDGE_LOOP('',(#6626,#6633,#6634,#6641));
#6626 = ORIENTED_EDGE('',*,*,#6627,.F.);
#6627 = EDGE_CURVE('',#1651,#656,#6628,.T.);
#6628 = CIRCLE('',#6629,1.);
#6629 = AXIS2_PLACEMENT_3D('',#6630,#6631,#6632);
#6630 = CARTESIAN_POINT('',(-13.85279720639,33.703983817209,
    7.549371867901));
#6631 = DIRECTION('',(0.98799516896,-0.15448477631,0.));
#6632 = DIRECTION('',(-0.15448477631,-0.98799516896,0.));
#6633 = ORIENTED_EDGE('',*,*,#6587,.F.);
#6634 = ORIENTED_EDGE('',*,*,#6635,.T.);
#6635 = EDGE_CURVE('',#1687,#665,#6636,.T.);
#6636 = CIRCLE('',#6637,1.);
#6637 = AXIS2_PLACEMENT_3D('',#6638,#6639,#6640);
#6638 = CARTESIAN_POINT('',(-15.46639208909,33.956288537252,
    7.549371867901));
#6639 = DIRECTION('',(0.98799516896,-0.15448477631,0.));
#6640 = DIRECTION('',(-0.15448477631,-0.98799516896,0.));
#6641 = ORIENTED_EDGE('',*,*,#664,.T.);
#6642 = CYLINDRICAL_SURFACE('',#6643,1.);
#6643 = AXIS2_PLACEMENT_3D('',#6644,#6645,#6646);
#6644 = CARTESIAN_POINT('',(-14.93767220276,33.873616904904,
    7.549371867901));
#6645 = DIRECTION('',(0.98799516896,-0.15448477631,5.770741957206E-16));
#6646 = DIRECTION('',(-0.109237232919,-0.698618083751,-0.707106781187));
#6647 = ADVANCED_FACE('',(#6648),#6664,.T.);
#6648 = FACE_BOUND('',#6649,.T.);
#6649 = EDGE_LOOP('',(#6650,#6651,#6657,#6658));
#6650 = ORIENTED_EDGE('',*,*,#1735,.F.);
#6651 = ORIENTED_EDGE('',*,*,#6652,.T.);
#6652 = EDGE_CURVE('',#1727,#4026,#6653,.T.);
#6653 = LINE('',#6654,#6655);
#6654 = CARTESIAN_POINT('',(-12.51350017675,34.912210969745,
    6.549371867901));
#6655 = VECTOR('',#6656,1.);
#6656 = DIRECTION('',(0.,0.,-1.));
#6657 = ORIENTED_EDGE('',*,*,#4025,.F.);
#6658 = ORIENTED_EDGE('',*,*,#6659,.F.);
#6659 = EDGE_CURVE('',#1736,#4017,#6660,.T.);
#6660 = LINE('',#6661,#6662);
#6661 = CARTESIAN_POINT('',(-17.49758553639,34.912210969745,
    6.249371867901));
#6662 = VECTOR('',#6663,1.);
#6663 = DIRECTION('',(0.,0.,-1.));
#6664 = PLANE('',#6665);
#6665 = AXIS2_PLACEMENT_3D('',#6666,#6667,#6668);
#6666 = CARTESIAN_POINT('',(-18.35337436032,34.912210969745,
    6.549371867901));
#6667 = DIRECTION('',(2.00360053461E-16,1.,0.));
#6668 = DIRECTION('',(1.,-2.00360053461E-16,0.));
#6669 = ADVANCED_FACE('',(#6670),#6684,.F.);
#6670 = FACE_BOUND('',#6671,.F.);
#6671 = EDGE_LOOP('',(#6672,#6681,#6682,#6683));
#6672 = ORIENTED_EDGE('',*,*,#6673,.T.);
#6673 = EDGE_CURVE('',#614,#4351,#6674,.T.);
#6674 = B_SPLINE_CURVE_WITH_KNOTS('',3,(#6675,#6676,#6677,#6678,#6679,
    #6680),.UNSPECIFIED.,.F.,.F.,(4,2,4),(0.357144504329,0.678572252165,
    1.),.UNSPECIFIED.);
#6675 = CARTESIAN_POINT('',(-16.6989290253,33.494718376009,
    6.575293538229));
#6676 = CARTESIAN_POINT('',(-16.65767468149,33.43821770299,
    6.591473972485));
#6677 = CARTESIAN_POINT('',(-16.62974853911,33.374548634521,
    6.615869467843));
#6678 = CARTESIAN_POINT('',(-16.6009002333,33.24760170515,6.673718648205
    ));
#6679 = CARTESIAN_POINT('',(-16.59943646746,33.1831225666,6.707690784508
    ));
#6680 = CARTESIAN_POINT('',(-16.60887203433,33.122778144795,
    6.738906415427));
#6681 = ORIENTED_EDGE('',*,*,#4368,.F.);
#6682 = ORIENTED_EDGE('',*,*,#543,.T.);
#6683 = ORIENTED_EDGE('',*,*,#624,.T.);
#6684 = CYLINDRICAL_SURFACE('',#6685,0.5);
#6685 = AXIS2_PLACEMENT_3D('',#6686,#6687,#6688);
#6686 = CARTESIAN_POINT('',(-17.10286961884,33.200020532756,
    6.549371867901));
#6687 = DIRECTION('',(-5.718299902954E-17,7.837986206021E-17,1.));
#6688 = DIRECTION('',(0.80785531667,0.589380850832,2.157041537714E-31));
#6689 = ADVANCED_FACE('',(#6690),#6707,.F.);
#6690 = FACE_BOUND('',#6691,.F.);
#6691 = EDGE_LOOP('',(#6692,#6693,#6694,#6695,#6696,#6697,#6698,#6699,
    #6706));
#6692 = ORIENTED_EDGE('',*,*,#6673,.F.);
#6693 = ORIENTED_EDGE('',*,*,#613,.F.);
#6694 = ORIENTED_EDGE('',*,*,#1774,.F.);
#6695 = ORIENTED_EDGE('',*,*,#672,.F.);
#6696 = ORIENTED_EDGE('',*,*,#6635,.F.);
#6697 = ORIENTED_EDGE('',*,*,#1701,.F.);
#6698 = ORIENTED_EDGE('',*,*,#558,.F.);
#6699 = ORIENTED_EDGE('',*,*,#6700,.F.);
#6700 = EDGE_CURVE('',#4343,#559,#6701,.T.);
#6701 = CIRCLE('',#6702,1.);
#6702 = AXIS2_PLACEMENT_3D('',#6703,#6704,#6705);
#6703 = CARTESIAN_POINT('',(-15.77536164171,31.980298199331,
    7.549371867901));
#6704 = DIRECTION('',(-8.45934458742E-16,-1.018052801165E-16,-1.));
#6705 = DIRECTION('',(-0.589380850832,0.80785531667,4.163336342344E-16)
  );
#6706 = ORIENTED_EDGE('',*,*,#4350,.T.);
#6707 = TOROIDAL_SURFACE('',#6708,2.,1.);
#6708 = AXIS2_PLACEMENT_3D('',#6709,#6710,#6711);
#6709 = CARTESIAN_POINT('',(-15.77536164171,31.980298199331,
    7.549371867901));
#6710 = DIRECTION('',(-9.39988827516E-16,-1.03698131354E-16,-1.));
#6711 = DIRECTION('',(-1.,-2.244997034276E-32,9.39988827516E-16));
#6712 = ADVANCED_FACE('',(#6713),#6729,.T.);
#6713 = FACE_BOUND('',#6714,.T.);
#6714 = EDGE_LOOP('',(#6715,#6716,#6717,#6718));
#6715 = ORIENTED_EDGE('',*,*,#569,.F.);
#6716 = ORIENTED_EDGE('',*,*,#6700,.F.);
#6717 = ORIENTED_EDGE('',*,*,#4342,.T.);
#6718 = ORIENTED_EDGE('',*,*,#6719,.F.);
#6719 = EDGE_CURVE('',#570,#4334,#6720,.T.);
#6720 = B_SPLINE_CURVE_WITH_KNOTS('',3,(#6721,#6722,#6723,#6724,#6725,
    #6726,#6727,#6728),.UNSPECIFIED.,.F.,.F.,(4,2,2,4),(
    -9.337453064436E-04,-4.668726532218E-04,-2.334363266109E-04,
    6.72205346941E-18),.UNSPECIFIED.);
#6721 = CARTESIAN_POINT('',(-16.36474249254,32.788153516001,
    8.308573238831));
#6722 = CARTESIAN_POINT('',(-16.45645073191,32.721246634242,
    8.414334000677));
#6723 = CARTESIAN_POINT('',(-16.5432856562,32.633922985605,8.51459717628
    ));
#6724 = CARTESIAN_POINT('',(-16.64956154336,32.470204001771,
    8.642647451909));
#6725 = CARTESIAN_POINT('',(-16.68144338018,32.409126674785,
    8.682227598959));
#6726 = CARTESIAN_POINT('',(-16.73225674603,32.279011669865,
    8.749774320234));
#6727 = CARTESIAN_POINT('',(-16.75166840942,32.209535221399,
    8.778255019722));
#6728 = CARTESIAN_POINT('',(-16.76335681067,32.134782975642,
    8.800819781252));
#6729 = CYLINDRICAL_SURFACE('',#6730,1.);
#6730 = AXIS2_PLACEMENT_3D('',#6731,#6732,#6733);
#6731 = CARTESIAN_POINT('',(-15.77536164171,31.980298199331,
    6.549371867901));
#6732 = DIRECTION('',(6.826454547302E-17,4.980324454433E-17,1.));
#6733 = DIRECTION('',(-0.589380850832,0.80785531667,2.588449845256E-31)
  );
#6734 = ADVANCED_FACE('',(#6735),#6760,.T.);
#6735 = FACE_BOUND('',#6736,.T.);
#6736 = EDGE_LOOP('',(#6737,#6738,#6739,#6740,#6741,#6742,#6743,#6751,
    #6758,#6759));
#6737 = ORIENTED_EDGE('',*,*,#1669,.T.);
#6738 = ORIENTED_EDGE('',*,*,#6580,.T.);
#6739 = ORIENTED_EDGE('',*,*,#1694,.T.);
#6740 = ORIENTED_EDGE('',*,*,#577,.T.);
#6741 = ORIENTED_EDGE('',*,*,#6719,.T.);
#6742 = ORIENTED_EDGE('',*,*,#4333,.T.);
#6743 = ORIENTED_EDGE('',*,*,#6744,.T.);
#6744 = EDGE_CURVE('',#4326,#6745,#6747,.T.);
#6745 = VERTEX_POINT('',#6746);
#6746 = CARTESIAN_POINT('',(-13.161766748,31.55811863996,8.712903128413)
  );
#6747 = LINE('',#6748,#6749);
#6748 = CARTESIAN_POINT('',(-14.999402424,31.845454798339,8.759728699911
    ));
#6749 = VECTOR('',#6750,1.);
#6750 = DIRECTION('',(0.987682218619,-0.154435842808,-2.516754814306E-02
    ));
#6751 = ORIENTED_EDGE('',*,*,#6752,.T.);
#6752 = EDGE_CURVE('',#6745,#707,#6753,.T.);
#6753 = ( BOUNDED_CURVE() B_SPLINE_CURVE(3,(#6754,#6755,#6756,#6757),
.UNSPECIFIED.,.F.,.F.) B_SPLINE_CURVE_WITH_KNOTS((4,4),(5.151792411019,
5.279199830164),.PIECEWISE_BEZIER_KNOTS.) CURVE() 
GEOMETRIC_REPRESENTATION_ITEM() RATIONAL_B_SPLINE_CURVE((1.,
0.99864773653,0.99864773653,1.)) REPRESENTATION_ITEM('') );
#6754 = CARTESIAN_POINT('',(-13.161766748,31.55811863996,8.712903128413)
  );
#6755 = CARTESIAN_POINT('',(-13.16176675175,31.615996450307,
    8.696691245053));
#6756 = CARTESIAN_POINT('',(-13.16176675543,31.672698093916,
    8.676866668887));
#6757 = CARTESIAN_POINT('',(-13.16176675901,31.727993544103,
    8.653509824065));
#6758 = ORIENTED_EDGE('',*,*,#706,.T.);
#6759 = ORIENTED_EDGE('',*,*,#6610,.T.);
#6760 = CYLINDRICAL_SURFACE('',#6761,1.4);
#6761 = AXIS2_PLACEMENT_3D('',#6762,#6763,#6764);
#6762 = CARTESIAN_POINT('',(-15.09259148587,31.468678698877,
    7.414605817189));
#6763 = DIRECTION('',(-0.987682218619,0.154435842808,2.516754814306E-02)
  );
#6764 = DIRECTION('',(6.656361562212E-02,0.26912578533,0.960802059087));
#6765 = ADVANCED_FACE('',(#6766),#6772,.F.);
#6766 = FACE_BOUND('',#6767,.F.);
#6767 = EDGE_LOOP('',(#6768,#6769,#6770,#6771));
#6768 = ORIENTED_EDGE('',*,*,#4044,.F.);
#6769 = ORIENTED_EDGE('',*,*,#4467,.F.);
#6770 = ORIENTED_EDGE('',*,*,#630,.F.);
#6771 = ORIENTED_EDGE('',*,*,#535,.T.);
#6772 = CONICAL_SURFACE('',#6773,0.6,0.785398163397);
#6773 = AXIS2_PLACEMENT_3D('',#6774,#6775,#6776);
#6774 = CARTESIAN_POINT('',(-17.10286961884,33.200020532756,
    6.049371867901));
#6775 = DIRECTION('',(-3.503239758473E-16,-2.555831950242E-16,-1.));
#6776 = DIRECTION('',(0.80785531667,0.589380850832,-4.33646927387E-16));
#6777 = ADVANCED_FACE('',(#6778),#6790,.F.);
#6778 = FACE_BOUND('',#6779,.F.);
#6779 = EDGE_LOOP('',(#6780,#6781,#6782,#6789));
#6780 = ORIENTED_EDGE('',*,*,#4093,.F.);
#6781 = ORIENTED_EDGE('',*,*,#3576,.F.);
#6782 = ORIENTED_EDGE('',*,*,#6783,.F.);
#6783 = EDGE_CURVE('',#335,#3462,#6784,.T.);
#6784 = CIRCLE('',#6785,0.5);
#6785 = AXIS2_PLACEMENT_3D('',#6786,#6787,#6788);
#6786 = CARTESIAN_POINT('',(-11.95350922331,32.394856890428,
    6.149371867901));
#6787 = DIRECTION('',(2.439981185136E-16,-3.344444886874E-16,1.));
#6788 = DIRECTION('',(0.80785531667,0.589380850832,-2.440538425528E-30)
  );
#6789 = ORIENTED_EDGE('',*,*,#501,.T.);
#6790 = CONICAL_SURFACE('',#6791,0.6,0.785398163397);
#6791 = AXIS2_PLACEMENT_3D('',#6792,#6793,#6794);
#6792 = CARTESIAN_POINT('',(-11.95350922331,32.394856890428,
    6.049371867901));
#6793 = DIRECTION('',(-3.503239758473E-16,-2.555831950242E-16,-1.));
#6794 = DIRECTION('',(0.80785531667,0.589380850832,-4.33646927387E-16));
#6795 = ADVANCED_FACE('',(#6796),#6802,.T.);
#6796 = FACE_BOUND('',#6797,.T.);
#6797 = EDGE_LOOP('',(#6798,#6799,#6800,#6801));
#6798 = ORIENTED_EDGE('',*,*,#453,.F.);
#6799 = ORIENTED_EDGE('',*,*,#1743,.T.);
#6800 = ORIENTED_EDGE('',*,*,#6659,.T.);
#6801 = ORIENTED_EDGE('',*,*,#4016,.T.);
#6802 = CYLINDRICAL_SURFACE('',#6803,1.);
#6803 = AXIS2_PLACEMENT_3D('',#6804,#6805,#6806);
#6804 = CARTESIAN_POINT('',(-17.49758553639,33.912210969745,
    6.249371867901));
#6805 = DIRECTION('',(0.,0.,-1.));
#6806 = DIRECTION('',(-0.65019813276,0.759764692622,0.));
#6807 = ADVANCED_FACE('',(#6808),#6818,.T.);
#6808 = FACE_BOUND('',#6809,.T.);
#6809 = EDGE_LOOP('',(#6810,#6811,#6812,#6813,#6814,#6815,#6816,#6817));
#6810 = ORIENTED_EDGE('',*,*,#428,.F.);
#6811 = ORIENTED_EDGE('',*,*,#4309,.T.);
#6812 = ORIENTED_EDGE('',*,*,#4406,.T.);
#6813 = ORIENTED_EDGE('',*,*,#1445,.T.);
#6814 = ORIENTED_EDGE('',*,*,#4384,.T.);
#6815 = ORIENTED_EDGE('',*,*,#3542,.T.);
#6816 = ORIENTED_EDGE('',*,*,#1321,.T.);
#6817 = ORIENTED_EDGE('',*,*,#3526,.T.);
#6818 = PLANE('',#6819);
#6819 = AXIS2_PLACEMENT_3D('',#6820,#6821,#6822);
#6820 = CARTESIAN_POINT('',(-14.77292043045,25.185525938645,
    9.109044547571));
#6821 = DIRECTION('',(-7.30739422684E-02,-0.597474139636,0.798551721197)
  );
#6822 = DIRECTION('',(-0.992603646454,0.121400169053,-1.387778780781E-17
    ));
#6823 = ADVANCED_FACE('',(#6824),#6835,.T.);
#6824 = FACE_BOUND('',#6825,.T.);
#6825 = EDGE_LOOP('',(#6826,#6827,#6828,#6834));
#6826 = ORIENTED_EDGE('',*,*,#411,.F.);
#6827 = ORIENTED_EDGE('',*,*,#3518,.T.);
#6828 = ORIENTED_EDGE('',*,*,#6829,.T.);
#6829 = EDGE_CURVE('',#3511,#4317,#6830,.T.);
#6830 = LINE('',#6831,#6832);
#6831 = CARTESIAN_POINT('',(-14.99600979381,27.649952191048,
    9.934676336247));
#6832 = VECTOR('',#6833,1.);
#6833 = DIRECTION('',(-0.987682218619,0.154435842808,2.516754814306E-02)
  );
#6834 = ORIENTED_EDGE('',*,*,#4316,.T.);
#6835 = CYLINDRICAL_SURFACE('',#6836,2.);
#6836 = AXIS2_PLACEMENT_3D('',#6837,#6838,#6839);
#6837 = CARTESIAN_POINT('',(-15.12913702506,27.111700620388,
    8.013072218073));
#6838 = DIRECTION('',(-0.987682218619,0.154435842808,2.516754814306E-02)
  );
#6839 = DIRECTION('',(-3.637575836265E-03,-0.183461154009,0.983020230215
    ));
#6840 = ADVANCED_FACE('',(#6841),#6853,.F.);
#6841 = FACE_BOUND('',#6842,.T.);
#6842 = EDGE_LOOP('',(#6843,#6844,#6845,#6846,#6847));
#6843 = ORIENTED_EDGE('',*,*,#6744,.F.);
#6844 = ORIENTED_EDGE('',*,*,#4325,.T.);
#6845 = ORIENTED_EDGE('',*,*,#6829,.F.);
#6846 = ORIENTED_EDGE('',*,*,#3510,.T.);
#6847 = ORIENTED_EDGE('',*,*,#6848,.T.);
#6848 = EDGE_CURVE('',#3503,#6745,#6849,.T.);
#6849 = LINE('',#6850,#6851);
#6850 = CARTESIAN_POINT('',(-13.16176655596,28.595123914535,
    9.542853753607));
#6851 = VECTOR('',#6852,1.);
#6852 = DIRECTION('',(-6.241220823208E-08,0.962937679588,-0.269723979708
    ));
#6853 = PLANE('',#6854);
#6854 = AXIS2_PLACEMENT_3D('',#6855,#6856,#6857);
#6855 = CARTESIAN_POINT('',(-15.50926079352,28.422700423907,
    9.753783059505));
#6856 = DIRECTION('',(-6.656361562212E-02,-0.26912578533,-0.960802059087
    ));
#6857 = DIRECTION('',(-6.938893903907E-18,-0.962937678465,0.269723983718
    ));
#6858 = ADVANCED_FACE('',(#6859),#6871,.T.);
#6859 = FACE_BOUND('',#6860,.T.);
#6860 = EDGE_LOOP('',(#6861,#6862,#6863,#6864,#6870));
#6861 = ORIENTED_EDGE('',*,*,#6752,.F.);
#6862 = ORIENTED_EDGE('',*,*,#6848,.F.);
#6863 = ORIENTED_EDGE('',*,*,#3502,.F.);
#6864 = ORIENTED_EDGE('',*,*,#6865,.F.);
#6865 = EDGE_CURVE('',#690,#3494,#6866,.T.);
#6866 = LINE('',#6867,#6868);
#6867 = CARTESIAN_POINT('',(-13.16176630431,24.712607180016,
    7.549371867901));
#6868 = VECTOR('',#6869,1.);
#6869 = DIRECTION('',(6.481437931699E-08,-1.,1.036980766148E-16));
#6870 = ORIENTED_EDGE('',*,*,#717,.F.);
#6871 = PLANE('',#6872);
#6872 = AXIS2_PLACEMENT_3D('',#6873,#6874,#6875);
#6873 = CARTESIAN_POINT('',(-13.16176651117,27.904107835164,
    6.549371867901));
#6874 = DIRECTION('',(1.,6.481437931699E-08,-7.735545142092E-16));
#6875 = DIRECTION('',(0.,-1.193492126841E-08,-1.));
#6876 = ADVANCED_FACE('',(#6877),#6889,.F.);
#6877 = FACE_BOUND('',#6878,.F.);
#6878 = EDGE_LOOP('',(#6879,#6880,#6881,#6888));
#6879 = ORIENTED_EDGE('',*,*,#3493,.F.);
#6880 = ORIENTED_EDGE('',*,*,#6865,.F.);
#6881 = ORIENTED_EDGE('',*,*,#6882,.T.);
#6882 = EDGE_CURVE('',#690,#378,#6883,.T.);
#6883 = CIRCLE('',#6884,1.);
#6884 = AXIS2_PLACEMENT_3D('',#6885,#6886,#6887);
#6885 = CARTESIAN_POINT('',(-12.16176675901,31.727993608917,
    7.549371867901));
#6886 = DIRECTION('',(6.481437608841E-08,-1.,0.));
#6887 = DIRECTION('',(-1.,-6.481437608841E-08,1.734723475977E-15));
#6888 = ORIENTED_EDGE('',*,*,#377,.T.);
#6889 = CYLINDRICAL_SURFACE('',#6890,1.);
#6890 = AXIS2_PLACEMENT_3D('',#6891,#6892,#6893);
#6891 = CARTESIAN_POINT('',(-12.16176630431,24.71260724483,
    7.549371867901));
#6892 = DIRECTION('',(6.481437765085E-08,-1.,-1.562440172881E-15));
#6893 = DIRECTION('',(-0.707106781187,-4.583068485049E-08,
    -0.707106781187));
#6894 = ADVANCED_FACE('',(#6895),#6915,.F.);
#6895 = FACE_BOUND('',#6896,.F.);
#6896 = EDGE_LOOP('',(#6897,#6906,#6907,#6908,#6909,#6910,#6911,#6912,
    #6913,#6914));
#6897 = ORIENTED_EDGE('',*,*,#6898,.T.);
#6898 = EDGE_CURVE('',#1783,#3470,#6899,.T.);
#6899 = B_SPLINE_CURVE_WITH_KNOTS('',3,(#6900,#6901,#6902,#6903,#6904,
    #6905),.UNSPECIFIED.,.F.,.F.,(4,2,4),(-0.20072248264,-0.192595152932
    ,-0.183019977727),.UNSPECIFIED.);
#6900 = CARTESIAN_POINT('',(-12.38535018916,32.646875501281,
    6.549371867901));
#6901 = CARTESIAN_POINT('',(-12.39974617068,32.622207582735,
    6.549371867901));
#6902 = CARTESIAN_POINT('',(-12.41201774486,32.596326621631,
    6.550249490825));
#6903 = CARTESIAN_POINT('',(-12.43380424713,32.537877986704,
    6.553294872698));
#6904 = CARTESIAN_POINT('',(-12.4423237593,32.505247055268,
    6.555640966926));
#6905 = CARTESIAN_POINT('',(-12.44750680779,32.472099278583,
    6.558017110088));
#6906 = ORIENTED_EDGE('',*,*,#3477,.F.);
#6907 = ORIENTED_EDGE('',*,*,#385,.F.);
#6908 = ORIENTED_EDGE('',*,*,#6882,.F.);
#6909 = ORIENTED_EDGE('',*,*,#687,.F.);
#6910 = ORIENTED_EDGE('',*,*,#6603,.F.);
#6911 = ORIENTED_EDGE('',*,*,#1660,.F.);
#6912 = ORIENTED_EDGE('',*,*,#6627,.T.);
#6913 = ORIENTED_EDGE('',*,*,#655,.T.);
#6914 = ORIENTED_EDGE('',*,*,#1782,.F.);
#6915 = TOROIDAL_SURFACE('',#6916,2.,1.);
#6916 = AXIS2_PLACEMENT_3D('',#6917,#6918,#6919);
#6917 = CARTESIAN_POINT('',(-14.16176675901,31.727993479289,
    7.549371867901));
#6918 = DIRECTION('',(9.39988827516E-16,1.03698131354E-16,1.));
#6919 = DIRECTION('',(1.,2.244997034276E-32,-9.39988827516E-16));
#6920 = ADVANCED_FACE('',(#6921),#6928,.F.);
#6921 = FACE_BOUND('',#6922,.F.);
#6922 = EDGE_LOOP('',(#6923,#6924,#6925,#6926,#6927));
#6923 = ORIENTED_EDGE('',*,*,#6783,.T.);
#6924 = ORIENTED_EDGE('',*,*,#3469,.F.);
#6925 = ORIENTED_EDGE('',*,*,#6898,.F.);
#6926 = ORIENTED_EDGE('',*,*,#1791,.F.);
#6927 = ORIENTED_EDGE('',*,*,#343,.T.);
#6928 = CYLINDRICAL_SURFACE('',#6929,0.5);
#6929 = AXIS2_PLACEMENT_3D('',#6930,#6931,#6932);
#6930 = CARTESIAN_POINT('',(-11.95350922331,32.394856890428,
    6.549371867901));
#6931 = DIRECTION('',(-3.085263487603E-16,4.228923468194E-16,-1.));
#6932 = DIRECTION('',(0.80785531667,0.589380850832,-2.859620781426E-30)
  );
#6933 = ADVANCED_FACE('',(#6934),#6940,.F.);
#6934 = FACE_BOUND('',#6935,.F.);
#6935 = EDGE_LOOP('',(#6936,#6937,#6938,#6939));
#6936 = ORIENTED_EDGE('',*,*,#2019,.T.);
#6937 = ORIENTED_EDGE('',*,*,#282,.F.);
#6938 = ORIENTED_EDGE('',*,*,#6512,.T.);
#6939 = ORIENTED_EDGE('',*,*,#301,.T.);
#6940 = CONICAL_SURFACE('',#6941,0.95,0.785398163397);
#6941 = AXIS2_PLACEMENT_3D('',#6942,#6943,#6944);
#6942 = CARTESIAN_POINT('',(-15.26352276029,-8.067822282064,
    15.71923738942));
#6943 = DIRECTION('',(6.656181353355E-02,0.269125443091,0.960802279795)
  );
#6944 = DIRECTION('',(5.20417042793E-17,-0.962937783644,0.26972360822));
#6945 = ADVANCED_FACE('',(#6946),#6952,.F.);
#6946 = FACE_BOUND('',#6947,.F.);
#6947 = EDGE_LOOP('',(#6948,#6949,#6950,#6951));
#6948 = ORIENTED_EDGE('',*,*,#1881,.T.);
#6949 = ORIENTED_EDGE('',*,*,#240,.F.);
#6950 = ORIENTED_EDGE('',*,*,#6546,.T.);
#6951 = ORIENTED_EDGE('',*,*,#259,.T.);
#6952 = CONICAL_SURFACE('',#6953,0.95,0.785398163397);
#6953 = AXIS2_PLACEMENT_3D('',#6954,#6955,#6956);
#6954 = CARTESIAN_POINT('',(-15.65775765136,-21.02234561941,
    19.37517461644));
#6955 = DIRECTION('',(6.656181353354E-02,0.269125443091,0.960802279795)
  );
#6956 = DIRECTION('',(1.734723475977E-17,-0.962937783644,0.26972360822)
  );
#6957 = ADVANCED_FACE('',(#6958),#6975,.T.);
#6958 = FACE_BOUND('',#6959,.T.);
#6959 = EDGE_LOOP('',(#6960,#6968,#6974));
#6960 = ORIENTED_EDGE('',*,*,#6961,.T.);
#6961 = EDGE_CURVE('',#2031,#6962,#6964,.T.);
#6962 = VERTEX_POINT('',#6963);
#6963 = CARTESIAN_POINT('',(-19.55625367144,3.378710406736,
    14.611106995953));
#6964 = LINE('',#6965,#6966);
#6965 = CARTESIAN_POINT('',(-19.69881926177,3.420803421036,
    14.403035998994));
#6966 = VECTOR('',#6967,1.);
#6967 = DIRECTION('',(0.557516880294,-0.16460890711,0.813682269616));
#6968 = ORIENTED_EDGE('',*,*,#6969,.T.);
#6969 = EDGE_CURVE('',#6962,#2029,#6970,.T.);
#6970 = LINE('',#6971,#6972);
#6971 = CARTESIAN_POINT('',(-18.74497724205,4.059066038467,
    12.355462826739));
#6972 = VECTOR('',#6973,1.);
#6973 = DIRECTION('',(0.32558065551,0.273039650278,-0.90523289055));
#6974 = ORIENTED_EDGE('',*,*,#2028,.T.);
#6975 = PLANE('',#6976);
#6976 = AXIS2_PLACEMENT_3D('',#6977,#6978,#6979);
#6977 = CARTESIAN_POINT('',(-17.28705990876,4.057545666044,
    12.879366193541));
#6978 = DIRECTION('',(-9.144765692504E-02,0.962002279747,0.257272112374)
  );
#6979 = DIRECTION('',(3.469446951954E-18,-0.258354648193,0.96605014143)
  );
#6980 = ADVANCED_FACE('',(#6981),#7006,.T.);
#6981 = FACE_BOUND('',#6982,.T.);
#6982 = EDGE_LOOP('',(#6983,#6993,#6999,#7000));
#6983 = ORIENTED_EDGE('',*,*,#6984,.F.);
#6984 = EDGE_CURVE('',#6985,#6987,#6989,.T.);
#6985 = VERTEX_POINT('',#6986);
#6986 = CARTESIAN_POINT('',(-20.96661640687,1.499007408798,
    15.308050788417));
#6987 = VERTEX_POINT('',#6988);
#6988 = CARTESIAN_POINT('',(-20.5461641967,-1.290239743071,
    16.060204825956));
#6989 = LINE('',#6990,#6991);
#6990 = CARTESIAN_POINT('',(-21.33248686037,3.926163446187,
    14.653538974348));
#6991 = VECTOR('',#6992,1.);
#6992 = DIRECTION('',(0.144024139646,-0.955444903331,0.25764720821));
#6993 = ORIENTED_EDGE('',*,*,#6994,.T.);
#6994 = EDGE_CURVE('',#6985,#2082,#6995,.T.);
#6995 = LINE('',#6996,#6997);
#6996 = CARTESIAN_POINT('',(-22.40611880194,1.924025779381,
    13.207132202199));
#6997 = VECTOR('',#6998,1.);
#6998 = DIRECTION('',(-0.557516880294,0.16460890711,-0.813682269616));
#6999 = ORIENTED_EDGE('',*,*,#2081,.T.);
#7000 = ORIENTED_EDGE('',*,*,#7001,.T.);
#7001 = EDGE_CURVE('',#2073,#6987,#7002,.T.);
#7002 = LINE('',#7003,#7004);
#7003 = CARTESIAN_POINT('',(-20.11930130675,-0.603225899964,
    16.640944100646));
#7004 = VECTOR('',#7005,1.);
#7005 = DIRECTION('',(0.428697773634,0.689966993931,0.583235600908));
#7006 = PLANE('',#7007);
#7007 = AXIS2_PLACEMENT_3D('',#7008,#7009,#7010);
#7008 = CARTESIAN_POINT('',(-22.22372521081,3.451399384608,
    13.391149723017));
#7009 = DIRECTION('',(-0.821774605544,2.957510591894E-02,0.569044647451)
  );
#7010 = DIRECTION('',(0.569293678777,0.,0.822134239224));
#7011 = ADVANCED_FACE('',(#7012),#7029,.T.);
#7012 = FACE_BOUND('',#7013,.T.);
#7013 = EDGE_LOOP('',(#7014,#7015,#7023));
#7014 = ORIENTED_EDGE('',*,*,#2064,.T.);
#7015 = ORIENTED_EDGE('',*,*,#7016,.T.);
#7016 = EDGE_CURVE('',#2056,#7017,#7019,.T.);
#7017 = VERTEX_POINT('',#7018);
#7018 = CARTESIAN_POINT('',(-18.62526699773,-2.79738253606,
    16.276564730678));
#7019 = LINE('',#7020,#7021);
#7020 = CARTESIAN_POINT('',(-17.49300127393,-4.24644483474,
    14.595143714436));
#7021 = VECTOR('',#7022,1.);
#7022 = DIRECTION('',(-0.45439976217,0.581536250763,0.674786221842));
#7023 = ORIENTED_EDGE('',*,*,#7024,.T.);
#7024 = EDGE_CURVE('',#7017,#2065,#7025,.T.);
#7025 = LINE('',#7026,#7027);
#7026 = CARTESIAN_POINT('',(-18.73489157293,-2.97381764551,
    16.127422470271));
#7027 = VECTOR('',#7028,1.);
#7028 = DIRECTION('',(-0.428697773634,-0.689966993931,-0.583235600908));
#7029 = PLANE('',#7030);
#7030 = AXIS2_PLACEMENT_3D('',#7031,#7032,#7033);
#7031 = CARTESIAN_POINT('',(-16.13486679159,-3.586013560603,
    14.940543859219));
#7032 = DIRECTION('',(0.158009470459,-0.692876836655,0.703530167421));
#7033 = DIRECTION('',(0.,-0.712480636569,-0.701691771731));
#7034 = ADVANCED_FACE('',(#7035),#7060,.T.);
#7035 = FACE_BOUND('',#7036,.T.);
#7036 = EDGE_LOOP('',(#7037,#7047,#7053,#7054));
#7037 = ORIENTED_EDGE('',*,*,#7038,.F.);
#7038 = EDGE_CURVE('',#7039,#7041,#7043,.T.);
#7039 = VERTEX_POINT('',#7040);
#7040 = CARTESIAN_POINT('',(-17.20560251763,-0.880070344137,
    15.713889177245));
#7041 = VERTEX_POINT('',#7042);
#7042 = CARTESIAN_POINT('',(-17.6260547278,1.909176807731,
    14.961735139707));
#7043 = LINE('',#7044,#7045);
#7044 = CARTESIAN_POINT('',(-17.9919251813,4.336332845121,
    14.307223325637));
#7045 = VECTOR('',#7046,1.);
#7046 = DIRECTION('',(-0.144024139646,0.955444903331,-0.25764720821));
#7047 = ORIENTED_EDGE('',*,*,#7048,.T.);
#7048 = EDGE_CURVE('',#7039,#2048,#7049,.T.);
#7049 = LINE('',#7050,#7051);
#7050 = CARTESIAN_POINT('',(-17.65805738817,-0.301023146146,
    16.385787223993));
#7051 = VECTOR('',#7052,1.);
#7052 = DIRECTION('',(0.45439976217,-0.581536250763,-0.674786221842));
#7053 = ORIENTED_EDGE('',*,*,#2047,.T.);
#7054 = ORIENTED_EDGE('',*,*,#7055,.T.);
#7055 = EDGE_CURVE('',#2039,#7041,#7056,.T.);
#7056 = LINE('',#7057,#7058);
#7057 = CARTESIAN_POINT('',(-16.78540909005,2.614162153319,
    12.62443386668));
#7058 = VECTOR('',#7059,1.);
#7059 = DIRECTION('',(-0.32558065551,-0.273039650278,0.90523289055));
#7060 = PLANE('',#7061);
#7061 = AXIS2_PLACEMENT_3D('',#7062,#7063,#7064);
#7062 = CARTESIAN_POINT('',(-17.28705990876,4.057545666044,
    12.879366193541));
#7063 = DIRECTION('',(0.888336419078,0.239550337172,0.391757632345));
#7064 = DIRECTION('',(0.40350613901,-2.775557561563E-17,-0.914976937295)
  );
#7065 = ADVANCED_FACE('',(#7066),#7102,.T.);
#7066 = FACE_BOUND('',#7067,.T.);
#7067 = EDGE_LOOP('',(#7068,#7069,#7078,#7085,#7086,#7095));
#7068 = ORIENTED_EDGE('',*,*,#7038,.T.);
#7069 = ORIENTED_EDGE('',*,*,#7070,.T.);
#7070 = EDGE_CURVE('',#7041,#7071,#7073,.T.);
#7071 = VERTEX_POINT('',#7072);
#7072 = CARTESIAN_POINT('',(-19.54573830739,3.358610423351,
    14.688732203428));
#7073 = ( BOUNDED_CURVE() B_SPLINE_CURVE(3,(#7074,#7075,#7076,#7077),
.UNSPECIFIED.,.F.,.F.) B_SPLINE_CURVE_WITH_KNOTS((4,4),(5.624127271353,
6.924159011232),.PIECEWISE_BEZIER_KNOTS.) CURVE() 
GEOMETRIC_REPRESENTATION_ITEM() RATIONAL_B_SPLINE_CURVE((1.,
0.864049462785,0.864049462785,1.)) REPRESENTATION_ITEM('') );
#7074 = CARTESIAN_POINT('',(-17.6260547278,1.909176807731,
    14.961735139707));
#7075 = CARTESIAN_POINT('',(-17.77643423533,2.906782725627,
    14.692718706898));
#7076 = CARTESIAN_POINT('',(-18.51701050334,3.465945782083,
    14.587399529375));
#7077 = CARTESIAN_POINT('',(-19.54573830739,3.358610423351,
    14.688732203428));
#7078 = ORIENTED_EDGE('',*,*,#7079,.T.);
#7079 = EDGE_CURVE('',#7071,#6985,#7080,.T.);
#7080 = ( BOUNDED_CURVE() B_SPLINE_CURVE(3,(#7081,#7082,#7083,#7084),
.UNSPECIFIED.,.F.,.F.) B_SPLINE_CURVE_WITH_KNOTS((4,4),(5.642211603127,
6.942243343006),.PIECEWISE_BEZIER_KNOTS.) CURVE() 
GEOMETRIC_REPRESENTATION_ITEM() RATIONAL_B_SPLINE_CURVE((1.,
0.864049462785,0.864049462785,1.)) REPRESENTATION_ITEM('') );
#7081 = CARTESIAN_POINT('',(-19.54573830739,3.358610423351,
    14.688732203428));
#7082 = CARTESIAN_POINT('',(-20.56884901592,3.214011691273,
    14.800113394227));
#7083 = CARTESIAN_POINT('',(-21.1169959144,2.496613326694,
    15.039034355609));
#7084 = CARTESIAN_POINT('',(-20.96661640687,1.499007408798,
    15.308050788417));
#7085 = ORIENTED_EDGE('',*,*,#6984,.T.);
#7086 = ORIENTED_EDGE('',*,*,#7087,.T.);
#7087 = EDGE_CURVE('',#6987,#7088,#7090,.T.);
#7088 = VERTEX_POINT('',#7089);
#7089 = CARTESIAN_POINT('',(-18.62648061711,-2.73967335869,
    16.333207762234));
#7090 = ( BOUNDED_CURVE() B_SPLINE_CURVE(3,(#7091,#7092,#7093,#7094),
.UNSPECIFIED.,.F.,.F.) B_SPLINE_CURVE_WITH_KNOTS((4,4),(5.624127271353,
6.924159011232),.PIECEWISE_BEZIER_KNOTS.) CURVE() 
GEOMETRIC_REPRESENTATION_ITEM() RATIONAL_B_SPLINE_CURVE((1.,
0.864049462785,0.864049462785,1.)) REPRESENTATION_ITEM('') );
#7091 = CARTESIAN_POINT('',(-20.5461641967,-1.290239743071,
    16.060204825956));
#7092 = CARTESIAN_POINT('',(-20.39578468917,-2.287845660966,
    16.329221258765));
#7093 = CARTESIAN_POINT('',(-19.65520842116,-2.847008717422,
    16.434540436287));
#7094 = CARTESIAN_POINT('',(-18.62648061711,-2.73967335869,
    16.333207762234));
#7095 = ORIENTED_EDGE('',*,*,#7096,.T.);
#7096 = EDGE_CURVE('',#7088,#7039,#7097,.T.);
#7097 = ( BOUNDED_CURVE() B_SPLINE_CURVE(3,(#7098,#7099,#7100,#7101),
.UNSPECIFIED.,.F.,.F.) B_SPLINE_CURVE_WITH_KNOTS((4,4),(5.642211603127,
6.942243343006),.PIECEWISE_BEZIER_KNOTS.) CURVE() 
GEOMETRIC_REPRESENTATION_ITEM() RATIONAL_B_SPLINE_CURVE((1.,
0.864049462785,0.864049462785,1.)) REPRESENTATION_ITEM('') );
#7098 = CARTESIAN_POINT('',(-18.62648061711,-2.73967335869,
    16.333207762234));
#7099 = CARTESIAN_POINT('',(-17.60336990858,-2.595074626613,
    16.221826571435));
#7100 = CARTESIAN_POINT('',(-17.0552230101,-1.877676262033,
    15.982905610054));
#7101 = CARTESIAN_POINT('',(-17.20560251763,-0.880070344137,
    15.713889177245));
#7102 = PLANE('',#7103);
#7103 = AXIS2_PLACEMENT_3D('',#7104,#7105,#7106);
#7104 = CARTESIAN_POINT('',(5.970200068737,-19.28144746088,
    19.262647742345));
#7105 = DIRECTION('',(6.656181353355E-02,0.269125443091,0.960802279795)
  );
#7106 = DIRECTION('',(-3.469446951954E-18,-0.962937783644,0.26972360822)
  );
#7107 = ADVANCED_FACE('',(#7108),#7133,.T.);
#7108 = FACE_BOUND('',#7109,.T.);
#7109 = EDGE_LOOP('',(#7110,#7120,#7126,#7127));
#7110 = ORIENTED_EDGE('',*,*,#7111,.F.);
#7111 = EDGE_CURVE('',#7112,#7114,#7116,.T.);
#7112 = VERTEX_POINT('',#7113);
#7113 = CARTESIAN_POINT('',(-19.95413086715,-23.69863624665,
    22.29589238821));
#7114 = VERTEX_POINT('',#7115);
#7115 = CARTESIAN_POINT('',(-20.66263135662,-18.99849928812,
    21.028443934253));
#7116 = LINE('',#7117,#7118);
#7117 = CARTESIAN_POINT('',(-20.13677624187,-22.48698108368,
    21.969155002347));
#7118 = VECTOR('',#7119,1.);
#7119 = DIRECTION('',(-0.144024139646,0.955444903331,-0.25764720821));
#7120 = ORIENTED_EDGE('',*,*,#7121,.T.);
#7121 = EDGE_CURVE('',#7112,#1891,#7122,.T.);
#7122 = LINE('',#7123,#7124);
#7123 = CARTESIAN_POINT('',(-20.81301324056,-22.59944721342,
    23.571337579886));
#7124 = VECTOR('',#7125,1.);
#7125 = DIRECTION('',(0.45439976217,-0.581536250763,-0.674786221842));
#7126 = ORIENTED_EDGE('',*,*,#1890,.T.);
#7127 = ORIENTED_EDGE('',*,*,#7128,.T.);
#7128 = EDGE_CURVE('',#1893,#7114,#7129,.T.);
#7129 = LINE('',#7130,#7131);
#7130 = CARTESIAN_POINT('',(-19.82198571886,-18.29351394253,
    18.691142661226));
#7131 = VECTOR('',#7132,1.);
#7132 = DIRECTION('',(-0.32558065551,-0.273039650278,0.90523289055));
#7133 = PLANE('',#7134);
#7134 = AXIS2_PLACEMENT_3D('',#7135,#7136,#7137);
#7135 = CARTESIAN_POINT('',(-20.32363653758,-16.8501304298,
    18.946074988087));
#7136 = DIRECTION('',(0.888336419078,0.239550337172,0.391757632345));
#7137 = DIRECTION('',(0.40350613901,-1.387778780781E-17,-0.914976937295)
  );
#7138 = ADVANCED_FACE('',(#7139),#7156,.T.);
#7139 = FACE_BOUND('',#7140,.T.);
#7140 = EDGE_LOOP('',(#7141,#7149,#7155));
#7141 = ORIENTED_EDGE('',*,*,#7142,.T.);
#7142 = EDGE_CURVE('',#1935,#7143,#7145,.T.);
#7143 = VERTEX_POINT('',#7144);
#7144 = CARTESIAN_POINT('',(-22.59283030026,-17.52896568911,
    20.677815790499));
#7145 = LINE('',#7146,#7147);
#7146 = CARTESIAN_POINT('',(-22.73539589058,-17.48687267481,
    20.469744793539));
#7147 = VECTOR('',#7148,1.);
#7148 = DIRECTION('',(0.557516880294,-0.16460890711,0.813682269616));
#7149 = ORIENTED_EDGE('',*,*,#7150,.T.);
#7150 = EDGE_CURVE('',#7143,#1944,#7151,.T.);
#7151 = LINE('',#7152,#7153);
#7152 = CARTESIAN_POINT('',(-21.78155387087,-16.84861005738,
    18.422171621285));
#7153 = VECTOR('',#7154,1.);
#7154 = DIRECTION('',(0.32558065551,0.273039650278,-0.90523289055));
#7155 = ORIENTED_EDGE('',*,*,#1943,.T.);
#7156 = PLANE('',#7157);
#7157 = AXIS2_PLACEMENT_3D('',#7158,#7159,#7160);
#7158 = CARTESIAN_POINT('',(-20.32363653758,-16.8501304298,
    18.946074988087));
#7159 = DIRECTION('',(-9.144765692504E-02,0.962002279747,0.257272112374)
  );
#7160 = DIRECTION('',(0.,-0.258354648193,0.96605014143));
#7161 = ADVANCED_FACE('',(#7162),#7187,.T.);
#7162 = FACE_BOUND('',#7163,.T.);
#7163 = EDGE_LOOP('',(#7164,#7165,#7173,#7181));
#7164 = ORIENTED_EDGE('',*,*,#1926,.T.);
#7165 = ORIENTED_EDGE('',*,*,#7166,.T.);
#7166 = EDGE_CURVE('',#1918,#7167,#7169,.T.);
#7167 = VERTEX_POINT('',#7168);
#7168 = CARTESIAN_POINT('',(-23.29469254622,-24.10880564558,
    22.642208036921));
#7169 = LINE('',#7170,#7171);
#7170 = CARTESIAN_POINT('',(-22.48439071082,-22.80466656221,
    23.744609091823));
#7171 = VECTOR('',#7172,1.);
#7172 = DIRECTION('',(0.428697773634,0.689966993931,0.583235600908));
#7173 = ORIENTED_EDGE('',*,*,#7174,.F.);
#7174 = EDGE_CURVE('',#7175,#7167,#7177,.T.);
#7175 = VERTEX_POINT('',#7176);
#7176 = CARTESIAN_POINT('',(-24.00319303569,-19.40866868705,
    21.374759582963));
#7177 = LINE('',#7178,#7179);
#7178 = CARTESIAN_POINT('',(-23.47733792094,-22.89715048262,
    22.315470651058));
#7179 = VECTOR('',#7180,1.);
#7180 = DIRECTION('',(0.144024139646,-0.955444903331,0.25764720821));
#7181 = ORIENTED_EDGE('',*,*,#7182,.T.);
#7182 = EDGE_CURVE('',#7175,#1927,#7183,.T.);
#7183 = LINE('',#7184,#7185);
#7184 = CARTESIAN_POINT('',(-25.44269543076,-18.98365031647,
    19.273840996745));
#7185 = VECTOR('',#7186,1.);
#7186 = DIRECTION('',(-0.557516880294,0.16460890711,-0.813682269616));
#7187 = PLANE('',#7188);
#7188 = AXIS2_PLACEMENT_3D('',#7189,#7190,#7191);
#7189 = CARTESIAN_POINT('',(-25.26030183962,-17.45627671124,
    19.457858517563));
#7190 = DIRECTION('',(-0.821774605544,2.957510591894E-02,0.569044647451)
  );
#7191 = DIRECTION('',(0.569293678777,0.,0.822134239224));
#7192 = ADVANCED_FACE('',(#7193),#7210,.T.);
#7193 = FACE_BOUND('',#7194,.T.);
#7194 = EDGE_LOOP('',(#7195,#7196,#7204));
#7195 = ORIENTED_EDGE('',*,*,#1909,.T.);
#7196 = ORIENTED_EDGE('',*,*,#7197,.T.);
#7197 = EDGE_CURVE('',#1901,#7198,#7200,.T.);
#7198 = VERTEX_POINT('',#7199);
#7199 = CARTESIAN_POINT('',(-21.37379534726,-25.61594843857,
    22.858567941643));
#7200 = LINE('',#7201,#7202);
#7201 = CARTESIAN_POINT('',(-20.24152962345,-27.06501073725,
    21.177146925401));
#7202 = VECTOR('',#7203,1.);
#7203 = DIRECTION('',(-0.45439976217,0.581536250763,0.674786221842));
#7204 = ORIENTED_EDGE('',*,*,#7205,.T.);
#7205 = EDGE_CURVE('',#7198,#1910,#7206,.T.);
#7206 = LINE('',#7207,#7208);
#7207 = CARTESIAN_POINT('',(-21.48341992246,-25.79238354802,
    22.709425681236));
#7208 = VECTOR('',#7209,1.);
#7209 = DIRECTION('',(-0.428697773634,-0.689966993931,-0.583235600908));
#7210 = PLANE('',#7211);
#7211 = AXIS2_PLACEMENT_3D('',#7212,#7213,#7214);
#7212 = CARTESIAN_POINT('',(-18.88339514111,-26.40457946311,
    21.522547070184));
#7213 = DIRECTION('',(0.158009470459,-0.692876836655,0.703530167421));
#7214 = DIRECTION('',(0.,-0.712480636569,-0.701691771731));
#7215 = ADVANCED_FACE('',(#7216),#7252,.F.);
#7216 = FACE_BOUND('',#7217,.T.);
#7217 = EDGE_LOOP('',(#7218,#7227,#7234,#7235,#7244,#7251));
#7218 = ORIENTED_EDGE('',*,*,#7219,.T.);
#7219 = EDGE_CURVE('',#7167,#7220,#7222,.T.);
#7220 = VERTEX_POINT('',#7221);
#7221 = CARTESIAN_POINT('',(-21.37500896664,-25.5582392612,22.9152109732
    ));
#7222 = ( BOUNDED_CURVE() B_SPLINE_CURVE(3,(#7223,#7224,#7225,#7226),
.UNSPECIFIED.,.F.,.F.) B_SPLINE_CURVE_WITH_KNOTS((4,4),(5.624127271353,
6.924159011232),.PIECEWISE_BEZIER_KNOTS.) CURVE() 
GEOMETRIC_REPRESENTATION_ITEM() RATIONAL_B_SPLINE_CURVE((1.,
0.864049462785,0.864049462785,1.)) REPRESENTATION_ITEM('') );
#7223 = CARTESIAN_POINT('',(-23.29469254622,-24.10880564558,
    22.642208036921));
#7224 = CARTESIAN_POINT('',(-23.1443130387,-25.10641156348,
    22.91122446973));
#7225 = CARTESIAN_POINT('',(-22.40373677068,-25.66557461993,
    23.016543647253));
#7226 = CARTESIAN_POINT('',(-21.37500896664,-25.5582392612,22.9152109732
    ));
#7227 = ORIENTED_EDGE('',*,*,#7228,.T.);
#7228 = EDGE_CURVE('',#7220,#7112,#7229,.T.);
#7229 = ( BOUNDED_CURVE() B_SPLINE_CURVE(3,(#7230,#7231,#7232,#7233),
.UNSPECIFIED.,.F.,.F.) B_SPLINE_CURVE_WITH_KNOTS((4,4),(5.642211603127,
6.942243343006),.PIECEWISE_BEZIER_KNOTS.) CURVE() 
GEOMETRIC_REPRESENTATION_ITEM() RATIONAL_B_SPLINE_CURVE((1.,
0.864049462785,0.864049462785,1.)) REPRESENTATION_ITEM('') );
#7230 = CARTESIAN_POINT('',(-21.37500896664,-25.5582392612,22.9152109732
    ));
#7231 = CARTESIAN_POINT('',(-20.35189825811,-25.41364052912,
    22.803829782401));
#7232 = CARTESIAN_POINT('',(-19.80375135963,-24.69624216454,
    22.564908821019));
#7233 = CARTESIAN_POINT('',(-19.95413086715,-23.69863624665,
    22.29589238821));
#7234 = ORIENTED_EDGE('',*,*,#7111,.T.);
#7235 = ORIENTED_EDGE('',*,*,#7236,.T.);
#7236 = EDGE_CURVE('',#7114,#7237,#7239,.T.);
#7237 = VERTEX_POINT('',#7238);
#7238 = CARTESIAN_POINT('',(-22.58231493621,-17.5490656725,
    20.755440997974));
#7239 = ( BOUNDED_CURVE() B_SPLINE_CURVE(3,(#7240,#7241,#7242,#7243),
.UNSPECIFIED.,.F.,.F.) B_SPLINE_CURVE_WITH_KNOTS((4,4),(5.624127271353,
6.924159011232),.PIECEWISE_BEZIER_KNOTS.) CURVE() 
GEOMETRIC_REPRESENTATION_ITEM() RATIONAL_B_SPLINE_CURVE((1.,
0.864049462785,0.864049462785,1.)) REPRESENTATION_ITEM('') );
#7240 = CARTESIAN_POINT('',(-20.66263135662,-18.99849928812,
    21.028443934253));
#7241 = CARTESIAN_POINT('',(-20.81301086415,-18.00089337022,
    20.759427501444));
#7242 = CARTESIAN_POINT('',(-21.55358713216,-17.44173031376,
    20.654108323921));
#7243 = CARTESIAN_POINT('',(-22.58231493621,-17.5490656725,
    20.755440997974));
#7244 = ORIENTED_EDGE('',*,*,#7245,.T.);
#7245 = EDGE_CURVE('',#7237,#7175,#7246,.T.);
#7246 = ( BOUNDED_CURVE() B_SPLINE_CURVE(3,(#7247,#7248,#7249,#7250),
.UNSPECIFIED.,.F.,.F.) B_SPLINE_CURVE_WITH_KNOTS((4,4),(5.642211603127,
6.942243343006),.PIECEWISE_BEZIER_KNOTS.) CURVE() 
GEOMETRIC_REPRESENTATION_ITEM() RATIONAL_B_SPLINE_CURVE((1.,
0.864049462785,0.864049462785,1.)) REPRESENTATION_ITEM('') );
#7247 = CARTESIAN_POINT('',(-22.58231493621,-17.5490656725,
    20.755440997974));
#7248 = CARTESIAN_POINT('',(-23.60542564473,-17.69366440457,
    20.866822188773));
#7249 = CARTESIAN_POINT('',(-24.15357254322,-18.41106276915,
    21.105743150154));
#7250 = CARTESIAN_POINT('',(-24.00319303569,-19.40866868705,
    21.374759582963));
#7251 = ORIENTED_EDGE('',*,*,#7174,.T.);
#7252 = PLANE('',#7253);
#7253 = AXIS2_PLACEMENT_3D('',#7254,#7255,#7256);
#7254 = CARTESIAN_POINT('',(5.970200068737,-19.28144746088,
    19.262647742345));
#7255 = DIRECTION('',(-6.656181353355E-02,-0.269125443091,
    -0.960802279795));
#7256 = DIRECTION('',(-3.469446951954E-18,0.962937783644,-0.26972360822)
  );
#7257 = ADVANCED_FACE('',(#7258),#7271,.T.);
#7258 = FACE_BOUND('',#7259,.T.);
#7259 = EDGE_LOOP('',(#7260,#7261,#7262,#7269,#7270));
#7260 = ORIENTED_EDGE('',*,*,#2072,.F.);
#7261 = ORIENTED_EDGE('',*,*,#7024,.F.);
#7262 = ORIENTED_EDGE('',*,*,#7263,.F.);
#7263 = EDGE_CURVE('',#7088,#7017,#7264,.T.);
#7264 = ( BOUNDED_CURVE() B_SPLINE_CURVE(3,(#7265,#7266,#7267,#7268),
.UNSPECIFIED.,.F.,.F.) B_SPLINE_CURVE_WITH_KNOTS((4,4),(4.694304648611,
4.712388980385),.PIECEWISE_BEZIER_KNOTS.) CURVE() 
GEOMETRIC_REPRESENTATION_ITEM() RATIONAL_B_SPLINE_CURVE((1.,
0.999972746598,0.999972746598,1.)) REPRESENTATION_ITEM('') );
#7265 = CARTESIAN_POINT('',(-18.62648061711,-2.73967335869,
    16.333207762234));
#7266 = CARTESIAN_POINT('',(-18.6260588899,-2.758983452772,
    16.314405250818));
#7267 = CARTESIAN_POINT('',(-18.62565433909,-2.7782203695,
    16.295523725713));
#7268 = CARTESIAN_POINT('',(-18.62526699773,-2.79738253606,
    16.276564730678));
#7269 = ORIENTED_EDGE('',*,*,#7087,.F.);
#7270 = ORIENTED_EDGE('',*,*,#7001,.F.);
#7271 = CYLINDRICAL_SURFACE('',#7272,2.);
#7272 = AXIS2_PLACEMENT_3D('',#7273,#7274,#7275);
#7273 = CARTESIAN_POINT('',(-19.05091051385,-1.588063972199,
    14.720362135428));
#7274 = DIRECTION('',(-0.428697773634,-0.689966993931,-0.583235600908));
#7275 = DIRECTION('',(3.053113317719E-16,0.645566347874,-0.763704190438)
  );
#7276 = ADVANCED_FACE('',(#7277),#7284,.T.);
#7277 = FACE_BOUND('',#7278,.T.);
#7278 = EDGE_LOOP('',(#7279,#7280,#7281,#7282,#7283));
#7279 = ORIENTED_EDGE('',*,*,#7263,.T.);
#7280 = ORIENTED_EDGE('',*,*,#7016,.F.);
#7281 = ORIENTED_EDGE('',*,*,#2055,.F.);
#7282 = ORIENTED_EDGE('',*,*,#7048,.F.);
#7283 = ORIENTED_EDGE('',*,*,#7096,.F.);
#7284 = CYLINDRICAL_SURFACE('',#7285,2.);
#7285 = AXIS2_PLACEMENT_3D('',#7286,#7287,#7288);
#7286 = CARTESIAN_POINT('',(-19.43473022632,-0.780123820491,
    15.602271959303));
#7287 = DIRECTION('',(0.45439976217,-0.581536250763,-0.674786221842));
#7288 = DIRECTION('',(2.775557561563E-16,0.757507668029,-0.652826265462)
  );
#7289 = ADVANCED_FACE('',(#7290),#7303,.T.);
#7290 = FACE_BOUND('',#7291,.T.);
#7291 = EDGE_LOOP('',(#7292,#7293,#7294,#7301,#7302));
#7292 = ORIENTED_EDGE('',*,*,#1917,.F.);
#7293 = ORIENTED_EDGE('',*,*,#7205,.F.);
#7294 = ORIENTED_EDGE('',*,*,#7295,.F.);
#7295 = EDGE_CURVE('',#7220,#7198,#7296,.T.);
#7296 = ( BOUNDED_CURVE() B_SPLINE_CURVE(3,(#7297,#7298,#7299,#7300),
.UNSPECIFIED.,.F.,.F.) B_SPLINE_CURVE_WITH_KNOTS((4,4),(4.694304648611,
4.712388980385),.PIECEWISE_BEZIER_KNOTS.) CURVE() 
GEOMETRIC_REPRESENTATION_ITEM() RATIONAL_B_SPLINE_CURVE((1.,
0.999972746598,0.999972746598,1.)) REPRESENTATION_ITEM('') );
#7297 = CARTESIAN_POINT('',(-21.37500896664,-25.5582392612,22.9152109732
    ));
#7298 = CARTESIAN_POINT('',(-21.37458723943,-25.57754935528,
    22.896408461783));
#7299 = CARTESIAN_POINT('',(-21.37418268861,-25.59678627201,
    22.877526936679));
#7300 = CARTESIAN_POINT('',(-21.37379534726,-25.61594843857,
    22.858567941643));
#7301 = ORIENTED_EDGE('',*,*,#7219,.F.);
#7302 = ORIENTED_EDGE('',*,*,#7166,.F.);
#7303 = CYLINDRICAL_SURFACE('',#7304,2.);
#7304 = AXIS2_PLACEMENT_3D('',#7305,#7306,#7307);
#7305 = CARTESIAN_POINT('',(-21.79943886338,-24.40662987471,
    21.302365346393));
#7306 = DIRECTION('',(-0.428697773634,-0.689966993931,-0.583235600908));
#7307 = DIRECTION('',(-1.942890293094E-16,0.645566347874,-0.763704190438
    ));
#7308 = ADVANCED_FACE('',(#7309),#7316,.T.);
#7309 = FACE_BOUND('',#7310,.T.);
#7310 = EDGE_LOOP('',(#7311,#7312,#7313,#7314,#7315));
#7311 = ORIENTED_EDGE('',*,*,#7295,.T.);
#7312 = ORIENTED_EDGE('',*,*,#7197,.F.);
#7313 = ORIENTED_EDGE('',*,*,#1900,.F.);
#7314 = ORIENTED_EDGE('',*,*,#7121,.F.);
#7315 = ORIENTED_EDGE('',*,*,#7228,.F.);
#7316 = CYLINDRICAL_SURFACE('',#7317,2.);
#7317 = AXIS2_PLACEMENT_3D('',#7318,#7319,#7320);
#7318 = CARTESIAN_POINT('',(-22.58968607872,-23.07854788777,
    22.787822315196));
#7319 = DIRECTION('',(0.45439976217,-0.581536250763,-0.674786221842));
#7320 = DIRECTION('',(2.775557561563E-17,0.757507668029,-0.652826265462)
  );
#7321 = ADVANCED_FACE('',(#7322),#7335,.T.);
#7322 = FACE_BOUND('',#7323,.T.);
#7323 = EDGE_LOOP('',(#7324,#7325,#7326,#7333,#7334));
#7324 = ORIENTED_EDGE('',*,*,#6994,.F.);
#7325 = ORIENTED_EDGE('',*,*,#7079,.F.);
#7326 = ORIENTED_EDGE('',*,*,#7327,.F.);
#7327 = EDGE_CURVE('',#6962,#7071,#7328,.T.);
#7328 = ( BOUNDED_CURVE() B_SPLINE_CURVE(3,(#7329,#7330,#7331,#7332),
.UNSPECIFIED.,.F.,.F.) B_SPLINE_CURVE_WITH_KNOTS((4,4),(1.570796326795,
1.588880658569),.PIECEWISE_BEZIER_KNOTS.) CURVE() 
GEOMETRIC_REPRESENTATION_ITEM() RATIONAL_B_SPLINE_CURVE((1.,
0.999972746598,0.999972746598,1.)) REPRESENTATION_ITEM('') );
#7329 = CARTESIAN_POINT('',(-19.55625367144,3.378710406736,
    14.611106995953));
#7330 = CARTESIAN_POINT('',(-19.55275828078,3.372114832099,
    14.637011875661));
#7331 = CARTESIAN_POINT('',(-19.5492530639,3.365414655035,
    14.662887650022));
#7332 = CARTESIAN_POINT('',(-19.54573830739,3.358610423351,
    14.688732203428));
#7333 = ORIENTED_EDGE('',*,*,#6961,.F.);
#7334 = ORIENTED_EDGE('',*,*,#2089,.F.);
#7335 = CYLINDRICAL_SURFACE('',#7336,2.);
#7336 = AXIS2_PLACEMENT_3D('',#7337,#7338,#7339);
#7337 = CARTESIAN_POINT('',(-20.76256959086,1.864875567543,
    12.069042907298));
#7338 = DIRECTION('',(-0.557516880294,0.16460890711,-0.813682269616));
#7339 = DIRECTION('',(-0.824935282552,-2.775557561563E-17,0.565227192906
    ));
#7340 = ADVANCED_FACE('',(#7341),#7348,.T.);
#7341 = FACE_BOUND('',#7342,.T.);
#7342 = EDGE_LOOP('',(#7343,#7344,#7345,#7346,#7347));
#7343 = ORIENTED_EDGE('',*,*,#7070,.F.);
#7344 = ORIENTED_EDGE('',*,*,#7055,.F.);
#7345 = ORIENTED_EDGE('',*,*,#2038,.F.);
#7346 = ORIENTED_EDGE('',*,*,#6969,.F.);
#7347 = ORIENTED_EDGE('',*,*,#7327,.T.);
#7348 = CYLINDRICAL_SURFACE('',#7349,2.);
#7349 = AXIS2_PLACEMENT_3D('',#7350,#7351,#7352);
#7350 = CARTESIAN_POINT('',(-18.5620819282,2.135061478974,
    11.840918601991));
#7351 = DIRECTION('',(0.32558065551,0.273039650278,-0.90523289055));
#7352 = DIRECTION('',(-0.940987811109,-1.249000902703E-16,
    -0.338440451696));
#7353 = ADVANCED_FACE('',(#7354),#7367,.T.);
#7354 = FACE_BOUND('',#7355,.T.);
#7355 = EDGE_LOOP('',(#7356,#7357,#7358,#7365,#7366));
#7356 = ORIENTED_EDGE('',*,*,#7182,.F.);
#7357 = ORIENTED_EDGE('',*,*,#7245,.F.);
#7358 = ORIENTED_EDGE('',*,*,#7359,.F.);
#7359 = EDGE_CURVE('',#7143,#7237,#7360,.T.);
#7360 = ( BOUNDED_CURVE() B_SPLINE_CURVE(3,(#7361,#7362,#7363,#7364),
.UNSPECIFIED.,.F.,.F.) B_SPLINE_CURVE_WITH_KNOTS((4,4),(1.570796326795,
1.588880658569),.PIECEWISE_BEZIER_KNOTS.) CURVE() 
GEOMETRIC_REPRESENTATION_ITEM() RATIONAL_B_SPLINE_CURVE((1.,
0.999972746598,0.999972746598,1.)) REPRESENTATION_ITEM('') );
#7361 = CARTESIAN_POINT('',(-22.59283030026,-17.52896568911,
    20.677815790499));
#7362 = CARTESIAN_POINT('',(-22.58933490959,-17.53556126375,
    20.703720670207));
#7363 = CARTESIAN_POINT('',(-22.58582969272,-17.54226144081,
    20.729596444568));
#7364 = CARTESIAN_POINT('',(-22.58231493621,-17.5490656725,
    20.755440997974));
#7365 = ORIENTED_EDGE('',*,*,#7142,.F.);
#7366 = ORIENTED_EDGE('',*,*,#1934,.F.);
#7367 = CYLINDRICAL_SURFACE('',#7368,2.);
#7368 = AXIS2_PLACEMENT_3D('',#7369,#7370,#7371);
#7369 = CARTESIAN_POINT('',(-23.79914621967,-19.0428005283,
    18.135751701843));
#7370 = DIRECTION('',(-0.557516880294,0.16460890711,-0.813682269616));
#7371 = DIRECTION('',(-0.824935282552,-4.163336342344E-17,0.565227192906
    ));
#7372 = ADVANCED_FACE('',(#7373),#7380,.T.);
#7373 = FACE_BOUND('',#7374,.T.);
#7374 = EDGE_LOOP('',(#7375,#7376,#7377,#7378,#7379));
#7375 = ORIENTED_EDGE('',*,*,#7236,.F.);
#7376 = ORIENTED_EDGE('',*,*,#7128,.F.);
#7377 = ORIENTED_EDGE('',*,*,#1951,.F.);
#7378 = ORIENTED_EDGE('',*,*,#7150,.F.);
#7379 = ORIENTED_EDGE('',*,*,#7359,.T.);
#7380 = CYLINDRICAL_SURFACE('',#7381,2.);
#7381 = AXIS2_PLACEMENT_3D('',#7382,#7383,#7384);
#7382 = CARTESIAN_POINT('',(-21.59865855702,-18.77261461687,
    17.907627396537));
#7383 = DIRECTION('',(0.32558065551,0.273039650278,-0.90523289055));
#7384 = DIRECTION('',(-0.940987811109,-1.387778780781E-16,
    -0.338440451696));
#7385 = ADVANCED_FACE('',(#7386),#7398,.T.);
#7386 = FACE_BOUND('',#7387,.T.);
#7387 = EDGE_LOOP('',(#7388,#7389,#7390,#7391));
#7388 = ORIENTED_EDGE('',*,*,#200,.F.);
#7389 = ORIENTED_EDGE('',*,*,#4838,.F.);
#7390 = ORIENTED_EDGE('',*,*,#6362,.F.);
#7391 = ORIENTED_EDGE('',*,*,#7392,.F.);
#7392 = EDGE_CURVE('',#201,#6355,#7393,.T.);
#7393 = ( BOUNDED_CURVE() B_SPLINE_CURVE(3,(#7394,#7395,#7396,#7397),
.UNSPECIFIED.,.F.,.F.) B_SPLINE_CURVE_WITH_KNOTS((4,4),(1.468260042885,
1.570796326795),.PIECEWISE_BEZIER_KNOTS.) CURVE() 
GEOMETRIC_REPRESENTATION_ITEM() RATIONAL_B_SPLINE_CURVE((1.,
0.999124051096,0.999124051096,1.)) REPRESENTATION_ITEM('') );
#7394 = CARTESIAN_POINT('',(-27.69551026516,-16.74110200515,
    18.865680700174));
#7395 = CARTESIAN_POINT('',(-27.67663257642,-16.89484844198,
    18.886196945698));
#7396 = CARTESIAN_POINT('',(-27.65663661649,-17.04907544843,
    18.906686234447));
#7397 = CARTESIAN_POINT('',(-27.63557493166,-17.20337773957,
    18.927094723712));
#7398 = CYLINDRICAL_SURFACE('',#7399,0.6);
#7399 = AXIS2_PLACEMENT_3D('',#7400,#7401,#7402);
#7400 = CARTESIAN_POINT('',(-27.7259550206,-11.56984394101,
    18.865680700174));
#7401 = DIRECTION('',(-0.121869343405,0.992546151641,-8.850813742406E-18
    ));
#7402 = DIRECTION('',(-0.992546151641,-0.121869343405,
    -6.740754805355E-33));
#7403 = ADVANCED_FACE('',(#7404),#7416,.T.);
#7404 = FACE_BOUND('',#7405,.T.);
#7405 = EDGE_LOOP('',(#7406,#7407,#7408,#7409));
#7406 = ORIENTED_EDGE('',*,*,#158,.F.);
#7407 = ORIENTED_EDGE('',*,*,#4822,.F.);
#7408 = ORIENTED_EDGE('',*,*,#1837,.F.);
#7409 = ORIENTED_EDGE('',*,*,#7410,.F.);
#7410 = EDGE_CURVE('',#159,#1830,#7411,.T.);
#7411 = CIRCLE('',#7412,0.6);
#7412 = AXIS2_PLACEMENT_3D('',#7413,#7414,#7415);
#7413 = CARTESIAN_POINT('',(-24.89552829368,-31.37796147455,
    22.707642221679));
#7414 = DIRECTION('',(-0.144024139646,0.955444903331,-0.25764720821));
#7415 = DIRECTION('',(-9.020562075079E-17,0.260361693748,0.965511153964)
  );
#7416 = CYLINDRICAL_SURFACE('',#7417,0.6);
#7417 = AXIS2_PLACEMENT_3D('',#7418,#7419,#7420);
#7418 = CARTESIAN_POINT('',(-27.85541393544,-11.74231110505,
    17.412652964374));
#7419 = DIRECTION('',(-0.144024139646,0.955444903331,-0.25764720821));
#7420 = DIRECTION('',(-2.151057110211E-16,0.260361693748,0.965511153964)
  );
#7421 = ADVANCED_FACE('',(#7422),#7431,.T.);
#7422 = FACE_BOUND('',#7423,.T.);
#7423 = EDGE_LOOP('',(#7424,#7425,#7426,#7427,#7428,#7429,#7430));
#7424 = ORIENTED_EDGE('',*,*,#208,.T.);
#7425 = ORIENTED_EDGE('',*,*,#7392,.T.);
#7426 = ORIENTED_EDGE('',*,*,#6354,.F.);
#7427 = ORIENTED_EDGE('',*,*,#166,.T.);
#7428 = ORIENTED_EDGE('',*,*,#7410,.T.);
#7429 = ORIENTED_EDGE('',*,*,#1829,.F.);
#7430 = ORIENTED_EDGE('',*,*,#5058,.F.);
#7431 = CYLINDRICAL_SURFACE('',#7432,0.6);
#7432 = AXIS2_PLACEMENT_3D('',#7433,#7434,#7435);
#7433 = CARTESIAN_POINT('',(-26.04768337413,-23.73465458054,
    20.646532600531));
#7434 = DIRECTION('',(0.144024139646,-0.955444903331,0.25764720821));
#7435 = DIRECTION('',(1.040834085586E-16,-0.260361693748,-0.965511153964
    ));
#7436 = ADVANCED_FACE('',(#7437),#7443,.T.);
#7437 = FACE_BOUND('',#7438,.T.);
#7438 = EDGE_LOOP('',(#7439,#7440,#7441,#7442));
#7439 = ORIENTED_EDGE('',*,*,#116,.F.);
#7440 = ORIENTED_EDGE('',*,*,#4938,.F.);
#7441 = ORIENTED_EDGE('',*,*,#1976,.F.);
#7442 = ORIENTED_EDGE('',*,*,#5016,.F.);
#7443 = CYLINDRICAL_SURFACE('',#7444,0.6);
#7444 = AXIS2_PLACEMENT_3D('',#7445,#7446,#7447);
#7445 = CARTESIAN_POINT('',(-24.64821659581,-16.06382070881,
    18.40094299617));
#7446 = DIRECTION('',(0.108134383926,0.955320506696,-0.275081232545));
#7447 = DIRECTION('',(-1.040834085586E-16,0.276703744182,0.96095527365)
  );
#7448 = ADVANCED_FACE('',(#7449),#7467,.T.);
#7449 = FACE_BOUND('',#7450,.T.);
#7450 = EDGE_LOOP('',(#7451,#7452,#7460,#7466));
#7451 = ORIENTED_EDGE('',*,*,#3634,.T.);
#7452 = ORIENTED_EDGE('',*,*,#7453,.T.);
#7453 = EDGE_CURVE('',#3626,#7454,#7456,.T.);
#7454 = VERTEX_POINT('',#7455);
#7455 = CARTESIAN_POINT('',(-11.82406563395,16.891434004289,
    8.549371867901));
#7456 = LINE('',#7457,#7458);
#7457 = CARTESIAN_POINT('',(-11.82406563395,16.891434004289,
    -12.8459489593));
#7458 = VECTOR('',#7459,1.);
#7459 = DIRECTION('',(0.,0.,1.));
#7460 = ORIENTED_EDGE('',*,*,#7461,.F.);
#7461 = EDGE_CURVE('',#2648,#7454,#7462,.T.);
#7462 = LINE('',#7463,#7464);
#7463 = CARTESIAN_POINT('',(-13.52379501656,13.559523564007,
    8.549371867901));
#7464 = VECTOR('',#7465,1.);
#7465 = DIRECTION('',(0.454422627835,0.8907862119,0.));
#7466 = ORIENTED_EDGE('',*,*,#2645,.F.);
#7467 = PLANE('',#7468);
#7468 = AXIS2_PLACEMENT_3D('',#7469,#7470,#7471);
#7469 = CARTESIAN_POINT('',(-13.52379501656,13.559523564007,
    -12.8459489593));
#7470 = DIRECTION('',(0.8907862119,-0.454422627835,0.));
#7471 = DIRECTION('',(0.454422627835,0.8907862119,0.));
#7472 = ADVANCED_FACE('',(#7473),#7505,.T.);
#7473 = FACE_BOUND('',#7474,.T.);
#7474 = EDGE_LOOP('',(#7475,#7485,#7491,#7492,#7498,#7499));
#7475 = ORIENTED_EDGE('',*,*,#7476,.F.);
#7476 = EDGE_CURVE('',#7477,#7479,#7481,.T.);
#7477 = VERTEX_POINT('',#7478);
#7478 = CARTESIAN_POINT('',(-10.51350017675,22.344505538315,
    8.549371867901));
#7479 = VERTEX_POINT('',#7480);
#7480 = CARTESIAN_POINT('',(-10.51350017675,24.104420699817,
    8.549371867901));
#7481 = LINE('',#7482,#7483);
#7482 = CARTESIAN_POINT('',(-10.51350017675,19.460482215262,
    8.549371867901));
#7483 = VECTOR('',#7484,1.);
#7484 = DIRECTION('',(-8.532312231764E-16,1.,0.));
#7485 = ORIENTED_EDGE('',*,*,#7486,.T.);
#7486 = EDGE_CURVE('',#7477,#3616,#7487,.T.);
#7487 = LINE('',#7488,#7489);
#7488 = CARTESIAN_POINT('',(-10.51350017675,22.344505538315,
    -12.8459489593));
#7489 = VECTOR('',#7490,1.);
#7490 = DIRECTION('',(-0.,-0.,-1.));
#7491 = ORIENTED_EDGE('',*,*,#3615,.T.);
#7492 = ORIENTED_EDGE('',*,*,#7493,.T.);
#7493 = EDGE_CURVE('',#3618,#1719,#7494,.T.);
#7494 = LINE('',#7495,#7496);
#7495 = CARTESIAN_POINT('',(-10.51350017675,32.912210969745,
    -12.8459489593));
#7496 = VECTOR('',#7497,1.);
#7497 = DIRECTION('',(0.,0.,1.));
#7498 = ORIENTED_EDGE('',*,*,#1716,.F.);
#7499 = ORIENTED_EDGE('',*,*,#7500,.T.);
#7500 = EDGE_CURVE('',#1717,#7479,#7501,.T.);
#7501 = LINE('',#7502,#7503);
#7502 = CARTESIAN_POINT('',(-10.51350017675,25.057709522661,
    8.297005327316));
#7503 = VECTOR('',#7504,1.);
#7504 = DIRECTION('',(1.325475150547E-16,-0.966698860525,0.255916613488)
  );
#7505 = PLANE('',#7506);
#7506 = AXIS2_PLACEMENT_3D('',#7507,#7508,#7509);
#7507 = CARTESIAN_POINT('',(-10.51350017675,19.460482215262,
    -12.8459489593));
#7508 = DIRECTION('',(1.,1.371135525935E-16,0.));
#7509 = DIRECTION('',(-1.371135525935E-16,1.,0.));
#7510 = ADVANCED_FACE('',(#7511),#7549,.T.);
#7511 = FACE_BOUND('',#7512,.T.);
#7512 = EDGE_LOOP('',(#7513,#7514,#7521,#7522,#7528,#7529,#7530,#7531,
    #7532,#7533,#7534,#7540,#7541,#7542,#7543,#7544,#7545,#7546,#7547,
    #7548));
#7513 = ORIENTED_EDGE('',*,*,#7461,.T.);
#7514 = ORIENTED_EDGE('',*,*,#7515,.T.);
#7515 = EDGE_CURVE('',#7454,#7477,#7516,.T.);
#7516 = CIRCLE('',#7517,12.);
#7517 = AXIS2_PLACEMENT_3D('',#7518,#7519,#7520);
#7518 = CARTESIAN_POINT('',(-22.51350017675,22.344505538315,
    8.549371867901));
#7519 = DIRECTION('',(0.,0.,1.));
#7520 = DIRECTION('',(1.,0.,0.));
#7521 = ORIENTED_EDGE('',*,*,#7476,.T.);
#7522 = ORIENTED_EDGE('',*,*,#7523,.T.);
#7523 = EDGE_CURVE('',#7479,#5193,#7524,.T.);
#7524 = LINE('',#7525,#7526);
#7525 = CARTESIAN_POINT('',(-12.69051607545,24.44482298588,
    8.549371867901));
#7526 = VECTOR('',#7527,1.);
#7527 = DIRECTION('',(-0.98799516896,0.15448477631,0.));
#7528 = ORIENTED_EDGE('',*,*,#5192,.T.);
#7529 = ORIENTED_EDGE('',*,*,#5227,.T.);
#7530 = ORIENTED_EDGE('',*,*,#864,.T.);
#7531 = ORIENTED_EDGE('',*,*,#6435,.T.);
#7532 = ORIENTED_EDGE('',*,*,#5251,.T.);
#7533 = ORIENTED_EDGE('',*,*,#4504,.T.);
#7534 = ORIENTED_EDGE('',*,*,#7535,.T.);
#7535 = EDGE_CURVE('',#4497,#4578,#7536,.T.);
#7536 = LINE('',#7537,#7538);
#7537 = CARTESIAN_POINT('',(-19.8158668089,25.55895618083,8.549371867901
    ));
#7538 = VECTOR('',#7539,1.);
#7539 = DIRECTION('',(-0.98799516896,0.15448477631,0.));
#7540 = ORIENTED_EDGE('',*,*,#4577,.T.);
#7541 = ORIENTED_EDGE('',*,*,#5933,.T.);
#7542 = ORIENTED_EDGE('',*,*,#4688,.T.);
#7543 = ORIENTED_EDGE('',*,*,#2178,.T.);
#7544 = ORIENTED_EDGE('',*,*,#2228,.T.);
#7545 = ORIENTED_EDGE('',*,*,#2105,.T.);
#7546 = ORIENTED_EDGE('',*,*,#1576,.T.);
#7547 = ORIENTED_EDGE('',*,*,#2137,.T.);
#7548 = ORIENTED_EDGE('',*,*,#2655,.T.);
#7549 = PLANE('',#7550);
#7550 = AXIS2_PLACEMENT_3D('',#7551,#7552,#7553);
#7551 = CARTESIAN_POINT('',(-20.93631153639,21.629805410498,
    8.549371867901));
#7552 = DIRECTION('',(0.,0.,1.));
#7553 = DIRECTION('',(1.,0.,0.));
#7554 = ADVANCED_FACE('',(#7555),#7561,.T.);
#7555 = FACE_BOUND('',#7556,.T.);
#7556 = EDGE_LOOP('',(#7557,#7558,#7559,#7560));
#7557 = ORIENTED_EDGE('',*,*,#4496,.F.);
#7558 = ORIENTED_EDGE('',*,*,#1759,.T.);
#7559 = ORIENTED_EDGE('',*,*,#4587,.F.);
#7560 = ORIENTED_EDGE('',*,*,#7535,.F.);
#7561 = PLANE('',#7562);
#7562 = AXIS2_PLACEMENT_3D('',#7563,#7564,#7565);
#7563 = CARTESIAN_POINT('',(-20.30986439338,25.636198568985,
    8.549371867901));
#7564 = DIRECTION('',(3.998360228747E-02,0.255711966196,0.965925826289)
  );
#7565 = DIRECTION('',(0.98799516896,-0.15448477631,0.));
#7566 = ADVANCED_FACE('',(#7567),#7573,.T.);
#7567 = FACE_BOUND('',#7568,.T.);
#7568 = EDGE_LOOP('',(#7569,#7570,#7571,#7572));
#7569 = ORIENTED_EDGE('',*,*,#7500,.F.);
#7570 = ORIENTED_EDGE('',*,*,#1807,.T.);
#7571 = ORIENTED_EDGE('',*,*,#5202,.F.);
#7572 = ORIENTED_EDGE('',*,*,#7523,.F.);
#7573 = PLANE('',#7574);
#7574 = AXIS2_PLACEMENT_3D('',#7575,#7576,#7577);
#7575 = CARTESIAN_POINT('',(-20.30986439338,25.636198568985,
    8.549371867901));
#7576 = DIRECTION('',(3.998360228747E-02,0.255711966196,0.965925826289)
  );
#7577 = DIRECTION('',(0.98799516896,-0.15448477631,6.938893903907E-18));
#7578 = ADVANCED_FACE('',(#7579),#7585,.T.);
#7579 = FACE_BOUND('',#7580,.T.);
#7580 = EDGE_LOOP('',(#7581,#7582,#7583,#7584));
#7581 = ORIENTED_EDGE('',*,*,#1726,.F.);
#7582 = ORIENTED_EDGE('',*,*,#7493,.F.);
#7583 = ORIENTED_EDGE('',*,*,#4033,.F.);
#7584 = ORIENTED_EDGE('',*,*,#6652,.F.);
#7585 = CYLINDRICAL_SURFACE('',#7586,2.);
#7586 = AXIS2_PLACEMENT_3D('',#7587,#7588,#7589);
#7587 = CARTESIAN_POINT('',(-12.51350017675,32.912210969745,
    6.549371867901));
#7588 = DIRECTION('',(0.,0.,-1.));
#7589 = DIRECTION('',(-1.,0.,0.));
#7590 = ADVANCED_FACE('',(#7591),#7597,.T.);
#7591 = FACE_BOUND('',#7592,.T.);
#7592 = EDGE_LOOP('',(#7593,#7594,#7595,#7596));
#7593 = ORIENTED_EDGE('',*,*,#3625,.F.);
#7594 = ORIENTED_EDGE('',*,*,#7486,.F.);
#7595 = ORIENTED_EDGE('',*,*,#7515,.F.);
#7596 = ORIENTED_EDGE('',*,*,#7453,.F.);
#7597 = CYLINDRICAL_SURFACE('',#7598,12.);
#7598 = AXIS2_PLACEMENT_3D('',#7599,#7600,#7601);
#7599 = CARTESIAN_POINT('',(-22.51350017675,22.344505538315,
    -12.8459489593));
#7600 = DIRECTION('',(0.,0.,1.));
#7601 = DIRECTION('',(1.,0.,0.));
#7602 = ADVANCED_FACE('',(#7603),#7615,.F.);
#7603 = FACE_BOUND('',#7604,.F.);
#7604 = EDGE_LOOP('',(#7605,#7606,#7607,#7614));
#7605 = ORIENTED_EDGE('',*,*,#2459,.F.);
#7606 = ORIENTED_EDGE('',*,*,#63,.F.);
#7607 = ORIENTED_EDGE('',*,*,#7608,.T.);
#7608 = EDGE_CURVE('',#64,#83,#7609,.T.);
#7609 = CIRCLE('',#7610,1.);
#7610 = AXIS2_PLACEMENT_3D('',#7611,#7612,#7613);
#7611 = CARTESIAN_POINT('',(-17.50821500946,15.856566344393,
    9.749371867901));
#7612 = DIRECTION('',(0.,0.,1.));
#7613 = DIRECTION('',(1.,0.,0.));
#7614 = ORIENTED_EDGE('',*,*,#82,.T.);
#7615 = CYLINDRICAL_SURFACE('',#7616,1.);
#7616 = AXIS2_PLACEMENT_3D('',#7617,#7618,#7619);
#7617 = CARTESIAN_POINT('',(-17.50821500946,15.856566344393,
    9.749371867901));
#7618 = DIRECTION('',(0.,0.,1.));
#7619 = DIRECTION('',(1.,0.,0.));
#7620 = ADVANCED_FACE('',(#7621),#7625,.T.);
#7621 = FACE_BOUND('',#7622,.T.);
#7622 = EDGE_LOOP('',(#7623,#7624));
#7623 = ORIENTED_EDGE('',*,*,#7608,.T.);
#7624 = ORIENTED_EDGE('',*,*,#90,.T.);
#7625 = PLANE('',#7626);
#7626 = AXIS2_PLACEMENT_3D('',#7627,#7628,#7629);
#7627 = CARTESIAN_POINT('',(-17.50821500946,15.856566344393,
    9.749371867901));
#7628 = DIRECTION('',(0.,0.,1.));
#7629 = DIRECTION('',(1.,0.,0.));
#7630 = ADVANCED_FACE('',(#7631),#7643,.F.);
#7631 = FACE_BOUND('',#7632,.F.);
#7632 = EDGE_LOOP('',(#7633,#7634,#7635,#7642));
#7633 = ORIENTED_EDGE('',*,*,#2449,.F.);
#7634 = ORIENTED_EDGE('',*,*,#21,.F.);
#7635 = ORIENTED_EDGE('',*,*,#7636,.T.);
#7636 = EDGE_CURVE('',#22,#41,#7637,.T.);
#7637 = CIRCLE('',#7638,1.);
#7638 = AXIS2_PLACEMENT_3D('',#7639,#7640,#7641);
#7639 = CARTESIAN_POINT('',(-21.10821500946,15.856566344393,
    9.749371867901));
#7640 = DIRECTION('',(0.,0.,1.));
#7641 = DIRECTION('',(1.,0.,0.));
#7642 = ORIENTED_EDGE('',*,*,#40,.T.);
#7643 = CYLINDRICAL_SURFACE('',#7644,1.);
#7644 = AXIS2_PLACEMENT_3D('',#7645,#7646,#7647);
#7645 = CARTESIAN_POINT('',(-21.10821500946,15.856566344393,
    9.749371867901));
#7646 = DIRECTION('',(0.,0.,1.));
#7647 = DIRECTION('',(1.,0.,0.));
#7648 = ADVANCED_FACE('',(#7649),#7653,.T.);
#7649 = FACE_BOUND('',#7650,.T.);
#7650 = EDGE_LOOP('',(#7651,#7652));
#7651 = ORIENTED_EDGE('',*,*,#7636,.T.);
#7652 = ORIENTED_EDGE('',*,*,#48,.T.);
#7653 = PLANE('',#7654);
#7654 = AXIS2_PLACEMENT_3D('',#7655,#7656,#7657);
#7655 = CARTESIAN_POINT('',(-21.10821500946,15.856566344393,
    9.749371867901));
#7656 = DIRECTION('',(0.,0.,1.));
#7657 = DIRECTION('',(1.,0.,0.));
#7658 = ( GEOMETRIC_REPRESENTATION_CONTEXT(3) 
GLOBAL_UNCERTAINTY_ASSIGNED_CONTEXT((#7662)) 
GLOBAL_UNIT_ASSIGNED_CONTEXT((#7659,#7660,#7661)) REPRESENTATION_CONTEXT
('Context #1','3D Context with UNIT and UNCERTAINTY') );
#7659 = ( LENGTH_UNIT() NAMED_UNIT(*) SI_UNIT(.MILLI.,.METRE.) );
#7660 = ( NAMED_UNIT(*) PLANE_ANGLE_UNIT() SI_UNIT($,.RADIAN.) );
#7661 = ( NAMED_UNIT(*) SI_UNIT($,.STERADIAN.) SOLID_ANGLE_UNIT() );
#7662 = UNCERTAINTY_MEASURE_WITH_UNIT(LENGTH_MEASURE(2.E-05),#7659,
  'distance_accuracy_value','confusion accuracy');
#7663 = PRODUCT_RELATED_PRODUCT_CATEGORY('part',$,(#7));
ENDSEC;
END-ISO-10303-21;
