ISO-10303-21;
HEADER;
FILE_DESCRIPTION(('FreeCAD Model'),'2;1');
FILE_NAME('Open CASCADE Shape Model','2026-10-04T21:29:05',('Author'),(
    ''),'Open CASCADE STEP processor 7.9','FreeCAD','Unknown');
FILE_SCHEMA(('AUTOMOTIVE_DESIGN { 1 0 10303 214 1 1 1 1 }'));
ENDSEC;
DATA;
#1 = APPLICATION_PROTOCOL_DEFINITION('international standard',
  'automotive_design',2000,#2);
#2 = APPLICATION_CONTEXT(
  'core data for automotive mechanical design processes');
#3 = SHAPE_DEFINITION_REPRESENTATION(#4,#10);
#4 = PRODUCT_DEFINITION_SHAPE('','',#5);
#5 = PRODUCT_DEFINITION('design','',#6,#9);
#6 = PRODUCT_DEFINITION_FORMATION('','',#7);
#7 = PRODUCT('side-button-rear','side-button-rear','',(#8));
#8 = PRODUCT_CONTEXT('',#2,'mechanical');
#9 = PRODUCT_DEFINITION_CONTEXT('part definition',#2,'design');
#10 = ADVANCED_BREP_SHAPE_REPRESENTATION('',(#11,#15),#3498);
#11 = AXIS2_PLACEMENT_3D('',#12,#13,#14);
#12 = CARTESIAN_POINT('',(0.,0.,0.));
#13 = DIRECTION('',(0.,0.,1.));
#14 = DIRECTION('',(1.,0.,-0.));
#15 = MANIFOLD_SOLID_BREP('',#16);
#16 = CLOSED_SHELL('',(#17,#59,#101,#143,#175,#217,#485,#509,#544,#594,
    #917,#963,#1004,#1030,#1064,#1081,#1099,#1131,#1269,#1302,#1339,
    #1570,#2345,#2485,#2542,#2571,#2615,#2927,#2983,#3071,#3082,#3094,
    #3160,#3184,#3243,#3267,#3326,#3350,#3409,#3426,#3442,#3460,#3470,
    #3488));
#17 = ADVANCED_FACE('',(#18),#54,.F.);
#18 = FACE_BOUND('',#19,.F.);
#19 = EDGE_LOOP('',(#20,#30,#39,#47));
#20 = ORIENTED_EDGE('',*,*,#21,.T.);
#21 = EDGE_CURVE('',#22,#24,#26,.T.);
#22 = VERTEX_POINT('',#23);
#23 = CARTESIAN_POINT('',(-12.08699617081,-25.57757046384,
    23.526133430338));
#24 = VERTEX_POINT('',#25);
#25 = CARTESIAN_POINT('',(-12.06037144556,-25.46992027857,
    23.910454340015));
#26 = LINE('',#27,#28);
#27 = CARTESIAN_POINT('',(-12.08699617081,-25.57757046384,
    23.526133430338));
#28 = VECTOR('',#29,1.);
#29 = DIRECTION('',(6.656181314537E-02,0.269125463192,0.960802274192));
#30 = ORIENTED_EDGE('',*,*,#31,.F.);
#31 = EDGE_CURVE('',#32,#24,#34,.T.);
#32 = VERTEX_POINT('',#33);
#33 = CARTESIAN_POINT('',(-12.06037144556,-23.54404472256,
    23.371007083299));
#34 = CIRCLE('',#35,1.);
#35 = AXIS2_PLACEMENT_3D('',#36,#37,#38);
#36 = CARTESIAN_POINT('',(-12.06037144556,-24.50698250056,
    23.640730711657));
#37 = DIRECTION('',(6.656181314537E-02,0.269125463192,0.960802274192));
#38 = DIRECTION('',(-4.51028103754E-17,-0.962937778003,0.269723628358));
#39 = ORIENTED_EDGE('',*,*,#40,.F.);
#40 = EDGE_CURVE('',#41,#32,#43,.T.);
#41 = VERTEX_POINT('',#42);
#42 = CARTESIAN_POINT('',(-12.08699617081,-23.65169490784,
    22.986686173622));
#43 = LINE('',#44,#45);
#44 = CARTESIAN_POINT('',(-12.08699617081,-23.65169490784,
    22.986686173622));
#45 = VECTOR('',#46,1.);
#46 = DIRECTION('',(6.656181314537E-02,0.269125463192,0.960802274192));
#47 = ORIENTED_EDGE('',*,*,#48,.T.);
#48 = EDGE_CURVE('',#41,#22,#49,.T.);
#49 = CIRCLE('',#50,1.);
#50 = AXIS2_PLACEMENT_3D('',#51,#52,#53);
#51 = CARTESIAN_POINT('',(-12.08699617081,-24.61463268584,23.25640980198
    ));
#52 = DIRECTION('',(6.656181314537E-02,0.269125463192,0.960802274192));
#53 = DIRECTION('',(-4.51028103754E-17,-0.962937778003,0.269723628358));
#54 = CYLINDRICAL_SURFACE('',#55,1.);
#55 = AXIS2_PLACEMENT_3D('',#56,#57,#58);
#56 = CARTESIAN_POINT('',(-12.08699617081,-24.61463268584,23.25640980198
    ));
#57 = DIRECTION('',(6.656181314537E-02,0.269125463192,0.960802274192));
#58 = DIRECTION('',(-4.51028103754E-17,-0.962937778003,0.269723628358));
#59 = ADVANCED_FACE('',(#60),#96,.F.);
#60 = FACE_BOUND('',#61,.F.);
#61 = EDGE_LOOP('',(#62,#72,#81,#89));
#62 = ORIENTED_EDGE('',*,*,#63,.T.);
#63 = EDGE_CURVE('',#64,#66,#68,.T.);
#64 = VERTEX_POINT('',#65);
#65 = CARTESIAN_POINT('',(-14.85785864485,-26.58257187876,
    23.999597236331));
#66 = VERTEX_POINT('',#67);
#67 = CARTESIAN_POINT('',(-14.83123391959,-26.47492169348,
    24.383918146008));
#68 = LINE('',#69,#70);
#69 = CARTESIAN_POINT('',(-14.85785864485,-26.58257187876,
    23.999597236331));
#70 = VECTOR('',#71,1.);
#71 = DIRECTION('',(6.656181314537E-02,0.269125463192,0.960802274192));
#72 = ORIENTED_EDGE('',*,*,#73,.F.);
#73 = EDGE_CURVE('',#74,#66,#76,.T.);
#74 = VERTEX_POINT('',#75);
#75 = CARTESIAN_POINT('',(-14.83123391959,-24.54904613747,
    23.844470889291));
#76 = CIRCLE('',#77,1.);
#77 = AXIS2_PLACEMENT_3D('',#78,#79,#80);
#78 = CARTESIAN_POINT('',(-14.83123391959,-25.51198391548,
    24.114194517649));
#79 = DIRECTION('',(6.656181314537E-02,0.269125463192,0.960802274192));
#80 = DIRECTION('',(-4.857225732735E-17,-0.962937778003,0.269723628358)
  );
#81 = ORIENTED_EDGE('',*,*,#82,.F.);
#82 = EDGE_CURVE('',#83,#74,#85,.T.);
#83 = VERTEX_POINT('',#84);
#84 = CARTESIAN_POINT('',(-14.85785864485,-24.65669632275,
    23.460149979614));
#85 = LINE('',#86,#87);
#86 = CARTESIAN_POINT('',(-14.85785864485,-24.65669632275,
    23.460149979614));
#87 = VECTOR('',#88,1.);
#88 = DIRECTION('',(6.656181314537E-02,0.269125463192,0.960802274192));
#89 = ORIENTED_EDGE('',*,*,#90,.T.);
#90 = EDGE_CURVE('',#83,#64,#91,.T.);
#91 = CIRCLE('',#92,1.);
#92 = AXIS2_PLACEMENT_3D('',#93,#94,#95);
#93 = CARTESIAN_POINT('',(-14.85785864485,-25.61963410075,
    23.729873607973));
#94 = DIRECTION('',(6.656181314537E-02,0.269125463192,0.960802274192));
#95 = DIRECTION('',(-4.857225732735E-17,-0.962937778003,0.269723628358)
  );
#96 = CYLINDRICAL_SURFACE('',#97,1.);
#97 = AXIS2_PLACEMENT_3D('',#98,#99,#100);
#98 = CARTESIAN_POINT('',(-14.85785864485,-25.61963410075,
    23.729873607973));
#99 = DIRECTION('',(6.656181314537E-02,0.269125463192,0.960802274192));
#100 = DIRECTION('',(-4.857225732735E-17,-0.962937778003,0.269723628358)
  );
#101 = ADVANCED_FACE('',(#102),#138,.F.);
#102 = FACE_BOUND('',#103,.F.);
#103 = EDGE_LOOP('',(#104,#114,#123,#131));
#104 = ORIENTED_EDGE('',*,*,#105,.T.);
#105 = EDGE_CURVE('',#106,#108,#110,.T.);
#106 = VERTEX_POINT('',#107);
#107 = CARTESIAN_POINT('',(-15.50799356799,-19.26128802029,
    21.213311458229));
#108 = VERTEX_POINT('',#109);
#109 = CARTESIAN_POINT('',(-15.63113292595,-19.7591701018,
    19.435827198494));
#110 = LINE('',#111,#112);
#111 = CARTESIAN_POINT('',(-13.15562516512,-9.750096015009,
    55.169130935121));
#112 = VECTOR('',#113,1.);
#113 = DIRECTION('',(-6.656181353355E-02,-0.269125443091,-0.960802279795
    ));
#114 = ORIENTED_EDGE('',*,*,#115,.F.);
#115 = EDGE_CURVE('',#116,#108,#118,.T.);
#116 = VERTEX_POINT('',#117);
#117 = CARTESIAN_POINT('',(-15.63113292595,-22.07022078255,
    20.083163858223));
#118 = CIRCLE('',#119,1.2);
#119 = AXIS2_PLACEMENT_3D('',#120,#121,#122);
#120 = CARTESIAN_POINT('',(-15.63113292595,-20.91469544218,
    19.759495528358));
#121 = DIRECTION('',(-6.656181353355E-02,-0.269125443091,-0.960802279795
    ));
#122 = DIRECTION('',(7.285838599103E-17,0.962937783644,-0.26972360822));
#123 = ORIENTED_EDGE('',*,*,#124,.F.);
#124 = EDGE_CURVE('',#125,#116,#127,.T.);
#125 = VERTEX_POINT('',#126);
#126 = CARTESIAN_POINT('',(-15.50799356799,-21.57233870103,
    21.860648117957));
#127 = LINE('',#128,#129);
#128 = CARTESIAN_POINT('',(-13.15562516512,-12.06114669575,
    55.816467594849));
#129 = VECTOR('',#130,1.);
#130 = DIRECTION('',(-6.656181353355E-02,-0.269125443091,-0.960802279795
    ));
#131 = ORIENTED_EDGE('',*,*,#132,.F.);
#132 = EDGE_CURVE('',#106,#125,#133,.T.);
#133 = CIRCLE('',#134,1.2);
#134 = AXIS2_PLACEMENT_3D('',#135,#136,#137);
#135 = CARTESIAN_POINT('',(-15.50799356799,-20.41681336066,
    21.536979788093));
#136 = DIRECTION('',(6.656181353355E-02,0.269125443091,0.960802279795));
#137 = DIRECTION('',(8.326672684689E-17,-0.962937783644,0.26972360822));
#138 = CYLINDRICAL_SURFACE('',#139,1.2);
#139 = AXIS2_PLACEMENT_3D('',#140,#141,#142);
#140 = CARTESIAN_POINT('',(-13.15562516512,-10.90562135538,
    55.492799264985));
#141 = DIRECTION('',(-6.656181353355E-02,-0.269125443091,-0.960802279795
    ));
#142 = DIRECTION('',(-1.110223024625E-16,0.962937783644,-0.26972360822)
  );
#143 = ADVANCED_FACE('',(#144),#170,.F.);
#144 = FACE_BOUND('',#145,.F.);
#145 = EDGE_LOOP('',(#146,#154,#163,#169));
#146 = ORIENTED_EDGE('',*,*,#147,.T.);
#147 = EDGE_CURVE('',#125,#148,#150,.T.);
#148 = VERTEX_POINT('',#149);
#149 = CARTESIAN_POINT('',(-15.43144748004,-22.37022294071,
    23.275752939863));
#150 = LINE('',#151,#152);
#151 = CARTESIAN_POINT('',(-15.52463402103,-21.39888561449,
    21.553016650967));
#152 = VECTOR('',#153,1.);
#153 = DIRECTION('',(4.706630922651E-02,-0.490599419966,0.870113194742)
  );
#154 = ORIENTED_EDGE('',*,*,#155,.T.);
#155 = EDGE_CURVE('',#148,#156,#158,.T.);
#156 = VERTEX_POINT('',#157);
#157 = CARTESIAN_POINT('',(-15.43144748656,-17.84441536299,
    22.008051881122));
#158 = CIRCLE('',#159,2.350000059932);
#159 = AXIS2_PLACEMENT_3D('',#160,#161,#162);
#160 = CARTESIAN_POINT('',(-15.4314474833,-20.10731910463,
    22.641902397266));
#161 = DIRECTION('',(-6.656181314537E-02,-0.269125463192,-0.960802274192
    ));
#162 = DIRECTION('',(-1.429412144205E-15,-0.962937778003,0.269723628358)
  );
#163 = ORIENTED_EDGE('',*,*,#164,.F.);
#164 = EDGE_CURVE('',#106,#156,#165,.T.);
#165 = LINE('',#166,#167);
#166 = CARTESIAN_POINT('',(-15.52463402103,-19.56930382557,
    21.040541795348));
#167 = VECTOR('',#168,1.);
#168 = DIRECTION('',(4.706630922651E-02,0.871200267594,0.488666405925));
#169 = ORIENTED_EDGE('',*,*,#132,.T.);
#170 = CONICAL_SURFACE('',#171,0.95,0.785398173832);
#171 = AXIS2_PLACEMENT_3D('',#172,#173,#174);
#172 = CARTESIAN_POINT('',(-15.52463402103,-20.48409472003,
    21.296779223157));
#173 = DIRECTION('',(6.656181353355E-02,0.269125443091,0.960802279795));
#174 = DIRECTION('',(2.081668171172E-17,-0.962937783644,0.26972360822));
#175 = ADVANCED_FACE('',(#176),#212,.T.);
#176 = FACE_BOUND('',#177,.T.);
#177 = EDGE_LOOP('',(#178,#189,#197,#206));
#178 = ORIENTED_EDGE('',*,*,#179,.F.);
#179 = EDGE_CURVE('',#180,#182,#184,.T.);
#180 = VERTEX_POINT('',#181);
#181 = CARTESIAN_POINT('',(-14.88513194298,-11.72610253549,
    19.883715053626));
#182 = VERTEX_POINT('',#183);
#183 = CARTESIAN_POINT('',(-15.46401677268,-11.7673476876,
    19.891772770563));
#184 = ( BOUNDED_CURVE() B_SPLINE_CURVE(3,(#185,#186,#187,#188),
.UNSPECIFIED.,.F.,.F.) B_SPLINE_CURVE_WITH_KNOTS((4,4),(6.1383350566,
6.283185309807),.PIECEWISE_BEZIER_KNOTS.) CURVE() 
GEOMETRIC_REPRESENTATION_ITEM() RATIONAL_B_SPLINE_CURVE((1.,
0.998252297829,0.998252297829,1.)) REPRESENTATION_ITEM('') );
#185 = CARTESIAN_POINT('',(-14.88513194298,-11.72610253549,
    19.883715053626));
#186 = CARTESIAN_POINT('',(-15.07986317976,-11.73014129016,
    19.869296333727));
#187 = CARTESIAN_POINT('',(-15.27316261951,-11.74391374434,
    19.871986941754));
#188 = CARTESIAN_POINT('',(-15.46401677268,-11.7673476876,
    19.891772770563));
#189 = ORIENTED_EDGE('',*,*,#190,.T.);
#190 = EDGE_CURVE('',#180,#191,#193,.T.);
#191 = VERTEX_POINT('',#192);
#192 = CARTESIAN_POINT('',(-15.06098090594,-12.43710232892,
    17.345381402934));
#193 = LINE('',#194,#195);
#194 = CARTESIAN_POINT('',(-17.51250319311,-22.34919854161,
    -18.04169971584));
#195 = VECTOR('',#196,1.);
#196 = DIRECTION('',(-6.656181055162E-02,-0.269125462873,-0.960802274461
    ));
#197 = ORIENTED_EDGE('',*,*,#198,.T.);
#198 = EDGE_CURVE('',#191,#199,#201,.T.);
#199 = VERTEX_POINT('',#200);
#200 = CARTESIAN_POINT('',(-15.63707746998,-12.46707385008,
    17.393687003326));
#201 = CIRCLE('',#202,4.);
#202 = AXIS2_PLACEMENT_3D('',#203,#204,#205);
#203 = CARTESIAN_POINT('',(-15.06098091139,-16.2888534634,
    18.424275836165));
#204 = DIRECTION('',(6.656181353355E-02,0.269125443091,0.960802279795));
#205 = DIRECTION('',(-3.902780876253E-14,0.962937783644,-0.26972360822)
  );
#206 = ORIENTED_EDGE('',*,*,#207,.F.);
#207 = EDGE_CURVE('',#182,#199,#208,.T.);
#208 = LINE('',#209,#210);
#209 = CARTESIAN_POINT('',(-16.40154499958,-15.5580005549,6.358798752749
    ));
#210 = VECTOR('',#211,1.);
#211 = DIRECTION('',(-6.656181055162E-02,-0.269125462873,-0.960802274461
    ));
#212 = CYLINDRICAL_SURFACE('',#213,4.);
#213 = AXIS2_PLACEMENT_3D('',#214,#215,#216);
#214 = CARTESIAN_POINT('',(-17.51250319311,-26.20094965403,
    -16.96280520387));
#215 = DIRECTION('',(-6.656181055162E-02,-0.269125462873,-0.960802274461
    ));
#216 = DIRECTION('',(3.469446951954E-18,0.962937778105,-0.269723627992)
  );
#217 = ADVANCED_FACE('',(#218,#228,#370),#480,.T.);
#218 = FACE_BOUND('',#219,.T.);
#219 = EDGE_LOOP('',(#220,#227));
#220 = ORIENTED_EDGE('',*,*,#221,.F.);
#221 = EDGE_CURVE('',#108,#116,#222,.T.);
#222 = CIRCLE('',#223,1.2);
#223 = AXIS2_PLACEMENT_3D('',#224,#225,#226);
#224 = CARTESIAN_POINT('',(-15.63113292595,-20.91469544218,
    19.759495528358));
#225 = DIRECTION('',(-6.656181353355E-02,-0.269125443091,-0.960802279795
    ));
#226 = DIRECTION('',(7.285838599103E-17,0.962937783644,-0.26972360822));
#227 = ORIENTED_EDGE('',*,*,#115,.F.);
#228 = FACE_BOUND('',#229,.T.);
#229 = EDGE_LOOP('',(#230,#241,#249,#257,#269,#278,#339,#348,#354,#355,
    #364));
#230 = ORIENTED_EDGE('',*,*,#231,.F.);
#231 = EDGE_CURVE('',#232,#234,#236,.T.);
#232 = VERTEX_POINT('',#233);
#233 = CARTESIAN_POINT('',(-12.40943720895,-28.82017499872,
    21.750668758438));
#234 = VERTEX_POINT('',#235);
#235 = CARTESIAN_POINT('',(-9.774464116009,-24.67471441915,
    20.406960973681));
#236 = CIRCLE('',#237,4.);
#237 = AXIS2_PLACEMENT_3D('',#238,#239,#240);
#238 = CARTESIAN_POINT('',(-13.72379635764,-25.1596314443,
    20.816387797262));
#239 = DIRECTION('',(6.656181353355E-02,0.269125443091,0.960802279795));
#240 = DIRECTION('',(1.040834085586E-17,0.962937783644,-0.26972360822));
#241 = ORIENTED_EDGE('',*,*,#242,.T.);
#242 = EDGE_CURVE('',#232,#243,#245,.T.);
#243 = VERTEX_POINT('',#244);
#244 = CARTESIAN_POINT('',(-25.20562379811,-32.89706914373,
    23.779112455839));
#245 = LINE('',#246,#247);
#246 = CARTESIAN_POINT('',(-25.40811272549,-32.96158257644,
    23.811210877167));
#247 = VECTOR('',#248,1.);
#248 = DIRECTION('',(-0.942124342507,-0.300162957853,0.149344976444));
#249 = ORIENTED_EDGE('',*,*,#250,.T.);
#250 = EDGE_CURVE('',#243,#251,#253,.T.);
#251 = VERTEX_POINT('',#252);
#252 = CARTESIAN_POINT('',(-25.44799104181,-31.28922376246,
    23.345537613092));
#253 = LINE('',#254,#255);
#254 = CARTESIAN_POINT('',(-28.40787668356,-11.65357339297,
    18.050548355788));
#255 = VECTOR('',#256,1.);
#256 = DIRECTION('',(-0.144024139646,0.955444903331,-0.25764720821));
#257 = ORIENTED_EDGE('',*,*,#258,.F.);
#258 = EDGE_CURVE('',#259,#251,#261,.T.);
#259 = VERTEX_POINT('',#260);
#260 = CARTESIAN_POINT('',(-28.83963685759,-31.28922376246,
    23.580501768683));
#261 = B_SPLINE_CURVE_WITH_KNOTS('',3,(#262,#263,#264,#265,#266,#267,
    #268),.UNSPECIFIED.,.F.,.F.,(4,3,4),(0.,0.70350465211,1.),
  .UNSPECIFIED.);
#262 = CARTESIAN_POINT('',(-28.83963685759,-31.28922376246,
    23.580501768683));
#263 = CARTESIAN_POINT('',(-28.04429065435,-31.28922376246,
    23.525402309837));
#264 = CARTESIAN_POINT('',(-27.24894445111,-31.28922376246,
    23.470302850991));
#265 = CARTESIAN_POINT('',(-26.45359824788,-31.28922376246,
    23.415203392145));
#266 = CARTESIAN_POINT('',(-26.11839584585,-31.28922376246,
    23.391981465794));
#267 = CARTESIAN_POINT('',(-25.78319344383,-31.28922376246,
    23.368759539443));
#268 = CARTESIAN_POINT('',(-25.44799104181,-31.28922376246,
    23.345537613092));
#269 = ORIENTED_EDGE('',*,*,#270,.F.);
#270 = EDGE_CURVE('',#271,#259,#273,.T.);
#271 = VERTEX_POINT('',#272);
#272 = CARTESIAN_POINT('',(-28.86099574111,-31.20468880034,
    23.558302796466));
#273 = B_SPLINE_CURVE_WITH_KNOTS('',3,(#274,#275,#276,#277),
  .UNSPECIFIED.,.F.,.F.,(4,4),(-0.120826842337,-0.111808212242),
  .PIECEWISE_BEZIER_KNOTS.);
#274 = CARTESIAN_POINT('',(-28.86099574111,-31.20468880034,
    23.558302796466));
#275 = CARTESIAN_POINT('',(-28.85389884733,-31.23281925587,
    23.565690621554));
#276 = CARTESIAN_POINT('',(-28.84678674318,-31.26091752923,
    23.573068378524));
#277 = CARTESIAN_POINT('',(-28.83963685759,-31.28922376246,
    23.580501768683));
#278 = ORIENTED_EDGE('',*,*,#279,.F.);
#279 = EDGE_CURVE('',#280,#271,#282,.T.);
#280 = VERTEX_POINT('',#281);
#281 = CARTESIAN_POINT('',(-31.68247632457,-17.50782175652,
    19.917207618806));
#282 = B_SPLINE_CURVE_WITH_KNOTS('',3,(#283,#284,#285,#286,#287,#288,
    #289,#290,#291,#292,#293,#294,#295,#296,#297,#298,#299,#300,#301,
    #302,#303,#304,#305,#306,#307,#308,#309,#310,#311,#312,#313,#314,
    #315,#316,#317,#318,#319,#320,#321,#322,#323,#324,#325,#326,#327,
    #328,#329,#330,#331,#332,#333,#334,#335,#336,#337,#338),
  .UNSPECIFIED.,.F.,.F.,(4,1,1,1,1,1,1,1,1,2,1,2,1,2,1,1,1,2,1,1,1,2,1,1
    ,1,2,1,1,1,2,1,1,2,1,2,1,2,1,1,1,2,1,4),(0.,1.737661586524E-02,
    1.737661771189E-02,3.376369379162E-02,5.817117607606E-02,
    6.62776535362E-02,8.24284961679E-02,9.047223072971E-02,0.11447933629
    ,0.130382562949,0.130382565563,0.2087150095,0.208715011996,
    0.26998667448,0.269986676469,0.359538526345,0.359538527095,
    0.388725231055,0.431841041218,0.4460246264,0.474183987872,
    0.47418398839,0.488198998625,0.488199001078,0.530396185796,
    0.530396247846,0.558668576862,0.558668716626,0.615542485655,
    0.615542837817,0.644139731616,0.730540801963,0.730541584611,
    0.788617885148,0.788618767607,0.876371350214,0.876372126829,
    0.905773771183,0.905774442427,0.964771982074,0.964772371083,
    0.994353005794,1.),.UNSPECIFIED.);
#283 = CARTESIAN_POINT('',(-31.68247632457,-17.50782175652,
    19.917207618806));
#284 = CARTESIAN_POINT('',(-31.66867519859,-17.58268312737,
    19.937220552956));
#285 = CARTESIAN_POINT('',(-31.65477513018,-17.65803550935,
    19.957364166094));
#286 = CARTESIAN_POINT('',(-31.627579715,-17.80536416688,19.996747621858
    ));
#287 = CARTESIAN_POINT('',(-31.59450455787,-17.9844348747,
    20.044614849186));
#288 = CARTESIAN_POINT('',(-31.55426235279,-18.20208240778,
    20.102791121038));
#289 = CARTESIAN_POINT('',(-31.51374532881,-18.42078861544,
    20.161244894131));
#290 = CARTESIAN_POINT('',(-31.48659520322,-18.56699796678,
    20.200317964269));
#291 = CARTESIAN_POINT('',(-31.44570576401,-18.78673920025,
    20.259035853246));
#292 = CARTESIAN_POINT('',(-31.40454816583,-19.00729774924,
    20.317964098984));
#293 = CARTESIAN_POINT('',(-31.36982043771,-19.19275516848,
    20.367505789887));
#294 = CARTESIAN_POINT('',(-31.35591023979,-19.26693758136,
    20.387320987182));
#295 = CARTESIAN_POINT('',(-31.28739447448,-19.63232885883,
    20.484922291656));
#296 = CARTESIAN_POINT('',(-31.21712155859,-20.00461451001,
    20.58433301343));
#297 = CARTESIAN_POINT('',(-31.14542577442,-20.38194630213,
    20.68505861157));
#298 = CARTESIAN_POINT('',(-31.08934530303,-20.67709533954,
    20.763846203134));
#299 = CARTESIAN_POINT('',(-31.03239658284,-20.9753210226,
    20.843435428305));
#300 = CARTESIAN_POINT('',(-30.9747120121,-21.27573353221,20.9235862166)
  );
#301 = CARTESIAN_POINT('',(-30.89040267565,-21.71480258141,
    21.040730890847));
#302 = CARTESIAN_POINT('',(-30.80452290829,-22.15854585252,
    21.15907604238));
#303 = CARTESIAN_POINT('',(-30.68910094393,-22.74941802554,
    21.316586118371));
#304 = CARTESIAN_POINT('',(-30.66060478086,-22.89485890329,
    21.355350685401));
#305 = CARTESIAN_POINT('',(-30.58973682795,-23.25540920957,
    21.451433056778));
#306 = CARTESIAN_POINT('',(-30.53325162326,-23.54144605001,
    21.52764023832));
#307 = CARTESIAN_POINT('',(-30.4484769938,-23.96783288623,
    21.641200328091));
#308 = CARTESIAN_POINT('',(-30.406292334,-24.17891668283,21.697403497012
    ));
#309 = CARTESIAN_POINT('',(-30.37816921058,-24.3191287833,21.734729301)
  );
#310 = CARTESIAN_POINT('',(-30.36417224432,-24.3889127789,21.75330646891
    ));
#311 = CARTESIAN_POINT('',(-30.35015283734,-24.45868222121,
    21.771878005737));
#312 = CARTESIAN_POINT('',(-30.29407297627,-24.73725456342,
    21.846022425741));
#313 = CARTESIAN_POINT('',(-30.25218055308,-24.94418403594,
    21.901082193431));
#314 = CARTESIAN_POINT('',(-30.21047771775,-25.14895282503,
    21.955549877203));
#315 = CARTESIAN_POINT('',(-30.18253658242,-25.28614907321,
    21.992043533787));
#316 = CARTESIAN_POINT('',(-30.15468106217,-25.42237294559,
    22.028270754309));
#317 = CARTESIAN_POINT('',(-30.07103348144,-25.82971807635,
    22.136575247672));
#318 = CARTESIAN_POINT('',(-30.01548758523,-26.09789216875,
    22.207844058433));
#319 = CARTESIAN_POINT('',(-29.96022101802,-26.36219597952,
    22.278048135444));
#320 = CARTESIAN_POINT('',(-29.93243208312,-26.49509223452,
    22.313347886831));
#321 = CARTESIAN_POINT('',(-29.82096886811,-27.02557229451,
    22.454216086574));
#322 = CARTESIAN_POINT('',(-29.71054329823,-27.54031364493,
    22.590747681653));
#323 = CARTESIAN_POINT('',(-29.62797301724,-27.91832181178,
    22.690909379615));
#324 = CARTESIAN_POINT('',(-29.57247143925,-28.17240908065,
    22.758235472083));
#325 = CARTESIAN_POINT('',(-29.51714918158,-28.4225492514,
    22.824468385791));
#326 = CARTESIAN_POINT('',(-29.46194436641,-28.66878769804,
    22.889616543494));
#327 = CARTESIAN_POINT('',(-29.37853099668,-29.04084895581,
    22.988054076044));
#328 = CARTESIAN_POINT('',(-29.29538534573,-29.40400495261,
    23.08401574805));
#329 = CARTESIAN_POINT('',(-29.21230341139,-29.75841300771,
    23.177531492684));
#330 = CARTESIAN_POINT('',(-29.18446618571,-29.8771600502,
    23.208864634617));
#331 = CARTESIAN_POINT('',(-29.15663617631,-29.99492472351,
    23.239923110034));
#332 = CARTESIAN_POINT('',(-29.0729621611,-30.34605656905,
    23.332480154483));
#333 = CARTESIAN_POINT('',(-29.01711504012,-30.57647754957,
    23.393153264917));
#334 = CARTESIAN_POINT('',(-28.96121066946,-30.80301683288,
    23.452735126768));
#335 = CARTESIAN_POINT('',(-28.93318072393,-30.91660154912,
    23.482608924618));
#336 = CARTESIAN_POINT('',(-28.89978223264,-31.05070932369,
    23.517859413522));
#337 = CARTESIAN_POINT('',(-28.86635492216,-31.1834462426,
    23.552723922499));
#338 = CARTESIAN_POINT('',(-28.86099574111,-31.20468880034,
    23.558302796466));
#339 = ORIENTED_EDGE('',*,*,#340,.F.);
#340 = EDGE_CURVE('',#341,#280,#343,.T.);
#341 = VERTEX_POINT('',#342);
#342 = CARTESIAN_POINT('',(-29.11481065025,-14.12193140059,
    18.790922066736));
#343 = B_SPLINE_CURVE_WITH_KNOTS('',3,(#344,#345,#346,#347),
  .UNSPECIFIED.,.F.,.F.,(4,4),(-3.880184052052E-02,0.400807982644),
  .PIECEWISE_BEZIER_KNOTS.);
#344 = CARTESIAN_POINT('',(-29.11481065025,-14.12193140059,
    18.790922066736));
#345 = CARTESIAN_POINT('',(-29.97069920836,-15.25056151923,
    19.166350584093));
#346 = CARTESIAN_POINT('',(-30.82658776646,-16.37919163788,
    19.541779101449));
#347 = CARTESIAN_POINT('',(-31.68247632457,-17.50782175652,
    19.917207618806));
#348 = ORIENTED_EDGE('',*,*,#349,.T.);
#349 = EDGE_CURVE('',#341,#199,#350,.T.);
#350 = LINE('',#351,#352);
#351 = CARTESIAN_POINT('',(-27.75111117725,-13.95449015959,
    18.649547497724));
#352 = VECTOR('',#353,1.);
#353 = DIRECTION('',(0.98733306041,0.121229256288,-0.102356705895));
#354 = ORIENTED_EDGE('',*,*,#198,.F.);
#355 = ORIENTED_EDGE('',*,*,#356,.F.);
#356 = EDGE_CURVE('',#357,#191,#359,.T.);
#357 = VERTEX_POINT('',#358);
#358 = CARTESIAN_POINT('',(-11.11164866975,-15.80393643825,
    18.014849012584));
#359 = CIRCLE('',#360,4.);
#360 = AXIS2_PLACEMENT_3D('',#361,#362,#363);
#361 = CARTESIAN_POINT('',(-15.06098091139,-16.2888534634,
    18.424275836165));
#362 = DIRECTION('',(6.656181353355E-02,0.269125443091,0.960802279795));
#363 = DIRECTION('',(8.743006318923E-16,0.962937783644,-0.26972360822));
#364 = ORIENTED_EDGE('',*,*,#365,.T.);
#365 = EDGE_CURVE('',#357,#234,#366,.T.);
#366 = LINE('',#367,#368);
#367 = CARTESIAN_POINT('',(-10.60889963551,-19.13913429887,
    18.914225224252));
#368 = VECTOR('',#369,1.);
#369 = DIRECTION('',(0.144024139646,-0.955444903331,0.25764720821));
#370 = FACE_BOUND('',#371,.T.);
#371 = EDGE_LOOP('',(#372,#382,#401,#409,#428,#436,#455,#463));
#372 = ORIENTED_EDGE('',*,*,#373,.T.);
#373 = EDGE_CURVE('',#374,#376,#378,.T.);
#374 = VERTEX_POINT('',#375);
#375 = CARTESIAN_POINT('',(-22.04814997616,-16.96456117072,
    19.097597282371));
#376 = VERTEX_POINT('',#377);
#377 = CARTESIAN_POINT('',(-23.56459322897,-17.15075698965,
    19.254806781636));
#378 = LINE('',#379,#380);
#379 = CARTESIAN_POINT('',(-22.04814997616,-16.96456117072,
    19.097597282371));
#380 = VECTOR('',#381,1.);
#381 = DIRECTION('',(-0.98733306041,-0.121229256287,0.102356705895));
#382 = ORIENTED_EDGE('',*,*,#383,.T.);
#383 = EDGE_CURVE('',#376,#384,#386,.T.);
#384 = VERTEX_POINT('',#385);
#385 = CARTESIAN_POINT('',(-25.10957801828,-19.12327875327,19.9143522432
    ));
#386 = B_SPLINE_CURVE_WITH_KNOTS('',3,(#387,#388,#389,#390,#391,#392,
    #393,#394,#395,#396,#397,#398,#399,#400),.UNSPECIFIED.,.F.,.F.,(4,2,
    2,2,2,2,4),(0.,3.606654800451E-04,7.213309600903E-04,
    1.442661920181E-03,2.163992880271E-03,2.524658360316E-03,
    2.885323840361E-03),.UNSPECIFIED.);
#387 = CARTESIAN_POINT('',(-23.56459322897,-17.15075698965,
    19.254806781636));
#388 = CARTESIAN_POINT('',(-23.68641889399,-17.16571530088,
    19.267436434574));
#389 = CARTESIAN_POINT('',(-23.80867725079,-17.19141222149,
    19.283104000534));
#390 = CARTESIAN_POINT('',(-24.04515998484,-17.26300682153,
    19.319540891707));
#391 = CARTESIAN_POINT('',(-24.15938441874,-17.30890450981,
    19.34031022332));
#392 = CARTESIAN_POINT('',(-24.47665789121,-17.47498403418,
    19.408809772792));
#393 = CARTESIAN_POINT('',(-24.65430722353,-17.62355236836,19.4627315646
    ));
#394 = CARTESIAN_POINT('',(-24.9319118471,-17.97797732158,19.58123944303
    ));
#395 = CARTESIAN_POINT('',(-25.0318671696,-18.18383398051,
    19.645825542989));
#396 = CARTESIAN_POINT('',(-25.11182018647,-18.52490371789,
    19.746899784839));
#397 = CARTESIAN_POINT('',(-25.12680786562,-18.64397445316,
    19.781290389637));
#398 = CARTESIAN_POINT('',(-25.13457225451,-18.88421642849,
    19.849121244368));
#399 = CARTESIAN_POINT('',(-25.12734895786,-19.00538772387,
    19.88256150935));
#400 = CARTESIAN_POINT('',(-25.10957801828,-19.12327875327,19.9143522432
    ));
#401 = ORIENTED_EDGE('',*,*,#402,.T.);
#402 = EDGE_CURVE('',#384,#403,#405,.T.);
#403 = VERTEX_POINT('',#404);
#404 = CARTESIAN_POINT('',(-24.16825087659,-25.36796955378,
    21.598308215202));
#405 = LINE('',#406,#407);
#406 = CARTESIAN_POINT('',(-25.10957801828,-19.12327875327,19.9143522432
    ));
#407 = VECTOR('',#408,1.);
#408 = DIRECTION('',(0.144024139646,-0.955444903331,0.25764720821));
#409 = ORIENTED_EDGE('',*,*,#410,.T.);
#410 = EDGE_CURVE('',#403,#411,#413,.T.);
#411 = VERTEX_POINT('',#412);
#412 = CARTESIAN_POINT('',(-22.09554700458,-26.89629500363,
    21.882808305375));
#413 = B_SPLINE_CURVE_WITH_KNOTS('',3,(#414,#415,#416,#417,#418,#419,
    #420,#421,#422,#423,#424,#425,#426,#427),.UNSPECIFIED.,.F.,.F.,(4,2,
    2,2,2,2,4),(0.,3.606097443232E-04,7.212194886465E-04,
    1.442438977293E-03,2.163658465939E-03,2.524268210263E-03,
    2.884877954586E-03),.UNSPECIFIED.);
#414 = CARTESIAN_POINT('',(-24.16825087659,-25.36796955378,
    21.598308215202));
#415 = CARTESIAN_POINT('',(-24.15047993611,-25.48586058307,
    21.630098948957));
#416 = CARTESIAN_POINT('',(-24.12157373558,-25.60436955261,
    21.661291349765));
#417 = CARTESIAN_POINT('',(-24.04297938616,-25.83400800818,
    21.720169403933));
#418 = CARTESIAN_POINT('',(-23.99329122705,-25.94513754905,
    21.747855071947));
#419 = CARTESIAN_POINT('',(-23.81528666981,-26.25453407896,
    21.822186881476));
#420 = CARTESIAN_POINT('',(-23.6580301495,-26.42880909471,
    21.860107858993));
#421 = CARTESIAN_POINT('',(-23.28560436114,-26.70342034923,
    21.911227158669));
#422 = CARTESIAN_POINT('',(-23.07043505116,-26.80375661891,
    21.92442548658));
#423 = CARTESIAN_POINT('',(-22.7155328198,-26.88730334463,21.92324065741
    ));
#424 = CARTESIAN_POINT('',(-22.59187399914,-26.90399264195,
    21.919348659124));
#425 = CARTESIAN_POINT('',(-22.3427939527,-26.91596762919,
    21.905447312157));
#426 = CARTESIAN_POINT('',(-22.21737266972,-26.91125331399,
    21.895437958077));
#427 = CARTESIAN_POINT('',(-22.09554700458,-26.89629500363,
    21.882808305375));
#428 = ORIENTED_EDGE('',*,*,#429,.T.);
#429 = EDGE_CURVE('',#411,#430,#432,.T.);
#430 = VERTEX_POINT('',#431);
#431 = CARTESIAN_POINT('',(-20.57910375177,-26.7100991847,
    21.725598806111));
#432 = LINE('',#433,#434);
#433 = CARTESIAN_POINT('',(-22.09554700458,-26.89629500363,
    21.882808305375));
#434 = VECTOR('',#435,1.);
#435 = DIRECTION('',(0.98733306041,0.121229256287,-0.102356705895));
#436 = ORIENTED_EDGE('',*,*,#437,.T.);
#437 = EDGE_CURVE('',#430,#438,#440,.T.);
#438 = VERTEX_POINT('',#439);
#439 = CARTESIAN_POINT('',(-19.03411896246,-24.73757742108,
    21.066053344547));
#440 = B_SPLINE_CURVE_WITH_KNOTS('',3,(#441,#442,#443,#444,#445,#446,
    #447,#448,#449,#450,#451,#452,#453,#454),.UNSPECIFIED.,.F.,.F.,(4,2,
    2,2,2,2,4),(0.,3.606654800452E-04,7.213309600904E-04,
    1.442661920181E-03,2.163992880271E-03,2.524658360316E-03,
    2.885323840362E-03),.UNSPECIFIED.);
#441 = CARTESIAN_POINT('',(-20.57910375177,-26.7100991847,
    21.725598806111));
#442 = CARTESIAN_POINT('',(-20.45727808675,-26.69514087347,
    21.712969153172));
#443 = CARTESIAN_POINT('',(-20.33501972995,-26.66944395286,
    21.697301587212));
#444 = CARTESIAN_POINT('',(-20.09853699589,-26.59784935282,
    21.66086469604));
#445 = CARTESIAN_POINT('',(-19.984312562,-26.55195166455,21.640095364427
    ));
#446 = CARTESIAN_POINT('',(-19.66703908953,-26.38587214018,
    21.571595814955));
#447 = CARTESIAN_POINT('',(-19.48938975721,-26.23730380599,
    21.517674023147));
#448 = CARTESIAN_POINT('',(-19.21178513364,-25.88287885277,
    21.399166144717));
#449 = CARTESIAN_POINT('',(-19.11182981113,-25.67702219384,
    21.334580044756));
#450 = CARTESIAN_POINT('',(-19.03187679427,-25.33595245646,
    21.233505802908));
#451 = CARTESIAN_POINT('',(-19.01688911512,-25.21688172119,
    21.199115198109));
#452 = CARTESIAN_POINT('',(-19.00912472623,-24.97663974586,
    21.13128434338));
#453 = CARTESIAN_POINT('',(-19.01634802288,-24.85546845049,
    21.097844078395));
#454 = CARTESIAN_POINT('',(-19.03411896246,-24.73757742108,
    21.066053344547));
#455 = ORIENTED_EDGE('',*,*,#456,.T.);
#456 = EDGE_CURVE('',#438,#457,#459,.T.);
#457 = VERTEX_POINT('',#458);
#458 = CARTESIAN_POINT('',(-19.97544610415,-18.49288662058,
    19.382097372545));
#459 = LINE('',#460,#461);
#460 = CARTESIAN_POINT('',(-19.03411896246,-24.73757742108,
    21.066053344547));
#461 = VECTOR('',#462,1.);
#462 = DIRECTION('',(-0.144024139646,0.955444903331,-0.25764720821));
#463 = ORIENTED_EDGE('',*,*,#464,.T.);
#464 = EDGE_CURVE('',#457,#374,#465,.T.);
#465 = B_SPLINE_CURVE_WITH_KNOTS('',3,(#466,#467,#468,#469,#470,#471,
    #472,#473,#474,#475,#476,#477,#478,#479),.UNSPECIFIED.,.F.,.F.,(4,2,
    2,2,2,2,4),(0.,3.606097443221E-04,7.212194886443E-04,
    1.442438977289E-03,2.163658465933E-03,2.524268210255E-03,
    2.884877954577E-03),.UNSPECIFIED.);
#466 = CARTESIAN_POINT('',(-19.97544610415,-18.49288662058,
    19.382097372545));
#467 = CARTESIAN_POINT('',(-19.99321704463,-18.37499559129,
    19.35030663879));
#468 = CARTESIAN_POINT('',(-20.02212324516,-18.25648662174,
    19.319114237981));
#469 = CARTESIAN_POINT('',(-20.10071759458,-18.02684816617,
    19.260236183813));
#470 = CARTESIAN_POINT('',(-20.15040575369,-17.9157186253,
    19.232550515798));
#471 = CARTESIAN_POINT('',(-20.32841031093,-17.60632209539,
    19.158218706271));
#472 = CARTESIAN_POINT('',(-20.48566683124,-17.43204707964,
    19.120297728752));
#473 = CARTESIAN_POINT('',(-20.8580926196,-17.15743582513,
    19.069178429077));
#474 = CARTESIAN_POINT('',(-21.07326192958,-17.05709955545,
    19.055980101166));
#475 = CARTESIAN_POINT('',(-21.42816416094,-16.97355282972,
    19.057164930335));
#476 = CARTESIAN_POINT('',(-21.5518229816,-16.9568635324,19.061056928622
    ));
#477 = CARTESIAN_POINT('',(-21.80090302804,-16.94488854516,
    19.074958275588));
#478 = CARTESIAN_POINT('',(-21.92632431101,-16.94960286037,
    19.084967629669));
#479 = CARTESIAN_POINT('',(-22.04814997616,-16.96456117072,
    19.097597282371));
#480 = PLANE('',#481);
#481 = AXIS2_PLACEMENT_3D('',#482,#483,#484);
#482 = CARTESIAN_POINT('',(5.87701352979,-19.65822308121,17.917524550632
    ));
#483 = DIRECTION('',(-6.656181353355E-02,-0.269125443091,-0.960802279795
    ));
#484 = DIRECTION('',(3.469446951954E-18,0.962937783644,-0.26972360822));
#485 = ADVANCED_FACE('',(#486),#504,.F.);
#486 = FACE_BOUND('',#487,.F.);
#487 = EDGE_LOOP('',(#488,#495,#496,#503));
#488 = ORIENTED_EDGE('',*,*,#489,.T.);
#489 = EDGE_CURVE('',#156,#148,#490,.T.);
#490 = CIRCLE('',#491,2.350000059932);
#491 = AXIS2_PLACEMENT_3D('',#492,#493,#494);
#492 = CARTESIAN_POINT('',(-15.4314474833,-20.10731910463,
    22.641902397266));
#493 = DIRECTION('',(-6.656181314537E-02,-0.269125463192,-0.960802274192
    ));
#494 = DIRECTION('',(4.163336342344E-17,-0.962937778003,0.269723628358)
  );
#495 = ORIENTED_EDGE('',*,*,#147,.F.);
#496 = ORIENTED_EDGE('',*,*,#497,.T.);
#497 = EDGE_CURVE('',#125,#106,#498,.T.);
#498 = CIRCLE('',#499,1.2);
#499 = AXIS2_PLACEMENT_3D('',#500,#501,#502);
#500 = CARTESIAN_POINT('',(-15.50799356799,-20.41681336066,
    21.536979788093));
#501 = DIRECTION('',(6.656181353355E-02,0.269125443091,0.960802279795));
#502 = DIRECTION('',(8.326672684689E-17,-0.962937783644,0.26972360822));
#503 = ORIENTED_EDGE('',*,*,#164,.T.);
#504 = CONICAL_SURFACE('',#505,0.95,0.785398173832);
#505 = AXIS2_PLACEMENT_3D('',#506,#507,#508);
#506 = CARTESIAN_POINT('',(-15.52463402103,-20.48409472003,
    21.296779223157));
#507 = DIRECTION('',(6.656181353355E-02,0.269125443091,0.960802279795));
#508 = DIRECTION('',(2.081668171172E-17,-0.962937783644,0.26972360822));
#509 = ADVANCED_FACE('',(#510),#539,.F.);
#510 = FACE_BOUND('',#511,.T.);
#511 = EDGE_LOOP('',(#512,#513,#521,#530));
#512 = ORIENTED_EDGE('',*,*,#250,.F.);
#513 = ORIENTED_EDGE('',*,*,#514,.T.);
#514 = EDGE_CURVE('',#243,#515,#517,.T.);
#515 = VERTEX_POINT('',#516);
#516 = CARTESIAN_POINT('',(-25.04170088771,-32.23428926073,
    26.145296664081));
#517 = LINE('',#518,#519);
#518 = CARTESIAN_POINT('',(-25.20562376822,-32.89706902287,
    23.779112887303));
#519 = VECTOR('',#520,1.);
#520 = DIRECTION('',(6.656181062467E-02,0.269125462389,0.960802274592));
#521 = ORIENTED_EDGE('',*,*,#522,.T.);
#522 = EDGE_CURVE('',#515,#523,#525,.T.);
#523 = VERTEX_POINT('',#524);
#524 = CARTESIAN_POINT('',(-25.2718578336,-32.01379231907,
    24.186354357793));
#525 = B_SPLINE_CURVE_WITH_KNOTS('',3,(#526,#527,#528,#529),
  .UNSPECIFIED.,.F.,.F.,(4,4),(5.371634429958E-03,7.356341533949E-03),
  .PIECEWISE_BEZIER_KNOTS.);
#526 = CARTESIAN_POINT('',(-25.04170088771,-32.23428926073,
    26.145296664081));
#527 = CARTESIAN_POINT('',(-25.11836030703,-32.16133372722,
    25.492246788816));
#528 = CARTESIAN_POINT('',(-25.19507354595,-32.08788714601,
    24.839259356782));
#529 = CARTESIAN_POINT('',(-25.2718578336,-32.01379231907,
    24.186354357793));
#530 = ORIENTED_EDGE('',*,*,#531,.F.);
#531 = EDGE_CURVE('',#251,#523,#532,.T.);
#532 = B_SPLINE_CURVE_WITH_KNOTS('',3,(#533,#534,#535,#536,#537,#538),
  .UNSPECIFIED.,.F.,.F.,(4,2,4),(1.554094740131E-02,1.61427539678E-02,
    1.674456053428E-02),.UNSPECIFIED.);
#533 = CARTESIAN_POINT('',(-25.44799104181,-31.28922376246,
    23.345537613092));
#534 = CARTESIAN_POINT('',(-25.41909948415,-31.48088810138,
    23.397222207004));
#535 = CARTESIAN_POINT('',(-25.38682501153,-31.65212411652,
    23.505733309983));
#536 = CARTESIAN_POINT('',(-25.3246378847,-31.90908871052,
    23.801246724268));
#537 = CARTESIAN_POINT('',(-25.29486355616,-31.99159239923,
    23.990734241743));
#538 = CARTESIAN_POINT('',(-25.2718578336,-32.01379231907,
    24.186354357793));
#539 = PLANE('',#540);
#540 = AXIS2_PLACEMENT_3D('',#541,#542,#543);
#541 = CARTESIAN_POINT('',(-28.40787668356,-11.65357339297,
    18.050548355788));
#542 = DIRECTION('',(0.98733306041,0.121229256287,-0.102356705895));
#543 = DIRECTION('',(1.387778780781E-17,-0.645126857251,-0.764075479291)
  );
#544 = ADVANCED_FACE('',(#545),#577,.T.);
#545 = FACE_BOUND('',#546,.T.);
#546 = EDGE_LOOP('',(#547,#558,#567,#576));
#547 = ORIENTED_EDGE('',*,*,#548,.T.);
#548 = EDGE_CURVE('',#280,#549,#551,.T.);
#549 = VERTEX_POINT('',#550);
#550 = CARTESIAN_POINT('',(-32.07847909454,-17.29948006626,
    20.302602845915));
#551 = B_SPLINE_CURVE_WITH_KNOTS('',3,(#552,#553,#554,#555,#556,#557),
  .UNSPECIFIED.,.F.,.F.,(4,2,4),(-5.905577069696E-02,-2.952488022317E-02
    ,0.),.UNSPECIFIED.);
#552 = CARTESIAN_POINT('',(-31.68247632457,-17.50782175652,
    19.917207618806));
#553 = CARTESIAN_POINT('',(-31.74848502148,-17.4730969752,
    19.981447253769));
#554 = CARTESIAN_POINT('',(-31.81449200898,-17.4383714821,
    20.045685691977));
#555 = CARTESIAN_POINT('',(-31.94649370967,-17.36892381454,
    20.174151532484));
#556 = CARTESIAN_POINT('',(-32.01248605708,-17.33420288539,
    20.238376632184));
#557 = CARTESIAN_POINT('',(-32.07847909454,-17.29948006626,
    20.302602845915));
#558 = ORIENTED_EDGE('',*,*,#559,.T.);
#559 = EDGE_CURVE('',#549,#560,#562,.T.);
#560 = VERTEX_POINT('',#561);
#561 = CARTESIAN_POINT('',(-29.63840448726,-14.08183955988,
    19.232284072082));
#562 = B_SPLINE_CURVE_WITH_KNOTS('',3,(#563,#564,#565,#566),
  .UNSPECIFIED.,.F.,.F.,(4,4),(-0.417764966689,6.676100228198E-10),
  .PIECEWISE_BEZIER_KNOTS.);
#563 = CARTESIAN_POINT('',(-32.07847909454,-17.29948006626,
    20.302602845915));
#564 = CARTESIAN_POINT('',(-31.26512089211,-16.2269332308,
    19.945829921304));
#565 = CARTESIAN_POINT('',(-30.45176268968,-15.15438639534,
    19.589056996693));
#566 = CARTESIAN_POINT('',(-29.63840448726,-14.08183955988,
    19.232284072082));
#567 = ORIENTED_EDGE('',*,*,#568,.T.);
#568 = EDGE_CURVE('',#560,#341,#569,.T.);
#569 = B_SPLINE_CURVE_WITH_KNOTS('',3,(#570,#571,#572,#573,#574,#575),
  .UNSPECIFIED.,.F.,.F.,(4,2,4),(0.,3.427685452717E-02,
    6.859725079089E-02),.UNSPECIFIED.);
#570 = CARTESIAN_POINT('',(-29.63840448726,-14.08183955988,
    19.232284072082));
#571 = CARTESIAN_POINT('',(-29.55119423915,-14.08851729198,
    19.158770429885));
#572 = CARTESIAN_POINT('',(-29.46398399105,-14.09519502409,
    19.085256787687));
#573 = CARTESIAN_POINT('',(-29.28945271204,-14.10855897099,
    18.938136119239));
#574 = CARTESIAN_POINT('',(-29.20213168115,-14.11524518579,
    18.864529092987));
#575 = CARTESIAN_POINT('',(-29.11481065025,-14.12193140059,
    18.790922066736));
#576 = ORIENTED_EDGE('',*,*,#340,.T.);
#577 = B_SPLINE_SURFACE_WITH_KNOTS('',3,3,(
    (#578,#579,#580,#581)
    ,(#582,#583,#584,#585)
    ,(#586,#587,#588,#589)
    ,(#590,#591,#592,#593
    )),.UNSPECIFIED.,.F.,.F.,.F.,(4,4),(4,4),(0.,1.),(
    -3.880184052052E-02,0.417764966689),.PIECEWISE_BEZIER_KNOTS.);
#578 = CARTESIAN_POINT('',(-29.41177135251,-13.78298642142,
    19.132873300718));
#579 = CARTESIAN_POINT('',(-30.30067393318,-14.9551509697,
    19.522783149117));
#580 = CARTESIAN_POINT('',(-31.18957651386,-16.12731551798,
    19.912692997516));
#581 = CARTESIAN_POINT('',(-32.07847909454,-17.29948006626,
    20.302602845915));
#582 = CARTESIAN_POINT('',(-29.31278445175,-13.89596808114,
    19.018889556057));
#583 = CARTESIAN_POINT('',(-30.20168703243,-15.06813262942,
    19.408799404456));
#584 = CARTESIAN_POINT('',(-31.09058961311,-16.2402971777,
    19.798709252855));
#585 = CARTESIAN_POINT('',(-31.97949219378,-17.41246172598,
    20.188619101255));
#586 = CARTESIAN_POINT('',(-29.213797551,-14.00894974086,18.904905811396
    ));
#587 = CARTESIAN_POINT('',(-30.10270013168,-15.18111428915,
    19.294815659796));
#588 = CARTESIAN_POINT('',(-30.99160271235,-16.35327883743,
    19.684725508195));
#589 = CARTESIAN_POINT('',(-31.88050529303,-17.52544338571,
    20.074635356594));
#590 = CARTESIAN_POINT('',(-29.11481065025,-14.12193140059,
    18.790922066736));
#591 = CARTESIAN_POINT('',(-30.00371323093,-15.29409594887,
    19.180831915135));
#592 = CARTESIAN_POINT('',(-30.8926158116,-16.46626049715,
    19.570741763534));
#593 = CARTESIAN_POINT('',(-31.78151839228,-17.63842504543,
    19.960651611933));
#594 = ADVANCED_FACE('',(#595),#692,.T.);
#595 = FACE_BOUND('',#596,.T.);
#596 = EDGE_LOOP('',(#597,#598,#599,#607));
#597 = ORIENTED_EDGE('',*,*,#548,.F.);
#598 = ORIENTED_EDGE('',*,*,#279,.T.);
#599 = ORIENTED_EDGE('',*,*,#600,.T.);
#600 = EDGE_CURVE('',#271,#601,#603,.T.);
#601 = VERTEX_POINT('',#602);
#602 = CARTESIAN_POINT('',(-29.22205633255,-31.18157358484,
    23.99316016924));
#603 = LINE('',#604,#605);
#604 = CARTESIAN_POINT('',(-28.86099574111,-31.20468880034,
    23.558302796466));
#605 = VECTOR('',#606,1.);
#606 = DIRECTION('',(-0.638270983028,4.086231417578E-02,0.768726494603)
  );
#607 = ORIENTED_EDGE('',*,*,#608,.T.);
#608 = EDGE_CURVE('',#601,#549,#609,.T.);
#609 = B_SPLINE_CURVE_WITH_KNOTS('',3,(#610,#611,#612,#613,#614,#615,
    #616,#617,#618,#619,#620,#621,#622,#623,#624,#625,#626,#627,#628,
    #629,#630,#631,#632,#633,#634,#635,#636,#637,#638,#639,#640,#641,
    #642,#643,#644,#645,#646,#647,#648,#649,#650,#651,#652,#653,#654,
    #655,#656,#657,#658,#659,#660,#661,#662,#663,#664,#665,#666,#667,
    #668,#669,#670,#671,#672,#673,#674,#675,#676,#677,#678,#679,#680,
    #681,#682,#683,#684,#685,#686,#687,#688,#689,#690,#691),
  .UNSPECIFIED.,.F.,.F.,(4,3,3,3,3,3,3,3,3,3,3,3,3,3,3,3,3,3,3,3,3,3,3,3
    ,3,3,3,4),(-2.11682453643,-2.10764927856,-2.05954106395,
    -1.963324634729,-1.915216420119,-1.770891776289,-1.674675347069,
    -1.530350703238,-1.482242488628,-1.386026059408,-1.337917844798,
    -1.265755522882,-1.241701415577,-1.193593200967,-1.169539093662,
    -1.097376771747,-1.049268557137,-0.904943913306,-0.808727484086,
    -0.688456947561,-0.664402840256,-0.628321679298,-0.616294625646,
    -0.59224051834,-0.580213464688,-0.54413230373,-0.520078196425,
    -0.476511778593),.UNSPECIFIED.);
#610 = CARTESIAN_POINT('',(-29.22205633255,-31.18157358484,
    23.99316016924));
#611 = CARTESIAN_POINT('',(-29.22744264455,-31.16022332219,
    23.987553317598));
#612 = CARTESIAN_POINT('',(-29.23282729272,-31.13884134663,
    23.981937154651));
#613 = CARTESIAN_POINT('',(-29.23821027227,-31.11742766037,
    23.976311993784));
#614 = CARTESIAN_POINT('',(-29.26643460544,-31.00515024772,
    23.946817842222));
#615 = CARTESIAN_POINT('',(-29.29461306518,-30.89200105344,
    23.917076322334));
#616 = CARTESIAN_POINT('',(-29.32274760601,-30.77799246218,
    23.887091038518));
#617 = CARTESIAN_POINT('',(-29.37901668768,-30.54997527965,
    23.827120470887));
#618 = CARTESIAN_POINT('',(-29.43511009373,-30.31852050916,
    23.76617484755));
#619 = CARTESIAN_POINT('',(-29.49105753919,-30.08374111366,
    23.704287868567));
#620 = CARTESIAN_POINT('',(-29.51903126193,-29.96635141591,
    23.673344379075));
#621 = CARTESIAN_POINT('',(-29.54696849451,-29.84813056191,
    23.642165550672));
#622 = CARTESIAN_POINT('',(-29.57487469201,-29.7290892515,
    23.610754758347));
#623 = CARTESIAN_POINT('',(-29.65859328449,-29.37196532027,
    23.516522381372));
#624 = CARTESIAN_POINT('',(-29.74203256113,-29.00745728134,23.4202023291
    ));
#625 = CARTESIAN_POINT('',(-29.82533729371,-28.63588041158,
    23.321892941542));
#626 = CARTESIAN_POINT('',(-29.88087378209,-28.38816249841,
    23.256353349836));
#627 = CARTESIAN_POINT('',(-29.93635047312,-28.13730288265,
    23.189929609114));
#628 = CARTESIAN_POINT('',(-29.99181384495,-27.88339046136,
    23.122649839767));
#629 = CARTESIAN_POINT('',(-30.07500890269,-27.50252182944,
    23.021730185744));
#630 = CARTESIAN_POINT('',(-30.15817399222,-27.11478438508,
    22.918884467313));
#631 = CARTESIAN_POINT('',(-30.24144909499,-26.72046941478,
    22.814203972798));
#632 = CARTESIAN_POINT('',(-30.26920746258,-26.58903109135,
    22.779310474626));
#633 = CARTESIAN_POINT('',(-30.29697805386,-26.45686193171,
    22.744213112445));
#634 = CARTESIAN_POINT('',(-30.32476544238,-26.3239730302,
    22.708915310681));
#635 = CARTESIAN_POINT('',(-30.38034021941,-26.05819522719,
    22.638319707153));
#636 = CARTESIAN_POINT('',(-30.43598218539,-25.78953845673,
    22.566922345294));
#637 = CARTESIAN_POINT('',(-30.49172586605,-25.51807912696,
    22.494747019248));
#638 = CARTESIAN_POINT('',(-30.51959770638,-25.38234946208,
    22.458659356225));
#639 = CARTESIAN_POINT('',(-30.54749497537,-25.24591915737,
    22.422377202156));
#640 = CARTESIAN_POINT('',(-30.57541987837,-25.10880261261,
    22.385904743268));
#641 = CARTESIAN_POINT('',(-30.61730723286,-24.90312779547,
    22.331196054937));
#642 = CARTESIAN_POINT('',(-30.65925676384,-24.69590893822,
    22.276059180764));
#643 = CARTESIAN_POINT('',(-30.70128272142,-24.48714827098,
    22.22049573263));
#644 = CARTESIAN_POINT('',(-30.71529137395,-24.41756138191,
    22.201974583252));
#645 = CARTESIAN_POINT('',(-30.72930851832,-24.34780318061,
    22.183406036767));
#646 = CARTESIAN_POINT('',(-30.74333201536,-24.27788691453,
    22.164793655653));
#647 = CARTESIAN_POINT('',(-30.77137900944,-24.13805438238,
    22.127568893424));
#648 = CARTESIAN_POINT('',(-30.7994514142,-23.99758959112,
    22.090168792679));
#649 = CARTESIAN_POINT('',(-30.82758405264,-23.85633658783,
    22.052552082681));
#650 = CARTESIAN_POINT('',(-30.84165037187,-23.78571008619,
    22.033743727682));
#651 = CARTESIAN_POINT('',(-30.85573174951,-23.71488653154,
    22.01488122037));
#652 = CARTESIAN_POINT('',(-30.86984062913,-23.64380457397,
    21.995948238389));
#653 = CARTESIAN_POINT('',(-30.912167268,-23.43055870128,21.939149292445
    ));
#654 = CARTESIAN_POINT('',(-30.95474142466,-23.21498720238,
    21.881716074482));
#655 = CARTESIAN_POINT('',(-30.99744456496,-22.99772910748,
    21.823819368293));
#656 = CARTESIAN_POINT('',(-31.02591332516,-22.85289037756,
    21.785221564167));
#657 = CARTESIAN_POINT('',(-31.05443941142,-22.70730204941,
    21.746417765273));
#658 = CARTESIAN_POINT('',(-31.08300449464,-22.56107085973,
    21.707436599293));
#659 = CARTESIAN_POINT('',(-31.16869974428,-22.12237729069,
    21.590493101353));
#660 = CARTESIAN_POINT('',(-31.25474596652,-21.67789796785,
    21.471953299636));
#661 = CARTESIAN_POINT('',(-31.34047370411,-21.23144109124,
    21.352837511573));
#662 = CARTESIAN_POINT('',(-31.39762552917,-20.93380317349,
    21.273426986198));
#663 = CARTESIAN_POINT('',(-31.4546358055,-20.63528634296,
    21.193760466892));
#664 = CARTESIAN_POINT('',(-31.51132456995,-20.33693584018,
    21.114118263325));
#665 = CARTESIAN_POINT('',(-31.58218552552,-19.9639977117,
    21.014565508867));
#666 = CARTESIAN_POINT('',(-31.65254411878,-19.59131947032,
    20.915050747751));
#667 = CARTESIAN_POINT('',(-31.7219773189,-19.22103557585,
    20.816142546271));
#668 = CARTESIAN_POINT('',(-31.73586395893,-19.14697879695,
    20.796360905975));
#669 = CARTESIAN_POINT('',(-31.74971358322,-19.07301779194,
    20.776603528064));
#670 = CARTESIAN_POINT('',(-31.76352286495,-18.99917047918,
    20.756875201092));
#671 = CARTESIAN_POINT('',(-31.78423678754,-18.88839951004,
    20.727282710633));
#672 = CARTESIAN_POINT('',(-31.80485993935,-18.77788434849,
    20.697755584783));
#673 = CARTESIAN_POINT('',(-31.82538133015,-18.66768043075,
    20.668308590135));
#674 = CARTESIAN_POINT('',(-31.83222179375,-18.63094579151,
    20.658492925252));
#675 = CARTESIAN_POINT('',(-31.83905095057,-18.59424573491,
    20.648686163837));
#676 = CARTESIAN_POINT('',(-31.84586837947,-18.55758345391,
    20.638889171073));
#677 = CARTESIAN_POINT('',(-31.85950323728,-18.4842588919,
    20.619295185546));
#678 = CARTESIAN_POINT('',(-31.87309118342,-18.41108543229,
    20.599740274628));
#679 = CARTESIAN_POINT('',(-31.88662926734,-18.33806605627,
    20.580225068968));
#680 = CARTESIAN_POINT('',(-31.8933983093,-18.30155636826,
    20.570467466137));
#681 = CARTESIAN_POINT('',(-31.90015488571,-18.26508520116,
    20.560719789622));
#682 = CARTESIAN_POINT('',(-31.9068947695,-18.22868652344,
    20.550991261324));
#683 = CARTESIAN_POINT('',(-31.92711442088,-18.11949049031,
    20.521805676431));
#684 = CARTESIAN_POINT('',(-31.94718383872,-18.01094686174,
    20.492792425502));
#685 = CARTESIAN_POINT('',(-31.96717615504,-17.90275288224,
    20.463871771616));
#686 = CARTESIAN_POINT('',(-31.98050436593,-17.83062356257,
    20.444591335692));
#687 = CARTESIAN_POINT('',(-31.99379830946,-17.75864964249,
    20.425352054009));
#688 = CARTESIAN_POINT('',(-32.00704050122,-17.68691128975,
    20.406175170678));
#689 = CARTESIAN_POINT('',(-32.03102454902,-17.55697992249,
    20.37144230359));
#690 = CARTESIAN_POINT('',(-32.05483883093,-17.42782130751,
    20.336914127305));
#691 = CARTESIAN_POINT('',(-32.07847909454,-17.29948006626,
    20.302602845915));
#692 = B_SPLINE_SURFACE_WITH_KNOTS('',3,3,(
    (#693,#694,#695,#696,#697,#698,#699,#700,#701,#702,#703,#704,#705
      ,#706,#707,#708,#709,#710,#711,#712,#713,#714,#715,#716,#717,#718
      ,#719,#720,#721,#722,#723,#724,#725,#726,#727,#728,#729,#730,#731
      ,#732,#733,#734,#735,#736,#737,#738,#739,#740,#741,#742,#743,#744
      ,#745,#746,#747,#748)
    ,(#749,#750,#751,#752,#753,#754,#755,#756,#757,#758,#759,#760,#761
      ,#762,#763,#764,#765,#766,#767,#768,#769,#770,#771,#772,#773,#774
      ,#775,#776,#777,#778,#779,#780,#781,#782,#783,#784,#785,#786,#787
      ,#788,#789,#790,#791,#792,#793,#794,#795,#796,#797,#798,#799,#800
      ,#801,#802,#803,#804)
    ,(#805,#806,#807,#808,#809,#810,#811,#812,#813,#814,#815,#816,#817
      ,#818,#819,#820,#821,#822,#823,#824,#825,#826,#827,#828,#829,#830
      ,#831,#832,#833,#834,#835,#836,#837,#838,#839,#840,#841,#842,#843
      ,#844,#845,#846,#847,#848,#849,#850,#851,#852,#853,#854,#855,#856
      ,#857,#858,#859,#860)
    ,(#861,#862,#863,#864,#865,#866,#867,#868,#869,#870,#871,#872,#873
      ,#874,#875,#876,#877,#878,#879,#880,#881,#882,#883,#884,#885,#886
      ,#887,#888,#889,#890,#891,#892,#893,#894,#895,#896,#897,#898,#899
      ,#900,#901,#902,#903,#904,#905,#906,#907,#908,#909,#910,#911,#912
      ,#913,#914,#915,#916
    )),.UNSPECIFIED.,.F.,.F.,.F.,(4,4),(4,1,2,1,1,1,2,1,2,1,2,1,1,2,1,1,
    1,2,1,1,1,2,1,1,1,2,1,1,1,2,1,2,1,2,1,1,1,1,1,1,1,1,4),(
    -3.671795646029E-14,1.),(-1.250032982494,-1.244515098741,
    -1.215610782966,-1.215610402851,-1.157961757631,-1.157961101734,
    -1.129231683957,-1.129230925099,-1.043484679879,-1.043483817596,
    -0.98673534867,-0.986734583916,-0.90230895056,-0.874365883868,
    -0.874365539758,-0.818792108175,-0.818791971606,-0.791166048988,
    -0.791165988356,-0.749933581959,-0.749933579563,-0.736239002506,
    -0.736239002001,-0.708723464084,-0.694864166306,-0.652734137523,
    -0.624214745836,-0.624214745103,-0.536710370289,-0.536710368346,
    -0.476839594856,-0.476839592417,-0.40029810786,-0.400298105306,
    -0.384758483196,-0.361300265794,-0.353440439727,-0.33765886303,
    -0.329737728591,-0.305888288507,-0.289875879502,-0.289875877697,
    -0.260646728417),.UNSPECIFIED.);
#693 = CARTESIAN_POINT('',(-28.86099574111,-31.20468880034,
    23.558302796466));
#694 = CARTESIAN_POINT('',(-28.86635492114,-31.18344624266,
    23.552723921271));
#695 = CARTESIAN_POINT('',(-28.89978223162,-31.05070932376,
    23.517859412295));
#696 = CARTESIAN_POINT('',(-28.93318072291,-30.91660154919,
    23.482608923392));
#697 = CARTESIAN_POINT('',(-28.96121066844,-30.80301683295,
    23.452735125542));
#698 = CARTESIAN_POINT('',(-29.0171150391,-30.57647754965,
    23.393153263692));
#699 = CARTESIAN_POINT('',(-29.07296216008,-30.34605656913,
    23.332480153258));
#700 = CARTESIAN_POINT('',(-29.15663617528,-29.99492472359,
    23.239923108811));
#701 = CARTESIAN_POINT('',(-29.18446618469,-29.87716005028,
    23.208864633394));
#702 = CARTESIAN_POINT('',(-29.21230341037,-29.75841300779,
    23.177531491461));
#703 = CARTESIAN_POINT('',(-29.29538534471,-29.4040049527,
    23.084015746828));
#704 = CARTESIAN_POINT('',(-29.37853099565,-29.0408489559,
    22.988054074823));
#705 = CARTESIAN_POINT('',(-29.46194436538,-28.66878769814,
    22.889616542274));
#706 = CARTESIAN_POINT('',(-29.51714918056,-28.42254925149,
    22.824468384571));
#707 = CARTESIAN_POINT('',(-29.57247143822,-28.17240908075,
    22.758235470864));
#708 = CARTESIAN_POINT('',(-29.62797301621,-27.91832181188,
    22.690909378396));
#709 = CARTESIAN_POINT('',(-29.7105432972,-27.54031364503,
    22.590747680435));
#710 = CARTESIAN_POINT('',(-29.82096886708,-27.02557229462,
    22.454216085357));
#711 = CARTESIAN_POINT('',(-29.93243208209,-26.49509223463,
    22.313347885615));
#712 = CARTESIAN_POINT('',(-29.96022101699,-26.36219597963,
    22.278048134228));
#713 = CARTESIAN_POINT('',(-30.0154875842,-26.09789216886,
    22.207844057217));
#714 = CARTESIAN_POINT('',(-30.07103348041,-25.82971807646,
    22.136575246457));
#715 = CARTESIAN_POINT('',(-30.15468106114,-25.4223729457,
    22.028270753094));
#716 = CARTESIAN_POINT('',(-30.18253658139,-25.28614907332,
    21.992043532572));
#717 = CARTESIAN_POINT('',(-30.21047771672,-25.14895282514,
    21.955549875988));
#718 = CARTESIAN_POINT('',(-30.25218055205,-24.94418403606,
    21.901082192216));
#719 = CARTESIAN_POINT('',(-30.29407297524,-24.73725456353,
    21.846022424526));
#720 = CARTESIAN_POINT('',(-30.35015283631,-24.45868222133,
    21.771878004523));
#721 = CARTESIAN_POINT('',(-30.36417224329,-24.38891277902,
    21.753306467696));
#722 = CARTESIAN_POINT('',(-30.37816920955,-24.31912878341,
    21.734729299786));
#723 = CARTESIAN_POINT('',(-30.40629233297,-24.17891668295,
    21.697403495798));
#724 = CARTESIAN_POINT('',(-30.44847699277,-23.96783288634,
    21.641200326877));
#725 = CARTESIAN_POINT('',(-30.53325162223,-23.54144605013,
    21.527640237107));
#726 = CARTESIAN_POINT('',(-30.58973682691,-23.25540920969,
    21.451433055565));
#727 = CARTESIAN_POINT('',(-30.66060477983,-22.89485890341,
    21.355350684188));
#728 = CARTESIAN_POINT('',(-30.6891009429,-22.74941802566,
    21.316586117159));
#729 = CARTESIAN_POINT('',(-30.80452290725,-22.15854585265,
    21.159076041168));
#730 = CARTESIAN_POINT('',(-30.89040267461,-21.71480258153,
    21.040730889635));
#731 = CARTESIAN_POINT('',(-30.97471201107,-21.27573353233,
    20.923586215389));
#732 = CARTESIAN_POINT('',(-31.03239658173,-20.97532102324,
    20.843435427237));
#733 = CARTESIAN_POINT('',(-31.08934530208,-20.67709533915,
    20.763846201779));
#734 = CARTESIAN_POINT('',(-31.14542577339,-20.38194630226,
    20.685058610359));
#735 = CARTESIAN_POINT('',(-31.21712155788,-20.00461450832,
    20.584333011727));
#736 = CARTESIAN_POINT('',(-31.28739447312,-19.63232886078,
    20.484922290938));
#737 = CARTESIAN_POINT('',(-31.35591023875,-19.26693758149,
    20.387320985971));
#738 = CARTESIAN_POINT('',(-31.36982043667,-19.19275516861,
    20.367505788676));
#739 = CARTESIAN_POINT('',(-31.4045481648,-19.00729774937,
    20.317964097774));
#740 = CARTESIAN_POINT('',(-31.44570576297,-18.78673920038,
    20.259035852036));
#741 = CARTESIAN_POINT('',(-31.48659520219,-18.56699796691,
    20.200317963059));
#742 = CARTESIAN_POINT('',(-31.51374532778,-18.42078861557,
    20.161244892921));
#743 = CARTESIAN_POINT('',(-31.55426235175,-18.20208240791,
    20.102791119829));
#744 = CARTESIAN_POINT('',(-31.59450455684,-17.98443487483,
    20.044614847977));
#745 = CARTESIAN_POINT('',(-31.62757971397,-17.80536416702,
    19.996747620648));
#746 = CARTESIAN_POINT('',(-31.66487278155,-17.6033324074,
    19.942741095367));
#747 = CARTESIAN_POINT('',(-31.6886817032,-17.47420147401,
    19.908220304399));
#748 = CARTESIAN_POINT('',(-31.71219148772,-17.34656859224,
    19.874098401637));
#749 = CARTESIAN_POINT('',(-28.98134927159,-31.19698372851,
    23.703255254058));
#750 = CARTESIAN_POINT('',(-28.98671725232,-31.17570628692,
    23.697667217395));
#751 = CARTESIAN_POINT('',(-29.02019911997,-31.04275272381,
    23.662745804889));
#752 = CARTESIAN_POINT('',(-29.0536500839,-30.90843418871,
    23.627439916088));
#753 = CARTESIAN_POINT('',(-29.08172273942,-30.79467640167,
    23.597520599091));
#754 = CARTESIAN_POINT('',(-29.13771232891,-30.5677919626,
    23.537847952312));
#755 = CARTESIAN_POINT('',(-29.19363844337,-30.33704428361,
    23.477088822153));
#756 = CARTESIAN_POINT('',(-29.27742320087,-29.98544801446,
    23.384409349064));
#757 = CARTESIAN_POINT('',(-29.30528860385,-29.8675333236,23.35331131377
    ));
#758 = CARTESIAN_POINT('',(-29.3331600179,-29.74864054346,
    23.321939714083));
#759 = CARTESIAN_POINT('',(-29.41634383945,-29.39379750963,
    23.22830922234));
#760 = CARTESIAN_POINT('',(-29.49958018773,-29.03024499378,
    23.132242698469));
#761 = CARTESIAN_POINT('',(-29.58307478657,-28.65782112428,
    23.033709258023));
#762 = CARTESIAN_POINT('',(-29.63833342089,-28.41134276313,
    22.968497614881));
#763 = CARTESIAN_POINT('',(-29.6937052509,-28.16097791096,
    22.902205226346));
#764 = CARTESIAN_POINT('',(-29.74925280042,-27.90668034104,
    22.834823399652));
#765 = CARTESIAN_POINT('',(-29.83189144241,-27.52835917061,
    22.734578763715));
#766 = CARTESIAN_POINT('',(-29.94239766173,-27.01324115988,
    22.597947251408));
#767 = CARTESIAN_POINT('',(-30.05393008171,-26.48243167477,
    22.456991572408));
#768 = CARTESIAN_POINT('',(-30.08173560312,-26.34945609718,
    22.421670751442));
#769 = CARTESIAN_POINT('',(-30.13703484128,-26.08499462097,
    22.351424730912));
#770 = CARTESIAN_POINT('',(-30.19261188638,-25.81667290023,
    22.280116814658));
#771 = CARTESIAN_POINT('',(-30.27630146739,-25.4091210769,
    22.171757269471));
#772 = CARTESIAN_POINT('',(-30.30417090002,-25.27283059826,
    22.135512399773));
#773 = CARTESIAN_POINT('',(-30.33212504866,-25.13556972911,
    22.099001522189));
#774 = CARTESIAN_POINT('',(-30.37385093683,-24.9307046713,
    22.044508314962));
#775 = CARTESIAN_POINT('',(-30.41575527377,-24.72368227154,
    21.989423653547));
#776 = CARTESIAN_POINT('',(-30.47186347946,-24.44499193671,
    21.91524794019));
#777 = CARTESIAN_POINT('',(-30.48588646532,-24.3751932892,
    21.896668573839));
#778 = CARTESIAN_POINT('',(-30.49989030788,-24.30538071775,
    21.878083826536));
#779 = CARTESIAN_POINT('',(-30.52802498757,-24.16511100095,
    21.840742684518));
#780 = CARTESIAN_POINT('',(-30.5702263537,-23.9539436006,21.784517255145
    ));
#781 = CARTESIAN_POINT('',(-30.65503306692,-23.5273953897,
    21.670914186209));
#782 = CARTESIAN_POINT('',(-30.71153826127,-23.24125729747,
    21.594680028373));
#783 = CARTESIAN_POINT('',(-30.78243028612,-22.88058452513,
    21.498565021289));
#784 = CARTESIAN_POINT('',(-30.81093585862,-22.73509561591,
    21.459787652271));
#785 = CARTESIAN_POINT('',(-30.92639483846,-22.14403395758,
    21.302227064844));
#786 = CARTESIAN_POINT('',(-31.01229978072,-21.70016049984,
    21.183847191445));
#787 = CARTESIAN_POINT('',(-31.09663256091,-21.26096938049,
    21.066669948878));
#788 = CARTESIAN_POINT('',(-31.16385645135,-20.8994617569,
    20.969531143157));
#789 = CARTESIAN_POINT('',(-31.20177377382,-20.72317981931,
    20.923852184683));
#790 = CARTESIAN_POINT('',(-31.26739204074,-20.36694280668,
    20.828078469643));
#791 = CARTESIAN_POINT('',(-31.30087232172,-20.20465104737,
    20.785443543802));
#792 = CARTESIAN_POINT('',(-31.44763195021,-19.40199152294,
    20.569773039679));
#793 = CARTESIAN_POINT('',(-31.47793259513,-19.25163694241,
    20.530261499639));
#794 = CARTESIAN_POINT('',(-31.49184677868,-19.1774332667,
    20.510440622616));
#795 = CARTESIAN_POINT('',(-31.52658367864,-18.99192688739,
    20.460885853163));
#796 = CARTESIAN_POINT('',(-31.5677535383,-18.77130261435,
    20.401940047237));
#797 = CARTESIAN_POINT('',(-31.60865399844,-18.5515021639,
    20.343206334792));
#798 = CARTESIAN_POINT('',(-31.63581293583,-18.40524535363,
    20.304120581633));
#799 = CARTESIAN_POINT('',(-31.67634079462,-18.18648065612,
    20.245651175854));
#800 = CARTESIAN_POINT('',(-31.71658679638,-17.96881256095,
    20.18746940748));
#801 = CARTESIAN_POINT('',(-31.7496653096,-17.7897237011,20.139597328182
    ));
#802 = CARTESIAN_POINT('',(-31.78696303777,-17.58766667845,
    20.085584049473));
#803 = CARTESIAN_POINT('',(-31.81077497909,-17.45851938648,
    20.051058885582));
#804 = CARTESIAN_POINT('',(-31.83428735666,-17.33087241692,
    20.016933216396));
#805 = CARTESIAN_POINT('',(-29.10170280207,-31.18927865667,
    23.848207711649));
#806 = CARTESIAN_POINT('',(-29.1070795831,-31.16796633267,
    23.842610513913));
#807 = CARTESIAN_POINT('',(-29.1406160068,-31.03479612916,
    23.807632198862));
#808 = CARTESIAN_POINT('',(-29.17411944716,-30.90026682057,
    23.772270906798));
#809 = CARTESIAN_POINT('',(-29.20223480938,-30.78633597233,
    23.742306073111));
#810 = CARTESIAN_POINT('',(-29.25830953807,-30.55910632839,
    23.682542661438));
#811 = CARTESIAN_POINT('',(-29.31431482641,-30.32803201355,
    23.621697462989));
#812 = CARTESIAN_POINT('',(-29.39821017469,-29.97597130104,
    23.528895604116));
#813 = CARTESIAN_POINT('',(-29.42611107226,-29.85790660551,
    23.497757980376));
#814 = CARTESIAN_POINT('',(-29.454016623,-29.73886808316,23.466347937662
    ));
#815 = CARTESIAN_POINT('',(-29.53730248426,-29.38359011569,
    23.372602640665));
#816 = CARTESIAN_POINT('',(-29.62062927981,-29.01964089993,
    23.276431359626));
#817 = CARTESIAN_POINT('',(-29.7042052048,-28.64685455531,
    23.177801974936));
#818 = CARTESIAN_POINT('',(-29.75951761834,-28.40013618092,
    23.112526827945));
#819 = CARTESIAN_POINT('',(-29.81493911419,-28.14954681141,
    23.046174992997));
#820 = CARTESIAN_POINT('',(-29.87053258529,-27.89503886057,
    22.978737418256));
#821 = CARTESIAN_POINT('',(-29.95323956302,-27.51640491869,
    22.878409907617));
#822 = CARTESIAN_POINT('',(-30.06382647613,-27.00090987464,
    22.741678376671));
#823 = CARTESIAN_POINT('',(-30.17542809181,-26.46977106738,
    22.600635246611));
#824 = CARTESIAN_POINT('',(-30.20325018309,-26.33671624474,
    22.565293376632));
#825 = CARTESIAN_POINT('',(-30.25858255116,-26.07209704958,
    22.495005766128));
#826 = CARTESIAN_POINT('',(-30.31418983679,-25.80362777336,
    22.42365802839));
#827 = CARTESIAN_POINT('',(-30.3979220998,-25.39586918422,
    22.315243962218));
#828 = CARTESIAN_POINT('',(-30.42580499257,-25.25951214681,
    22.278981090535));
#829 = CARTESIAN_POINT('',(-30.45377238062,-25.12218663289,
    22.242453168333));
#830 = CARTESIAN_POINT('',(-30.4955081216,-24.91722522911,
    22.187937435969));
#831 = CARTESIAN_POINT('',(-30.5374507738,-24.71011005077,
    22.132821882681));
#832 = CARTESIAN_POINT('',(-30.59356973965,-24.43130161978,
    22.058618869908));
#833 = CARTESIAN_POINT('',(-30.60760508645,-24.36147375067,
    22.040029664356));
#834 = CARTESIAN_POINT('',(-30.62161141231,-24.29163262139,
    22.021438345111));
#835 = CARTESIAN_POINT('',(-30.6497575928,-24.15130556685,
    21.984081939251));
#836 = CARTESIAN_POINT('',(-30.69197572818,-23.94005424772,
    21.927834165547));
#837 = CARTESIAN_POINT('',(-30.77681449506,-23.51334481008,
    21.814188156798));
#838 = CARTESIAN_POINT('',(-30.83333967724,-23.22710548389,
    21.737927027536));
#839 = CARTESIAN_POINT('',(-30.9042558142,-22.86631003141,
    21.641779327565));
#840 = CARTESIAN_POINT('',(-30.93277075197,-22.72077332401,
    21.602989218844));
#841 = CARTESIAN_POINT('',(-31.04826683023,-22.12952173436,21.4453780008
    ));
#842 = CARTESIAN_POINT('',(-31.13419687379,-21.68551853922,
    21.326963526274));
#843 = CARTESIAN_POINT('',(-31.21855310844,-21.24620523797,
    21.209753684791));
#844 = CARTESIAN_POINT('',(-31.26825662942,-21.00663723706,
    21.147062194085));
#845 = CARTESIAN_POINT('',(-31.34126194224,-20.58622952563,
    21.032422825093));
#846 = CARTESIAN_POINT('',(-31.38935830484,-20.35193932923,
    20.971098333959));
#847 = CARTESIAN_POINT('',(-31.50385904855,-19.75927458445,20.8054031733
    ));
#848 = CARTESIAN_POINT('',(-31.48863347688,-19.81706712679,
    20.835774675485));
#849 = CARTESIAN_POINT('',(-31.59995497024,-19.23633620231,
    20.673201986056));
#850 = CARTESIAN_POINT('',(-31.61387274231,-19.16211340251,
    20.653376001177));
#851 = CARTESIAN_POINT('',(-31.64861960687,-18.97655379271,
    20.603807011836));
#852 = CARTESIAN_POINT('',(-31.68980101799,-18.7558676219,
    20.544844668337));
#853 = CARTESIAN_POINT('',(-31.73071288244,-18.53600588789,
    20.48609458011));
#854 = CARTESIAN_POINT('',(-31.75788079918,-18.389700711,20.446995901296
    ));
#855 = CARTESIAN_POINT('',(-31.7984192652,-18.17087875385,
    20.388511191646));
#856 = CARTESIAN_POINT('',(-31.83866943246,-17.95318811235,
    20.330323396514));
#857 = CARTESIAN_POINT('',(-31.87175062805,-17.77408472193,
    20.282447432955));
#858 = CARTESIAN_POINT('',(-31.90905342266,-17.57200028088,
    20.228426825208));
#859 = CARTESIAN_POINT('',(-31.93286803516,-17.44283846129,
    20.193897777109));
#860 = CARTESIAN_POINT('',(-31.9563832256,-17.31517624159,
    20.159768031156));
#861 = CARTESIAN_POINT('',(-29.22205633255,-31.18157358484,
    23.99316016924));
#862 = CARTESIAN_POINT('',(-29.22744191428,-31.16022637692,
    23.987553810037));
#863 = CARTESIAN_POINT('',(-29.26103289515,-31.02683952922,
    23.952518591456));
#864 = CARTESIAN_POINT('',(-29.29458880816,-30.89209946009,
    23.917101899494));
#865 = CARTESIAN_POINT('',(-29.32274688036,-30.77799554105,
    23.887091546661));
#866 = CARTESIAN_POINT('',(-29.37890679129,-30.55042073727,
    23.827237333579));
#867 = CARTESIAN_POINT('',(-29.4349911463,-30.31901973211,
    23.766306148363));
#868 = CARTESIAN_POINT('',(-29.51899718204,-29.96649458988,
    23.673381836157));
#869 = CARTESIAN_POINT('',(-29.54693350966,-29.84827988085,
    23.642204668964));
#870 = CARTESIAN_POINT('',(-29.57487323053,-29.72909561883,
    23.610756160284));
#871 = CARTESIAN_POINT('',(-29.65826105708,-29.37338267358,
    23.516896100896));
#872 = CARTESIAN_POINT('',(-29.74167839381,-29.00903693686,
    23.420619998553));
#873 = CARTESIAN_POINT('',(-29.82533562599,-28.63588798145,
    23.321894690684));
#874 = CARTESIAN_POINT('',(-29.88070182396,-28.38892969111,
    23.256556081391));
#875 = CARTESIAN_POINT('',(-29.93617296158,-28.13811564306,
    23.190144725342));
#876 = CARTESIAN_POINT('',(-29.9918123695,-27.88339738973,
    23.122651439512));
#877 = CARTESIAN_POINT('',(-30.07458770823,-27.50445044427,
    23.022240990897));
#878 = CARTESIAN_POINT('',(-30.18525527078,-26.9885787399,
    22.885409542722));
#879 = CARTESIAN_POINT('',(-30.29692609143,-26.45711050753,
    22.744278933403));
#880 = CARTESIAN_POINT('',(-30.32476476922,-26.3239763623,
    22.708915993846));
#881 = CARTESIAN_POINT('',(-30.38013024668,-26.05919952805,
    22.63858627287));
#882 = CARTESIAN_POINT('',(-30.43576780433,-25.79058257078,
    22.567199763543));
#883 = CARTESIAN_POINT('',(-30.519542724,-25.38261732853,22.458730395602
    ));
#884 = CARTESIAN_POINT('',(-30.54743909326,-25.24619365864,
    22.422450040727));
#885 = CARTESIAN_POINT('',(-30.57541971255,-25.10880353686,
    22.385904814538));
#886 = CARTESIAN_POINT('',(-30.61718147862,-24.90374538667,
    22.33136016186));
#887 = CARTESIAN_POINT('',(-30.65913010008,-24.69653823645,
    22.276226508549));
#888 = CARTESIAN_POINT('',(-30.71528136997,-24.41761117651,
    22.201987677375));
#889 = CARTESIAN_POINT('',(-30.72931832131,-24.3477544195,
    22.183392898699));
#890 = CARTESIAN_POINT('',(-30.74333251064,-24.27788455573,
    22.16479287186));
#891 = CARTESIAN_POINT('',(-30.7714902474,-24.13749988485,
    22.127421127971));
#892 = CARTESIAN_POINT('',(-30.81372508911,-23.92616496198,
    22.071151093815));
#893 = CARTESIAN_POINT('',(-30.89859593975,-23.49929414964,21.9574621059
    ));
#894 = CARTESIAN_POINT('',(-30.95514111159,-23.21295357166,
    21.881174000343));
#895 = CARTESIAN_POINT('',(-31.02608132049,-22.85203565312,
    21.784993664666));
#896 = CARTESIAN_POINT('',(-31.05460566769,-22.70645091426,
    21.746190753956));
#897 = CARTESIAN_POINT('',(-31.17013876143,-22.11500983929,
    21.588529024475));
#898 = CARTESIAN_POINT('',(-31.25609397989,-21.67087645753,
    21.470079828081));
#899 = CARTESIAN_POINT('',(-31.3404736583,-21.23144108612,
    21.352837418287));
#900 = CARTESIAN_POINT('',(-31.3982063497,-20.93077797062,
    21.272619767724));
#901 = CARTESIAN_POINT('',(-31.45520056341,-20.63231400589,
    21.192966950345));
#902 = CARTESIAN_POINT('',(-31.51132457219,-20.33693583364,
    21.114118193143));
#903 = CARTESIAN_POINT('',(-31.58307601261,-19.95931112367,
    21.013314402985));
#904 = CARTESIAN_POINT('',(-31.65340475405,-19.58672978879,
    20.913824726209));
#905 = CARTESIAN_POINT('',(-31.72197732649,-19.22103556323,
    20.816142499923));
#906 = CARTESIAN_POINT('',(-31.73589908434,-19.1467915006,
    20.796310835071));
#907 = CARTESIAN_POINT('',(-31.77065512069,-18.96118293073,
    20.746728767253));
#908 = CARTESIAN_POINT('',(-31.81184879332,-18.74043103587,
    20.687748863528));
#909 = CARTESIAN_POINT('',(-31.85277167869,-18.52051008488,
    20.628982951848));
#910 = CARTESIAN_POINT('',(-31.87994840723,-18.37415744906,
    20.589871590005));
#911 = CARTESIAN_POINT('',(-31.92049770807,-18.15527700206,
    20.531371247673));
#912 = CARTESIAN_POINT('',(-31.960751672,-17.93756579846,20.473177956016
    ));
#913 = CARTESIAN_POINT('',(-31.99383622368,-17.75844425602,
    20.42529714049));
#914 = CARTESIAN_POINT('',(-32.03114367889,-17.55633455193,
    20.371269779313));
#915 = CARTESIAN_POINT('',(-32.05496131105,-17.42715637377,
    20.336736358293));
#916 = CARTESIAN_POINT('',(-32.07847909454,-17.29948006626,
    20.302602845915));
#917 = ADVANCED_FACE('',(#918),#946,.T.);
#918 = FACE_BOUND('',#919,.T.);
#919 = EDGE_LOOP('',(#920,#921,#930,#939));
#920 = ORIENTED_EDGE('',*,*,#559,.F.);
#921 = ORIENTED_EDGE('',*,*,#922,.T.);
#922 = EDGE_CURVE('',#549,#923,#925,.T.);
#923 = VERTEX_POINT('',#924);
#924 = CARTESIAN_POINT('',(-31.93204310863,-16.70740405943,
    22.41636780563));
#925 = B_SPLINE_CURVE_WITH_KNOTS('',3,(#926,#927,#928,#929),
  .UNSPECIFIED.,.F.,.F.,(4,4),(-0.263999993494,-4.39999980224E-02),
  .PIECEWISE_BEZIER_KNOTS.);
#926 = CARTESIAN_POINT('',(-32.07847909454,-17.29948006626,
    20.302602845915));
#927 = CARTESIAN_POINT('',(-32.02966709923,-17.10212139732,
    21.00719116582));
#928 = CARTESIAN_POINT('',(-31.98085510393,-16.90476272837,
    21.711779485725));
#929 = CARTESIAN_POINT('',(-31.93204310863,-16.70740405943,
    22.41636780563));
#930 = ORIENTED_EDGE('',*,*,#931,.F.);
#931 = EDGE_CURVE('',#932,#923,#934,.T.);
#932 = VERTEX_POINT('',#933);
#933 = CARTESIAN_POINT('',(-29.49196850599,-13.48976357181,
    21.346048964804));
#934 = B_SPLINE_CURVE_WITH_KNOTS('',3,(#935,#936,#937,#938),
  .UNSPECIFIED.,.F.,.F.,(4,4),(-0.417764967356,7.216449660064E-16),
  .PIECEWISE_BEZIER_KNOTS.);
#935 = CARTESIAN_POINT('',(-29.49196850599,-13.48976357181,
    21.346048964804));
#936 = CARTESIAN_POINT('',(-30.30532670687,-14.56231040102,
    21.702821911746));
#937 = CARTESIAN_POINT('',(-31.11868490775,-15.63485723022,
    22.059594858688));
#938 = CARTESIAN_POINT('',(-31.93204310863,-16.70740405943,
    22.41636780563));
#939 = ORIENTED_EDGE('',*,*,#940,.T.);
#940 = EDGE_CURVE('',#932,#560,#941,.T.);
#941 = B_SPLINE_CURVE_WITH_KNOTS('',3,(#942,#943,#944,#945),
  .UNSPECIFIED.,.F.,.F.,(4,4),(4.39999980224E-02,0.263999986522),
  .PIECEWISE_BEZIER_KNOTS.);
#942 = CARTESIAN_POINT('',(-29.49196850599,-13.48976357181,
    21.346048964804));
#943 = CARTESIAN_POINT('',(-29.54078049975,-13.6871222345,20.64146066723
    ));
#944 = CARTESIAN_POINT('',(-29.5895924935,-13.88448089719,
    19.936872369656));
#945 = CARTESIAN_POINT('',(-29.63840448726,-14.08183955988,
    19.232284072082));
#946 = B_SPLINE_SURFACE_WITH_KNOTS('',3,3,(
    (#947,#948,#949,#950)
    ,(#951,#952,#953,#954)
    ,(#955,#956,#957,#958)
    ,(#959,#960,#961,#962
    )),.UNSPECIFIED.,.F.,.F.,.F.,(4,4),(4,4),(0.,1.),(4.39999980224E-02,
    0.263999993494),.PIECEWISE_BEZIER_KNOTS.);
#947 = CARTESIAN_POINT('',(-31.93204310863,-16.70740405943,
    22.416367805631));
#948 = CARTESIAN_POINT('',(-31.98085510393,-16.90476272837,
    21.711779485725));
#949 = CARTESIAN_POINT('',(-32.02966709923,-17.10212139732,
    21.00719116582));
#950 = CARTESIAN_POINT('',(-32.07847909454,-17.29948006626,
    20.302602845915));
#951 = CARTESIAN_POINT('',(-31.11868490775,-15.63485723022,
    22.059594858688));
#952 = CARTESIAN_POINT('',(-31.16749690305,-15.83221589917,
    21.355006538783));
#953 = CARTESIAN_POINT('',(-31.21630889835,-16.02957456811,
    20.650418218878));
#954 = CARTESIAN_POINT('',(-31.26512089366,-16.22693323706,
    19.945829898973));
#955 = CARTESIAN_POINT('',(-30.30532670687,-14.56231040101,
    21.702821911746));
#956 = CARTESIAN_POINT('',(-30.35413870217,-14.75966906996,
    20.998233591841));
#957 = CARTESIAN_POINT('',(-30.40295069748,-14.95702773891,
    20.293645271936));
#958 = CARTESIAN_POINT('',(-30.45176269278,-15.15438640785,
    19.589056952031));
#959 = CARTESIAN_POINT('',(-29.49196850599,-13.48976357181,
    21.346048964804));
#960 = CARTESIAN_POINT('',(-29.54078050129,-13.68712224075,
    20.641460644899));
#961 = CARTESIAN_POINT('',(-29.5895924966,-13.8844809097,19.936872324994
    ));
#962 = CARTESIAN_POINT('',(-29.6384044919,-14.08183957864,
    19.232284005089));
#963 = ADVANCED_FACE('',(#964),#999,.T.);
#964 = FACE_BOUND('',#965,.T.);
#965 = EDGE_LOOP('',(#966,#974,#975,#983,#992));
#966 = ORIENTED_EDGE('',*,*,#967,.F.);
#967 = EDGE_CURVE('',#232,#968,#970,.T.);
#968 = VERTEX_POINT('',#969);
#969 = CARTESIAN_POINT('',(-12.23637648788,-28.12044874214,
    24.248754866494));
#970 = LINE('',#971,#972);
#971 = CARTESIAN_POINT('',(-15.41342239484,-40.96601199705,
    -21.61106933665));
#972 = VECTOR('',#973,1.);
#973 = DIRECTION('',(6.656181062467E-02,0.269125462389,0.960802274592));
#974 = ORIENTED_EDGE('',*,*,#231,.T.);
#975 = ORIENTED_EDGE('',*,*,#976,.F.);
#976 = EDGE_CURVE('',#977,#234,#979,.T.);
#977 = VERTEX_POINT('',#978);
#978 = CARTESIAN_POINT('',(-9.574778676667,-23.86733800178,
    23.289367905263));
#979 = LINE('',#980,#981);
#980 = CARTESIAN_POINT('',(-12.22598638781,-34.58681054099,
    -14.9801198893));
#981 = VECTOR('',#982,1.);
#982 = DIRECTION('',(-6.656181062467E-02,-0.269125462389,-0.960802274592
    ));
#983 = ORIENTED_EDGE('',*,*,#984,.F.);
#984 = EDGE_CURVE('',#985,#977,#987,.T.);
#985 = VERTEX_POINT('',#986);
#986 = CARTESIAN_POINT('',(-10.69853775928,-27.12339220698,
    24.279255797678));
#987 = CIRCLE('',#988,4.);
#988 = AXIS2_PLACEMENT_3D('',#989,#990,#991);
#989 = CARTESIAN_POINT('',(-13.5241109176,-24.35225502411,23.69879473894
    ));
#990 = DIRECTION('',(6.656181314537E-02,0.269125463192,0.960802274192));
#991 = DIRECTION('',(6.938893903907E-18,-0.962937778003,0.269723628358)
  );
#992 = ORIENTED_EDGE('',*,*,#993,.F.);
#993 = EDGE_CURVE('',#968,#985,#994,.T.);
#994 = ( BOUNDED_CURVE() B_SPLINE_CURVE(3,(#995,#996,#997,#998),
.UNSPECIFIED.,.F.,.F.) B_SPLINE_CURVE_WITH_KNOTS((4,4),(3.141592650914,
3.592619462711),.PIECEWISE_BEZIER_KNOTS.) CURVE() 
GEOMETRIC_REPRESENTATION_ITEM() RATIONAL_B_SPLINE_CURVE((1.,
0.983119622987,0.983119622987,1.)) REPRESENTATION_ITEM('') );
#995 = CARTESIAN_POINT('',(-12.23637648788,-28.12044874214,
    24.248754866494));
#996 = CARTESIAN_POINT('',(-11.6649562801,-27.93839296554,24.15817367967
    ));
#997 = CARTESIAN_POINT('',(-11.14354169581,-27.60033422822,
    24.168515225931));
#998 = CARTESIAN_POINT('',(-10.69853775928,-27.12339220698,
    24.279255797678));
#999 = CYLINDRICAL_SURFACE('',#1000,4.);
#1000 = AXIS2_PLACEMENT_3D('',#1001,#1002,#1003);
#1001 = CARTESIAN_POINT('',(-16.72778154881,-37.30546846397,
    -22.54535037404));
#1002 = DIRECTION('',(6.656181062467E-02,0.269125462389,0.960802274592)
  );
#1003 = DIRECTION('',(-1.040834085586E-17,-0.962937778241,0.269723627508
    ));
#1004 = ADVANCED_FACE('',(#1005),#1025,.F.);
#1005 = FACE_BOUND('',#1006,.T.);
#1006 = EDGE_LOOP('',(#1007,#1008,#1009,#1017,#1024));
#1007 = ORIENTED_EDGE('',*,*,#242,.F.);
#1008 = ORIENTED_EDGE('',*,*,#967,.T.);
#1009 = ORIENTED_EDGE('',*,*,#1010,.T.);
#1010 = EDGE_CURVE('',#968,#1011,#1013,.T.);
#1011 = VERTEX_POINT('',#1012);
#1012 = CARTESIAN_POINT('',(-25.19978881464,-32.25062136522,
    26.303707172813));
#1013 = LINE('',#1014,#1015);
#1014 = CARTESIAN_POINT('',(-24.47756112641,-32.02051798268,
    26.18922007511));
#1015 = VECTOR('',#1016,1.);
#1016 = DIRECTION('',(-0.942124342074,-0.300162956102,0.149344982693));
#1017 = ORIENTED_EDGE('',*,*,#1018,.T.);
#1018 = EDGE_CURVE('',#1011,#515,#1019,.T.);
#1019 = B_SPLINE_CURVE_WITH_KNOTS('',3,(#1020,#1021,#1022,#1023),
  .UNSPECIFIED.,.F.,.F.,(4,4),(4.732132742018E-05,2.717147698174E-04),
  .PIECEWISE_BEZIER_KNOTS.);
#1020 = CARTESIAN_POINT('',(-25.19978881464,-32.25062136522,
    26.303707172813));
#1021 = CARTESIAN_POINT('',(-25.147096526,-32.24517965443,
    26.250899751134));
#1022 = CARTESIAN_POINT('',(-25.0944005516,-32.23973562056,
    26.198096246235));
#1023 = CARTESIAN_POINT('',(-25.04170088771,-32.23428926073,
    26.145296664081));
#1024 = ORIENTED_EDGE('',*,*,#514,.F.);
#1025 = PLANE('',#1026);
#1026 = AXIS2_PLACEMENT_3D('',#1027,#1028,#1029);
#1027 = CARTESIAN_POINT('',(-28.41209774506,-45.10741950868,
    -19.55052719297));
#1028 = DIRECTION('',(-0.328589788494,0.915135883269,-0.233570259348));
#1029 = DIRECTION('',(-0.941168677442,-0.337937154811,1.387778780781E-17
    ));
#1030 = ADVANCED_FACE('',(#1031),#1059,.T.);
#1031 = FACE_BOUND('',#1032,.T.);
#1032 = EDGE_LOOP('',(#1033,#1034,#1043,#1052,#1058));
#1033 = ORIENTED_EDGE('',*,*,#190,.F.);
#1034 = ORIENTED_EDGE('',*,*,#1035,.F.);
#1035 = EDGE_CURVE('',#1036,#180,#1038,.T.);
#1036 = VERTEX_POINT('',#1037);
#1037 = CARTESIAN_POINT('',(-13.65830837878,-11.83050503193,
    20.200687552311));
#1038 = ( BOUNDED_CURVE() B_SPLINE_CURVE(3,(#1039,#1040,#1041,#1042),
.UNSPECIFIED.,.F.,.F.) B_SPLINE_CURVE_WITH_KNOTS((4,4),(5.83215849801,
6.1383350566),.PIECEWISE_BEZIER_KNOTS.) CURVE() 
GEOMETRIC_REPRESENTATION_ITEM() RATIONAL_B_SPLINE_CURVE((1.,
0.992203237864,0.992203237864,1.)) REPRESENTATION_ITEM('') );
#1039 = CARTESIAN_POINT('',(-13.65830837878,-11.83050503193,
    20.200687552311));
#1040 = CARTESIAN_POINT('',(-14.0601104106,-11.75261391357,
    20.020773212861));
#1041 = CARTESIAN_POINT('',(-14.47226507051,-11.71753961547,
    19.91428545357));
#1042 = CARTESIAN_POINT('',(-14.88513194298,-11.72610253549,
    19.883715053626));
#1043 = ORIENTED_EDGE('',*,*,#1044,.F.);
#1044 = EDGE_CURVE('',#1045,#1036,#1047,.T.);
#1045 = VERTEX_POINT('',#1046);
#1046 = CARTESIAN_POINT('',(-10.91196324342,-14.99656007117,
    20.89725575908));
#1047 = CIRCLE('',#1048,4.);
#1048 = AXIS2_PLACEMENT_3D('',#1049,#1050,#1051);
#1049 = CARTESIAN_POINT('',(-14.86129548436,-15.48147709349,
    21.306682592757));
#1050 = DIRECTION('',(6.656181314537E-02,0.269125463192,0.960802274192)
  );
#1051 = DIRECTION('',(6.938893903907E-18,-0.962937778003,0.269723628358)
  );
#1052 = ORIENTED_EDGE('',*,*,#1053,.F.);
#1053 = EDGE_CURVE('',#357,#1045,#1054,.T.);
#1054 = LINE('',#1055,#1056);
#1055 = CARTESIAN_POINT('',(-10.93858796765,-15.10421025632,
    20.512934849296));
#1056 = VECTOR('',#1057,1.);
#1057 = DIRECTION('',(6.656181055162E-02,0.269125462873,0.960802274461)
  );
#1058 = ORIENTED_EDGE('',*,*,#356,.T.);
#1059 = CYLINDRICAL_SURFACE('',#1060,4.);
#1060 = AXIS2_PLACEMENT_3D('',#1061,#1062,#1063);
#1061 = CARTESIAN_POINT('',(-17.51250319311,-26.20094965403,
    -16.96280520387));
#1062 = DIRECTION('',(-6.656181055162E-02,-0.269125462873,
    -0.960802274461));
#1063 = DIRECTION('',(3.469446951954E-18,0.962937778105,-0.269723627992)
  );
#1064 = ADVANCED_FACE('',(#1065),#1076,.F.);
#1065 = FACE_BOUND('',#1066,.T.);
#1066 = EDGE_LOOP('',(#1067,#1068,#1069,#1075));
#1067 = ORIENTED_EDGE('',*,*,#365,.F.);
#1068 = ORIENTED_EDGE('',*,*,#1053,.T.);
#1069 = ORIENTED_EDGE('',*,*,#1070,.F.);
#1070 = EDGE_CURVE('',#977,#1045,#1071,.T.);
#1071 = LINE('',#1072,#1073);
#1072 = CARTESIAN_POINT('',(-9.740238153574,-22.7696927607,
    22.99337464132));
#1073 = VECTOR('',#1074,1.);
#1074 = DIRECTION('',(-0.144024141024,0.955444897759,-0.257647228103));
#1075 = ORIENTED_EDGE('',*,*,#976,.T.);
#1076 = PLANE('',#1077);
#1077 = AXIS2_PLACEMENT_3D('',#1078,#1079,#1080);
#1078 = CARTESIAN_POINT('',(-13.06042202224,-29.05122974147,
    -16.47285594281));
#1079 = DIRECTION('',(-0.98733306041,-0.121229256287,0.102356705895));
#1080 = DIRECTION('',(0.121869343405,-0.992546151641,-1.734723475977E-18
    ));
#1081 = ADVANCED_FACE('',(#1082),#1094,.T.);
#1082 = FACE_BOUND('',#1083,.T.);
#1083 = EDGE_LOOP('',(#1084,#1085,#1086,#1087,#1088));
#1084 = ORIENTED_EDGE('',*,*,#207,.T.);
#1085 = ORIENTED_EDGE('',*,*,#349,.F.);
#1086 = ORIENTED_EDGE('',*,*,#568,.F.);
#1087 = ORIENTED_EDGE('',*,*,#940,.F.);
#1088 = ORIENTED_EDGE('',*,*,#1089,.T.);
#1089 = EDGE_CURVE('',#932,#182,#1090,.T.);
#1090 = LINE('',#1091,#1092);
#1091 = CARTESIAN_POINT('',(-31.05924998545,-13.68220153899,
    21.50852886127));
#1092 = VECTOR('',#1093,1.);
#1093 = DIRECTION('',(0.987333060235,0.121229255581,-0.102356708419));
#1094 = PLANE('',#1095);
#1095 = AXIS2_PLACEMENT_3D('',#1096,#1097,#1098);
#1096 = CARTESIAN_POINT('',(-31.0326252602,-13.57455135371,
    21.892849770947));
#1097 = DIRECTION('',(-0.144024141025,0.955444897759,-0.257647228102));
#1098 = DIRECTION('',(-0.872878830533,-2.775557561563E-17,0.487937032011
    ));
#1099 = ADVANCED_FACE('',(#1100),#1126,.F.);
#1100 = FACE_BOUND('',#1101,.T.);
#1101 = EDGE_LOOP('',(#1102,#1110,#1111,#1112,#1113));
#1102 = ORIENTED_EDGE('',*,*,#1103,.F.);
#1103 = EDGE_CURVE('',#1036,#1104,#1106,.T.);
#1104 = VERTEX_POINT('',#1105);
#1105 = CARTESIAN_POINT('',(-29.24061896159,-13.74377218388,
    21.81610395541));
#1106 = LINE('',#1107,#1108);
#1107 = CARTESIAN_POINT('',(-24.3238711891,-13.14007147097,
    21.306385261294));
#1108 = VECTOR('',#1109,1.);
#1109 = DIRECTION('',(-0.987333060235,-0.121229255581,0.102356708419));
#1110 = ORIENTED_EDGE('',*,*,#1035,.T.);
#1111 = ORIENTED_EDGE('',*,*,#179,.T.);
#1112 = ORIENTED_EDGE('',*,*,#1089,.F.);
#1113 = ORIENTED_EDGE('',*,*,#1114,.F.);
#1114 = EDGE_CURVE('',#1104,#932,#1115,.T.);
#1115 = B_SPLINE_CURVE_WITH_KNOTS('',3,(#1116,#1117,#1118,#1119,#1120,
    #1121,#1122,#1123,#1124,#1125),.UNSPECIFIED.,.F.,.F.,(4,3,3,4),(0.,
    2.952323926443E-04,4.428485889665E-04,5.904647852885E-04),
  .UNSPECIFIED.);
#1116 = CARTESIAN_POINT('',(-29.24061896159,-13.74377218388,
    21.81610395541));
#1117 = CARTESIAN_POINT('',(-29.28251055233,-13.7014374152,
    21.737761456975));
#1118 = CARTESIAN_POINT('',(-29.32440214306,-13.65910264652,
    21.659418958541));
#1119 = CARTESIAN_POINT('',(-29.36629373379,-13.61676787784,
    21.581076460107));
#1120 = CARTESIAN_POINT('',(-29.38723952916,-13.5956004935,
    21.54190521089));
#1121 = CARTESIAN_POINT('',(-29.40818532453,-13.57443310916,
    21.502733961673));
#1122 = CARTESIAN_POINT('',(-29.42913111989,-13.55326572483,
    21.463562712456));
#1123 = CARTESIAN_POINT('',(-29.45007691526,-13.53209834049,
    21.424391463239));
#1124 = CARTESIAN_POINT('',(-29.47102271063,-13.51093095615,
    21.385220214021));
#1125 = CARTESIAN_POINT('',(-29.49196850599,-13.48976357181,
    21.346048964804));
#1126 = PLANE('',#1127);
#1127 = AXIS2_PLACEMENT_3D('',#1128,#1129,#1130);
#1128 = CARTESIAN_POINT('',(-31.05924998545,-13.68220153899,
    21.50852886127));
#1129 = DIRECTION('',(5.477413733E-02,-0.865902006268,-0.497205701315));
#1130 = DIRECTION('',(0.987333060235,0.121229255581,-0.102356708419));
#1131 = ADVANCED_FACE('',(#1132,#1142,#1152,#1156),#1264,.T.);
#1132 = FACE_BOUND('',#1133,.T.);
#1133 = EDGE_LOOP('',(#1134,#1141));
#1134 = ORIENTED_EDGE('',*,*,#1135,.F.);
#1135 = EDGE_CURVE('',#24,#32,#1136,.T.);
#1136 = CIRCLE('',#1137,1.);
#1137 = AXIS2_PLACEMENT_3D('',#1138,#1139,#1140);
#1138 = CARTESIAN_POINT('',(-12.06037144556,-24.50698250056,
    23.640730711657));
#1139 = DIRECTION('',(6.656181314537E-02,0.269125463192,0.960802274192)
  );
#1140 = DIRECTION('',(-4.51028103754E-17,-0.962937778003,0.269723628358)
  );
#1141 = ORIENTED_EDGE('',*,*,#31,.F.);
#1142 = FACE_BOUND('',#1143,.T.);
#1143 = EDGE_LOOP('',(#1144,#1151));
#1144 = ORIENTED_EDGE('',*,*,#1145,.F.);
#1145 = EDGE_CURVE('',#66,#74,#1146,.T.);
#1146 = CIRCLE('',#1147,1.);
#1147 = AXIS2_PLACEMENT_3D('',#1148,#1149,#1150);
#1148 = CARTESIAN_POINT('',(-14.83123391959,-25.51198391548,
    24.114194517649));
#1149 = DIRECTION('',(6.656181314537E-02,0.269125463192,0.960802274192)
  );
#1150 = DIRECTION('',(-4.857225732735E-17,-0.962937778003,0.269723628358
    ));
#1151 = ORIENTED_EDGE('',*,*,#73,.F.);
#1152 = FACE_BOUND('',#1153,.T.);
#1153 = EDGE_LOOP('',(#1154,#1155));
#1154 = ORIENTED_EDGE('',*,*,#155,.T.);
#1155 = ORIENTED_EDGE('',*,*,#489,.T.);
#1156 = FACE_BOUND('',#1157,.T.);
#1157 = EDGE_LOOP('',(#1158,#1166,#1167,#1168,#1169,#1170,#1179,#1257));
#1158 = ORIENTED_EDGE('',*,*,#1159,.T.);
#1159 = EDGE_CURVE('',#1160,#985,#1162,.T.);
#1160 = VERTEX_POINT('',#1161);
#1161 = CARTESIAN_POINT('',(-25.73131061742,-31.9128677974,26.6622418878
    ));
#1162 = LINE('',#1163,#1164);
#1163 = CARTESIAN_POINT('',(-9.230710720529,-26.6557391772,
    24.046576740455));
#1164 = VECTOR('',#1165,1.);
#1165 = DIRECTION('',(0.942124342074,0.300162956102,-0.149344982693));
#1166 = ORIENTED_EDGE('',*,*,#984,.T.);
#1167 = ORIENTED_EDGE('',*,*,#1070,.T.);
#1168 = ORIENTED_EDGE('',*,*,#1044,.T.);
#1169 = ORIENTED_EDGE('',*,*,#1103,.T.);
#1170 = ORIENTED_EDGE('',*,*,#1171,.F.);
#1171 = EDGE_CURVE('',#1172,#1104,#1174,.T.);
#1172 = VERTEX_POINT('',#1173);
#1173 = CARTESIAN_POINT('',(-31.482790888,-16.70044537854,
    22.799614399972));
#1174 = B_SPLINE_CURVE_WITH_KNOTS('',3,(#1175,#1176,#1177,#1178),
  .UNSPECIFIED.,.F.,.F.,(4,4),(1.695698471228E-02,0.400839051527),
  .PIECEWISE_BEZIER_KNOTS.);
#1175 = CARTESIAN_POINT('',(-31.482790888,-16.70044537854,
    22.799614399972));
#1176 = CARTESIAN_POINT('',(-30.73540024587,-15.71488764699,
    22.471777585118));
#1177 = CARTESIAN_POINT('',(-29.98800960373,-14.72932991543,
    22.143940770264));
#1178 = CARTESIAN_POINT('',(-29.24061896159,-13.74377218388,
    21.81610395541));
#1179 = ORIENTED_EDGE('',*,*,#1180,.F.);
#1180 = EDGE_CURVE('',#1181,#1172,#1183,.T.);
#1181 = VERTEX_POINT('',#1182);
#1182 = CARTESIAN_POINT('',(-28.26073532271,-31.9128677974,
    26.83747366974));
#1183 = B_SPLINE_CURVE_WITH_KNOTS('',3,(#1184,#1185,#1186,#1187,#1188,
    #1189,#1190,#1191,#1192,#1193,#1194,#1195,#1196,#1197,#1198,#1199,
    #1200,#1201,#1202,#1203,#1204,#1205,#1206,#1207,#1208,#1209,#1210,
    #1211,#1212,#1213,#1214,#1215,#1216,#1217,#1218,#1219,#1220,#1221,
    #1222,#1223,#1224,#1225,#1226,#1227,#1228,#1229,#1230,#1231,#1232,
    #1233,#1234,#1235,#1236,#1237,#1238,#1239,#1240,#1241,#1242,#1243,
    #1244,#1245,#1246,#1247,#1248,#1249,#1250,#1251,#1252,#1253,#1254,
    #1255,#1256),.UNSPECIFIED.,.F.,.F.,(4,2,2,2,2,2,2,2,2,2,2,2,2,2,2,2,
    2,2,2,2,1,1,2,1,2,1,2,1,2,1,2,2,2,2,2,2,2,2,1,4),(3.102259942152E-02
    ,4.431155445243E-02,7.699952990795E-02,9.333782384482E-02,
    0.125995560745,0.142312876693,0.191207110012,0.223744244753,
    0.288638324701,0.320979057038,0.417502335718,0.481383652273,
    0.576419839521,0.607875175597,0.670433198426,0.701531169003,
    0.74794553588,0.763361184779,0.794334744455,0.809935812801,
    0.809935813106,0.857360542103,0.857360543018,0.889464115287,
    0.889464116687,0.987965623494,0.987965626265,1.055360672487,
    1.055360675828,1.141521528573,1.141521532064,1.159014099162,
    1.185420433462,1.194268044988,1.212032974987,1.220949599828,
    1.24779632381,1.265821096019,1.265821098709,1.284934320945),
  .UNSPECIFIED.);
#1184 = CARTESIAN_POINT('',(-28.26073532271,-31.9128677974,
    26.83747366974));
#1185 = CARTESIAN_POINT('',(-28.27233522727,-31.87109438879,
    26.826576342014));
#1186 = CARTESIAN_POINT('',(-28.28392700104,-31.82916512125,
    26.815634794154));
#1187 = CARTESIAN_POINT('',(-28.3240059544,-31.68355607093,
    26.777625542627));
#1188 = CARTESIAN_POINT('',(-28.35245468445,-31.57908631707,
    26.750333900479));
#1189 = CARTESIAN_POINT('',(-28.39506090045,-31.42097249439,
    26.708997082441));
#1190 = CARTESIAN_POINT('',(-28.40924948368,-31.36804174372,
    26.695153864828));
#1191 = CARTESIAN_POINT('',(-28.45177081707,-31.20859321491,
    26.65343730857));
#1192 = CARTESIAN_POINT('',(-28.48007551201,-31.10135918414,
    26.625361400435));
#1193 = CARTESIAN_POINT('',(-28.52247569862,-30.93910417346,
    26.58285034202));
#1194 = CARTESIAN_POINT('',(-28.53659453873,-30.8848049742,
    26.568618983579));
#1195 = CARTESIAN_POINT('',(-28.59299088033,-30.66683893401,
    26.511472606796));
#1196 = CARTESIAN_POINT('',(-28.63521106459,-30.50125056286,
    26.468015387562));
#1197 = CARTESIAN_POINT('',(-28.70545091921,-30.22183392826,
    26.394615437307));
#1198 = CARTESIAN_POINT('',(-28.73349600329,-30.10922215337,
    26.365015211332));
#1199 = CARTESIAN_POINT('',(-28.81743059609,-29.76909690674,
    26.275559213811));
#1200 = CARTESIAN_POINT('',(-28.87327736186,-29.53867732941,
    26.214886466612));
#1201 = CARTESIAN_POINT('',(-28.9569521071,-29.18754244847,
    26.122328614588));
#1202 = CARTESIAN_POINT('',(-28.98478221313,-29.06977733116,
    26.091270018842));
#1203 = CARTESIAN_POINT('',(-29.09570161503,-28.59662105529,
    25.966420808319));
#1204 = CARTESIAN_POINT('',(-29.17884736013,-28.23346451189,
    25.870458981541));
#1205 = CARTESIAN_POINT('',(-29.31746538051,-27.61516544833,
    25.706873445448));
#1206 = CARTESIAN_POINT('',(-29.37278750938,-27.36502564143,
    25.640640619092));
#1207 = CARTESIAN_POINT('',(-29.51085870641,-26.73293328352,
    25.473153630659));
#1208 = CARTESIAN_POINT('',(-29.59382377962,-26.34619736879,
    25.370574589026));
#1209 = CARTESIAN_POINT('',(-29.70502908033,-25.81963009301,
    25.230784499892));
#1210 = CARTESIAN_POINT('',(-29.73274730602,-25.68771264287,
    25.195754015041));
#1211 = CARTESIAN_POINT('',(-29.81580259521,-25.29051357905,
    25.090250443584));
#1212 = CARTESIAN_POINT('',(-29.87134815459,-25.02234110486,
    25.018982056709));
#1213 = CARTESIAN_POINT('',(-29.95499577972,-24.61499570078,
    24.910677480676));
#1214 = CARTESIAN_POINT('',(-29.98285132386,-24.47877170955,
    24.874450225445));
#1215 = CARTESIAN_POINT('',(-30.0524948819,-24.13680874525,
    24.783489429439));
#1216 = CARTESIAN_POINT('',(-30.0943898112,-23.92986677786,
    24.728426330828));
#1217 = CARTESIAN_POINT('',(-30.15046636113,-23.65131096514,
    24.654286305144));
#1218 = CARTESIAN_POINT('',(-30.16448539816,-23.58154334113,
    24.635715250429));
#1219 = CARTESIAN_POINT('',(-30.20660786778,-23.37153540372,
    24.579809121852));
#1220 = CARTESIAN_POINT('',(-30.23466066275,-23.23116454533,
    24.542433973655));
#1221 = CARTESIAN_POINT('',(-30.27672551411,-23.01995834816,
    24.486188214964));
#1222 = CARTESIAN_POINT('',(-30.29079550177,-22.94919133922,
    24.467340757314));
#1223 = CARTESIAN_POINT('',(-30.30484373026,-22.87841494948,
    24.448489164642));
#1224 = CARTESIAN_POINT('',(-30.34754805316,-22.66326617524,
    24.391183371515));
#1225 = CARTESIAN_POINT('',(-30.3900514214,-22.44803270435,
    24.333839932837));
#1226 = CARTESIAN_POINT('',(-30.43231175257,-22.23302755012,
    24.276543609824));
#1227 = CARTESIAN_POINT('',(-30.46091933733,-22.08748251701,
    24.237757584081));
#1228 = CARTESIAN_POINT('',(-30.4894154746,-21.94204160822,
    24.198993003292));
#1229 = CARTESIAN_POINT('',(-30.51778699024,-21.79680142695,
    24.160276013818));
#1230 = CARTESIAN_POINT('',(-30.60483721092,-21.35116934769,
    24.041482873662));
#1231 = CARTESIAN_POINT('',(-30.69071719623,-20.90742616833,
    23.92313775292));
#1232 = CARTESIAN_POINT('',(-30.77502658357,-20.46835714074,
    23.805993078349));
#1233 = CARTESIAN_POINT('',(-30.83271112668,-20.16794462275,
    23.725842279023));
#1234 = CARTESIAN_POINT('',(-30.88965985678,-19.86971894742,
    23.646253049965));
#1235 = CARTESIAN_POINT('',(-30.9457403335,-19.57456991285,
    23.567465452914));
#1236 = CARTESIAN_POINT('',(-31.01743611529,-19.19723813806,
    23.46673985095));
#1237 = CARTESIAN_POINT('',(-31.08770905577,-18.82495235764,
    23.367329086292));
#1238 = CARTESIAN_POINT('',(-31.15622481112,-18.45956113232,
    23.269727787488));
#1239 = CARTESIAN_POINT('',(-31.17013503441,-18.38537858565,
    23.249912552803));
#1240 = CARTESIAN_POINT('',(-31.18397289484,-18.31147988644,
    23.230171812087));
#1241 = CARTESIAN_POINT('',(-31.21851195536,-18.12677681227,
    23.180828342395));
#1242 = CARTESIAN_POINT('',(-31.23911716607,-18.01635600309,
    23.1513264022));
#1243 = CARTESIAN_POINT('',(-31.26638529497,-17.86992076931,
    23.112198232933));
#1244 = CARTESIAN_POINT('',(-31.27320857843,-17.83325220978,
    23.102399887111));
#1245 = CARTESIAN_POINT('',(-31.29367108864,-17.7232103911,
    23.072994218119));
#1246 = CARTESIAN_POINT('',(-31.30724757532,-17.65009805813,
    23.053455635197));
#1247 = CARTESIAN_POINT('',(-31.32750615433,-17.54083083101,
    23.024252805317));
#1248 = CARTESIAN_POINT('',(-31.33425556648,-17.50439829438,
    23.01451545307));
#1249 = CARTESIAN_POINT('',(-31.36124989922,-17.35861566055,
    22.975551112405));
#1250 = CARTESIAN_POINT('',(-31.38133287908,-17.24999798452,
    22.946518059956));
#1251 = CARTESIAN_POINT('',(-31.41460835581,-17.06991849686,
    22.898382141977));
#1252 = CARTESIAN_POINT('',(-31.42789410758,-16.9979887012,
    22.879154652261));
#1253 = CARTESIAN_POINT('',(-31.4410933246,-16.92648315954,
    22.860040003287));
#1254 = CARTESIAN_POINT('',(-31.45508959371,-16.85065966128,
    22.83977109098));
#1255 = CARTESIAN_POINT('',(-31.46898971765,-16.77530698068,
    22.819627396343));
#1256 = CARTESIAN_POINT('',(-31.482790888,-16.70044537854,
    22.799614399972));
#1257 = ORIENTED_EDGE('',*,*,#1258,.F.);
#1258 = EDGE_CURVE('',#1160,#1181,#1259,.T.);
#1259 = B_SPLINE_CURVE_WITH_KNOTS('',3,(#1260,#1261,#1262,#1263),
  .UNSPECIFIED.,.F.,.F.,(4,4),(1.07785379566,1.331402519126),
  .PIECEWISE_BEZIER_KNOTS.);
#1260 = CARTESIAN_POINT('',(-25.73131061742,-31.9128677974,26.6622418878
    ));
#1261 = CARTESIAN_POINT('',(-26.57445218585,-31.9128677974,
    26.72065248178));
#1262 = CARTESIAN_POINT('',(-27.41759375428,-31.9128677974,
    26.77906307576));
#1263 = CARTESIAN_POINT('',(-28.26073532271,-31.9128677974,
    26.83747366974));
#1264 = PLANE('',#1265);
#1265 = AXIS2_PLACEMENT_3D('',#1266,#1267,#1268);
#1266 = CARTESIAN_POINT('',(-22.95537897221,-22.21854190623,
    23.754504193679));
#1267 = DIRECTION('',(6.656181314537E-02,0.269125463192,0.960802274192)
  );
#1268 = DIRECTION('',(0.970750122441,-0.240092065219,-6.938893903907E-18
    ));
#1269 = ADVANCED_FACE('',(#1270),#1297,.T.);
#1270 = FACE_BOUND('',#1271,.T.);
#1271 = EDGE_LOOP('',(#1272,#1273,#1274,#1275,#1290));
#1272 = ORIENTED_EDGE('',*,*,#1010,.F.);
#1273 = ORIENTED_EDGE('',*,*,#993,.T.);
#1274 = ORIENTED_EDGE('',*,*,#1159,.F.);
#1275 = ORIENTED_EDGE('',*,*,#1276,.F.);
#1276 = EDGE_CURVE('',#1277,#1160,#1279,.T.);
#1277 = VERTEX_POINT('',#1278);
#1278 = CARTESIAN_POINT('',(-25.3258062058,-32.25406378941,
    26.343537402257));
#1279 = B_SPLINE_CURVE_WITH_KNOTS('',3,(#1280,#1281,#1282,#1283,#1284,
    #1285,#1286,#1287,#1288,#1289),.UNSPECIFIED.,.F.,.F.,(4,3,3,4),(
    4.336808689942E-18,2.238675805637E-04,4.211348098106E-04,
    6.184020390574E-04),.UNSPECIFIED.);
#1280 = CARTESIAN_POINT('',(-25.3258062058,-32.25406378941,
    26.343537402257));
#1281 = CARTESIAN_POINT('',(-25.3747383922,-32.21289169509,
    26.381995448203));
#1282 = CARTESIAN_POINT('',(-25.4236705786,-32.17171960078,
    26.420453494148));
#1283 = CARTESIAN_POINT('',(-25.472602765,-32.13054750646,
    26.458911540094));
#1284 = CARTESIAN_POINT('',(-25.5157207404,-32.09426755495,
    26.492799931379));
#1285 = CARTESIAN_POINT('',(-25.55883871581,-32.05798760344,
    26.526688322663));
#1286 = CARTESIAN_POINT('',(-25.60195669121,-32.02170765193,
    26.560576713947));
#1287 = CARTESIAN_POINT('',(-25.64507466661,-31.98542770042,
    26.594465105231));
#1288 = CARTESIAN_POINT('',(-25.68819264202,-31.94914774891,
    26.628353496516));
#1289 = CARTESIAN_POINT('',(-25.73131061742,-31.9128677974,26.6622418878
    ));
#1290 = ORIENTED_EDGE('',*,*,#1291,.F.);
#1291 = EDGE_CURVE('',#1011,#1277,#1292,.T.);
#1292 = B_SPLINE_CURVE_WITH_KNOTS('',3,(#1293,#1294,#1295,#1296),
  .UNSPECIFIED.,.F.,.F.,(4,4),(3.469446951954E-18,1.322069602405E-04),
  .PIECEWISE_BEZIER_KNOTS.);
#1293 = CARTESIAN_POINT('',(-25.19978881464,-32.25062136522,
    26.303707172813));
#1294 = CARTESIAN_POINT('',(-25.24179462694,-32.2517689572,
    26.316983857585));
#1295 = CARTESIAN_POINT('',(-25.28380042399,-32.25291643192,
    26.33026060074));
#1296 = CARTESIAN_POINT('',(-25.3258062058,-32.25406378941,
    26.343537402257));
#1297 = PLANE('',#1298);
#1298 = AXIS2_PLACEMENT_3D('',#1299,#1300,#1301);
#1299 = CARTESIAN_POINT('',(-25.23505171532,-32.2618562055,
    26.309297026569));
#1300 = DIRECTION('',(0.279414377116,-0.456798348754,0.844548917729));
#1301 = DIRECTION('',(0.942124342074,0.300162956102,-0.149344982693));
#1302 = ADVANCED_FACE('',(#1303),#1322,.T.);
#1303 = FACE_BOUND('',#1304,.T.);
#1304 = EDGE_LOOP('',(#1305,#1306,#1307,#1315));
#1305 = ORIENTED_EDGE('',*,*,#600,.F.);
#1306 = ORIENTED_EDGE('',*,*,#270,.T.);
#1307 = ORIENTED_EDGE('',*,*,#1308,.F.);
#1308 = EDGE_CURVE('',#1309,#259,#1311,.T.);
#1309 = VERTEX_POINT('',#1310);
#1310 = CARTESIAN_POINT('',(-29.20865233962,-31.23334931734,
    24.009228100771));
#1311 = LINE('',#1312,#1313);
#1312 = CARTESIAN_POINT('',(-29.20865233962,-31.23334931734,
    24.009228100771));
#1313 = VECTOR('',#1314,1.);
#1314 = DIRECTION('',(0.649195757765,-9.829791569821E-02,-0.754242923645
    ));
#1315 = ORIENTED_EDGE('',*,*,#1316,.T.);
#1316 = EDGE_CURVE('',#1309,#601,#1317,.T.);
#1317 = B_SPLINE_CURVE_WITH_KNOTS('',3,(#1318,#1319,#1320,#1321),
  .UNSPECIFIED.,.F.,.F.,(4,4),(0.111808212242,0.120826842337),
  .PIECEWISE_BEZIER_KNOTS.);
#1318 = CARTESIAN_POINT('',(-29.20865233962,-31.23334931734,
    24.009228100771));
#1319 = CARTESIAN_POINT('',(-29.21316696869,-31.21635647364,
    24.003120260644));
#1320 = CARTESIAN_POINT('',(-29.21763985639,-31.19907948107,
    23.997757695192));
#1321 = CARTESIAN_POINT('',(-29.22205633255,-31.18157358484,
    23.99316016924));
#1322 = B_SPLINE_SURFACE_WITH_KNOTS('',3,3,(
    (#1323,#1324,#1325,#1326)
    ,(#1327,#1328,#1329,#1330)
    ,(#1331,#1332,#1333,#1334)
    ,(#1335,#1336,#1337,#1338
    )),.UNSPECIFIED.,.F.,.F.,.F.,(4,4),(4,4),(0.,1.),(0.111808212242,
    0.120826842337),.PIECEWISE_BEZIER_KNOTS.);
#1323 = CARTESIAN_POINT('',(-28.83963685759,-31.28922376246,
    23.580501768683));
#1324 = CARTESIAN_POINT('',(-28.84678674318,-31.26091752923,
    23.573068378524));
#1325 = CARTESIAN_POINT('',(-28.85389884733,-31.23281925587,
    23.565690621554));
#1326 = CARTESIAN_POINT('',(-28.86099574111,-31.20468880034,
    23.558302796466));
#1327 = CARTESIAN_POINT('',(-28.96264201827,-31.27059894742,
    23.723410546045));
#1328 = CARTESIAN_POINT('',(-28.96891348501,-31.24606384403,
    23.716419005897));
#1329 = CARTESIAN_POINT('',(-28.97514585035,-31.22157266427,
    23.709712979434));
#1330 = CARTESIAN_POINT('',(-28.98134927159,-31.19698372851,
    23.703255254058));
#1331 = CARTESIAN_POINT('',(-29.08564717894,-31.25197413238,
    23.866319323408));
#1332 = CARTESIAN_POINT('',(-29.09104022685,-31.23121015883,
    23.85976963327));
#1333 = CARTESIAN_POINT('',(-29.09639285337,-31.21032607267,
    23.853735337313));
#1334 = CARTESIAN_POINT('',(-29.10170280207,-31.18927865667,
    23.848207711649));
#1335 = CARTESIAN_POINT('',(-29.20865233962,-31.23334931734,
    24.009228100771));
#1336 = CARTESIAN_POINT('',(-29.21316696869,-31.21635647364,
    24.003120260644));
#1337 = CARTESIAN_POINT('',(-29.21763985639,-31.19907948107,
    23.997757695192));
#1338 = CARTESIAN_POINT('',(-29.22205633255,-31.18157358484,
    23.99316016924));
#1339 = ADVANCED_FACE('',(#1340),#1465,.T.);
#1340 = FACE_BOUND('',#1341,.T.);
#1341 = EDGE_LOOP('',(#1342,#1343,#1344,#1345,#1361,#1370,#1391));
#1342 = ORIENTED_EDGE('',*,*,#922,.F.);
#1343 = ORIENTED_EDGE('',*,*,#608,.F.);
#1344 = ORIENTED_EDGE('',*,*,#1316,.F.);
#1345 = ORIENTED_EDGE('',*,*,#1346,.F.);
#1346 = EDGE_CURVE('',#1347,#1309,#1349,.T.);
#1347 = VERTEX_POINT('',#1348);
#1348 = CARTESIAN_POINT('',(-29.05680334875,-31.62624167366,
    24.500041112658));
#1349 = B_SPLINE_CURVE_WITH_KNOTS('',3,(#1350,#1351,#1352,#1353,#1354,
    #1355,#1356,#1357,#1358,#1359,#1360),.UNSPECIFIED.,.F.,.F.,(4,1,2,2,
    2,4),(0.,3.65417665039E-02,3.863741928612E-02,5.214170639898E-02,
    7.28231344814E-02,0.111808212242),.UNSPECIFIED.);
#1350 = CARTESIAN_POINT('',(-29.05680334875,-31.62624167366,
    24.500041112658));
#1351 = CARTESIAN_POINT('',(-29.06804243466,-31.61813109538,
    24.429043719698));
#1352 = CARTESIAN_POINT('',(-29.08273089788,-31.59582032904,
    24.356091227616));
#1353 = CARTESIAN_POINT('',(-29.09962159833,-31.55997866811,
    24.288989254969));
#1354 = CARTESIAN_POINT('',(-29.10648782392,-31.5452129128,
    24.262033061589));
#1355 = CARTESIAN_POINT('',(-29.1126557317,-31.53086721464,
    24.239596082547));
#1356 = CARTESIAN_POINT('',(-29.12871905887,-31.49087282191,
    24.185433519248));
#1357 = CARTESIAN_POINT('',(-29.13885316799,-31.46326217723,
    24.15511865444));
#1358 = CARTESIAN_POINT('',(-29.1687938699,-31.37500102466,
    24.076197447612));
#1359 = CARTESIAN_POINT('',(-29.18913682965,-31.30680474525,
    24.035630627517));
#1360 = CARTESIAN_POINT('',(-29.20865233962,-31.23334931734,
    24.009228100771));
#1361 = ORIENTED_EDGE('',*,*,#1362,.F.);
#1362 = EDGE_CURVE('',#1363,#1347,#1365,.T.);
#1363 = VERTEX_POINT('',#1364);
#1364 = CARTESIAN_POINT('',(-29.05123863404,-31.63025592965,
    24.535185897304));
#1365 = B_SPLINE_CURVE_WITH_KNOTS('',3,(#1366,#1367,#1368,#1369),
  .UNSPECIFIED.,.F.,.F.,(4,4),(0.319697905508,0.323307199244),
  .PIECEWISE_BEZIER_KNOTS.);
#1366 = CARTESIAN_POINT('',(-29.05123863404,-31.63025592965,
    24.535185897304));
#1367 = CARTESIAN_POINT('',(-29.05309433484,-31.62891775908,
    24.523468465546));
#1368 = CARTESIAN_POINT('',(-29.0549492435,-31.62757967088,
    24.511753509893));
#1369 = CARTESIAN_POINT('',(-29.05680334875,-31.62624167366,
    24.500041112658));
#1370 = ORIENTED_EDGE('',*,*,#1371,.F.);
#1371 = EDGE_CURVE('',#1372,#1363,#1374,.T.);
#1372 = VERTEX_POINT('',#1373);
#1373 = CARTESIAN_POINT('',(-28.74647812515,-31.84573543031,
    26.436001776826));
#1374 = B_SPLINE_CURVE_WITH_KNOTS('',3,(#1375,#1376,#1377,#1378,#1379,
    #1380,#1381,#1382,#1383,#1384,#1385,#1386,#1387,#1388,#1389,#1390),
  .UNSPECIFIED.,.F.,.F.,(4,2,1,1,2,1,2,1,2,4),(0.125421728181,
    0.127838853119,0.13895524443,0.174014179363,0.182433001592,
    0.218506875422,0.270350789718,0.308645398816,0.314956331502,
    0.319697905508),.UNSPECIFIED.);
#1375 = CARTESIAN_POINT('',(-28.74647812515,-31.84573543031,
    26.436001776826));
#1376 = CARTESIAN_POINT('',(-28.74775564172,-31.84484972227,
    26.428135858989));
#1377 = CARTESIAN_POINT('',(-28.74903308715,-31.84396384788,
    26.420269055008));
#1378 = CARTESIAN_POINT('',(-28.75618509847,-31.83900291123,
    26.376217913856));
#1379 = CARTESIAN_POINT('',(-28.78058049436,-31.82206230521,
    26.225844023103));
#1380 = CARTESIAN_POINT('',(-28.80938336712,-31.80196774766,
    26.047735455923));
#1381 = CARTESIAN_POINT('',(-28.83227407237,-31.78592738412,
    25.905770358292));
#1382 = CARTESIAN_POINT('',(-28.8556889539,-31.76950571428,
    25.760472480388));
#1383 = CARTESIAN_POINT('',(-28.90187065631,-31.73699827802,
    25.473203975833));
#1384 = CARTESIAN_POINT('',(-28.94777243783,-31.7043984134,
    25.186035373794));
#1385 = CARTESIAN_POINT('',(-28.99460492457,-31.67096265848,
    24.892097497688));
#1386 = CARTESIAN_POINT('',(-29.0176966483,-31.65441226616,
    24.746817836062));
#1387 = CARTESIAN_POINT('',(-29.04067264619,-31.63787042477,
    24.601877862275));
#1388 = CARTESIAN_POINT('',(-29.0463615526,-31.63377201442,
    24.565976841911));
#1389 = CARTESIAN_POINT('',(-29.04880077685,-31.63201390094,
    24.550579232927));
#1390 = CARTESIAN_POINT('',(-29.05123863404,-31.63025592965,
    24.535185897304));
#1391 = ORIENTED_EDGE('',*,*,#1392,.F.);
#1392 = EDGE_CURVE('',#923,#1372,#1393,.T.);
#1393 = B_SPLINE_CURVE_WITH_KNOTS('',3,(#1394,#1395,#1396,#1397,#1398,
    #1399,#1400,#1401,#1402,#1403,#1404,#1405,#1406,#1407,#1408,#1409,
    #1410,#1411,#1412,#1413,#1414,#1415,#1416,#1417,#1418,#1419,#1420,
    #1421,#1422,#1423,#1424,#1425,#1426,#1427,#1428,#1429,#1430,#1431,
    #1432,#1433,#1434,#1435,#1436,#1437,#1438,#1439,#1440,#1441,#1442,
    #1443,#1444,#1445,#1446,#1447,#1448,#1449,#1450,#1451,#1452,#1453,
    #1454,#1455,#1456,#1457,#1458,#1459,#1460,#1461,#1462,#1463,#1464),
  .UNSPECIFIED.,.F.,.F.,(4,1,2,2,2,2,2,2,2,2,1,2,1,2,1,2,1,2,1,1,2,2,2,2
    ,2,2,2,2,2,2,2,2,2,2,2,2,2,2,4),(-1.298723627423,-1.265821098709,
    -1.265821096019,-1.24779632381,-1.220949599828,-1.212032974987,
    -1.194268044988,-1.185420433462,-1.159014099162,-1.141521532064,
    -1.141521528573,-1.055360675828,-1.055360672487,-0.987965626265,
    -0.987965623494,-0.889464116687,-0.889464115287,-0.857360543018,
    -0.857360542103,-0.809935813106,-0.809935812801,-0.794334744455,
    -0.763361184779,-0.74794553588,-0.701531169003,-0.670433198426,
    -0.607875175597,-0.576419839521,-0.481383652273,-0.417502335718,
    -0.320979057038,-0.288638324701,-0.223744244753,-0.191207110012,
    -0.142312876693,-0.125995560745,-9.333782384482E-02,
    -7.699952990795E-02,-5.903907165213E-02),.UNSPECIFIED.);
#1394 = CARTESIAN_POINT('',(-31.93204310863,-16.70740405943,
    22.41636780563));
#1395 = CARTESIAN_POINT('',(-31.90852532543,-16.83508036363,
    22.450501319984));
#1396 = CARTESIAN_POINT('',(-31.88470769244,-16.96425854087,
    22.4850347436));
#1397 = CARTESIAN_POINT('',(-31.86060451713,-17.09483527221,
    22.519940127521));
#1398 = CARTESIAN_POINT('',(-31.84740023485,-17.16636825437,
    22.539062111806));
#1399 = CARTESIAN_POINT('',(-31.83411025383,-17.23832094512,
    22.558295721559));
#1400 = CARTESIAN_POINT('',(-31.80082629791,-17.41844631964,
    22.606443905259));
#1401 = CARTESIAN_POINT('',(-31.78073475536,-17.52711032551,
    22.635489341725));
#1402 = CARTESIAN_POINT('',(-31.75372450802,-17.67297890637,
    22.674476654055));
#1403 = CARTESIAN_POINT('',(-31.74696989201,-17.70943953694,
    22.684221515045));
#1404 = CARTESIAN_POINT('',(-31.72669198314,-17.8188110223,
    22.713452209052));
#1405 = CARTESIAN_POINT('',(-31.7131033486,-17.89198876769,
    22.733008272743));
#1406 = CARTESIAN_POINT('',(-31.69262373782,-18.00212254867,
    22.762438516148));
#1407 = CARTESIAN_POINT('',(-31.68579466575,-18.03882221667,
    22.772245174589));
#1408 = CARTESIAN_POINT('',(-31.65850305124,-18.18538357281,
    22.811407044331));
#1409 = CARTESIAN_POINT('',(-31.63788037895,-18.29589795342,
    22.840933984655));
#1410 = CARTESIAN_POINT('',(-31.60331246884,-18.48075530532,
    22.890318669677));
#1411 = CARTESIAN_POINT('',(-31.58946309716,-18.5547154779,
    22.910075831918));
#1412 = CARTESIAN_POINT('',(-31.57554133892,-18.62895953991,
    22.929907498244));
#1413 = CARTESIAN_POINT('',(-31.50696876679,-18.99465376471,
    23.027589732586));
#1414 = CARTESIAN_POINT('',(-31.43664002495,-19.36723509852,
    23.127079417439));
#1415 = CARTESIAN_POINT('',(-31.36488858475,-19.74485980392,
    23.227883214847));
#1416 = CARTESIAN_POINT('',(-31.30876457044,-20.0402379741,
    23.306731977748));
#1417 = CARTESIAN_POINT('',(-31.25177034595,-20.33870193532,
    23.38638480013));
#1418 = CARTESIAN_POINT('',(-31.19403768348,-20.63936505356,
    23.466602460244));
#1419 = CARTESIAN_POINT('',(-31.10965795174,-21.07880041407,
    23.583844873204));
#1420 = CARTESIAN_POINT('',(-31.0237025038,-21.52293375458,
    23.702294052162));
#1421 = CARTESIAN_POINT('',(-30.93656848397,-21.96899483571,
    23.82120155248));
#1422 = CARTESIAN_POINT('',(-30.90816964936,-22.11437486839,
    23.859955822438));
#1423 = CARTESIAN_POINT('',(-30.87964533056,-22.25995962616,
    23.898758743697));
#1424 = CARTESIAN_POINT('',(-30.85100857124,-22.40565308895,
    23.93758432419));
#1425 = CARTESIAN_POINT('',(-30.80870514108,-22.6208775146,
    23.994939080429));
#1426 = CARTESIAN_POINT('',(-30.7661567234,-22.83633916424,
    24.052343312196));
#1427 = CARTESIAN_POINT('',(-30.7234046549,-23.05172848622,
    24.109713176247));
#1428 = CARTESIAN_POINT('',(-30.70934071946,-23.12258400917,
    24.128585846388));
#1429 = CARTESIAN_POINT('',(-30.69525474394,-23.19343143343,
    24.147454721167));
#1430 = CARTESIAN_POINT('',(-30.65314146634,-23.40488077711,
    24.203765231559));
#1431 = CARTESIAN_POINT('',(-30.62505522248,-23.54541902706,
    24.241184949709));
#1432 = CARTESIAN_POINT('',(-30.58288092073,-23.75568538133,
    24.297159871331));
#1433 = CARTESIAN_POINT('',(-30.56884434271,-23.82554030319,
    24.315754163412));
#1434 = CARTESIAN_POINT('',(-30.51269638843,-24.10445081094,
    24.389988594225));
#1435 = CARTESIAN_POINT('',(-30.47074526002,-24.31167046029,
    24.445125579603));
#1436 = CARTESIAN_POINT('',(-30.40100328783,-24.65411665668,
    24.536214913432));
#1437 = CARTESIAN_POINT('',(-30.37310689504,-24.79054044423,
    24.572495302716));
#1438 = CARTESIAN_POINT('',(-30.28933192978,-25.19850596275,
    24.680964754083));
#1439 = CARTESIAN_POINT('',(-30.23369471671,-25.46712126409,
    24.752350829506));
#1440 = CARTESIAN_POINT('',(-30.15049078284,-25.8650311995,24.8580432219
    ));
#1441 = CARTESIAN_POINT('',(-30.12272087977,-25.99719464893,
    24.893139032299));
#1442 = CARTESIAN_POINT('',(-30.01129951221,-26.52478497987,
    25.033200715702));
#1443 = CARTESIAN_POINT('',(-29.92815255256,-26.91237052089,
    25.136005141249));
#1444 = CARTESIAN_POINT('',(-29.78973848739,-27.54603256041,
    25.303908052269));
#1445 = CARTESIAN_POINT('',(-29.73426748685,-27.79684621922,
    25.370319314443));
#1446 = CARTESIAN_POINT('',(-29.59524421169,-28.41695283685,
    25.534383080389));
#1447 = CARTESIAN_POINT('',(-29.51182677385,-28.781299132,
    25.630659340363));
#1448 = CARTESIAN_POINT('',(-29.40049900015,-29.25619749323,
    25.755968226695));
#1449 = CARTESIAN_POINT('',(-29.37256257162,-29.37441265412,
    25.787145516133));
#1450 = CARTESIAN_POINT('',(-29.28855579963,-29.72694084898,
    25.880070640342));
#1451 = CARTESIAN_POINT('',(-29.23247180178,-29.95834044347,
    25.941001460383));
#1452 = CARTESIAN_POINT('',(-29.14815354561,-30.30002040998,
    26.030866363453));
#1453 = CARTESIAN_POINT('',(-29.11997626991,-30.41316313771,
    26.060606154057));
#1454 = CARTESIAN_POINT('',(-29.04939455991,-30.69393968189,
    26.134363338877));
#1455 = CARTESIAN_POINT('',(-29.00695910277,-30.86037294523,
    26.178042303056));
#1456 = CARTESIAN_POINT('',(-28.95026054402,-31.07950702749,
    26.235494917397));
#1457 = CARTESIAN_POINT('',(-28.9360648879,-31.13410167318,
    26.249803710232));
#1458 = CARTESIAN_POINT('',(-28.89343042484,-31.2972532012,
    26.292549657539));
#1459 = CARTESIAN_POINT('',(-28.86496420883,-31.40509936979,
    26.320785838753));
#1460 = CARTESIAN_POINT('',(-28.82219187678,-31.56548910612,
    26.36274864337));
#1461 = CARTESIAN_POINT('',(-28.80791813057,-31.61873758653,
    26.37667495879));
#1462 = CARTESIAN_POINT('',(-28.77792889841,-31.73002914291,
    26.405770699655));
#1463 = CARTESIAN_POINT('',(-28.76221102626,-31.78802335774,
    26.420926273546));
#1464 = CARTESIAN_POINT('',(-28.74647812515,-31.84573543031,
    26.436001776826));
#1465 = B_SPLINE_SURFACE_WITH_KNOTS('',3,1,(
    (#1466,#1467)
    ,(#1468,#1469)
    ,(#1470,#1471)
    ,(#1472,#1473)
    ,(#1474,#1475)
    ,(#1476,#1477)
    ,(#1478,#1479)
    ,(#1480,#1481)
    ,(#1482,#1483)
    ,(#1484,#1485)
    ,(#1486,#1487)
    ,(#1488,#1489)
    ,(#1490,#1491)
    ,(#1492,#1493)
    ,(#1494,#1495)
    ,(#1496,#1497)
    ,(#1498,#1499)
    ,(#1500,#1501)
    ,(#1502,#1503)
    ,(#1504,#1505)
    ,(#1506,#1507)
    ,(#1508,#1509)
    ,(#1510,#1511)
    ,(#1512,#1513)
    ,(#1514,#1515)
    ,(#1516,#1517)
    ,(#1518,#1519)
    ,(#1520,#1521)
    ,(#1522,#1523)
    ,(#1524,#1525)
    ,(#1526,#1527)
    ,(#1528,#1529)
    ,(#1530,#1531)
    ,(#1532,#1533)
    ,(#1534,#1535)
    ,(#1536,#1537)
    ,(#1538,#1539)
    ,(#1540,#1541)
    ,(#1542,#1543)
    ,(#1544,#1545)
    ,(#1546,#1547)
    ,(#1548,#1549)
    ,(#1550,#1551)
    ,(#1552,#1553)
    ,(#1554,#1555)
    ,(#1556,#1557)
    ,(#1558,#1559)
    ,(#1560,#1561)
    ,(#1562,#1563)
    ,(#1564,#1565)
    ,(#1566,#1567)
    ,(#1568,#1569
    )),.UNSPECIFIED.,.F.,.F.,.F.,(4,3,1,1,1,1,1,1,1,1,1,1,1,1,1,1,1,1,1,
    1,1,1,1,1,1,1,1,1,1,1,1,1,1,1,1,1,1,1,1,1,1,1,1,1,3,4),(2,2),(
    -3.044826707658,-2.468737393086,-2.460737938003,-2.45273848292,
    -2.448738755379,-2.436739572754,-2.428740117672,-2.404741752423,
    -2.388742842257,-2.356745021926,-2.34074611176,-2.308748291429,
    -2.292749381263,-2.244752650766,-2.212754830434,-2.148759189771,
    -2.11676136944,-2.020767908446,-1.956772267783,-1.860778806788,
    -1.828780986457,-1.764785345794,-1.732787525463,-1.684790794965,
    -1.6687918848,-1.636794064468,-1.620795154302,-1.572798423805,
    -1.540800603474,-1.444807142479,-1.380811501817,-1.300816950988,
    -1.284818040822,-1.260819675574,-1.252820220491,-1.236821310325,
    -1.228821855242,-1.204823489994,-1.188824579828,-1.156826759496,
    -1.140827849331,-1.092831118834,-1.060833298502,-0.996837657839,
    -0.932842017176,-0.780286200316),(-3.999998022409E-03,0.339965791187
    ),.UNSPECIFIED.);
#1466 = CARTESIAN_POINT('',(-26.96370319104,-37.78517490487,
    28.434112834052));
#1467 = CARTESIAN_POINT('',(-27.19265305694,-38.7108744283,
    25.129281708888));
#1468 = CARTESIAN_POINT('',(-27.46358037289,-36.06653791139,
    27.987344277311));
#1469 = CARTESIAN_POINT('',(-27.69253023879,-36.99223743482,
    24.682513152146));
#1470 = CARTESIAN_POINT('',(-27.96345755475,-34.34790091791,
    27.54057572057));
#1471 = CARTESIAN_POINT('',(-28.19240742064,-35.27360044134,
    24.235744595405));
#1472 = CARTESIAN_POINT('',(-28.4633347366,-32.62926392443,
    27.093807163828));
#1473 = CARTESIAN_POINT('',(-28.6922846025,-33.55496344786,
    23.788976038664));
#1474 = CARTESIAN_POINT('',(-28.47027592603,-32.60539929253,
    27.087603429595));
#1475 = CARTESIAN_POINT('',(-28.69922579193,-33.53109881596,
    23.782772304431));
#1476 = CARTESIAN_POINT('',(-28.48471549115,-32.55561808171,
    27.074659801006));
#1477 = CARTESIAN_POINT('',(-28.71366535705,-33.48131760514,
    23.769828675842));
#1478 = CARTESIAN_POINT('',(-28.50250387028,-32.49394514681,
    27.058617238641));
#1479 = CARTESIAN_POINT('',(-28.73145373617,-33.41964467024,
    23.753786113477));
#1480 = CARTESIAN_POINT('',(-28.52396669858,-32.41922363513,
    27.039174261479));
#1481 = CARTESIAN_POINT('',(-28.75291656448,-33.34492315856,
    23.734343136315));
#1482 = CARTESIAN_POINT('',(-28.54544977045,-32.34401414988,
    27.01959600293));
#1483 = CARTESIAN_POINT('',(-28.77439963635,-33.26971367331,
    23.714764877765));
#1484 = CARTESIAN_POINT('',(-28.58502147895,-32.20451515883,
    26.983263068618));
#1485 = CARTESIAN_POINT('',(-28.81397134485,-33.13021468226,
    23.678431943453));
#1486 = CARTESIAN_POINT('',(-28.62824486771,-32.05044676927,
    26.943102152462));
#1487 = CARTESIAN_POINT('',(-28.8571947336,-32.9761462927,
    23.638271027297));
#1488 = CARTESIAN_POINT('',(-28.69281769934,-31.81711195327,
    26.882217351027));
#1489 = CARTESIAN_POINT('',(-28.92176756524,-32.7428114767,
    23.577386225863));
#1490 = CARTESIAN_POINT('',(-28.75008639449,-31.60680857906,
    26.827277759161));
#1491 = CARTESIAN_POINT('',(-28.97903626039,-32.53250810249,
    23.522446633996));
#1492 = CARTESIAN_POINT('',(-28.82145448808,-31.3405680739,
    26.757646669228));
#1493 = CARTESIAN_POINT('',(-29.05040435398,-32.26626759733,
    23.452815544063));
#1494 = CARTESIAN_POINT('',(-28.87838987532,-31.12486268551,
    26.701170855821));
#1495 = CARTESIAN_POINT('',(-29.10733974122,-32.05056220894,
    23.396339730657));
#1496 = CARTESIAN_POINT('',(-28.96356430349,-30.79729205447,
    26.615317360624));
#1497 = CARTESIAN_POINT('',(-29.19251416939,-31.7229915779,
    23.310486235459));
#1498 = CARTESIAN_POINT('',(-29.04844373345,-30.46438283381,
    26.527948063415));
#1499 = CARTESIAN_POINT('',(-29.27739359935,-31.39008235724,
    23.223116938251));
#1500 = CARTESIAN_POINT('',(-29.17524680229,-29.95521145957,
    26.394111223915));
#1501 = CARTESIAN_POINT('',(-29.40419666818,-30.880910983,23.08928009875
    ));
#1502 = CARTESIAN_POINT('',(-29.28743361438,-29.49230191859,
    26.272219977241));
#1503 = CARTESIAN_POINT('',(-29.51638348027,-30.41800144202,
    22.967388852076));
#1504 = CARTESIAN_POINT('',(-29.4550570099,-28.78297679459,
    26.085147006822));
#1505 = CARTESIAN_POINT('',(-29.6840068758,-29.70867631802,
    22.780315881657));
#1506 = CARTESIAN_POINT('',(-29.62193556318,-28.05396071673,
    25.892506902278));
#1507 = CARTESIAN_POINT('',(-29.85088542908,-28.97966024016,
    22.587675777113));
#1508 = CARTESIAN_POINT('',(-29.84384232729,-27.05052225369,
    25.626811939391));
#1509 = CARTESIAN_POINT('',(-30.07279219318,-27.97622177712,
    22.321980814227));
#1510 = CARTESIAN_POINT('',(-30.01017250636,-26.27504736497,
    25.421120502529));
#1511 = CARTESIAN_POINT('',(-30.23912237226,-27.2007468884,
    22.116289377365));
#1512 = CARTESIAN_POINT('',(-30.17679605405,-25.4820324071,
    25.210536329442));
#1513 = CARTESIAN_POINT('',(-30.40574591994,-26.40773193053,
    21.905705204278));
#1514 = CARTESIAN_POINT('',(-30.28807998601,-24.94471886618,
    25.067741605723));
#1515 = CARTESIAN_POINT('',(-30.51702985191,-25.87041838961,
    21.762910480559));
#1516 = CARTESIAN_POINT('',(-30.41361769649,-24.33078249498,
    24.904471912411));
#1517 = CARTESIAN_POINT('',(-30.64256756239,-25.25648201841,
    21.599640787246));
#1518 = CARTESIAN_POINT('',(-30.49751675846,-23.91634478048,
    24.794198164066));
#1519 = CARTESIAN_POINT('',(-30.72646662436,-24.84204430391,
    21.489367038901));
#1520 = CARTESIAN_POINT('',(-30.58161962468,-23.4977955727,
    24.682786885156));
#1521 = CARTESIAN_POINT('',(-30.81056949058,-24.42349509613,
    21.377955759992));
#1522 = CARTESIAN_POINT('',(-30.6377644342,-23.21686599017,
    24.607986683666));
#1523 = CARTESIAN_POINT('',(-30.8667143001,-24.1425655136,
    21.303155558502));
#1524 = CARTESIAN_POINT('',(-30.72225270007,-22.79192466227,
    24.494811639792));
#1525 = CARTESIAN_POINT('',(-30.95120256597,-23.7176241857,
    21.189980514627));
#1526 = CARTESIAN_POINT('',(-30.80740101339,-22.36078166446,
    24.379945203866));
#1527 = CARTESIAN_POINT('',(-31.03635087929,-23.28648118789,
    21.075114078702));
#1528 = CARTESIAN_POINT('',(-30.96429448783,-21.56004585965,
    24.166524309951));
#1529 = CARTESIAN_POINT('',(-31.19324435373,-22.48574538308,
    20.861693184787));
#1530 = CARTESIAN_POINT('',(-31.13638693231,-20.67108721397,
    23.929444706517));
#1531 = CARTESIAN_POINT('',(-31.3653367982,-21.5967867374,
    20.624613581352));
#1532 = CARTESIAN_POINT('',(-31.35017546853,-19.55164909949,
    23.630695259119));
#1533 = CARTESIAN_POINT('',(-31.57912533443,-20.47734862292,
    20.325864133954));
#1534 = CARTESIAN_POINT('',(-31.49089265506,-18.80629261672,
    23.431665736887));
#1535 = CARTESIAN_POINT('',(-31.71984252095,-19.73199214015,
    20.126834611723));
#1536 = CARTESIAN_POINT('',(-31.5947648373,-18.2515850791,
    23.283485402558));
#1537 = CARTESIAN_POINT('',(-31.8237147032,-19.17728460253,
    19.978654277394));
#1538 = CARTESIAN_POINT('',(-31.63601114092,-18.03055475598,
    23.224431150859));
#1539 = CARTESIAN_POINT('',(-31.86496100681,-18.95625427941,
    19.919600025695));
#1540 = CARTESIAN_POINT('',(-31.67698608184,-17.8103544164,
    23.165590582364));
#1541 = CARTESIAN_POINT('',(-31.90593594774,-18.73605393983,
    19.8607594572));
#1542 = CARTESIAN_POINT('',(-31.70416197411,-17.66400749716,
    23.126480760528));
#1543 = CARTESIAN_POINT('',(-31.93311184001,-18.58970702059,
    19.821649635364));
#1544 = CARTESIAN_POINT('',(-31.74470143255,-17.44518049452,
    23.067994701433));
#1545 = CARTESIAN_POINT('',(-31.97365129845,-18.37088001795,
    19.763163576269));
#1546 = CARTESIAN_POINT('',(-31.78484026825,-17.22809323738,
    23.009968199575));
#1547 = CARTESIAN_POINT('',(-32.01379013415,-18.15379276081,
    19.705137074411));
#1548 = CARTESIAN_POINT('',(-31.84466301416,-16.90421059701,
    22.923391432003));
#1549 = CARTESIAN_POINT('',(-32.07361288005,-17.82991012044,
    19.618560306839));
#1550 = CARTESIAN_POINT('',(-31.89721776704,-16.61914172475,
    22.847183085486));
#1551 = CARTESIAN_POINT('',(-32.12616763294,-17.54484124818,
    19.542351960321));
#1552 = CARTESIAN_POINT('',(-31.97509259827,-16.19604899837,
    22.734067682958));
#1553 = CARTESIAN_POINT('',(-32.20404246417,-17.1217485218,
    19.429236557794));
#1554 = CARTESIAN_POINT('',(-32.05158908943,-15.7795195559,
    22.622695200961));
#1555 = CARTESIAN_POINT('',(-32.28053895533,-16.70521907933,
    19.317864075796));
#1556 = CARTESIAN_POINT('',(-32.1633709591,-15.16928548185,
    22.459509571486));
#1557 = CARTESIAN_POINT('',(-32.392320825,-16.09498500528,
    19.154678446322));
#1558 = CARTESIAN_POINT('',(-32.2832621427,-14.51277888269,
    22.283924570746));
#1559 = CARTESIAN_POINT('',(-32.5122120086,-15.43847840612,
    18.979093445581));
#1560 = CARTESIAN_POINT('',(-32.37383617943,-14.01495546156,
    22.150756498471));
#1561 = CARTESIAN_POINT('',(-32.60278604533,-14.94065498499,
    18.845925373307));
#1562 = CARTESIAN_POINT('',(-32.41760353481,-13.77399775696,
    22.086295140509));
#1563 = CARTESIAN_POINT('',(-32.64655340071,-14.69969728039,
    18.781464015344));
#1564 = CARTESIAN_POINT('',(-32.52193821421,-13.19959145253,
    21.932629124856));
#1565 = CARTESIAN_POINT('',(-32.75088808011,-14.12529097596,
    18.627797999692));
#1566 = CARTESIAN_POINT('',(-32.62627289361,-12.6251851481,
    21.778963109203));
#1567 = CARTESIAN_POINT('',(-32.85522275951,-13.55088467153,
    18.474131984039));
#1568 = CARTESIAN_POINT('',(-32.73060757301,-12.05077884367,
    21.62529709355));
#1569 = CARTESIAN_POINT('',(-32.95955743891,-12.9764783671,
    18.320465968386));
#1570 = ADVANCED_FACE('',(#1571),#1618,.T.);
#1571 = FACE_BOUND('',#1572,.T.);
#1572 = EDGE_LOOP('',(#1573,#1574,#1575,#1584,#1607,#1617));
#1573 = ORIENTED_EDGE('',*,*,#1018,.F.);
#1574 = ORIENTED_EDGE('',*,*,#1291,.T.);
#1575 = ORIENTED_EDGE('',*,*,#1576,.F.);
#1576 = EDGE_CURVE('',#1577,#1277,#1579,.T.);
#1577 = VERTEX_POINT('',#1578);
#1578 = CARTESIAN_POINT('',(-28.22865661273,-32.25406378941,
    26.544639118567));
#1579 = B_SPLINE_CURVE_WITH_KNOTS('',3,(#1580,#1581,#1582,#1583),
  .UNSPECIFIED.,.F.,.F.,(4,4),(-1.326178489601,-1.035197693236),
  .PIECEWISE_BEZIER_KNOTS.);
#1580 = CARTESIAN_POINT('',(-28.22865661273,-32.25406378941,
    26.544639118567));
#1581 = CARTESIAN_POINT('',(-27.26103981042,-32.25406378941,
    26.47760521313));
#1582 = CARTESIAN_POINT('',(-26.29342300811,-32.25406378941,
    26.410571307693));
#1583 = CARTESIAN_POINT('',(-25.3258062058,-32.25406378941,
    26.343537402257));
#1584 = ORIENTED_EDGE('',*,*,#1585,.F.);
#1585 = EDGE_CURVE('',#1586,#1577,#1588,.T.);
#1586 = VERTEX_POINT('',#1587);
#1587 = CARTESIAN_POINT('',(-28.57525565084,-32.01379231907,
    24.415204927949));
#1588 = B_SPLINE_CURVE_WITH_KNOTS('',3,(#1589,#1590,#1591,#1592,#1593,
    #1594,#1595,#1596,#1597,#1598,#1599,#1600,#1601,#1602,#1603,#1604,
    #1605,#1606),.UNSPECIFIED.,.F.,.F.,(4,2,1,2,1,2,1,1,2,2,4),(
    -0.319697905508,-0.314956331502,-0.308645398816,-0.270350789718,
    -0.218506875422,-0.182433001592,-0.174014179363,-0.13895524443,
    -0.127838853119,-0.106045552495,-0.101752061735),.UNSPECIFIED.);
#1589 = CARTESIAN_POINT('',(-28.57525565084,-32.01379231907,
    24.415204927949));
#1590 = CARTESIAN_POINT('',(-28.57278885975,-32.0155428739,
    24.430585160277));
#1591 = CARTESIAN_POINT('',(-28.57032065214,-32.0172935463,
    24.445969602686));
#1592 = CARTESIAN_POINT('',(-28.56456407055,-32.02137455408,
    24.481839784293));
#1593 = CARTESIAN_POINT('',(-28.54131433066,-32.03784585276,
    24.626654501621));
#1594 = CARTESIAN_POINT('',(-28.51794446343,-32.05432350248,
    24.771803260492));
#1595 = CARTESIAN_POINT('',(-28.47054233565,-32.08760839262,
    25.065466797073));
#1596 = CARTESIAN_POINT('',(-28.42407485778,-32.12005608825,
    25.352355577456));
#1597 = CARTESIAN_POINT('',(-28.37731186598,-32.1524029132,
    25.639323109328));
#1598 = CARTESIAN_POINT('',(-28.35359976839,-32.16874155357,
    25.784464217209));
#1599 = CARTESIAN_POINT('',(-28.33041794918,-32.18470037694,
    25.92627503524));
#1600 = CARTESIAN_POINT('',(-28.30124501817,-32.20468991979,
    26.104183129957));
#1601 = CARTESIAN_POINT('',(-28.2765325818,-32.22153937172,
    26.254381742962));
#1602 = CARTESIAN_POINT('',(-28.25891428598,-32.23353760983,
    26.361375923481));
#1603 = CARTESIAN_POINT('',(-28.24724008958,-32.24146935542,
    26.432158842107));
#1604 = CARTESIAN_POINT('',(-28.23326088666,-32.25094499523,
    26.516780822766));
#1605 = CARTESIAN_POINT('',(-28.23095921096,-32.25250444014,
    26.53070940162));
#1606 = CARTESIAN_POINT('',(-28.22865661273,-32.25406378941,
    26.544639118567));
#1607 = ORIENTED_EDGE('',*,*,#1608,.F.);
#1608 = EDGE_CURVE('',#523,#1586,#1609,.T.);
#1609 = B_SPLINE_CURVE_WITH_KNOTS('',3,(#1610,#1611,#1612,#1613,#1614,
    #1615,#1616),.UNSPECIFIED.,.F.,.F.,(4,3,4),(-0.45519986534,
    -0.342637940269,-0.124068324673),.UNSPECIFIED.);
#1610 = CARTESIAN_POINT('',(-25.2718578336,-32.01379231907,
    24.186354357793));
#1611 = CARTESIAN_POINT('',(-25.64616710541,-32.01379231907,
    24.212285503543));
#1612 = CARTESIAN_POINT('',(-26.02047637722,-32.01379231907,
    24.238216649293));
#1613 = CARTESIAN_POINT('',(-26.39478564904,-32.01379231907,
    24.264147795043));
#1614 = CARTESIAN_POINT('',(-27.12160898297,-32.01379231907,
    24.314500172678));
#1615 = CARTESIAN_POINT('',(-27.84843231691,-32.01379231907,
    24.364852550314));
#1616 = CARTESIAN_POINT('',(-28.57525565084,-32.01379231907,
    24.415204927949));
#1617 = ORIENTED_EDGE('',*,*,#522,.F.);
#1618 = B_SPLINE_SURFACE_WITH_KNOTS('',1,3,(
    (#1619,#1620,#1621,#1622,#1623,#1624,#1625,#1626,#1627,#1628,#1629
      ,#1630,#1631,#1632,#1633,#1634,#1635,#1636,#1637,#1638,#1639,#1640
      ,#1641,#1642,#1643,#1644,#1645,#1646,#1647,#1648,#1649,#1650,#1651
      ,#1652,#1653,#1654,#1655,#1656,#1657,#1658,#1659,#1660,#1661,#1662
      ,#1663,#1664,#1665,#1666,#1667,#1668,#1669,#1670,#1671,#1672,#1673
      ,#1674,#1675,#1676,#1677,#1678,#1679,#1680,#1681,#1682,#1683,#1684
      ,#1685,#1686,#1687,#1688,#1689,#1690,#1691,#1692,#1693,#1694,#1695
      ,#1696,#1697,#1698,#1699,#1700,#1701,#1702,#1703,#1704,#1705,#1706
      ,#1707,#1708,#1709,#1710,#1711,#1712,#1713,#1714,#1715,#1716,#1717
      ,#1718,#1719,#1720,#1721,#1722,#1723,#1724,#1725,#1726,#1727,#1728
      ,#1729,#1730,#1731,#1732,#1733,#1734,#1735,#1736,#1737,#1738,#1739
      )
    ,(#1740,#1741,#1742,#1743,#1744,#1745,#1746,#1747,#1748,#1749,#1750
      ,#1751,#1752,#1753,#1754,#1755,#1756,#1757,#1758,#1759,#1760,#1761
      ,#1762,#1763,#1764,#1765,#1766,#1767,#1768,#1769,#1770,#1771,#1772
      ,#1773,#1774,#1775,#1776,#1777,#1778,#1779,#1780,#1781,#1782,#1783
      ,#1784,#1785,#1786,#1787,#1788,#1789,#1790,#1791,#1792,#1793,#1794
      ,#1795,#1796,#1797,#1798,#1799,#1800,#1801,#1802,#1803,#1804,#1805
      ,#1806,#1807,#1808,#1809,#1810,#1811,#1812,#1813,#1814,#1815,#1816
      ,#1817,#1818,#1819,#1820,#1821,#1822,#1823,#1824,#1825,#1826,#1827
      ,#1828,#1829,#1830,#1831,#1832,#1833,#1834,#1835,#1836,#1837,#1838
      ,#1839,#1840,#1841,#1842,#1843,#1844,#1845,#1846,#1847,#1848,#1849
      ,#1850,#1851,#1852,#1853,#1854,#1855,#1856,#1857,#1858,#1859,#1860
      )
    ,(#1861,#1862,#1863,#1864,#1865,#1866,#1867,#1868,#1869,#1870,#1871
      ,#1872,#1873,#1874,#1875,#1876,#1877,#1878,#1879,#1880,#1881,#1882
      ,#1883,#1884,#1885,#1886,#1887,#1888,#1889,#1890,#1891,#1892,#1893
      ,#1894,#1895,#1896,#1897,#1898,#1899,#1900,#1901,#1902,#1903,#1904
      ,#1905,#1906,#1907,#1908,#1909,#1910,#1911,#1912,#1913,#1914,#1915
      ,#1916,#1917,#1918,#1919,#1920,#1921,#1922,#1923,#1924,#1925,#1926
      ,#1927,#1928,#1929,#1930,#1931,#1932,#1933,#1934,#1935,#1936,#1937
      ,#1938,#1939,#1940,#1941,#1942,#1943,#1944,#1945,#1946,#1947,#1948
      ,#1949,#1950,#1951,#1952,#1953,#1954,#1955,#1956,#1957,#1958,#1959
      ,#1960,#1961,#1962,#1963,#1964,#1965,#1966,#1967,#1968,#1969,#1970
      ,#1971,#1972,#1973,#1974,#1975,#1976,#1977,#1978,#1979,#1980,#1981
      )
    ,(#1982,#1983,#1984,#1985,#1986,#1987,#1988,#1989,#1990,#1991,#1992
      ,#1993,#1994,#1995,#1996,#1997,#1998,#1999,#2000,#2001,#2002,#2003
      ,#2004,#2005,#2006,#2007,#2008,#2009,#2010,#2011,#2012,#2013,#2014
      ,#2015,#2016,#2017,#2018,#2019,#2020,#2021,#2022,#2023,#2024,#2025
      ,#2026,#2027,#2028,#2029,#2030,#2031,#2032,#2033,#2034,#2035,#2036
      ,#2037,#2038,#2039,#2040,#2041,#2042,#2043,#2044,#2045,#2046,#2047
      ,#2048,#2049,#2050,#2051,#2052,#2053,#2054,#2055,#2056,#2057,#2058
      ,#2059,#2060,#2061,#2062,#2063,#2064,#2065,#2066,#2067,#2068,#2069
      ,#2070,#2071,#2072,#2073,#2074,#2075,#2076,#2077,#2078,#2079,#2080
      ,#2081,#2082,#2083,#2084,#2085,#2086,#2087,#2088,#2089,#2090,#2091
      ,#2092,#2093,#2094,#2095,#2096,#2097,#2098,#2099,#2100,#2101,#2102
      )
    ,(#2103,#2104,#2105,#2106,#2107,#2108,#2109,#2110,#2111,#2112,#2113
      ,#2114,#2115,#2116,#2117,#2118,#2119,#2120,#2121,#2122,#2123,#2124
      ,#2125,#2126,#2127,#2128,#2129,#2130,#2131,#2132,#2133,#2134,#2135
      ,#2136,#2137,#2138,#2139,#2140,#2141,#2142,#2143,#2144,#2145,#2146
      ,#2147,#2148,#2149,#2150,#2151,#2152,#2153,#2154,#2155,#2156,#2157
      ,#2158,#2159,#2160,#2161,#2162,#2163,#2164,#2165,#2166,#2167,#2168
      ,#2169,#2170,#2171,#2172,#2173,#2174,#2175,#2176,#2177,#2178,#2179
      ,#2180,#2181,#2182,#2183,#2184,#2185,#2186,#2187,#2188,#2189,#2190
      ,#2191,#2192,#2193,#2194,#2195,#2196,#2197,#2198,#2199,#2200,#2201
      ,#2202,#2203,#2204,#2205,#2206,#2207,#2208,#2209,#2210,#2211,#2212
      ,#2213,#2214,#2215,#2216,#2217,#2218,#2219,#2220,#2221,#2222,#2223
      )
    ,(#2224,#2225,#2226,#2227,#2228,#2229,#2230,#2231,#2232,#2233,#2234
      ,#2235,#2236,#2237,#2238,#2239,#2240,#2241,#2242,#2243,#2244,#2245
      ,#2246,#2247,#2248,#2249,#2250,#2251,#2252,#2253,#2254,#2255,#2256
      ,#2257,#2258,#2259,#2260,#2261,#2262,#2263,#2264,#2265,#2266,#2267
      ,#2268,#2269,#2270,#2271,#2272,#2273,#2274,#2275,#2276,#2277,#2278
      ,#2279,#2280,#2281,#2282,#2283,#2284,#2285,#2286,#2287,#2288,#2289
      ,#2290,#2291,#2292,#2293,#2294,#2295,#2296,#2297,#2298,#2299,#2300
      ,#2301,#2302,#2303,#2304,#2305,#2306,#2307,#2308,#2309,#2310,#2311
      ,#2312,#2313,#2314,#2315,#2316,#2317,#2318,#2319,#2320,#2321,#2322
      ,#2323,#2324,#2325,#2326,#2327,#2328,#2329,#2330,#2331,#2332,#2333
      ,#2334,#2335,#2336,#2337,#2338,#2339,#2340,#2341,#2342,#2343,#2344
      )),.UNSPECIFIED.,.F.,.F.,.F.,(2,1,1,1,1,2),(4,3,3,3,3,3,3,3,3,3,3,
    3,3,3,3,3,3,3,3,3,3,3,3,3,3,3,3,3,3,3,3,3,3,3,3,3,3,3,3,3,4),(
    -110.8952317033,-24.18634491994,-2.496215984376E-05,3.,
    62.522541863463,149.23142864686),(134.03660031611,231.54230134863,
    268.18765146798,269.67458883657,269.93867323308,271.82681164461,
    272.95806931682,274.02409607286,274.32269814688,274.52211904156,
    275.8153865848,276.8751462618,277.73331535287,278.41316243514,
    278.94209390573,279.3811327839,279.50704574689,279.71841245242,
    279.95654500223,280.30038710393,280.63719823677,280.99535869504,
    281.30168814508,281.40431272055,281.89125477971,282.47089851505,
    283.15358998019,283.95237792191,284.60912843862,285.36011074518,
    286.49453580977,287.78309875412,287.85430297949,290.86150326549,
    291.0946196868,294.33076784108,294.761978551,297.55927785751,
    298.29367079033,329.04800238116,426.55370341368),.UNSPECIFIED.);
#1619 = CARTESIAN_POINT('',(-158.2123523075,114.09364846472,
    -7.541873403481));
#1620 = CARTESIAN_POINT('',(-154.550662705,82.262966172419,
    -2.084576719196));
#1621 = CARTESIAN_POINT('',(-150.8889731025,50.432283880114,
    3.37271996509));
#1622 = CARTESIAN_POINT('',(-147.2272835,18.601601587809,8.830016649375)
  );
#1623 = CARTESIAN_POINT('',(-145.8511188646,6.638747264551,
    10.881020288989));
#1624 = CARTESIAN_POINT('',(-144.4749542292,-5.324107058708,
    12.932023928603));
#1625 = CARTESIAN_POINT('',(-143.0987895938,-17.28696138196,
    14.983027568216));
#1626 = CARTESIAN_POINT('',(-143.0429497501,-17.77237126535,
    15.066249967372));
#1627 = CARTESIAN_POINT('',(-142.9884246629,-18.25777333137,
    15.150431953716));
#1628 = CARTESIAN_POINT('',(-142.9351940005,-18.74318433608,
    15.235283451685));
#1629 = CARTESIAN_POINT('',(-142.9257399366,-18.82939605038,
    15.250353553161));
#1630 = CARTESIAN_POINT('',(-142.9163267764,-18.91560859928,
    15.265444857307));
#1631 = CARTESIAN_POINT('',(-142.90695342,-19.00182200901,
    15.280555720482));
#1632 = CARTESIAN_POINT('',(-142.8399369854,-19.61821971233,
    15.388593453656));
#1633 = CARTESIAN_POINT('',(-142.7749560727,-20.23467622185,
    15.497633757397));
#1634 = CARTESIAN_POINT('',(-142.7115132031,-20.85115190553,
    15.607396418012));
#1635 = CARTESIAN_POINT('',(-142.6735020374,-21.2205071927,
    15.673159626692));
#1636 = CARTESIAN_POINT('',(-142.6360411738,-21.58987482243,
    15.739183051056));
#1637 = CARTESIAN_POINT('',(-142.5989965719,-21.95921701984,
    15.805572089108));
#1638 = CARTESIAN_POINT('',(-142.5640881317,-22.30726125253,
    15.8681328308));
#1639 = CARTESIAN_POINT('',(-142.5295482129,-22.65528664671,
    15.931018895513));
#1640 = CARTESIAN_POINT('',(-142.4952330246,-23.00321187216,
    15.99456630301));
#1641 = CARTESIAN_POINT('',(-142.4856210744,-23.10066842384,
    16.012366424272));
#1642 = CARTESIAN_POINT('',(-142.476026885,-23.19811733023,
    16.030218474658));
#1643 = CARTESIAN_POINT('',(-142.4664473695,-23.29555672165,
    16.04812982546));
#1644 = CARTESIAN_POINT('',(-142.4600497064,-23.36063145179,
    16.060091890321));
#1645 = CARTESIAN_POINT('',(-142.4536585834,-23.42570199187,
    16.072080414316));
#1646 = CARTESIAN_POINT('',(-142.4472729931,-23.49076776303,
    16.084097589042));
#1647 = CARTESIAN_POINT('',(-142.4058628926,-23.91271468203,
    16.162028116257));
#1648 = CARTESIAN_POINT('',(-142.3646765695,-24.33448867633,
    16.241168839657));
#1649 = CARTESIAN_POINT('',(-142.3233281627,-24.75572204946,
    16.322938959993));
#1650 = CARTESIAN_POINT('',(-142.2894479314,-25.1008740203,
    16.389940104704));
#1651 = CARTESIAN_POINT('',(-142.2554523063,-25.44573704161,
    16.458721438121));
#1652 = CARTESIAN_POINT('',(-142.2209837922,-25.78976756002,
    16.531070991805));
#1653 = CARTESIAN_POINT('',(-142.193069308,-26.06838225301,
    16.589663609639));
#1654 = CARTESIAN_POINT('',(-142.1648489052,-26.34639974488,
    16.650584803077));
#1655 = CARTESIAN_POINT('',(-142.1358707122,-26.62332282017,
    16.716301107865));
#1656 = CARTESIAN_POINT('',(-142.1129164882,-26.8426792971,
    16.768356347674));
#1657 = CARTESIAN_POINT('',(-142.0894963142,-27.06124197912,
    16.823394881826));
#1658 = CARTESIAN_POINT('',(-142.0651514551,-27.27821586698,
    16.884159806477));
#1659 = CARTESIAN_POINT('',(-142.0462123737,-27.44701068796,
    16.931431875385));
#1660 = CARTESIAN_POINT('',(-142.0267259377,-27.61471621604,
    16.982133904056));
#1661 = CARTESIAN_POINT('',(-142.0062485427,-27.78033133535,
    17.039124121515));
#1662 = CARTESIAN_POINT('',(-141.9892599289,-27.9177302235,
    17.086404783728));
#1663 = CARTESIAN_POINT('',(-141.9715979053,-28.0535996383,
    17.137982449373));
#1664 = CARTESIAN_POINT('',(-141.9528817933,-28.18630272432,
    17.196770926802));
#1665 = CARTESIAN_POINT('',(-141.9475143582,-28.22435951761,
    17.213630375971));
#1666 = CARTESIAN_POINT('',(-141.9420622196,-28.2621454875,
    17.231078360683));
#1667 = CARTESIAN_POINT('',(-141.9365267555,-28.29962561826,
    17.249133341935));
#1668 = CARTESIAN_POINT('',(-141.9272352623,-28.36253748472,
    17.27943933464));
#1669 = CARTESIAN_POINT('',(-141.917708483,-28.42458998278,
    17.311456638629));
#1670 = CARTESIAN_POINT('',(-141.9079561528,-28.48561657722,
    17.34527291483));
#1671 = CARTESIAN_POINT('',(-141.8969695347,-28.55436690351,
    17.383369093129));
#1672 = CARTESIAN_POINT('',(-141.8856984355,-28.62180374009,
    17.423742072727));
#1673 = CARTESIAN_POINT('',(-141.8741691483,-28.68768023788,
    17.466477999759));
#1674 = CARTESIAN_POINT('',(-141.8575312575,-28.78274647702,
    17.528150128598));
#1675 = CARTESIAN_POINT('',(-141.8403492953,-28.87458408486,
    17.594756490687));
#1676 = CARTESIAN_POINT('',(-141.822669669,-28.96155648919,
    17.667204762269));
#1677 = CARTESIAN_POINT('',(-141.80535869,-29.04671538581,
    17.738142376533));
#1678 = CARTESIAN_POINT('',(-141.7875797172,-29.12718757307,
    17.814662682502));
#1679 = CARTESIAN_POINT('',(-141.7696207139,-29.20238508763,
    17.895938135396));
#1680 = CARTESIAN_POINT('',(-141.7505196746,-29.28236450786,
    17.982381997788));
#1681 = CARTESIAN_POINT('',(-141.7312078811,-29.35641891934,
    18.074250120634));
#1682 = CARTESIAN_POINT('',(-141.7120104808,-29.42475042924,
    18.170120343555));
#1683 = CARTESIAN_POINT('',(-141.6955806813,-29.48323089985,
    18.252169397685));
#1684 = CARTESIAN_POINT('',(-141.6792323799,-29.53752697077,
    18.337159897021));
#1685 = CARTESIAN_POINT('',(-141.6630976985,-29.58837468865,
    18.42418152752));
#1686 = CARTESIAN_POINT('',(-141.6576905865,-29.60541495723,
    18.45334452672));
#1687 = CARTESIAN_POINT('',(-141.6523064727,-29.62207009399,
    18.482739324884));
#1688 = CARTESIAN_POINT('',(-141.6469495485,-29.638367908,18.51233258703
    ));
#1689 = CARTESIAN_POINT('',(-141.6215335127,-29.71569321908,
    18.652738423035));
#1690 = CARTESIAN_POINT('',(-141.5967542723,-29.78493452266,
    18.797535589738));
#1691 = CARTESIAN_POINT('',(-141.5727511374,-29.84844419669,
    18.944893450145));
#1692 = CARTESIAN_POINT('',(-141.5441662775,-29.92407661479,
    19.120379019525));
#1693 = CARTESIAN_POINT('',(-141.5166973575,-29.99153072321,
    19.299378271197));
#1694 = CARTESIAN_POINT('',(-141.4902532257,-30.05343879139,
    19.480446895004));
#1695 = CARTESIAN_POINT('',(-141.4590979026,-30.12637617827,
    19.693774053434));
#1696 = CARTESIAN_POINT('',(-141.4293934843,-30.19153745282,
    19.909743911239));
#1697 = CARTESIAN_POINT('',(-141.4007423309,-30.25165081433,
    20.127346887986));
#1698 = CARTESIAN_POINT('',(-141.3672142142,-30.32199659665,
    20.38198996984));
#1699 = CARTESIAN_POINT('',(-141.335164633,-30.3853433149,
    20.638557333152));
#1700 = CARTESIAN_POINT('',(-141.3038180832,-30.4442072256,
    20.896350405806));
#1701 = CARTESIAN_POINT('',(-141.2780452623,-30.49260454652,
    21.108305301801));
#1702 = CARTESIAN_POINT('',(-141.2527604706,-30.53793904529,
    21.320950023195));
#1703 = CARTESIAN_POINT('',(-141.2275173453,-30.58090850138,
    21.534131690847));
#1704 = CARTESIAN_POINT('',(-141.1986546078,-30.6300393487,
    21.777881482371));
#1705 = CARTESIAN_POINT('',(-141.1698544425,-30.67606433737,
    22.022266133221));
#1706 = CARTESIAN_POINT('',(-141.1407626517,-30.72001417617,
    22.266972252734));
#1707 = CARTESIAN_POINT('',(-141.0968202178,-30.78639932587,
    22.636594822937));
#1708 = CARTESIAN_POINT('',(-141.0521977985,-30.8480719789,
    23.007086902341));
#1709 = CARTESIAN_POINT('',(-141.0057043525,-30.90652753289,
    23.377730789942));
#1710 = CARTESIAN_POINT('',(-140.952901838,-30.97291538976,
    23.798670318891));
#1711 = CARTESIAN_POINT('',(-140.8976218986,-31.03522759339,
    24.220279907928));
#1712 = CARTESIAN_POINT('',(-140.8380974334,-31.09502870024,
    24.641310418078));
#1713 = CARTESIAN_POINT('',(-140.8348072827,-31.09833414201,
    24.664582426032));
#1714 = CARTESIAN_POINT('',(-140.8315040159,-31.10163206214,
    24.687853671869));
#1715 = CARTESIAN_POINT('',(-140.8281873327,-31.10492255891,
    24.711124038959));
#1716 = CARTESIAN_POINT('',(-140.6882414826,-31.24376348679,
    25.693005981171));
#1717 = CARTESIAN_POINT('',(-140.5241121538,-31.36968341973,
    26.675543261234));
#1718 = CARTESIAN_POINT('',(-140.3193325755,-31.48989246889,
    27.648636045198));
#1719 = CARTESIAN_POINT('',(-140.3034464402,-31.4992178969,
    27.724125426133));
#1720 = CARTESIAN_POINT('',(-140.2873134197,-31.50851028497,
    27.799569046145));
#1721 = CARTESIAN_POINT('',(-140.2709264202,-31.5177701835,
    27.874960026378));
#1722 = CARTESIAN_POINT('',(-140.0437013163,-31.64616961391,
    28.920345015034));
#1723 = CARTESIAN_POINT('',(-139.7671855378,-31.76860094375,
    29.957788358652));
#1724 = CARTESIAN_POINT('',(-139.4155500722,-31.88660038454,
    30.970029723459));
#1725 = CARTESIAN_POINT('',(-139.3686689169,-31.90233244417,
    31.104984952131));
#1726 = CARTESIAN_POINT('',(-139.3204502107,-31.91798612429,
    31.239499804996));
#1727 = CARTESIAN_POINT('',(-139.2708581434,-31.93356067932,
    31.373501185244));
#1728 = CARTESIAN_POINT('',(-138.949754558,-32.03440433707,
    32.24114647602));
#1729 = CARTESIAN_POINT('',(-138.5698846548,-32.13231672586,
    33.090491797029));
#1730 = CARTESIAN_POINT('',(-138.1205314199,-32.22559219357,
    33.900633633132));
#1731 = CARTESIAN_POINT('',(-138.0019539537,-32.25020616707,
    34.114417709287));
#1732 = CARTESIAN_POINT('',(-137.8790167751,-32.27439802401,
    34.32460616574));
#1733 = CARTESIAN_POINT('',(-137.7512426818,-32.29819154693,
    34.53133174922));
#1734 = CARTESIAN_POINT('',(-132.4004193605,-33.2945980493,
    43.188423693495));
#1735 = CARTESIAN_POINT('',(-127.0495960392,-34.29100455167,
    51.845515637769));
#1736 = CARTESIAN_POINT('',(-121.6987727179,-35.28741105405,
    60.502607582044));
#1737 = CARTESIAN_POINT('',(-104.734145231,-38.44648847507,
    87.949662200563));
#1738 = CARTESIAN_POINT('',(-87.76951774414,-41.60556589609,
    115.39671681908));
#1739 = CARTESIAN_POINT('',(-70.80489025725,-44.76464331712,
    142.8437714376));
#1740 = CARTESIAN_POINT('',(-71.71079260748,114.09364846472,
    -13.53447022404));
#1741 = CARTESIAN_POINT('',(-68.04910300496,82.262966172419,
    -8.077173539764));
#1742 = CARTESIAN_POINT('',(-64.38741340244,50.432283880114,
    -2.619876855488));
#1743 = CARTESIAN_POINT('',(-60.72572379992,18.601601587809,
    2.837419828788));
#1744 = CARTESIAN_POINT('',(-59.3495591645,6.638747264551,4.888423468399
    ));
#1745 = CARTESIAN_POINT('',(-57.97339452908,-5.324107058708,
    6.939427108009));
#1746 = CARTESIAN_POINT('',(-56.59722989366,-17.28696138196,
    8.99043074762));
#1747 = CARTESIAN_POINT('',(-56.54139004999,-17.77237126535,
    9.073653146775));
#1748 = CARTESIAN_POINT('',(-56.48686496278,-18.25777333137,
    9.157835133119));
#1749 = CARTESIAN_POINT('',(-56.4336343004,-18.74318433608,
    9.242686631085));
#1750 = CARTESIAN_POINT('',(-56.4241802365,-18.82939605038,
    9.257756732564));
#1751 = CARTESIAN_POINT('',(-56.41476707628,-18.91560859928,
    9.272848036711));
#1752 = CARTESIAN_POINT('',(-56.40539371991,-19.00182200901,
    9.287958899886));
#1753 = CARTESIAN_POINT('',(-56.33837728525,-19.61821971233,
    9.395996633059));
#1754 = CARTESIAN_POINT('',(-56.27339637255,-20.23467622185,9.5050369368
    ));
#1755 = CARTESIAN_POINT('',(-56.20995350293,-20.85115190553,
    9.614799597415));
#1756 = CARTESIAN_POINT('',(-56.17194233728,-21.2205071927,
    9.680562806096));
#1757 = CARTESIAN_POINT('',(-56.13448147366,-21.58987482243,
    9.746586230459));
#1758 = CARTESIAN_POINT('',(-56.0974368718,-21.95921701984,
    9.812975268512));
#1759 = CARTESIAN_POINT('',(-56.06252843155,-22.30726125253,
    9.875536010203));
#1760 = CARTESIAN_POINT('',(-56.02798851282,-22.65528664671,
    9.938422074916));
#1761 = CARTESIAN_POINT('',(-55.99367332446,-23.00321187216,
    10.001969482414));
#1762 = CARTESIAN_POINT('',(-55.98406137429,-23.10066842384,
    10.019769603675));
#1763 = CARTESIAN_POINT('',(-55.97446718491,-23.19811733023,
    10.037621654061));
#1764 = CARTESIAN_POINT('',(-55.96488766934,-23.29555672165,
    10.055533004863));
#1765 = CARTESIAN_POINT('',(-55.95849000632,-23.36063145179,
    10.067495069722));
#1766 = CARTESIAN_POINT('',(-55.95209888325,-23.42570199187,
    10.079483593719));
#1767 = CARTESIAN_POINT('',(-55.94571329302,-23.49076776303,
    10.091500768445));
#1768 = CARTESIAN_POINT('',(-55.90430319248,-23.91271468203,
    10.169431295661));
#1769 = CARTESIAN_POINT('',(-55.86311686941,-24.33448867633,
    10.24857201906));
#1770 = CARTESIAN_POINT('',(-55.82176846254,-24.75572204946,
    10.330342139397));
#1771 = CARTESIAN_POINT('',(-55.78788823122,-25.1008740203,
    10.397343284107));
#1772 = CARTESIAN_POINT('',(-55.75389260613,-25.44573704161,
    10.466124617522));
#1773 = CARTESIAN_POINT('',(-55.71942409203,-25.78976756002,
    10.538474171208));
#1774 = CARTESIAN_POINT('',(-55.69150960782,-26.06838225301,
    10.597066789042));
#1775 = CARTESIAN_POINT('',(-55.66328920505,-26.34639974488,
    10.65798798248));
#1776 = CARTESIAN_POINT('',(-55.63431101208,-26.62332282017,
    10.723704287265));
#1777 = CARTESIAN_POINT('',(-55.61135678803,-26.8426792971,
    10.775759527077));
#1778 = CARTESIAN_POINT('',(-55.58793661402,-27.06124197912,
    10.830798061229));
#1779 = CARTESIAN_POINT('',(-55.56359175496,-27.27821586698,
    10.89156298588));
#1780 = CARTESIAN_POINT('',(-55.54465267355,-27.44701068796,
    10.938835054789));
#1781 = CARTESIAN_POINT('',(-55.52516623753,-27.61471621604,
    10.98953708346));
#1782 = CARTESIAN_POINT('',(-55.50468884255,-27.78033133535,
    11.046527300918));
#1783 = CARTESIAN_POINT('',(-55.48770022874,-27.9177302235,
    11.093807963131));
#1784 = CARTESIAN_POINT('',(-55.47003820521,-28.0535996383,
    11.145385628773));
#1785 = CARTESIAN_POINT('',(-55.45132209321,-28.18630272432,
    11.204174106202));
#1786 = CARTESIAN_POINT('',(-55.44595465808,-28.22435951761,
    11.221033555374));
#1787 = CARTESIAN_POINT('',(-55.44050251944,-28.2621454875,
    11.238481540087));
#1788 = CARTESIAN_POINT('',(-55.43496705534,-28.29962561826,
    11.256536521338));
#1789 = CARTESIAN_POINT('',(-55.42567556219,-28.36253748472,
    11.286842514043));
#1790 = CARTESIAN_POINT('',(-55.41614878291,-28.42458998278,
    11.318859818032));
#1791 = CARTESIAN_POINT('',(-55.40639645265,-28.48561657722,
    11.352676094234));
#1792 = CARTESIAN_POINT('',(-55.39540983456,-28.55436690351,
    11.39077227253));
#1793 = CARTESIAN_POINT('',(-55.38413873539,-28.62180374009,
    11.43114525213));
#1794 = CARTESIAN_POINT('',(-55.37260944816,-28.68768023788,
    11.473881179162));
#1795 = CARTESIAN_POINT('',(-55.35597155734,-28.78274647702,
    11.535553308001));
#1796 = CARTESIAN_POINT('',(-55.33878959519,-28.87458408486,
    11.602159670087));
#1797 = CARTESIAN_POINT('',(-55.3211099689,-28.96155648919,
    11.674607941672));
#1798 = CARTESIAN_POINT('',(-55.30379898987,-29.04671538581,
    11.745545555936));
#1799 = CARTESIAN_POINT('',(-55.28602001706,-29.12718757307,
    11.822065861905));
#1800 = CARTESIAN_POINT('',(-55.26806101373,-29.20238508763,
    11.9033413148));
#1801 = CARTESIAN_POINT('',(-55.24895997451,-29.28236450786,
    11.989785177192));
#1802 = CARTESIAN_POINT('',(-55.22964818098,-29.35641891934,
    12.081653300037));
#1803 = CARTESIAN_POINT('',(-55.21045078064,-29.42475042924,
    12.177523522958));
#1804 = CARTESIAN_POINT('',(-55.19402098116,-29.48323089985,
    12.259572577088));
#1805 = CARTESIAN_POINT('',(-55.17767267981,-29.53752697077,
    12.344563076425));
#1806 = CARTESIAN_POINT('',(-55.16153799833,-29.58837468865,
    12.431584706923));
#1807 = CARTESIAN_POINT('',(-55.15613088633,-29.60541495723,
    12.460747706121));
#1808 = CARTESIAN_POINT('',(-55.15074677255,-29.62207009399,
    12.490142504284));
#1809 = CARTESIAN_POINT('',(-55.14538984841,-29.638367908,
    12.519735766433));
#1810 = CARTESIAN_POINT('',(-55.11997381257,-29.71569321908,
    12.660141602439));
#1811 = CARTESIAN_POINT('',(-55.09519457218,-29.78493452266,
    12.804938769142));
#1812 = CARTESIAN_POINT('',(-55.07119143728,-29.84844419669,
    12.952296629548));
#1813 = CARTESIAN_POINT('',(-55.04260657739,-29.92407661479,
    13.127782198926));
#1814 = CARTESIAN_POINT('',(-55.01513765732,-29.99153072321,
    13.3067814506));
#1815 = CARTESIAN_POINT('',(-54.9886935256,-30.05343879139,
    13.487850074407));
#1816 = CARTESIAN_POINT('',(-54.9575382025,-30.12637617827,
    13.701177232837));
#1817 = CARTESIAN_POINT('',(-54.92783378419,-30.19153745282,
    13.91714709064));
#1818 = CARTESIAN_POINT('',(-54.89918263077,-30.25165081433,
    14.13475006739));
#1819 = CARTESIAN_POINT('',(-54.86565451404,-30.32199659665,
    14.389393149243));
#1820 = CARTESIAN_POINT('',(-54.83360493285,-30.3853433149,
    14.645960512556));
#1821 = CARTESIAN_POINT('',(-54.80225838307,-30.4442072256,
    14.903753585209));
#1822 = CARTESIAN_POINT('',(-54.77648556214,-30.49260454652,
    15.115708481205));
#1823 = CARTESIAN_POINT('',(-54.75120077046,-30.53793904529,
    15.328353202598));
#1824 = CARTESIAN_POINT('',(-54.72595764518,-30.58090850138,
    15.54153487025));
#1825 = CARTESIAN_POINT('',(-54.69709490763,-30.6300393487,
    15.785284661774));
#1826 = CARTESIAN_POINT('',(-54.66829474241,-30.67606433737,
    16.029669312624));
#1827 = CARTESIAN_POINT('',(-54.63920295159,-30.72001417617,
    16.274375432137));
#1828 = CARTESIAN_POINT('',(-54.59526051766,-30.78639932587,
    16.64399800234));
#1829 = CARTESIAN_POINT('',(-54.55063809834,-30.8480719789,
    17.014490081745));
#1830 = CARTESIAN_POINT('',(-54.50414465236,-30.90652753289,
    17.385133969342));
#1831 = CARTESIAN_POINT('',(-54.45134213786,-30.97291538976,
    17.806073498295));
#1832 = CARTESIAN_POINT('',(-54.39606219846,-31.03522759339,
    18.227683087331));
#1833 = CARTESIAN_POINT('',(-54.33653773328,-31.09502870024,
    18.648713597481));
#1834 = CARTESIAN_POINT('',(-54.33324758259,-31.09833414201,
    18.671985605435));
#1835 = CARTESIAN_POINT('',(-54.32994431574,-31.10163206214,
    18.695256851272));
#1836 = CARTESIAN_POINT('',(-54.32662763258,-31.10492255891,
    18.718527218362));
#1837 = CARTESIAN_POINT('',(-54.18668178248,-31.24376348679,
    19.700409160574));
#1838 = CARTESIAN_POINT('',(-54.02255245366,-31.36968341973,
    20.682946440634));
#1839 = CARTESIAN_POINT('',(-53.81777287536,-31.48989246889,
    21.656039224601));
#1840 = CARTESIAN_POINT('',(-53.80188674009,-31.4992178969,
    21.731528605533));
#1841 = CARTESIAN_POINT('',(-53.78575371958,-31.50851028497,
    21.806972225548));
#1842 = CARTESIAN_POINT('',(-53.76936672005,-31.5177701835,
    21.882363205781));
#1843 = CARTESIAN_POINT('',(-53.54214161612,-31.64616961391,
    22.927748194437));
#1844 = CARTESIAN_POINT('',(-53.26562583768,-31.76860094375,
    23.965191538055));
#1845 = CARTESIAN_POINT('',(-52.91399037212,-31.88660038454,
    24.977432902862));
#1846 = CARTESIAN_POINT('',(-52.86710921678,-31.90233244417,
    25.112388131534));
#1847 = CARTESIAN_POINT('',(-52.81889051057,-31.91798612429,
    25.246902984397));
#1848 = CARTESIAN_POINT('',(-52.76929844328,-31.93356067932,
    25.380904364647));
#1849 = CARTESIAN_POINT('',(-52.4481948579,-32.03440433707,
    26.248549655423));
#1850 = CARTESIAN_POINT('',(-52.06832495463,-32.13231672586,
    27.097894976432));
#1851 = CARTESIAN_POINT('',(-51.61897171979,-32.22559219357,
    27.908036812535));
#1852 = CARTESIAN_POINT('',(-51.5003942536,-32.25020616707,
    28.121820888687));
#1853 = CARTESIAN_POINT('',(-51.37745707494,-32.27439802401,
    28.332009345144));
#1854 = CARTESIAN_POINT('',(-51.24968298171,-32.29819154693,
    28.538734928621));
#1855 = CARTESIAN_POINT('',(-45.89885966038,-33.2945980493,
    37.195826872766));
#1856 = CARTESIAN_POINT('',(-40.54803633906,-34.29100455167,
    45.852918816912));
#1857 = CARTESIAN_POINT('',(-35.19721301773,-35.28741105405,
    54.510010761058));
#1858 = CARTESIAN_POINT('',(-18.23258553082,-38.44648847507,
    81.957065379166));
#1859 = CARTESIAN_POINT('',(-1.267958043922,-41.60556589609,
    109.40411999727));
#1860 = CARTESIAN_POINT('',(15.696669442983,-44.76464331712,
    136.85117461538));
#1861 = CARTESIAN_POINT('',(-47.582303852,114.09364846472,
    -15.20602742488));
#1862 = CARTESIAN_POINT('',(-43.92061424948,82.262966172419,
    -9.748730740612));
#1863 = CARTESIAN_POINT('',(-40.25892464695,50.432283880114,
    -4.291434056338));
#1864 = CARTESIAN_POINT('',(-36.59723504442,18.601601587809,
    1.165862627936));
#1865 = CARTESIAN_POINT('',(-35.221070409,6.638747264551,3.216866267545)
  );
#1866 = CARTESIAN_POINT('',(-33.84490577358,-5.324107058708,
    5.267869907155));
#1867 = CARTESIAN_POINT('',(-32.46874113816,-17.28696138196,
    7.318873546764));
#1868 = CARTESIAN_POINT('',(-32.41290129449,-17.77237126535,
    7.40209594592));
#1869 = CARTESIAN_POINT('',(-32.35837620728,-18.25777333137,
    7.486277932264));
#1870 = CARTESIAN_POINT('',(-32.3051455449,-18.74318433608,
    7.571129430229));
#1871 = CARTESIAN_POINT('',(-32.295691481,-18.82939605038,7.586199531709
    ));
#1872 = CARTESIAN_POINT('',(-32.28627832078,-18.91560859928,
    7.601290835855));
#1873 = CARTESIAN_POINT('',(-32.27690496441,-19.00182200901,
    7.61640169903));
#1874 = CARTESIAN_POINT('',(-32.20988852975,-19.61821971233,
    7.724439432204));
#1875 = CARTESIAN_POINT('',(-32.14490761705,-20.23467622185,
    7.833479735945));
#1876 = CARTESIAN_POINT('',(-32.08146474742,-20.85115190553,
    7.94324239656));
#1877 = CARTESIAN_POINT('',(-32.04345358177,-21.2205071927,8.00900560524
    ));
#1878 = CARTESIAN_POINT('',(-32.00599271816,-21.58987482243,
    8.075029029604));
#1879 = CARTESIAN_POINT('',(-31.9689481163,-21.95921701984,
    8.141418067656));
#1880 = CARTESIAN_POINT('',(-31.93403967605,-22.30726125253,
    8.203978809348));
#1881 = CARTESIAN_POINT('',(-31.89949975731,-22.65528664671,
    8.266864874061));
#1882 = CARTESIAN_POINT('',(-31.86518456895,-23.00321187216,
    8.330412281559));
#1883 = CARTESIAN_POINT('',(-31.85557261879,-23.10066842384,
    8.34821240282));
#1884 = CARTESIAN_POINT('',(-31.84597842941,-23.19811733023,
    8.366064453206));
#1885 = CARTESIAN_POINT('',(-31.83639891383,-23.29555672165,
    8.383975804008));
#1886 = CARTESIAN_POINT('',(-31.83000125082,-23.36063145179,
    8.395937868866));
#1887 = CARTESIAN_POINT('',(-31.82361012775,-23.42570199187,
    8.407926392864));
#1888 = CARTESIAN_POINT('',(-31.81722453751,-23.49076776303,
    8.41994356759));
#1889 = CARTESIAN_POINT('',(-31.77581443698,-23.91271468203,
    8.497874094805));
#1890 = CARTESIAN_POINT('',(-31.73462811391,-24.33448867633,
    8.577014818205));
#1891 = CARTESIAN_POINT('',(-31.69327970704,-24.75572204946,
    8.658784938541));
#1892 = CARTESIAN_POINT('',(-31.65939947572,-25.1008740203,
    8.725786083252));
#1893 = CARTESIAN_POINT('',(-31.62540385063,-25.44573704161,
    8.794567416666));
#1894 = CARTESIAN_POINT('',(-31.59093533653,-25.78976756002,
    8.866916970353));
#1895 = CARTESIAN_POINT('',(-31.56302085232,-26.06838225301,
    8.925509588187));
#1896 = CARTESIAN_POINT('',(-31.53480044955,-26.34639974488,
    8.986430781625));
#1897 = CARTESIAN_POINT('',(-31.50582225658,-26.62332282017,
    9.052147086409));
#1898 = CARTESIAN_POINT('',(-31.48286803252,-26.8426792971,
    9.104202326222));
#1899 = CARTESIAN_POINT('',(-31.45944785852,-27.06124197912,
    9.159240860374));
#1900 = CARTESIAN_POINT('',(-31.43510299946,-27.27821586698,
    9.220005785025));
#1901 = CARTESIAN_POINT('',(-31.41616391805,-27.44701068796,
    9.267277853933));
#1902 = CARTESIAN_POINT('',(-31.39667748202,-27.61471621604,
    9.317979882605));
#1903 = CARTESIAN_POINT('',(-31.37620008704,-27.78033133535,
    9.374970100063));
#1904 = CARTESIAN_POINT('',(-31.35921147324,-27.9177302235,
    9.422250762276));
#1905 = CARTESIAN_POINT('',(-31.34154944971,-28.0535996383,
    9.473828427917));
#1906 = CARTESIAN_POINT('',(-31.3228333377,-28.18630272432,
    9.532616905346));
#1907 = CARTESIAN_POINT('',(-31.31746590257,-28.22435951761,
    9.549476354519));
#1908 = CARTESIAN_POINT('',(-31.31201376394,-28.2621454875,
    9.566924339231));
#1909 = CARTESIAN_POINT('',(-31.30647829984,-28.29962561826,
    9.584979320483));
#1910 = CARTESIAN_POINT('',(-31.29718680668,-28.36253748472,
    9.615285313188));
#1911 = CARTESIAN_POINT('',(-31.2876600274,-28.42458998278,
    9.647302617177));
#1912 = CARTESIAN_POINT('',(-31.27790769715,-28.48561657722,
    9.681118893378));
#1913 = CARTESIAN_POINT('',(-31.26692107905,-28.55436690351,
    9.719215071674));
#1914 = CARTESIAN_POINT('',(-31.25564997989,-28.62180374009,
    9.759588051275));
#1915 = CARTESIAN_POINT('',(-31.24412069265,-28.68768023788,
    9.802323978307));
#1916 = CARTESIAN_POINT('',(-31.22748280184,-28.78274647702,
    9.863996107146));
#1917 = CARTESIAN_POINT('',(-31.21030083969,-28.87458408486,
    9.930602469231));
#1918 = CARTESIAN_POINT('',(-31.1926212134,-28.96155648919,
    10.003050740817));
#1919 = CARTESIAN_POINT('',(-31.17531023436,-29.04671538581,
    10.073988355081));
#1920 = CARTESIAN_POINT('',(-31.15753126156,-29.12718757307,
    10.15050866105));
#1921 = CARTESIAN_POINT('',(-31.13957225822,-29.20238508763,
    10.231784113944));
#1922 = CARTESIAN_POINT('',(-31.120471219,-29.28236450786,
    10.318227976337));
#1923 = CARTESIAN_POINT('',(-31.10115942548,-29.35641891934,
    10.410096099182));
#1924 = CARTESIAN_POINT('',(-31.08196202514,-29.42475042924,
    10.505966322103));
#1925 = CARTESIAN_POINT('',(-31.06553222565,-29.48323089985,
    10.588015376233));
#1926 = CARTESIAN_POINT('',(-31.0491839243,-29.53752697077,
    10.673005875569));
#1927 = CARTESIAN_POINT('',(-31.03304924283,-29.58837468865,
    10.760027506068));
#1928 = CARTESIAN_POINT('',(-31.02764213082,-29.60541495723,
    10.789190505265));
#1929 = CARTESIAN_POINT('',(-31.02225801704,-29.62207009399,
    10.818585303428));
#1930 = CARTESIAN_POINT('',(-31.01690109291,-29.638367908,
    10.848178565578));
#1931 = CARTESIAN_POINT('',(-30.99148505707,-29.71569321908,
    10.988584401583));
#1932 = CARTESIAN_POINT('',(-30.96670581667,-29.78493452266,
    11.133381568286));
#1933 = CARTESIAN_POINT('',(-30.94270268178,-29.84844419669,
    11.280739428693));
#1934 = CARTESIAN_POINT('',(-30.91411782189,-29.92407661479,
    11.45622499807));
#1935 = CARTESIAN_POINT('',(-30.88664890182,-29.99153072321,
    11.635224249745));
#1936 = CARTESIAN_POINT('',(-30.86020477009,-30.05343879139,
    11.816292873552));
#1937 = CARTESIAN_POINT('',(-30.82904944699,-30.12637617827,
    12.029620031982));
#1938 = CARTESIAN_POINT('',(-30.79934502868,-30.19153745282,
    12.245589889784));
#1939 = CARTESIAN_POINT('',(-30.77069387527,-30.25165081433,
    12.463192866534));
#1940 = CARTESIAN_POINT('',(-30.73716575854,-30.32199659665,
    12.717835948388));
#1941 = CARTESIAN_POINT('',(-30.70511617735,-30.3853433149,12.9744033117
    ));
#1942 = CARTESIAN_POINT('',(-30.67376962757,-30.4442072256,
    13.232196384354));
#1943 = CARTESIAN_POINT('',(-30.64799680664,-30.49260454652,
    13.444151280349));
#1944 = CARTESIAN_POINT('',(-30.62271201496,-30.53793904529,
    13.656796001743));
#1945 = CARTESIAN_POINT('',(-30.59746888968,-30.58090850138,
    13.869977669395));
#1946 = CARTESIAN_POINT('',(-30.56860615213,-30.6300393487,
    14.113727460919));
#1947 = CARTESIAN_POINT('',(-30.5398059869,-30.67606433737,
    14.358112111769));
#1948 = CARTESIAN_POINT('',(-30.51071419609,-30.72001417617,
    14.602818231282));
#1949 = CARTESIAN_POINT('',(-30.46677176215,-30.78639932587,
    14.972440801485));
#1950 = CARTESIAN_POINT('',(-30.42214934284,-30.8480719789,
    15.342932880889));
#1951 = CARTESIAN_POINT('',(-30.37565589686,-30.90652753289,
    15.713576768487));
#1952 = CARTESIAN_POINT('',(-30.32285338236,-30.97291538976,
    16.13451629744));
#1953 = CARTESIAN_POINT('',(-30.26757344296,-31.03522759339,
    16.556125886476));
#1954 = CARTESIAN_POINT('',(-30.20804897778,-31.09502870024,
    16.977156396626));
#1955 = CARTESIAN_POINT('',(-30.20475882708,-31.09833414201,
    17.00042840458));
#1956 = CARTESIAN_POINT('',(-30.20145556024,-31.10163206214,
    17.023699650417));
#1957 = CARTESIAN_POINT('',(-30.19813887708,-31.10492255891,
    17.046970017507));
#1958 = CARTESIAN_POINT('',(-30.05819302698,-31.24376348679,
    18.028851959719));
#1959 = CARTESIAN_POINT('',(-29.89406369816,-31.36968341973,
    19.011389239778));
#1960 = CARTESIAN_POINT('',(-29.68928411985,-31.48989246889,
    19.984482023746));
#1961 = CARTESIAN_POINT('',(-29.67339798459,-31.4992178969,
    20.059971404677));
#1962 = CARTESIAN_POINT('',(-29.65726496408,-31.50851028497,
    20.135415024693));
#1963 = CARTESIAN_POINT('',(-29.64087796455,-31.5177701835,
    20.210806004926));
#1964 = CARTESIAN_POINT('',(-29.41365286062,-31.64616961391,
    21.256190993582));
#1965 = CARTESIAN_POINT('',(-29.13713708218,-31.76860094375,
    22.2936343372));
#1966 = CARTESIAN_POINT('',(-28.78550161661,-31.88660038454,
    23.305875702007));
#1967 = CARTESIAN_POINT('',(-28.73862046127,-31.90233244417,
    23.440830930679));
#1968 = CARTESIAN_POINT('',(-28.69040175506,-31.91798612429,
    23.575345783541));
#1969 = CARTESIAN_POINT('',(-28.64080968777,-31.93356067932,
    23.709347163792));
#1970 = CARTESIAN_POINT('',(-28.3197061024,-32.03440433707,
    24.576992454568));
#1971 = CARTESIAN_POINT('',(-27.93983619913,-32.13231672586,
    25.426337775577));
#1972 = CARTESIAN_POINT('',(-27.49048296429,-32.22559219357,
    26.23647961168));
#1973 = CARTESIAN_POINT('',(-27.3719054981,-32.25020616707,
    26.450263687831));
#1974 = CARTESIAN_POINT('',(-27.24896831944,-32.27439802401,
    26.660452144289));
#1975 = CARTESIAN_POINT('',(-27.12119422621,-32.29819154693,
    26.867177727765));
#1976 = CARTESIAN_POINT('',(-21.77037090488,-33.2945980493,
    35.524269671874));
#1977 = CARTESIAN_POINT('',(-16.41954758355,-34.29100455167,
    44.181361615984));
#1978 = CARTESIAN_POINT('',(-11.06872426222,-35.28741105405,
    52.838453560093));
#1979 = CARTESIAN_POINT('',(5.895903224685,-38.44648847507,
    80.285508178087));
#1980 = CARTESIAN_POINT('',(22.860530711595,-41.60556589609,
    107.73256279608));
#1981 = CARTESIAN_POINT('',(39.825158198505,-44.76464331712,
    135.17961741407));
#1982 = CARTESIAN_POINT('',(-44.58945216179,114.09364846472,
    -15.41336418951));
#1983 = CARTESIAN_POINT('',(-40.92776255926,82.262966172419,
    -9.956067505236));
#1984 = CARTESIAN_POINT('',(-37.26607295674,50.432283880114,
    -4.498770820963));
#1985 = CARTESIAN_POINT('',(-33.60438335421,18.601601587809,
    0.958525863311));
#1986 = CARTESIAN_POINT('',(-32.22821871879,6.638747264551,3.00952950292
    ));
#1987 = CARTESIAN_POINT('',(-30.85205408336,-5.324107058708,
    5.060533142529));
#1988 = CARTESIAN_POINT('',(-29.47588944794,-17.28696138196,
    7.111536782139));
#1989 = CARTESIAN_POINT('',(-29.42004960428,-17.77237126535,
    7.194759181295));
#1990 = CARTESIAN_POINT('',(-29.36552451706,-18.25777333137,
    7.278941167639));
#1991 = CARTESIAN_POINT('',(-29.31229385469,-18.74318433608,
    7.363792665603));
#1992 = CARTESIAN_POINT('',(-29.30283979078,-18.82939605038,
    7.378862767084));
#1993 = CARTESIAN_POINT('',(-29.29342663057,-18.91560859928,
    7.39395407123));
#1994 = CARTESIAN_POINT('',(-29.28405327419,-19.00182200901,
    7.409064934405));
#1995 = CARTESIAN_POINT('',(-29.21703683953,-19.61821971233,
    7.517102667579));
#1996 = CARTESIAN_POINT('',(-29.15205592683,-20.23467622185,
    7.626142971319));
#1997 = CARTESIAN_POINT('',(-29.08861305721,-20.85115190553,
    7.735905631935));
#1998 = CARTESIAN_POINT('',(-29.05060189156,-21.2205071927,
    7.801668840615));
#1999 = CARTESIAN_POINT('',(-29.01314102794,-21.58987482243,
    7.867692264979));
#2000 = CARTESIAN_POINT('',(-28.97609642609,-21.95921701984,
    7.934081303031));
#2001 = CARTESIAN_POINT('',(-28.94118798584,-22.30726125253,
    7.996642044723));
#2002 = CARTESIAN_POINT('',(-28.9066480671,-22.65528664671,
    8.059528109435));
#2003 = CARTESIAN_POINT('',(-28.87233287874,-23.00321187216,
    8.123075516933));
#2004 = CARTESIAN_POINT('',(-28.86272092857,-23.10066842384,
    8.140875638194));
#2005 = CARTESIAN_POINT('',(-28.85312673919,-23.19811733023,
    8.158727688581));
#2006 = CARTESIAN_POINT('',(-28.84354722362,-23.29555672165,
    8.176639039382));
#2007 = CARTESIAN_POINT('',(-28.8371495606,-23.36063145179,8.18860110424
    ));
#2008 = CARTESIAN_POINT('',(-28.83075843753,-23.42570199187,
    8.200589628239));
#2009 = CARTESIAN_POINT('',(-28.8243728473,-23.49076776303,
    8.212606802965));
#2010 = CARTESIAN_POINT('',(-28.78296274676,-23.91271468203,
    8.29053733018));
#2011 = CARTESIAN_POINT('',(-28.74177642369,-24.33448867633,
    8.369678053579));
#2012 = CARTESIAN_POINT('',(-28.70042801683,-24.75572204946,
    8.451448173916));
#2013 = CARTESIAN_POINT('',(-28.66654778551,-25.1008740203,
    8.518449318627));
#2014 = CARTESIAN_POINT('',(-28.63255216041,-25.44573704161,
    8.58723065204));
#2015 = CARTESIAN_POINT('',(-28.59808364631,-25.78976756002,
    8.659580205728));
#2016 = CARTESIAN_POINT('',(-28.57016916211,-26.06838225301,
    8.718172823562));
#2017 = CARTESIAN_POINT('',(-28.54194875933,-26.34639974488,8.779094017)
  );
#2018 = CARTESIAN_POINT('',(-28.51297056637,-26.62332282017,
    8.844810321784));
#2019 = CARTESIAN_POINT('',(-28.49001634231,-26.8426792971,
    8.896865561596));
#2020 = CARTESIAN_POINT('',(-28.46659616831,-27.06124197912,
    8.951904095748));
#2021 = CARTESIAN_POINT('',(-28.44225130925,-27.27821586698,
    9.012669020399));
#2022 = CARTESIAN_POINT('',(-28.42331222783,-27.44701068796,
    9.059941089308));
#2023 = CARTESIAN_POINT('',(-28.40382579181,-27.61471621604,
    9.110643117979));
#2024 = CARTESIAN_POINT('',(-28.38334839683,-27.78033133535,
    9.167633335437));
#2025 = CARTESIAN_POINT('',(-28.36635978302,-27.9177302235,
    9.214913997651));
#2026 = CARTESIAN_POINT('',(-28.3486977595,-28.0535996383,9.266491663292
    ));
#2027 = CARTESIAN_POINT('',(-28.32998164749,-28.18630272432,
    9.32528014072));
#2028 = CARTESIAN_POINT('',(-28.32461421236,-28.22435951761,
    9.342139589894));
#2029 = CARTESIAN_POINT('',(-28.31916207372,-28.2621454875,
    9.359587574606));
#2030 = CARTESIAN_POINT('',(-28.31362660962,-28.29962561826,
    9.377642555858));
#2031 = CARTESIAN_POINT('',(-28.30433511647,-28.36253748472,
    9.407948548563));
#2032 = CARTESIAN_POINT('',(-28.29480833719,-28.42458998278,
    9.439965852551));
#2033 = CARTESIAN_POINT('',(-28.28505600694,-28.48561657722,
    9.473782128753));
#2034 = CARTESIAN_POINT('',(-28.27406938884,-28.55436690351,
    9.511878307048));
#2035 = CARTESIAN_POINT('',(-28.26279828968,-28.62180374009,
    9.552251286649));
#2036 = CARTESIAN_POINT('',(-28.25126900244,-28.68768023788,
    9.594987213681));
#2037 = CARTESIAN_POINT('',(-28.23463111163,-28.78274647702,
    9.65665934252));
#2038 = CARTESIAN_POINT('',(-28.21744914948,-28.87458408486,
    9.723265704606));
#2039 = CARTESIAN_POINT('',(-28.19976952318,-28.96155648919,
    9.795713976191));
#2040 = CARTESIAN_POINT('',(-28.18245854415,-29.04671538581,
    9.866651590455));
#2041 = CARTESIAN_POINT('',(-28.16467957135,-29.12718757307,
    9.943171896424));
#2042 = CARTESIAN_POINT('',(-28.14672056801,-29.20238508763,
    10.024447349319));
#2043 = CARTESIAN_POINT('',(-28.12761952879,-29.28236450786,
    10.110891211711));
#2044 = CARTESIAN_POINT('',(-28.10830773526,-29.35641891934,
    10.202759334556));
#2045 = CARTESIAN_POINT('',(-28.08911033493,-29.42475042924,
    10.298629557478));
#2046 = CARTESIAN_POINT('',(-28.07268053544,-29.48323089985,
    10.380678611607));
#2047 = CARTESIAN_POINT('',(-28.05633223409,-29.53752697077,
    10.465669110944));
#2048 = CARTESIAN_POINT('',(-28.04019755261,-29.58837468865,
    10.552690741442));
#2049 = CARTESIAN_POINT('',(-28.03479044061,-29.60541495723,
    10.581853740639));
#2050 = CARTESIAN_POINT('',(-28.02940632683,-29.62207009399,
    10.611248538802));
#2051 = CARTESIAN_POINT('',(-28.0240494027,-29.638367908,10.640841800952
    ));
#2052 = CARTESIAN_POINT('',(-27.99863336686,-29.71569321908,
    10.781247636958));
#2053 = CARTESIAN_POINT('',(-27.97385412646,-29.78493452266,
    10.926044803661));
#2054 = CARTESIAN_POINT('',(-27.94985099157,-29.84844419669,
    11.073402664067));
#2055 = CARTESIAN_POINT('',(-27.92126613168,-29.92407661479,
    11.248888233444));
#2056 = CARTESIAN_POINT('',(-27.89379721161,-29.99153072321,
    11.42788748512));
#2057 = CARTESIAN_POINT('',(-27.86735307988,-30.05343879139,
    11.608956108926));
#2058 = CARTESIAN_POINT('',(-27.83619775678,-30.12637617827,
    11.822283267356));
#2059 = CARTESIAN_POINT('',(-27.80649333847,-30.19153745282,
    12.038253125158));
#2060 = CARTESIAN_POINT('',(-27.77784218505,-30.25165081433,
    12.255856101909));
#2061 = CARTESIAN_POINT('',(-27.74431406832,-30.32199659665,
    12.510499183763));
#2062 = CARTESIAN_POINT('',(-27.71226448713,-30.3853433149,
    12.767066547075));
#2063 = CARTESIAN_POINT('',(-27.68091793735,-30.4442072256,
    13.024859619728));
#2064 = CARTESIAN_POINT('',(-27.65514511642,-30.49260454652,
    13.236814515724));
#2065 = CARTESIAN_POINT('',(-27.62986032474,-30.53793904529,
    13.449459237117));
#2066 = CARTESIAN_POINT('',(-27.60461719946,-30.58090850138,
    13.662640904769));
#2067 = CARTESIAN_POINT('',(-27.57575446191,-30.6300393487,
    13.906390696294));
#2068 = CARTESIAN_POINT('',(-27.54695429669,-30.67606433737,
    14.150775347143));
#2069 = CARTESIAN_POINT('',(-27.51786250588,-30.72001417617,
    14.395481466657));
#2070 = CARTESIAN_POINT('',(-27.47392007194,-30.78639932587,
    14.765104036859));
#2071 = CARTESIAN_POINT('',(-27.42929765262,-30.8480719789,
    15.135596116264));
#2072 = CARTESIAN_POINT('',(-27.38280420665,-30.90652753289,
    15.506240003861));
#2073 = CARTESIAN_POINT('',(-27.33000169214,-30.97291538976,
    15.927179532814));
#2074 = CARTESIAN_POINT('',(-27.27472175274,-31.03522759339,
    16.34878912185));
#2075 = CARTESIAN_POINT('',(-27.21519728757,-31.09502870024,16.769819632
    ));
#2076 = CARTESIAN_POINT('',(-27.21190713687,-31.09833414201,
    16.793091639954));
#2077 = CARTESIAN_POINT('',(-27.20860387002,-31.10163206214,
    16.816362885791));
#2078 = CARTESIAN_POINT('',(-27.20528718686,-31.10492255891,
    16.839633252882));
#2079 = CARTESIAN_POINT('',(-27.06534133677,-31.24376348679,
    17.821515195094));
#2080 = CARTESIAN_POINT('',(-26.90121200794,-31.36968341973,
    18.804052475153));
#2081 = CARTESIAN_POINT('',(-26.69643242964,-31.48989246889,
    19.77714525912));
#2082 = CARTESIAN_POINT('',(-26.68054629437,-31.4992178969,
    19.852634640052));
#2083 = CARTESIAN_POINT('',(-26.66441327386,-31.50851028497,
    19.928078260067));
#2084 = CARTESIAN_POINT('',(-26.64802627433,-31.5177701835,20.0034692403
    ));
#2085 = CARTESIAN_POINT('',(-26.4208011704,-31.64616961391,
    21.048854228957));
#2086 = CARTESIAN_POINT('',(-26.14428539196,-31.76860094375,
    22.086297572575));
#2087 = CARTESIAN_POINT('',(-25.7926499264,-31.88660038454,
    23.098538937382));
#2088 = CARTESIAN_POINT('',(-25.74576877106,-31.90233244417,
    23.233494166053));
#2089 = CARTESIAN_POINT('',(-25.69755006485,-31.91798612429,
    23.368009018915));
#2090 = CARTESIAN_POINT('',(-25.64795799756,-31.93356067932,
    23.502010399167));
#2091 = CARTESIAN_POINT('',(-25.32685441219,-32.03440433707,
    24.369655689943));
#2092 = CARTESIAN_POINT('',(-24.94698450892,-32.13231672586,
    25.219001010952));
#2093 = CARTESIAN_POINT('',(-24.49763127407,-32.22559219357,
    26.029142847055));
#2094 = CARTESIAN_POINT('',(-24.37905380788,-32.25020616707,
    26.242926923206));
#2095 = CARTESIAN_POINT('',(-24.25611662922,-32.27439802401,
    26.453115379663));
#2096 = CARTESIAN_POINT('',(-24.12834253599,-32.29819154693,
    26.659840963139));
#2097 = CARTESIAN_POINT('',(-18.77751921466,-33.2945980493,
    35.316932907244));
#2098 = CARTESIAN_POINT('',(-13.42669589333,-34.29100455167,
    43.974024851349));
#2099 = CARTESIAN_POINT('',(-8.07587257201,-35.28741105405,
    52.631116795454));
#2100 = CARTESIAN_POINT('',(8.888754914901,-38.44648847507,
    80.078171413434));
#2101 = CARTESIAN_POINT('',(25.853382401811,-41.60556589609,
    107.52522603141));
#2102 = CARTESIAN_POINT('',(42.818009888721,-44.76464331712,
    134.97228064939));
#2103 = CARTESIAN_POINT('',(14.790767092592,114.09364846472,
    -19.5270670446));
#2104 = CARTESIAN_POINT('',(18.452456695137,82.262966172419,
    -14.06977036033));
#2105 = CARTESIAN_POINT('',(22.114146297681,50.432283880114,
    -8.612473676067));
#2106 = CARTESIAN_POINT('',(25.775835900226,18.601601587809,
    -3.155176991799));
#2107 = CARTESIAN_POINT('',(27.152000535654,6.638747264551,
    -1.104173352192));
#2108 = CARTESIAN_POINT('',(28.528165171083,-5.324107058708,
    0.946830287416));
#2109 = CARTESIAN_POINT('',(29.904329806512,-17.28696138196,
    2.997833927023));
#2110 = CARTESIAN_POINT('',(29.960169650178,-17.77237126535,
    3.081056326179));
#2111 = CARTESIAN_POINT('',(30.014694737388,-18.25777333137,
    3.165238312523));
#2112 = CARTESIAN_POINT('',(30.067925399767,-18.74318433608,
    3.250089810486));
#2113 = CARTESIAN_POINT('',(30.07737946367,-18.82939605038,
    3.265159911968));
#2114 = CARTESIAN_POINT('',(30.086792623888,-18.91560859928,
    3.280251216114));
#2115 = CARTESIAN_POINT('',(30.09616598026,-19.00182200901,
    3.295362079289));
#2116 = CARTESIAN_POINT('',(30.163182414922,-19.61821971233,
    3.403399812463));
#2117 = CARTESIAN_POINT('',(30.22816332762,-20.23467622185,
    3.512440116203));
#2118 = CARTESIAN_POINT('',(30.291606197244,-20.85115190553,
    3.622202776819));
#2119 = CARTESIAN_POINT('',(30.329617362891,-21.2205071927,
    3.687965985499));
#2120 = CARTESIAN_POINT('',(30.367078226507,-21.58987482243,
    3.753989409863));
#2121 = CARTESIAN_POINT('',(30.404122828367,-21.95921701984,
    3.820378447915));
#2122 = CARTESIAN_POINT('',(30.439031268615,-22.30726125253,
    3.882939189607));
#2123 = CARTESIAN_POINT('',(30.473571187356,-22.65528664671,
    3.945825254319));
#2124 = CARTESIAN_POINT('',(30.507886375716,-23.00321187216,
    4.009372661817));
#2125 = CARTESIAN_POINT('',(30.517498325881,-23.10066842384,
    4.027172783078));
#2126 = CARTESIAN_POINT('',(30.527092515259,-23.19811733023,
    4.045024833465));
#2127 = CARTESIAN_POINT('',(30.536672030833,-23.29555672165,
    4.062936184266));
#2128 = CARTESIAN_POINT('',(30.54306969385,-23.36063145179,
    4.074898249122));
#2129 = CARTESIAN_POINT('',(30.549460816921,-23.42570199187,
    4.086886773122));
#2130 = CARTESIAN_POINT('',(30.555846407156,-23.49076776303,
    4.098903947849));
#2131 = CARTESIAN_POINT('',(30.597256507689,-23.91271468203,
    4.176834475064));
#2132 = CARTESIAN_POINT('',(30.638442830758,-24.33448867633,
    4.255975198463));
#2133 = CARTESIAN_POINT('',(30.679791237628,-24.75572204946,4.3377453188
    ));
#2134 = CARTESIAN_POINT('',(30.713671468946,-25.1008740203,
    4.404746463511));
#2135 = CARTESIAN_POINT('',(30.747667094039,-25.44573704161,
    4.473527796922));
#2136 = CARTESIAN_POINT('',(30.78213560814,-25.78976756002,
    4.545877350612));
#2137 = CARTESIAN_POINT('',(30.810050092346,-26.06838225301,
    4.604469968446));
#2138 = CARTESIAN_POINT('',(30.838270495118,-26.34639974488,
    4.665391161884));
#2139 = CARTESIAN_POINT('',(30.867248688086,-26.62332282017,
    4.731107466666));
#2140 = CARTESIAN_POINT('',(30.890202912144,-26.8426792971,4.78316270648
    ));
#2141 = CARTESIAN_POINT('',(30.913623086145,-27.06124197912,
    4.838201240632));
#2142 = CARTESIAN_POINT('',(30.937967945205,-27.27821586698,
    4.898966165283));
#2143 = CARTESIAN_POINT('',(30.956907026621,-27.44701068796,
    4.946238234192));
#2144 = CARTESIAN_POINT('',(30.976393462646,-27.61471621604,
    4.996940262863));
#2145 = CARTESIAN_POINT('',(30.996870857626,-27.78033133535,
    5.053930480321));
#2146 = CARTESIAN_POINT('',(31.01385947143,-27.9177302235,5.101211142535
    ));
#2147 = CARTESIAN_POINT('',(31.031521494959,-28.0535996383,
    5.152788808174));
#2148 = CARTESIAN_POINT('',(31.050237606962,-28.18630272432,
    5.211577285602));
#2149 = CARTESIAN_POINT('',(31.055605042095,-28.22435951761,
    5.228436734778));
#2150 = CARTESIAN_POINT('',(31.061057180733,-28.2621454875,5.24588471949
    ));
#2151 = CARTESIAN_POINT('',(31.066592644833,-28.29962561826,
    5.263939700742));
#2152 = CARTESIAN_POINT('',(31.075884137982,-28.36253748472,
    5.294245693447));
#2153 = CARTESIAN_POINT('',(31.085410917264,-28.42458998278,
    5.326262997435));
#2154 = CARTESIAN_POINT('',(31.095163247518,-28.48561657722,
    5.360079273637));
#2155 = CARTESIAN_POINT('',(31.106149865615,-28.55436690351,
    5.39817545193));
#2156 = CARTESIAN_POINT('',(31.117420964779,-28.62180374009,
    5.438548431533));
#2157 = CARTESIAN_POINT('',(31.128950252014,-28.68768023788,
    5.481284358565));
#2158 = CARTESIAN_POINT('',(31.145588142828,-28.78274647702,
    5.542956487405));
#2159 = CARTESIAN_POINT('',(31.162770104976,-28.87458408486,
    5.609562849488));
#2160 = CARTESIAN_POINT('',(31.180449731272,-28.96155648919,
    5.682011121075));
#2161 = CARTESIAN_POINT('',(31.197760710304,-29.04671538581,
    5.752948735339));
#2162 = CARTESIAN_POINT('',(31.215539683108,-29.12718757307,
    5.829469041308));
#2163 = CARTESIAN_POINT('',(31.233498686445,-29.20238508763,
    5.910744494203));
#2164 = CARTESIAN_POINT('',(31.252599725661,-29.28236450786,
    5.997188356595));
#2165 = CARTESIAN_POINT('',(31.271911519191,-29.35641891934,
    6.08905647944));
#2166 = CARTESIAN_POINT('',(31.291108919529,-29.42475042924,
    6.184926702362));
#2167 = CARTESIAN_POINT('',(31.307538719013,-29.48323089985,
    6.266975756491));
#2168 = CARTESIAN_POINT('',(31.323887020367,-29.53752697077,
    6.351966255828));
#2169 = CARTESIAN_POINT('',(31.340021701841,-29.58837468865,
    6.438987886326));
#2170 = CARTESIAN_POINT('',(31.345428813845,-29.60541495723,
    6.468150885521));
#2171 = CARTESIAN_POINT('',(31.350812927623,-29.62207009399,
    6.497545683684));
#2172 = CARTESIAN_POINT('',(31.356169851758,-29.638367908,6.527138945836
    ));
#2173 = CARTESIAN_POINT('',(31.381585887595,-29.71569321908,
    6.667544781842));
#2174 = CARTESIAN_POINT('',(31.406365127994,-29.78493452266,
    6.812341948545));
#2175 = CARTESIAN_POINT('',(31.430368262885,-29.84844419669,
    6.959699808951));
#2176 = CARTESIAN_POINT('',(31.458953122776,-29.92407661479,
    7.135185378326));
#2177 = CARTESIAN_POINT('',(31.486422042846,-29.99153072321,
    7.314184630004));
#2178 = CARTESIAN_POINT('',(31.512866174572,-30.05343879139,
    7.49525325381));
#2179 = CARTESIAN_POINT('',(31.544021497674,-30.12637617827,
    7.70858041224));
#2180 = CARTESIAN_POINT('',(31.573725915984,-30.19153745282,
    7.92455027004));
#2181 = CARTESIAN_POINT('',(31.602377069401,-30.25165081433,
    8.142153246793));
#2182 = CARTESIAN_POINT('',(31.63590518613,-30.32199659665,
    8.396796328647));
#2183 = CARTESIAN_POINT('',(31.667954767319,-30.3853433149,
    8.653363691959));
#2184 = CARTESIAN_POINT('',(31.6993013171,-30.4442072256,8.911156764612)
  );
#2185 = CARTESIAN_POINT('',(31.725074138032,-30.49260454652,
    9.123111660608));
#2186 = CARTESIAN_POINT('',(31.75035892971,-30.53793904529,
    9.335756382001));
#2187 = CARTESIAN_POINT('',(31.775602054988,-30.58090850138,
    9.548938049653));
#2188 = CARTESIAN_POINT('',(31.804464792543,-30.6300393487,
    9.792687841178));
#2189 = CARTESIAN_POINT('',(31.833264957766,-30.67606433737,
    10.037072492028));
#2190 = CARTESIAN_POINT('',(31.862356748575,-30.72001417617,
    10.281778611541));
#2191 = CARTESIAN_POINT('',(31.906299182517,-30.78639932587,
    10.651401181743));
#2192 = CARTESIAN_POINT('',(31.950921601831,-30.8480719789,
    11.021893261148));
#2193 = CARTESIAN_POINT('',(31.997415047809,-30.90652753289,
    11.392537148743));
#2194 = CARTESIAN_POINT('',(32.050217562309,-30.97291538976,
    11.813476677698));
#2195 = CARTESIAN_POINT('',(32.105497501713,-31.03522759339,
    12.235086266734));
#2196 = CARTESIAN_POINT('',(32.165021966887,-31.09502870024,
    12.656116776884));
#2197 = CARTESIAN_POINT('',(32.168312117584,-31.09833414201,
    12.679388784839));
#2198 = CARTESIAN_POINT('',(32.171615384429,-31.10163206214,
    12.702660030675));
#2199 = CARTESIAN_POINT('',(32.174932067591,-31.10492255891,
    12.725930397766));
#2200 = CARTESIAN_POINT('',(32.314877917688,-31.24376348679,
    13.707812339978));
#2201 = CARTESIAN_POINT('',(32.47900724651,-31.36968341973,
    14.690349620034));
#2202 = CARTESIAN_POINT('',(32.683786824813,-31.48989246889,
    15.663442404004));
#2203 = CARTESIAN_POINT('',(32.699672960079,-31.4992178969,
    15.738931784934));
#2204 = CARTESIAN_POINT('',(32.71580598059,-31.50851028497,
    15.814375404951));
#2205 = CARTESIAN_POINT('',(32.732192980121,-31.5177701835,
    15.889766385184));
#2206 = CARTESIAN_POINT('',(32.959418084047,-31.64616961391,
    16.935151373841));
#2207 = CARTESIAN_POINT('',(33.23593386249,-31.76860094375,
    17.972594717459));
#2208 = CARTESIAN_POINT('',(33.587569328053,-31.88660038454,
    18.984836082266));
#2209 = CARTESIAN_POINT('',(33.634450483395,-31.90233244417,
    19.119791310937));
#2210 = CARTESIAN_POINT('',(33.682669189603,-31.91798612429,
    19.254306163797));
#2211 = CARTESIAN_POINT('',(33.732261256895,-31.93356067932,
    19.388307544051));
#2212 = CARTESIAN_POINT('',(34.053364842269,-32.03440433707,
    20.255952834827));
#2213 = CARTESIAN_POINT('',(34.433234745536,-32.13231672586,
    21.105298155836));
#2214 = CARTESIAN_POINT('',(34.882587980381,-32.22559219357,
    21.915439991939));
#2215 = CARTESIAN_POINT('',(35.001165446568,-32.25020616707,
    22.129224068088));
#2216 = CARTESIAN_POINT('',(35.12410262523,-32.27439802401,
    22.339412524547));
#2217 = CARTESIAN_POINT('',(35.251876718462,-32.29819154693,
    22.546138108021));
#2218 = CARTESIAN_POINT('',(40.602700039794,-33.2945980493,
    31.203230052038));
#2219 = CARTESIAN_POINT('',(45.953523361127,-34.29100455167,
    39.860321996054));
#2220 = CARTESIAN_POINT('',(51.30434668246,-35.28741105405,
    48.517413940071));
#2221 = CARTESIAN_POINT('',(68.268974169382,-38.44648847507,
    75.96446855777));
#2222 = CARTESIAN_POINT('',(85.233601656303,-41.60556589609,
    103.41152317546));
#2223 = CARTESIAN_POINT('',(102.19822914322,-44.76464331712,
    130.85857779316));
#2224 = CARTESIAN_POINT('',(101.29232679266,114.09364846472,
    -25.51966386516));
#2225 = CARTESIAN_POINT('',(104.95401639523,82.262966172419,
    -20.0623671809));
#2226 = CARTESIAN_POINT('',(108.6157059978,50.432283880114,
    -14.60507049664));
#2227 = CARTESIAN_POINT('',(112.27739560037,18.601601587809,
    -9.147773812386));
#2228 = CARTESIAN_POINT('',(113.65356023581,6.638747264551,
    -7.096770172782));
#2229 = CARTESIAN_POINT('',(115.02972487125,-5.324107058708,
    -5.045766533178));
#2230 = CARTESIAN_POINT('',(116.40588950668,-17.28696138196,
    -2.994762893574));
#2231 = CARTESIAN_POINT('',(116.46172935035,-17.77237126535,
    -2.911540494418));
#2232 = CARTESIAN_POINT('',(116.51625443756,-18.25777333137,
    -2.827358508074));
#2233 = CARTESIAN_POINT('',(116.56948509994,-18.74318433608,
    -2.742507010114));
#2234 = CARTESIAN_POINT('',(116.57893916384,-18.82939605038,
    -2.727436908629));
#2235 = CARTESIAN_POINT('',(116.58835232406,-18.91560859928,
    -2.712345604483));
#2236 = CARTESIAN_POINT('',(116.59772568043,-19.00182200901,
    -2.697234741308));
#2237 = CARTESIAN_POINT('',(116.66474211509,-19.61821971233,
    -2.589197008134));
#2238 = CARTESIAN_POINT('',(116.72972302779,-20.23467622185,
    -2.480156704393));
#2239 = CARTESIAN_POINT('',(116.79316589741,-20.85115190553,
    -2.370394043778));
#2240 = CARTESIAN_POINT('',(116.83117706306,-21.2205071927,
    -2.304630835098));
#2241 = CARTESIAN_POINT('',(116.86863792668,-21.58987482243,
    -2.238607410734));
#2242 = CARTESIAN_POINT('',(116.90568252854,-21.95921701984,
    -2.172218372682));
#2243 = CARTESIAN_POINT('',(116.94059096878,-22.30726125253,
    -2.10965763099));
#2244 = CARTESIAN_POINT('',(116.97513088753,-22.65528664671,
    -2.046771566277));
#2245 = CARTESIAN_POINT('',(117.00944607589,-23.00321187216,
    -1.98322415878));
#2246 = CARTESIAN_POINT('',(117.01905802605,-23.10066842384,
    -1.965424037518));
#2247 = CARTESIAN_POINT('',(117.02865221543,-23.19811733023,
    -1.947571987132));
#2248 = CARTESIAN_POINT('',(117.038231731,-23.29555672165,-1.92966063633
    ));
#2249 = CARTESIAN_POINT('',(117.04462939402,-23.36063145179,
    -1.917698571477));
#2250 = CARTESIAN_POINT('',(117.05102051709,-23.42570199187,
    -1.905710047474));
#2251 = CARTESIAN_POINT('',(117.05740610733,-23.49076776303,
    -1.893692872748));
#2252 = CARTESIAN_POINT('',(117.09881620786,-23.91271468203,
    -1.815762345533));
#2253 = CARTESIAN_POINT('',(117.14000253093,-24.33448867633,
    -1.736621622133));
#2254 = CARTESIAN_POINT('',(117.1813509378,-24.75572204946,
    -1.654851501797));
#2255 = CARTESIAN_POINT('',(117.21523116912,-25.1008740203,
    -1.587850357086));
#2256 = CARTESIAN_POINT('',(117.24922679421,-25.44573704161,
    -1.519069023678));
#2257 = CARTESIAN_POINT('',(117.28369530831,-25.78976756002,
    -1.446719469985));
#2258 = CARTESIAN_POINT('',(117.31160979252,-26.06838225301,
    -1.388126852151));
#2259 = CARTESIAN_POINT('',(117.33983019529,-26.34639974488,
    -1.327205658713));
#2260 = CARTESIAN_POINT('',(117.36880838825,-26.62332282017,
    -1.261489353934));
#2261 = CARTESIAN_POINT('',(117.39176261231,-26.8426792971,
    -1.209434114116));
#2262 = CARTESIAN_POINT('',(117.41518278631,-27.06124197912,
    -1.154395579964));
#2263 = CARTESIAN_POINT('',(117.43952764537,-27.27821586698,
    -1.093630655313));
#2264 = CARTESIAN_POINT('',(117.45846672679,-27.44701068796,
    -1.046358586405));
#2265 = CARTESIAN_POINT('',(117.47795316282,-27.61471621604,
    -0.995656557734));
#2266 = CARTESIAN_POINT('',(117.4984305578,-27.78033133535,
    -0.938666340275));
#2267 = CARTESIAN_POINT('',(117.5154191716,-27.9177302235,
    -0.891385678062));
#2268 = CARTESIAN_POINT('',(117.53308119513,-28.0535996383,
    -0.839808012426));
#2269 = CARTESIAN_POINT('',(117.55179730713,-28.18630272432,
    -0.781019534997));
#2270 = CARTESIAN_POINT('',(117.55716474227,-28.22435951761,
    -0.764160085819));
#2271 = CARTESIAN_POINT('',(117.56261688091,-28.2621454875,
    -0.746712101107));
#2272 = CARTESIAN_POINT('',(117.56815234501,-28.29962561826,
    -0.728657119855));
#2273 = CARTESIAN_POINT('',(117.57744383815,-28.36253748472,
    -0.69835112715));
#2274 = CARTESIAN_POINT('',(117.58697061743,-28.42458998278,
    -0.666333823161));
#2275 = CARTESIAN_POINT('',(117.59672294769,-28.48561657722,
    -0.63251754696));
#2276 = CARTESIAN_POINT('',(117.60770956579,-28.55436690351,
    -0.59442136867));
#2277 = CARTESIAN_POINT('',(117.61898066495,-28.62180374009,
    -0.554048389063));
#2278 = CARTESIAN_POINT('',(117.63050995219,-28.68768023788,
    -0.511312462031));
#2279 = CARTESIAN_POINT('',(117.647147843,-28.78274647702,
    -0.449640333192));
#2280 = CARTESIAN_POINT('',(117.66432980515,-28.87458408486,
    -0.383033971112));
#2281 = CARTESIAN_POINT('',(117.68200943144,-28.96155648919,
    -0.310585699521));
#2282 = CARTESIAN_POINT('',(117.69932041048,-29.04671538581,
    -0.239648085257));
#2283 = CARTESIAN_POINT('',(117.71709938328,-29.12718757307,
    -0.163127779288));
#2284 = CARTESIAN_POINT('',(117.73505838662,-29.20238508763,
    -8.185232639379E-02));
#2285 = CARTESIAN_POINT('',(117.75415942583,-29.28236450786,
    4.591535998547E-03));
#2286 = CARTESIAN_POINT('',(117.77347121936,-29.35641891934,
    9.645965884341E-02));
#2287 = CARTESIAN_POINT('',(117.7926686197,-29.42475042924,
    0.192329881765));
#2288 = CARTESIAN_POINT('',(117.80909841918,-29.48323089985,
    0.274378935895));
#2289 = CARTESIAN_POINT('',(117.82544672054,-29.53752697077,
    0.359369435231));
#2290 = CARTESIAN_POINT('',(117.84158140201,-29.58837468865,
    0.44639106573));
#2291 = CARTESIAN_POINT('',(117.84698851402,-29.60541495723,
    0.475554064921));
#2292 = CARTESIAN_POINT('',(117.85237262779,-29.62207009399,
    0.504948863085));
#2293 = CARTESIAN_POINT('',(117.85772955193,-29.638367908,0.53454212524)
  );
#2294 = CARTESIAN_POINT('',(117.88314558776,-29.71569321908,
    0.674947961245));
#2295 = CARTESIAN_POINT('',(117.90792482817,-29.78493452266,
    0.819745127948));
#2296 = CARTESIAN_POINT('',(117.93192796305,-29.84844419669,
    0.967102988355));
#2297 = CARTESIAN_POINT('',(117.96051282295,-29.92407661479,
    1.142588557727));
#2298 = CARTESIAN_POINT('',(117.98798174302,-29.99153072321,
    1.321587809407));
#2299 = CARTESIAN_POINT('',(118.01442587474,-30.05343879139,
    1.502656433213));
#2300 = CARTESIAN_POINT('',(118.04558119784,-30.12637617827,
    1.715983591644));
#2301 = CARTESIAN_POINT('',(118.07528561616,-30.19153745282,
    1.931953449441));
#2302 = CARTESIAN_POINT('',(118.10393676957,-30.25165081433,
    2.149556426196));
#2303 = CARTESIAN_POINT('',(118.1374648863,-30.32199659665,2.40419950805
    ));
#2304 = CARTESIAN_POINT('',(118.16951446749,-30.3853433149,
    2.660766871362));
#2305 = CARTESIAN_POINT('',(118.20086101727,-30.4442072256,
    2.918559944015));
#2306 = CARTESIAN_POINT('',(118.2266338382,-30.49260454652,
    3.130514840011));
#2307 = CARTESIAN_POINT('',(118.25191862988,-30.53793904529,
    3.343159561405));
#2308 = CARTESIAN_POINT('',(118.27716175516,-30.58090850138,
    3.556341229057));
#2309 = CARTESIAN_POINT('',(118.30602449272,-30.6300393487,
    3.800091020581));
#2310 = CARTESIAN_POINT('',(118.33482465794,-30.67606433737,
    4.044475671431));
#2311 = CARTESIAN_POINT('',(118.36391644874,-30.72001417617,
    4.289181790944));
#2312 = CARTESIAN_POINT('',(118.40785888269,-30.78639932587,
    4.658804361146));
#2313 = CARTESIAN_POINT('',(118.452481302,-30.8480719789,5.029296440551)
  );
#2314 = CARTESIAN_POINT('',(118.49897474798,-30.90652753289,
    5.399940328143));
#2315 = CARTESIAN_POINT('',(118.55177726248,-30.97291538976,
    5.820879857102));
#2316 = CARTESIAN_POINT('',(118.60705720189,-31.03522759339,
    6.242489446137));
#2317 = CARTESIAN_POINT('',(118.66658166706,-31.09502870024,
    6.663519956288));
#2318 = CARTESIAN_POINT('',(118.66987181775,-31.09833414201,
    6.686791964242));
#2319 = CARTESIAN_POINT('',(118.6731750846,-31.10163206214,
    6.710063210078));
#2320 = CARTESIAN_POINT('',(118.67649176776,-31.10492255891,
    6.733333577169));
#2321 = CARTESIAN_POINT('',(118.81643761786,-31.24376348679,
    7.715215519381));
#2322 = CARTESIAN_POINT('',(118.98056694668,-31.36968341973,
    8.697752799435));
#2323 = CARTESIAN_POINT('',(119.18534652498,-31.48989246889,
    9.670845583408));
#2324 = CARTESIAN_POINT('',(119.20123266025,-31.4992178969,
    9.746334964334));
#2325 = CARTESIAN_POINT('',(119.21736568076,-31.50851028497,
    9.821778584355));
#2326 = CARTESIAN_POINT('',(119.23375268029,-31.5177701835,
    9.897169564587));
#2327 = CARTESIAN_POINT('',(119.46097778422,-31.64616961391,
    10.942554553244));
#2328 = CARTESIAN_POINT('',(119.73749356266,-31.76860094375,
    11.979997896862));
#2329 = CARTESIAN_POINT('',(120.08912902822,-31.88660038454,
    12.992239261669));
#2330 = CARTESIAN_POINT('',(120.13601018357,-31.90233244417,
    13.127194490341));
#2331 = CARTESIAN_POINT('',(120.18422888977,-31.91798612429,
    13.261709343198));
#2332 = CARTESIAN_POINT('',(120.23382095707,-31.93356067932,
    13.395710723454));
#2333 = CARTESIAN_POINT('',(120.55492454244,-32.03440433707,
    14.26335601423));
#2334 = CARTESIAN_POINT('',(120.93479444571,-32.13231672586,
    15.112701335239));
#2335 = CARTESIAN_POINT('',(121.38414768055,-32.22559219357,
    15.922843171342));
#2336 = CARTESIAN_POINT('',(121.50272514674,-32.25020616707,
    16.136627247488));
#2337 = CARTESIAN_POINT('',(121.6256623254,-32.27439802401,
    16.346815703951));
#2338 = CARTESIAN_POINT('',(121.75343641863,-32.29819154693,
    16.553541287422));
#2339 = CARTESIAN_POINT('',(127.10425973997,-33.2945980493,
    25.210633231309));
#2340 = CARTESIAN_POINT('',(132.45508306131,-34.29100455167,
    33.867725175197));
#2341 = CARTESIAN_POINT('',(137.80590638265,-35.28741105405,
    42.524817119084));
#2342 = CARTESIAN_POINT('',(154.77053386959,-38.44648847507,
    69.971871736374));
#2343 = CARTESIAN_POINT('',(171.73516135652,-41.60556589609,
    97.418926353664));
#2344 = CARTESIAN_POINT('',(188.69978884346,-44.76464331712,
    124.86598097095));
#2345 = ADVANCED_FACE('',(#2346),#2374,.F.);
#2346 = FACE_BOUND('',#2347,.F.);
#2347 = EDGE_LOOP('',(#2348,#2349,#2365,#2372,#2373));
#2348 = ORIENTED_EDGE('',*,*,#258,.F.);
#2349 = ORIENTED_EDGE('',*,*,#2350,.T.);
#2350 = EDGE_CURVE('',#259,#2351,#2353,.T.);
#2351 = VERTEX_POINT('',#2352);
#2352 = CARTESIAN_POINT('',(-28.58088193213,-32.00916411686,
    24.380161048183));
#2353 = B_SPLINE_CURVE_WITH_KNOTS('',3,(#2354,#2355,#2356,#2357,#2358,
    #2359,#2360,#2361,#2362,#2363,#2364),.UNSPECIFIED.,.F.,.F.,(4,2,2,2,
    1,4),(0.,0.348678124609,0.533650477424,0.654431293449,0.673174574826
    ,1.),.UNSPECIFIED.);
#2354 = CARTESIAN_POINT('',(-28.83963685759,-31.28922376246,
    23.580501768683));
#2355 = CARTESIAN_POINT('',(-28.80872985258,-31.41158388724,
    23.612634286623));
#2356 = CARTESIAN_POINT('',(-28.7757756263,-31.52964565727,
    23.66893059601));
#2357 = CARTESIAN_POINT('',(-28.72580661534,-31.68868196177,
    23.789342929976));
#2358 = CARTESIAN_POINT('',(-28.70862566409,-31.73970235993,
    23.837152418873));
#2359 = CARTESIAN_POINT('',(-28.68096022706,-31.81533542635,
    23.925395889946));
#2360 = CARTESIAN_POINT('',(-28.6702233201,-31.84296336383,
    23.962619067579));
#2361 = CARTESIAN_POINT('',(-28.65815018535,-31.87188004115,
    24.00814357916));
#2362 = CARTESIAN_POINT('',(-28.6284060353,-31.94228043749,
    24.121734985237));
#2363 = CARTESIAN_POINT('',(-28.60165699666,-31.98972505598,
    24.250916413778));
#2364 = CARTESIAN_POINT('',(-28.58088193213,-32.00916411686,
    24.380161048183));
#2365 = ORIENTED_EDGE('',*,*,#2366,.T.);
#2366 = EDGE_CURVE('',#2351,#1586,#2367,.T.);
#2367 = B_SPLINE_CURVE_WITH_KNOTS('',3,(#2368,#2369,#2370,#2371),
  .UNSPECIFIED.,.F.,.F.,(4,4),(-0.323307199244,-0.319697905508),
  .PIECEWISE_BEZIER_KNOTS.);
#2368 = CARTESIAN_POINT('',(-28.58088193213,-32.00916411686,
    24.380161048183));
#2369 = CARTESIAN_POINT('',(-28.57900847612,-32.01091709459,
    24.391816084768));
#2370 = CARTESIAN_POINT('',(-28.57713337618,-32.01245979393,
    24.40349747044));
#2371 = CARTESIAN_POINT('',(-28.57525565084,-32.01379231907,
    24.415204927949));
#2372 = ORIENTED_EDGE('',*,*,#1608,.F.);
#2373 = ORIENTED_EDGE('',*,*,#531,.F.);
#2374 = B_SPLINE_SURFACE_WITH_KNOTS('',3,3,(
    (#2375,#2376,#2377,#2378,#2379,#2380,#2381,#2382,#2383,#2384)
    ,(#2385,#2386,#2387,#2388,#2389,#2390,#2391,#2392,#2393,#2394)
    ,(#2395,#2396,#2397,#2398,#2399,#2400,#2401,#2402,#2403,#2404)
    ,(#2405,#2406,#2407,#2408,#2409,#2410,#2411,#2412,#2413,#2414)
    ,(#2415,#2416,#2417,#2418,#2419,#2420,#2421,#2422,#2423,#2424)
    ,(#2425,#2426,#2427,#2428,#2429,#2430,#2431,#2432,#2433,#2434)
    ,(#2435,#2436,#2437,#2438,#2439,#2440,#2441,#2442,#2443,#2444)
    ,(#2445,#2446,#2447,#2448,#2449,#2450,#2451,#2452,#2453,#2454)
    ,(#2455,#2456,#2457,#2458,#2459,#2460,#2461,#2462,#2463,#2464)
    ,(#2465,#2466,#2467,#2468,#2469,#2470,#2471,#2472,#2473,#2474)
    ,(#2475,#2476,#2477,#2478,#2479,#2480,#2481,#2482,#2483,#2484
  )),.UNSPECIFIED.,.F.,.F.,.F.,(4,3,1,3,4),(4,3,3,4),(-1.,0.,
    0.571428571429,1.,2.),(-0.135713553941,0.103462193164,0.342637940269
    ,0.581813687375),.UNSPECIFIED.);
#2375 = CARTESIAN_POINT('',(-31.24773378036,-30.14702999419,
    23.427394195219));
#2376 = CARTESIAN_POINT('',(-30.45238757712,-30.14702999419,
    23.372294736373));
#2377 = CARTESIAN_POINT('',(-29.65704137388,-30.14702999419,
    23.317195277527));
#2378 = CARTESIAN_POINT('',(-28.86169517065,-30.14702999419,
    23.262095818681));
#2379 = CARTESIAN_POINT('',(-28.06634896741,-30.14702999419,
    23.206996359836));
#2380 = CARTESIAN_POINT('',(-27.27100276417,-30.14702999419,
    23.15189690099));
#2381 = CARTESIAN_POINT('',(-26.47565656093,-30.14702999419,
    23.096797442144));
#2382 = CARTESIAN_POINT('',(-25.68031035769,-30.14702999419,
    23.041697983299));
#2383 = CARTESIAN_POINT('',(-24.88496415445,-30.14702999419,
    22.986598524454));
#2384 = CARTESIAN_POINT('',(-24.08961795122,-30.14702999419,
    22.931499065609));
#2385 = CARTESIAN_POINT('',(-31.24038100934,-30.52776125028,
    23.533529511886));
#2386 = CARTESIAN_POINT('',(-30.4450348061,-30.52776125028,
    23.47843005304));
#2387 = CARTESIAN_POINT('',(-29.64968860286,-30.52776125028,
    23.423330594194));
#2388 = CARTESIAN_POINT('',(-28.85434239963,-30.52776125028,
    23.368231135348));
#2389 = CARTESIAN_POINT('',(-28.05899619639,-30.52776125028,
    23.313131676503));
#2390 = CARTESIAN_POINT('',(-27.26364999315,-30.52776125028,
    23.258032217657));
#2391 = CARTESIAN_POINT('',(-26.46830378991,-30.52776125028,
    23.202932758811));
#2392 = CARTESIAN_POINT('',(-25.67295758667,-30.52776125028,
    23.147833299966));
#2393 = CARTESIAN_POINT('',(-24.87761138344,-30.52776125028,
    23.09273384112));
#2394 = CARTESIAN_POINT('',(-24.0822651802,-30.52776125028,
    23.037634382275));
#2395 = CARTESIAN_POINT('',(-31.23302823832,-30.90849250637,
    23.639664828553));
#2396 = CARTESIAN_POINT('',(-30.43768203508,-30.90849250637,
    23.584565369707));
#2397 = CARTESIAN_POINT('',(-29.64233583185,-30.90849250637,
    23.529465910861));
#2398 = CARTESIAN_POINT('',(-28.84698962861,-30.90849250637,
    23.474366452015));
#2399 = CARTESIAN_POINT('',(-28.05164342537,-30.90849250637,
    23.41926699317));
#2400 = CARTESIAN_POINT('',(-27.25629722213,-30.90849250637,
    23.364167534324));
#2401 = CARTESIAN_POINT('',(-26.46095101889,-30.90849250637,
    23.309068075478));
#2402 = CARTESIAN_POINT('',(-25.66560481566,-30.90849250637,
    23.253968616633));
#2403 = CARTESIAN_POINT('',(-24.87025861242,-30.90849250637,
    23.198869157787));
#2404 = CARTESIAN_POINT('',(-24.07491240918,-30.90849250637,
    23.143769698941));
#2405 = CARTESIAN_POINT('',(-31.2256754673,-31.28922376246,
    23.74580014522));
#2406 = CARTESIAN_POINT('',(-30.43032926407,-31.28922376246,
    23.690700686374));
#2407 = CARTESIAN_POINT('',(-29.63498306083,-31.28922376246,
    23.635601227528));
#2408 = CARTESIAN_POINT('',(-28.83963685759,-31.28922376246,
    23.580501768683));
#2409 = CARTESIAN_POINT('',(-28.04429065435,-31.28922376246,
    23.525402309837));
#2410 = CARTESIAN_POINT('',(-27.24894445111,-31.28922376246,
    23.470302850991));
#2411 = CARTESIAN_POINT('',(-26.45359824788,-31.28922376246,
    23.415203392145));
#2412 = CARTESIAN_POINT('',(-25.65825204464,-31.28922376246,
    23.360103933299));
#2413 = CARTESIAN_POINT('',(-24.8629058414,-31.28922376246,
    23.305004474454));
#2414 = CARTESIAN_POINT('',(-24.06755963816,-31.28922376246,
    23.249905015608));
#2415 = CARTESIAN_POINT('',(-31.22147388387,-31.50678448023,
    23.806448897601));
#2416 = CARTESIAN_POINT('',(-30.42612768063,-31.50678448023,
    23.751349438755));
#2417 = CARTESIAN_POINT('',(-29.63078147739,-31.50678448023,
    23.69624997991));
#2418 = CARTESIAN_POINT('',(-28.83543527415,-31.50678448023,
    23.641150521064));
#2419 = CARTESIAN_POINT('',(-28.04008907091,-31.50678448023,
    23.586051062218));
#2420 = CARTESIAN_POINT('',(-27.24474286767,-31.50678448023,
    23.530951603372));
#2421 = CARTESIAN_POINT('',(-26.44939666444,-31.50678448023,
    23.475852144526));
#2422 = CARTESIAN_POINT('',(-25.6540504612,-31.50678448023,
    23.42075268568));
#2423 = CARTESIAN_POINT('',(-24.85870425796,-31.50678448023,
    23.365653226834));
#2424 = CARTESIAN_POINT('',(-24.06335805472,-31.50678448023,
    23.310553767989));
#2425 = CARTESIAN_POINT('',(-31.2049001066,-31.84907924855,
    24.045687015317));
#2426 = CARTESIAN_POINT('',(-30.40955390336,-31.84907924855,
    23.990587556471));
#2427 = CARTESIAN_POINT('',(-29.61420770012,-31.84907924855,
    23.935488097626));
#2428 = CARTESIAN_POINT('',(-28.81886149689,-31.84907924855,
    23.88038863878));
#2429 = CARTESIAN_POINT('',(-28.02351529365,-31.84907924855,
    23.825289179934));
#2430 = CARTESIAN_POINT('',(-27.22816909041,-31.84907924855,
    23.770189721088));
#2431 = CARTESIAN_POINT('',(-26.43282288717,-31.84907924855,
    23.715090262242));
#2432 = CARTESIAN_POINT('',(-25.63747668393,-31.84907924855,
    23.659990803397));
#2433 = CARTESIAN_POINT('',(-24.84213048069,-31.84907924855,
    23.604891344551));
#2434 = CARTESIAN_POINT('',(-24.04678427746,-31.84907924855,
    23.549791885705));
#2435 = CARTESIAN_POINT('',(-31.17849802326,-31.99479578839,
    24.426794147446));
#2436 = CARTESIAN_POINT('',(-30.38315182002,-31.99479578839,
    24.371694688601));
#2437 = CARTESIAN_POINT('',(-29.58780561678,-31.99479578839,
    24.316595229755));
#2438 = CARTESIAN_POINT('',(-28.79245941354,-31.99479578839,
    24.261495770909));
#2439 = CARTESIAN_POINT('',(-27.99711321031,-31.99479578839,
    24.206396312063));
#2440 = CARTESIAN_POINT('',(-27.20176700707,-31.99479578839,
    24.151296853217));
#2441 = CARTESIAN_POINT('',(-26.40642080383,-31.99479578839,
    24.096197394372));
#2442 = CARTESIAN_POINT('',(-25.61107460059,-31.99479578839,
    24.041097935526));
#2443 = CARTESIAN_POINT('',(-24.81572839735,-31.99479578839,
    23.98599847668));
#2444 = CARTESIAN_POINT('',(-24.02038219412,-31.99479578839,
    23.930899017834));
#2445 = CARTESIAN_POINT('',(-31.16686286846,-32.01379231907,
    24.594744548118));
#2446 = CARTESIAN_POINT('',(-30.37151666523,-32.01379231907,
    24.539645089272));
#2447 = CARTESIAN_POINT('',(-29.57617046199,-32.01379231907,
    24.484545630426));
#2448 = CARTESIAN_POINT('',(-28.78082425875,-32.01379231907,
    24.42944617158));
#2449 = CARTESIAN_POINT('',(-27.98547805551,-32.01379231907,
    24.374346712734));
#2450 = CARTESIAN_POINT('',(-27.19013185227,-32.01379231907,
    24.319247253889));
#2451 = CARTESIAN_POINT('',(-26.39478564904,-32.01379231907,
    24.264147795043));
#2452 = CARTESIAN_POINT('',(-25.5994394458,-32.01379231907,
    24.209048336197));
#2453 = CARTESIAN_POINT('',(-24.80409324256,-32.01379231907,
    24.153948877351));
#2454 = CARTESIAN_POINT('',(-24.00874703932,-32.01379231907,
    24.098849418505));
#2455 = CARTESIAN_POINT('',(-31.13971417394,-32.05811755734,
    24.98662881635));
#2456 = CARTESIAN_POINT('',(-30.34436797071,-32.05811755734,
    24.931529357505));
#2457 = CARTESIAN_POINT('',(-29.54902176747,-32.05811755734,
    24.876429898659));
#2458 = CARTESIAN_POINT('',(-28.75367556423,-32.05811755734,
    24.821330439813));
#2459 = CARTESIAN_POINT('',(-27.95832936099,-32.05811755734,
    24.766230980967));
#2460 = CARTESIAN_POINT('',(-27.16298315775,-32.05811755734,
    24.711131522122));
#2461 = CARTESIAN_POINT('',(-26.36763695451,-32.05811755734,
    24.656032063276));
#2462 = CARTESIAN_POINT('',(-25.57229075128,-32.05811755734,
    24.60093260443));
#2463 = CARTESIAN_POINT('',(-24.77694454804,-32.05811755734,
    24.545833145584));
#2464 = CARTESIAN_POINT('',(-23.9815983448,-32.05811755734,
    24.490733686738));
#2465 = CARTESIAN_POINT('',(-31.11256547942,-32.1024427956,
    25.378513084583));
#2466 = CARTESIAN_POINT('',(-30.31721927619,-32.1024427956,
    25.323413625737));
#2467 = CARTESIAN_POINT('',(-29.52187307295,-32.1024427956,
    25.268314166892));
#2468 = CARTESIAN_POINT('',(-28.72652686971,-32.1024427956,
    25.213214708046));
#2469 = CARTESIAN_POINT('',(-27.93118066647,-32.1024427956,25.1581152492
    ));
#2470 = CARTESIAN_POINT('',(-27.13583446323,-32.1024427956,
    25.103015790355));
#2471 = CARTESIAN_POINT('',(-26.34048825999,-32.1024427956,
    25.047916331509));
#2472 = CARTESIAN_POINT('',(-25.54514205676,-32.1024427956,
    24.992816872663));
#2473 = CARTESIAN_POINT('',(-24.74979585352,-32.1024427956,
    24.937717413817));
#2474 = CARTESIAN_POINT('',(-23.95444965028,-32.1024427956,
    24.882617954971));
#2475 = CARTESIAN_POINT('',(-31.0854167849,-32.14676803386,
    25.770397352816));
#2476 = CARTESIAN_POINT('',(-30.29007058166,-32.14676803386,
    25.71529789397));
#2477 = CARTESIAN_POINT('',(-29.49472437843,-32.14676803386,
    25.660198435124));
#2478 = CARTESIAN_POINT('',(-28.69937817519,-32.14676803386,
    25.605098976279));
#2479 = CARTESIAN_POINT('',(-27.90403197195,-32.14676803386,
    25.549999517433));
#2480 = CARTESIAN_POINT('',(-27.10868576871,-32.14676803386,
    25.494900058588));
#2481 = CARTESIAN_POINT('',(-26.31333956547,-32.14676803386,
    25.439800599742));
#2482 = CARTESIAN_POINT('',(-25.51799336224,-32.14676803386,
    25.384701140896));
#2483 = CARTESIAN_POINT('',(-24.722647159,-32.14676803386,25.32960168205
    ));
#2484 = CARTESIAN_POINT('',(-23.92730095576,-32.14676803386,
    25.274502223204));
#2485 = ADVANCED_FACE('',(#2486),#2497,.T.);
#2486 = FACE_BOUND('',#2487,.T.);
#2487 = EDGE_LOOP('',(#2488,#2489,#2490,#2496));
#2488 = ORIENTED_EDGE('',*,*,#1308,.T.);
#2489 = ORIENTED_EDGE('',*,*,#2350,.T.);
#2490 = ORIENTED_EDGE('',*,*,#2491,.T.);
#2491 = EDGE_CURVE('',#2351,#1347,#2492,.T.);
#2492 = LINE('',#2493,#2494);
#2493 = CARTESIAN_POINT('',(-28.58088193213,-32.00916411686,
    24.380161048183));
#2494 = VECTOR('',#2495,1.);
#2495 = DIRECTION('',(-0.764536566876,0.615139810653,0.192579467388));
#2496 = ORIENTED_EDGE('',*,*,#1346,.T.);
#2497 = B_SPLINE_SURFACE_WITH_KNOTS('',3,3,(
    (#2498,#2499,#2500,#2501,#2502,#2503,#2504,#2505,#2506,#2507,#2508)
    ,(#2509,#2510,#2511,#2512,#2513,#2514,#2515,#2516,#2517,#2518,#2519)
    ,(#2520,#2521,#2522,#2523,#2524,#2525,#2526,#2527,#2528,#2529,#2530)
    ,(#2531,#2532,#2533,#2534,#2535,#2536,#2537,#2538,#2539,#2540,#2541
    )),.UNSPECIFIED.,.F.,.F.,.F.,(4,4),(4,1,2,2,2,4),(0.,1.),(0.,
    3.65417665039E-02,3.863741928612E-02,5.214170639898E-02,
    7.28231344814E-02,0.111808212242),.UNSPECIFIED.);
#2498 = CARTESIAN_POINT('',(-28.58088193213,-32.00916411686,
    24.380161048183));
#2499 = CARTESIAN_POINT('',(-28.60165699666,-31.98972505598,
    24.250916413778));
#2500 = CARTESIAN_POINT('',(-28.6284060353,-31.94228043749,
    24.121734985237));
#2501 = CARTESIAN_POINT('',(-28.65815018535,-31.87188004115,
    24.00814357916));
#2502 = CARTESIAN_POINT('',(-28.6702233201,-31.84296336383,
    23.962619067579));
#2503 = CARTESIAN_POINT('',(-28.68096022706,-31.81533542635,
    23.925395889946));
#2504 = CARTESIAN_POINT('',(-28.70862566409,-31.73970235993,
    23.837152418873));
#2505 = CARTESIAN_POINT('',(-28.72580661534,-31.68868196177,
    23.789342929976));
#2506 = CARTESIAN_POINT('',(-28.7757756263,-31.52964565727,
    23.66893059601));
#2507 = CARTESIAN_POINT('',(-28.80872985258,-31.41158388724,
    23.612634286623));
#2508 = CARTESIAN_POINT('',(-28.83963685759,-31.28922376246,
    23.580501768683));
#2509 = CARTESIAN_POINT('',(-28.73952240433,-31.88152330246,
    24.420121069675));
#2510 = CARTESIAN_POINT('',(-28.75711767381,-31.86585515869,
    24.310308359772));
#2511 = CARTESIAN_POINT('',(-28.77984676899,-31.82679092092,
    24.199864864392));
#2512 = CARTESIAN_POINT('',(-28.80530767756,-31.76791214007,
    24.101757331816));
#2513 = CARTESIAN_POINT('',(-28.81564454744,-31.74371395467,
    24.062425108187));
#2514 = CARTESIAN_POINT('',(-28.8248597114,-31.72050952445,
    24.03012626582));
#2515 = CARTESIAN_POINT('',(-28.84865585026,-31.65676258426,
    23.953249131305));
#2516 = CARTESIAN_POINT('',(-28.86349089558,-31.61353479765,
    23.911262672654));
#2517 = CARTESIAN_POINT('',(-28.90677804213,-31.47811056849,
    23.804695913612));
#2518 = CARTESIAN_POINT('',(-28.93552889591,-31.37667060422,
    23.753644702248));
#2519 = CARTESIAN_POINT('',(-28.96264201827,-31.27059894742,
    23.723410546045));
#2520 = CARTESIAN_POINT('',(-28.89816287654,-31.75388248806,
    24.460081091166));
#2521 = CARTESIAN_POINT('',(-28.91258175751,-31.74200099266,
    24.369651773704));
#2522 = CARTESIAN_POINT('',(-28.9312901642,-31.71130984562,
    24.27796134846));
#2523 = CARTESIAN_POINT('',(-28.95246410612,-31.66394656919,
    24.195375502313));
#2524 = CARTESIAN_POINT('',(-28.96106659658,-31.64446232197,
    24.162227020981));
#2525 = CARTESIAN_POINT('',(-28.96875624736,-31.62569311653,
    24.134865706673));
#2526 = CARTESIAN_POINT('',(-28.9886888727,-31.57381259759,
    24.069336806816));
#2527 = CARTESIAN_POINT('',(-29.00116888776,-31.53840934135,
    24.033198911763));
#2528 = CARTESIAN_POINT('',(-29.03779145407,-31.42653611345,
    23.94043213001));
#2529 = CARTESIAN_POINT('',(-29.06233778632,-31.34171802827,
    23.894620211892));
#2530 = CARTESIAN_POINT('',(-29.08564717894,-31.25197413238,
    23.866319323408));
#2531 = CARTESIAN_POINT('',(-29.05680334875,-31.62624167366,
    24.500041112658));
#2532 = CARTESIAN_POINT('',(-29.06804243466,-31.61813109538,
    24.429043719698));
#2533 = CARTESIAN_POINT('',(-29.08273089788,-31.59582032904,
    24.356091227616));
#2534 = CARTESIAN_POINT('',(-29.09962159833,-31.55997866811,
    24.288989254969));
#2535 = CARTESIAN_POINT('',(-29.10648782392,-31.5452129128,
    24.262033061589));
#2536 = CARTESIAN_POINT('',(-29.1126557317,-31.53086721464,
    24.239596082547));
#2537 = CARTESIAN_POINT('',(-29.12871905887,-31.49087282191,
    24.185433519248));
#2538 = CARTESIAN_POINT('',(-29.13885316799,-31.46326217723,
    24.15511865444));
#2539 = CARTESIAN_POINT('',(-29.1687938699,-31.37500102466,
    24.076197447612));
#2540 = CARTESIAN_POINT('',(-29.18913682965,-31.30680474525,
    24.035630627517));
#2541 = CARTESIAN_POINT('',(-29.20865233962,-31.23334931734,
    24.009228100771));
#2542 = ADVANCED_FACE('',(#2543),#2554,.T.);
#2543 = FACE_BOUND('',#2544,.T.);
#2544 = EDGE_LOOP('',(#2545,#2546,#2547,#2553));
#2545 = ORIENTED_EDGE('',*,*,#2491,.F.);
#2546 = ORIENTED_EDGE('',*,*,#2366,.T.);
#2547 = ORIENTED_EDGE('',*,*,#2548,.F.);
#2548 = EDGE_CURVE('',#1363,#1586,#2549,.T.);
#2549 = LINE('',#2550,#2551);
#2550 = CARTESIAN_POINT('',(-29.05123863404,-31.63025592965,
    24.535185897304));
#2551 = VECTOR('',#2552,1.);
#2552 = DIRECTION('',(0.764090083889,-0.615686615526,-0.192604089171));
#2553 = ORIENTED_EDGE('',*,*,#1362,.T.);
#2554 = B_SPLINE_SURFACE_WITH_KNOTS('',3,3,(
    (#2555,#2556,#2557,#2558)
    ,(#2559,#2560,#2561,#2562)
    ,(#2563,#2564,#2565,#2566)
    ,(#2567,#2568,#2569,#2570
    )),.UNSPECIFIED.,.F.,.F.,.F.,(4,4),(4,4),(0.,1.),(0.319697905508,
    0.323307199244),.PIECEWISE_BEZIER_KNOTS.);
#2555 = CARTESIAN_POINT('',(-28.57525565084,-32.01379231907,
    24.415204927949));
#2556 = CARTESIAN_POINT('',(-28.57713337618,-32.01245979393,
    24.40349747044));
#2557 = CARTESIAN_POINT('',(-28.57900847612,-32.01091709459,
    24.391816084768));
#2558 = CARTESIAN_POINT('',(-28.58088193213,-32.00916411686,
    24.380161048183));
#2559 = CARTESIAN_POINT('',(-28.73391664524,-31.88594685593,
    24.455198584401));
#2560 = CARTESIAN_POINT('',(-28.73578702907,-31.88461244898,
    24.443487802142));
#2561 = CARTESIAN_POINT('',(-28.73765539858,-31.88313795335,
    24.431795226476));
#2562 = CARTESIAN_POINT('',(-28.73952240433,-31.88152330246,
    24.420121069675));
#2563 = CARTESIAN_POINT('',(-28.89257763964,-31.75810139279,
    24.495192240853));
#2564 = CARTESIAN_POINT('',(-28.89444068195,-31.75676510403,
    24.483478133844));
#2565 = CARTESIAN_POINT('',(-28.89630232104,-31.75535881212,
    24.471774368184));
#2566 = CARTESIAN_POINT('',(-28.89816287654,-31.75388248806,
    24.460081091166));
#2567 = CARTESIAN_POINT('',(-29.05123863404,-31.63025592965,
    24.535185897304));
#2568 = CARTESIAN_POINT('',(-29.05309433484,-31.62891775908,
    24.523468465546));
#2569 = CARTESIAN_POINT('',(-29.0549492435,-31.62757967088,
    24.511753509893));
#2570 = CARTESIAN_POINT('',(-29.05680334875,-31.62624167366,
    24.500041112658));
#2571 = ADVANCED_FACE('',(#2572),#2586,.T.);
#2572 = FACE_BOUND('',#2573,.T.);
#2573 = EDGE_LOOP('',(#2574,#2575,#2576,#2577));
#2574 = ORIENTED_EDGE('',*,*,#1171,.T.);
#2575 = ORIENTED_EDGE('',*,*,#1114,.T.);
#2576 = ORIENTED_EDGE('',*,*,#931,.T.);
#2577 = ORIENTED_EDGE('',*,*,#2578,.T.);
#2578 = EDGE_CURVE('',#923,#1172,#2579,.T.);
#2579 = B_SPLINE_CURVE_WITH_KNOTS('',3,(#2580,#2581,#2582,#2583,#2584,
    #2585),.UNSPECIFIED.,.F.,.F.,(4,2,4),(-5.905572060489E-02,
    -2.952551744801E-02,0.),.UNSPECIFIED.);
#2580 = CARTESIAN_POINT('',(-31.93204310863,-16.70740405943,
    22.41636780563));
#2581 = CARTESIAN_POINT('',(-31.85716237342,-16.70624639356,
    22.480248992929));
#2582 = CARTESIAN_POINT('',(-31.78228253238,-16.70508766249,
    22.544128347874));
#2583 = CARTESIAN_POINT('',(-31.63253090709,-16.70276810781,
    22.671877986846));
#2584 = CARTESIAN_POINT('',(-31.55766180802,-16.70160732613,
    22.73574598056));
#2585 = CARTESIAN_POINT('',(-31.482790888,-16.70044537854,
    22.799614399972));
#2586 = B_SPLINE_SURFACE_WITH_KNOTS('',3,3,(
    (#2587,#2588,#2589,#2590,#2591,#2592,#2593)
    ,(#2594,#2595,#2596,#2597,#2598,#2599,#2600)
    ,(#2601,#2602,#2603,#2604,#2605,#2606,#2607)
    ,(#2608,#2609,#2610,#2611,#2612,#2613,#2614
  )),.UNSPECIFIED.,.F.,.F.,.F.,(4,4),(4,3,4),(0.,1.),(
    -7.062259734615E-16,0.417764967356,0.459306208724),.UNSPECIFIED.);
#2587 = CARTESIAN_POINT('',(-31.93204310863,-16.70740405943,
    22.41636780563));
#2588 = CARTESIAN_POINT('',(-31.11868490775,-15.63485723022,
    22.059594858688));
#2589 = CARTESIAN_POINT('',(-30.30532670687,-14.56231040102,
    21.702821911746));
#2590 = CARTESIAN_POINT('',(-29.49196850599,-13.48976357181,
    21.346048964804));
#2591 = CARTESIAN_POINT('',(-29.4110907111,-13.3831128706,
    21.310572579132));
#2592 = CARTESIAN_POINT('',(-29.33021291622,-13.27646216939,
    21.275096193459));
#2593 = CARTESIAN_POINT('',(-29.24933512133,-13.16981146817,
    21.239619807787));
#2594 = CARTESIAN_POINT('',(-31.81530639223,-16.74861893023,
    22.55859800293));
#2595 = CARTESIAN_POINT('',(-31.00194819135,-15.67607210102,
    22.201825055988));
#2596 = CARTESIAN_POINT('',(-30.18858999047,-14.60352527182,
    21.845052109046));
#2597 = CARTESIAN_POINT('',(-29.37523178959,-13.53097844261,
    21.488279162104));
#2598 = CARTESIAN_POINT('',(-29.2943539947,-13.4243277414,
    21.452802776431));
#2599 = CARTESIAN_POINT('',(-29.21347619981,-13.31767704019,
    21.417326390759));
#2600 = CARTESIAN_POINT('',(-29.13259840493,-13.21102633898,
    21.381850005086));
#2601 = CARTESIAN_POINT('',(-31.69856967583,-16.78983380103,
    22.700828200229));
#2602 = CARTESIAN_POINT('',(-30.88521147495,-15.71728697183,
    22.344055253287));
#2603 = CARTESIAN_POINT('',(-30.07185327407,-14.64474014262,
    21.987282306345));
#2604 = CARTESIAN_POINT('',(-29.25849507319,-13.57219331341,
    21.630509359403));
#2605 = CARTESIAN_POINT('',(-29.1776172783,-13.4655426122,
    21.595032973731));
#2606 = CARTESIAN_POINT('',(-29.09673948341,-13.35889191099,
    21.559556588058));
#2607 = CARTESIAN_POINT('',(-29.01586168852,-13.25224120978,
    21.524080202385));
#2608 = CARTESIAN_POINT('',(-31.58183295942,-16.83104867183,
    22.843058397528));
#2609 = CARTESIAN_POINT('',(-30.76847475854,-15.75850184263,
    22.486285450587));
#2610 = CARTESIAN_POINT('',(-29.95511655766,-14.68595501342,
    22.129512503644));
#2611 = CARTESIAN_POINT('',(-29.14175835678,-13.61340818422,
    21.772739556703));
#2612 = CARTESIAN_POINT('',(-29.0608805619,-13.506757483,21.73726317103)
  );
#2613 = CARTESIAN_POINT('',(-28.98000276701,-13.40010678179,
    21.701786785357));
#2614 = CARTESIAN_POINT('',(-28.89912497212,-13.29345608058,
    21.666310399685));
#2615 = ADVANCED_FACE('',(#2616),#2634,.T.);
#2616 = FACE_BOUND('',#2617,.T.);
#2617 = EDGE_LOOP('',(#2618,#2619,#2620,#2633));
#2618 = ORIENTED_EDGE('',*,*,#2578,.F.);
#2619 = ORIENTED_EDGE('',*,*,#1392,.T.);
#2620 = ORIENTED_EDGE('',*,*,#2621,.T.);
#2621 = EDGE_CURVE('',#1372,#1181,#2622,.T.);
#2622 = B_SPLINE_CURVE_WITH_KNOTS('',3,(#2623,#2624,#2625,#2626,#2627,
    #2628,#2629,#2630,#2631,#2632),.UNSPECIFIED.,.F.,.F.,(4,3,3,4),(0.,
    3.165689112331E-02,3.355893844953E-02,6.337006333507E-02),
  .UNSPECIFIED.);
#2623 = CARTESIAN_POINT('',(-28.74647812515,-31.84573543031,
    26.436001776826));
#2624 = CARTESIAN_POINT('',(-28.66563684313,-31.8568073284,
    26.502913627334));
#2625 = CARTESIAN_POINT('',(-28.58475790416,-31.86793334613,
    26.569810177244));
#2626 = CARTESIAN_POINT('',(-28.50387870321,-31.87911046601,
    26.636658542983));
#2627 = CARTESIAN_POINT('',(-28.49901922199,-31.87978202315,
    26.640675006723));
#2628 = CARTESIAN_POINT('',(-28.49415965076,-31.88045377773,
    26.644691370167));
#2629 = CARTESIAN_POINT('',(-28.48929998968,-31.88112573031,
    26.648707632745));
#2630 = CARTESIAN_POINT('',(-28.41313366023,-31.89165736218,
    26.711655228022));
#2631 = CARTESIAN_POINT('',(-28.33694528369,-31.90223739707,
    26.77457798231));
#2632 = CARTESIAN_POINT('',(-28.26073532271,-31.9128677974,
    26.83747366974));
#2633 = ORIENTED_EDGE('',*,*,#1180,.T.);
#2634 = B_SPLINE_SURFACE_WITH_KNOTS('',3,3,(
    (#2635,#2636,#2637,#2638,#2639,#2640,#2641,#2642,#2643,#2644,#2645
      ,#2646,#2647,#2648,#2649,#2650,#2651,#2652,#2653,#2654,#2655,#2656
      ,#2657,#2658,#2659,#2660,#2661,#2662,#2663,#2664,#2665,#2666,#2667
      ,#2668,#2669,#2670,#2671,#2672,#2673,#2674,#2675,#2676,#2677,#2678
      ,#2679,#2680,#2681,#2682,#2683,#2684,#2685,#2686,#2687,#2688,#2689
      ,#2690,#2691,#2692,#2693,#2694,#2695,#2696,#2697,#2698,#2699,#2700
      ,#2701,#2702,#2703,#2704,#2705,#2706,#2707)
    ,(#2708,#2709,#2710,#2711,#2712,#2713,#2714,#2715,#2716,#2717,#2718
      ,#2719,#2720,#2721,#2722,#2723,#2724,#2725,#2726,#2727,#2728,#2729
      ,#2730,#2731,#2732,#2733,#2734,#2735,#2736,#2737,#2738,#2739,#2740
      ,#2741,#2742,#2743,#2744,#2745,#2746,#2747,#2748,#2749,#2750,#2751
      ,#2752,#2753,#2754,#2755,#2756,#2757,#2758,#2759,#2760,#2761,#2762
      ,#2763,#2764,#2765,#2766,#2767,#2768,#2769,#2770,#2771,#2772,#2773
      ,#2774,#2775,#2776,#2777,#2778,#2779,#2780)
    ,(#2781,#2782,#2783,#2784,#2785,#2786,#2787,#2788,#2789,#2790,#2791
      ,#2792,#2793,#2794,#2795,#2796,#2797,#2798,#2799,#2800,#2801,#2802
      ,#2803,#2804,#2805,#2806,#2807,#2808,#2809,#2810,#2811,#2812,#2813
      ,#2814,#2815,#2816,#2817,#2818,#2819,#2820,#2821,#2822,#2823,#2824
      ,#2825,#2826,#2827,#2828,#2829,#2830,#2831,#2832,#2833,#2834,#2835
      ,#2836,#2837,#2838,#2839,#2840,#2841,#2842,#2843,#2844,#2845,#2846
      ,#2847,#2848,#2849,#2850,#2851,#2852,#2853)
    ,(#2854,#2855,#2856,#2857,#2858,#2859,#2860,#2861,#2862,#2863,#2864
      ,#2865,#2866,#2867,#2868,#2869,#2870,#2871,#2872,#2873,#2874,#2875
      ,#2876,#2877,#2878,#2879,#2880,#2881,#2882,#2883,#2884,#2885,#2886
      ,#2887,#2888,#2889,#2890,#2891,#2892,#2893,#2894,#2895,#2896,#2897
      ,#2898,#2899,#2900,#2901,#2902,#2903,#2904,#2905,#2906,#2907,#2908
      ,#2909,#2910,#2911,#2912,#2913,#2914,#2915,#2916,#2917,#2918,#2919
      ,#2920,#2921,#2922,#2923,#2924,#2925,#2926
  )),.UNSPECIFIED.,.F.,.F.,.F.,(4,4),(4,1,2,2,2,2,2,2,2,2,1,2,1,2,1,2,1,
    2,1,1,2,2,2,2,2,2,2,2,2,2,2,2,2,2,2,2,2,2,2,4),(0.,1.),(
    -1.298723627423,-1.265821098709,-1.265821096019,-1.24779632381,
    -1.220949599828,-1.212032974987,-1.194268044988,-1.185420433462,
    -1.159014099162,-1.141521532064,-1.141521528573,-1.055360675828,
    -1.055360672487,-0.987965626265,-0.987965623494,-0.889464116687,
    -0.889464115287,-0.857360543018,-0.857360542103,-0.809935813106,
    -0.809935812801,-0.794334744455,-0.763361184779,-0.74794553588,
    -0.701531169003,-0.670433198426,-0.607875175597,-0.576419839521,
    -0.481383652273,-0.417502335718,-0.320979057038,-0.288638324701,
    -0.223744244753,-0.191207110012,-0.142312876693,-0.125995560745,
    -9.333782384482E-02,-7.699952990795E-02,-4.431155445243E-02,
    -3.102259942152E-02),.UNSPECIFIED.);
#2635 = CARTESIAN_POINT('',(-31.51250604995,-16.53919222305,
    22.75650518154));
#2636 = CARTESIAN_POINT('',(-31.4889962657,-16.66682510152,
    22.790627086278));
#2637 = CARTESIAN_POINT('',(-31.46518725358,-16.79595651935,
    22.825148009586));
#2638 = CARTESIAN_POINT('',(-31.4410933246,-16.92648315954,
    22.860040003287));
#2639 = CARTESIAN_POINT('',(-31.42789410758,-16.9979887012,
    22.879154652261));
#2640 = CARTESIAN_POINT('',(-31.41460835581,-17.06991849686,
    22.898382141977));
#2641 = CARTESIAN_POINT('',(-31.38133287908,-17.24999798452,
    22.946518059956));
#2642 = CARTESIAN_POINT('',(-31.36124989922,-17.35861566055,
    22.975551112405));
#2643 = CARTESIAN_POINT('',(-31.33425556648,-17.50439829438,
    23.01451545307));
#2644 = CARTESIAN_POINT('',(-31.32750615433,-17.54083083101,
    23.024252805317));
#2645 = CARTESIAN_POINT('',(-31.30724757532,-17.65009805813,
    23.053455635197));
#2646 = CARTESIAN_POINT('',(-31.29367108864,-17.7232103911,
    23.072994218119));
#2647 = CARTESIAN_POINT('',(-31.27320857843,-17.83325220978,
    23.102399887111));
#2648 = CARTESIAN_POINT('',(-31.26638529497,-17.86992076931,
    23.112198232933));
#2649 = CARTESIAN_POINT('',(-31.23911716607,-18.01635600309,
    23.1513264022));
#2650 = CARTESIAN_POINT('',(-31.21851195536,-18.12677681227,
    23.180828342395));
#2651 = CARTESIAN_POINT('',(-31.18397289484,-18.31147988644,
    23.230171812087));
#2652 = CARTESIAN_POINT('',(-31.17013503441,-18.38537858565,
    23.249912552803));
#2653 = CARTESIAN_POINT('',(-31.15622481112,-18.45956113232,
    23.269727787488));
#2654 = CARTESIAN_POINT('',(-31.08770905577,-18.82495235764,
    23.367329086292));
#2655 = CARTESIAN_POINT('',(-31.01743611529,-19.19723813806,
    23.46673985095));
#2656 = CARTESIAN_POINT('',(-30.9457403335,-19.57456991285,
    23.567465452914));
#2657 = CARTESIAN_POINT('',(-30.88965985678,-19.86971894742,
    23.646253049965));
#2658 = CARTESIAN_POINT('',(-30.83271112668,-20.16794462275,
    23.725842279023));
#2659 = CARTESIAN_POINT('',(-30.77502658357,-20.46835714074,
    23.805993078349));
#2660 = CARTESIAN_POINT('',(-30.69071719623,-20.90742616833,
    23.92313775292));
#2661 = CARTESIAN_POINT('',(-30.60483721092,-21.35116934769,
    24.041482873662));
#2662 = CARTESIAN_POINT('',(-30.51778699024,-21.79680142695,
    24.160276013818));
#2663 = CARTESIAN_POINT('',(-30.4894154746,-21.94204160822,
    24.198993003292));
#2664 = CARTESIAN_POINT('',(-30.46091933733,-22.08748251701,
    24.237757584081));
#2665 = CARTESIAN_POINT('',(-30.43231175257,-22.23302755012,
    24.276543609824));
#2666 = CARTESIAN_POINT('',(-30.3900514214,-22.44803270435,
    24.333839932837));
#2667 = CARTESIAN_POINT('',(-30.34754805316,-22.66326617524,
    24.391183371515));
#2668 = CARTESIAN_POINT('',(-30.30484373026,-22.87841494948,
    24.448489164642));
#2669 = CARTESIAN_POINT('',(-30.29079550177,-22.94919133922,
    24.467340757314));
#2670 = CARTESIAN_POINT('',(-30.27672551411,-23.01995834816,
    24.486188214964));
#2671 = CARTESIAN_POINT('',(-30.23466066275,-23.23116454533,
    24.542433973655));
#2672 = CARTESIAN_POINT('',(-30.20660786778,-23.37153540372,
    24.579809121852));
#2673 = CARTESIAN_POINT('',(-30.16448539816,-23.58154334113,
    24.635715250429));
#2674 = CARTESIAN_POINT('',(-30.15046636113,-23.65131096514,
    24.654286305144));
#2675 = CARTESIAN_POINT('',(-30.0943898112,-23.92986677786,
    24.728426330828));
#2676 = CARTESIAN_POINT('',(-30.0524948819,-24.13680874525,
    24.783489429439));
#2677 = CARTESIAN_POINT('',(-29.98285132386,-24.47877170955,
    24.874450225445));
#2678 = CARTESIAN_POINT('',(-29.95499577972,-24.61499570078,
    24.910677480676));
#2679 = CARTESIAN_POINT('',(-29.87134815459,-25.02234110486,
    25.018982056709));
#2680 = CARTESIAN_POINT('',(-29.81580259521,-25.29051357905,
    25.090250443584));
#2681 = CARTESIAN_POINT('',(-29.73274730602,-25.68771264287,
    25.195754015041));
#2682 = CARTESIAN_POINT('',(-29.70502908033,-25.81963009301,
    25.230784499892));
#2683 = CARTESIAN_POINT('',(-29.59382377962,-26.34619736879,
    25.370574589026));
#2684 = CARTESIAN_POINT('',(-29.51085870641,-26.73293328352,
    25.473153630659));
#2685 = CARTESIAN_POINT('',(-29.37278750938,-27.36502564143,
    25.640640619092));
#2686 = CARTESIAN_POINT('',(-29.31746538051,-27.61516544833,
    25.706873445448));
#2687 = CARTESIAN_POINT('',(-29.17884736013,-28.23346451189,
    25.870458981541));
#2688 = CARTESIAN_POINT('',(-29.09570161503,-28.59662105529,
    25.966420808319));
#2689 = CARTESIAN_POINT('',(-28.98478221313,-29.06977733116,
    26.091270018842));
#2690 = CARTESIAN_POINT('',(-28.9569521071,-29.18754244847,
    26.122328614588));
#2691 = CARTESIAN_POINT('',(-28.87327736186,-29.53867732941,
    26.214886466612));
#2692 = CARTESIAN_POINT('',(-28.81743059609,-29.76909690674,
    26.275559213811));
#2693 = CARTESIAN_POINT('',(-28.73349600329,-30.10922215337,
    26.365015211332));
#2694 = CARTESIAN_POINT('',(-28.70545091921,-30.22183392826,
    26.394615437307));
#2695 = CARTESIAN_POINT('',(-28.63521106459,-30.50125056286,
    26.468015387562));
#2696 = CARTESIAN_POINT('',(-28.59299088033,-30.66683893401,
    26.511472606796));
#2697 = CARTESIAN_POINT('',(-28.53659453873,-30.8848049742,
    26.568618983579));
#2698 = CARTESIAN_POINT('',(-28.52247569862,-30.93910417346,
    26.58285034202));
#2699 = CARTESIAN_POINT('',(-28.48007551201,-31.10135918414,
    26.625361400435));
#2700 = CARTESIAN_POINT('',(-28.45177081707,-31.20859321491,
    26.65343730857));
#2701 = CARTESIAN_POINT('',(-28.40924948368,-31.36804174372,
    26.695153864828));
#2702 = CARTESIAN_POINT('',(-28.39506090045,-31.42097249439,
    26.708997082441));
#2703 = CARTESIAN_POINT('',(-28.35245468445,-31.57908631707,
    26.750333900479));
#2704 = CARTESIAN_POINT('',(-28.3240059544,-31.68355607093,
    26.777625542627));
#2705 = CARTESIAN_POINT('',(-28.28392700104,-31.82916512125,
    26.815634794154));
#2706 = CARTESIAN_POINT('',(-28.27233522727,-31.87109438879,
    26.826576342014));
#2707 = CARTESIAN_POINT('',(-28.26073532271,-31.9128677974,
    26.83747366974));
#2708 = CARTESIAN_POINT('',(-31.65235173617,-16.59526283517,
    22.643126056237));
#2709 = CARTESIAN_POINT('',(-31.62883928561,-16.72291018889,
    22.677251830846));
#2710 = CARTESIAN_POINT('',(-31.60502739983,-16.85205719342,
    22.711776920985));
#2711 = CARTESIAN_POINT('',(-31.58093038873,-16.98260053067,
    22.746673378096));
#2712 = CARTESIAN_POINT('',(-31.56772948374,-17.05411521658,
    22.765790471479));
#2713 = CARTESIAN_POINT('',(-31.5544423214,-17.12605264873,
    22.785020002497));
#2714 = CARTESIAN_POINT('',(-31.52116401914,-17.30614742686,
    22.833160007666));
#2715 = CARTESIAN_POINT('',(-31.50107818544,-17.41478054399,
    22.862197187537));
#2716 = CARTESIAN_POINT('',(-31.47407854665,-17.56059183373,
    22.901169187273));
#2717 = CARTESIAN_POINT('',(-31.46732740023,-17.59703373293,
    22.910909041877));
#2718 = CARTESIAN_POINT('',(-31.44706237784,-17.70633571345,
    22.940121159975));
#2719 = CARTESIAN_POINT('',(-31.43348184195,-17.77946984996,
    22.959665569658));
#2720 = CARTESIAN_POINT('',(-31.41301363154,-17.88954232286,
    22.989079430155));
#2721 = CARTESIAN_POINT('',(-31.40618841855,-17.92622125183,
    22.998880546834));
#2722 = CARTESIAN_POINT('',(-31.37891246112,-18.07269852638,
    23.038019949592));
#2723 = CARTESIAN_POINT('',(-31.3583014299,-18.18315052598,
    23.067530223145));
#2724 = CARTESIAN_POINT('',(-31.32375275285,-18.36790502605,
    23.11688743128));
#2725 = CARTESIAN_POINT('',(-31.30991105535,-18.44182421634,
    23.136633645826));
#2726 = CARTESIAN_POINT('',(-31.29599698707,-18.51602726813,
    23.156454357728));
#2727 = CARTESIAN_POINT('',(-31.22746229247,-18.88151949397,
    23.254082635216));
#2728 = CARTESIAN_POINT('',(-31.15717075167,-19.25390379197,
    23.353519706551));
#2729 = CARTESIAN_POINT('',(-31.08545641736,-19.63133320947,
    23.454271373452));
#2730 = CARTESIAN_POINT('',(-31.02936142723,-19.92655862643,
    23.533079360141));
#2731 = CARTESIAN_POINT('',(-30.97239753334,-20.22486372588,
    23.612689785778));
#2732 = CARTESIAN_POINT('',(-30.91469695083,-20.52535977561,
    23.692862871591));
#2733 = CARTESIAN_POINT('',(-30.83036411006,-20.96455093733,
    23.810040131743));
#2734 = CARTESIAN_POINT('',(-30.74445897146,-21.40842416631,
    23.928419937474));
#2735 = CARTESIAN_POINT('',(-30.65738082193,-21.85419922794,
    24.047251192861));
#2736 = CARTESIAN_POINT('',(-30.62900020012,-21.99948602566,
    24.085980608981));
#2737 = CARTESIAN_POINT('',(-30.60049466849,-22.14497488634,
    24.124757970518));
#2738 = CARTESIAN_POINT('',(-30.57187735896,-22.29056939566,
    24.163557181085));
#2739 = CARTESIAN_POINT('',(-30.52960266038,-22.50564764513,
    24.220872983098));
#2740 = CARTESIAN_POINT('',(-30.48708427543,-22.72095717655,
    24.27823668639));
#2741 = CARTESIAN_POINT('',(-30.44436403855,-22.93618612806,
    24.335563835089));
#2742 = CARTESIAN_POINT('',(-30.43031057447,-23.00698889529,
    24.35442245352));
#2743 = CARTESIAN_POINT('',(-30.41623525745,-23.07778270967,
    24.373277050298));
#2744 = CARTESIAN_POINT('',(-30.37415426388,-23.28906995627,
    24.429544393049));
#2745 = CARTESIAN_POINT('',(-30.34609031931,-23.42949661181,
    24.46693439789));
#2746 = CARTESIAN_POINT('',(-30.30395057225,-23.63959068828,
    24.522863457507));
#2747 = CARTESIAN_POINT('',(-30.28992568859,-23.70938741003,
    24.541442257602));
#2748 = CARTESIAN_POINT('',(-30.23382533694,-23.98806145499,
    24.615613751802));
#2749 = CARTESIAN_POINT('',(-30.19191167456,-24.19509598442,
    24.670701479721));
#2750 = CARTESIAN_POINT('',(-30.12223531184,-24.53722002481,
    24.761705121314));
#2751 = CARTESIAN_POINT('',(-30.09436615184,-24.67351061479,
    24.797950087915));
#2752 = CARTESIAN_POINT('',(-30.01067607894,-25.08106272525,
    24.906309622757));
#2753 = CARTESIAN_POINT('',(-29.9550999696,-25.34938280655,
    24.977617238694));
#2754 = CARTESIAN_POINT('',(-29.87199513117,-25.74681882915,
    25.083183750834));
#2755 = CARTESIAN_POINT('',(-29.84425968187,-25.87881827527,
    25.11823600996));
#2756 = CARTESIAN_POINT('',(-29.73298235315,-26.40572657952,
    25.258116632945));
#2757 = CARTESIAN_POINT('',(-29.64995665646,-26.79274569383,
    25.360770800348));
#2758 = CARTESIAN_POINT('',(-29.51177116825,-27.42536128171,
    25.528396430291));
#2759 = CARTESIAN_POINT('',(-29.45639941705,-27.67572570357,
    25.594688734708));
#2760 = CARTESIAN_POINT('',(-29.31764631081,-28.29462728652,
    25.758433681066));
#2761 = CARTESIAN_POINT('',(-29.23440999568,-28.65818042352,
    25.854500321224));
#2762 = CARTESIAN_POINT('',(-29.12335447813,-29.13191738078,
    25.979502753744));
#2763 = CARTESIAN_POINT('',(-29.09548892847,-29.24983251723,
    26.010600915152));
#2764 = CARTESIAN_POINT('',(-29.01170350796,-29.60143183567,
    26.103281191127));
#2765 = CARTESIAN_POINT('',(-28.95577766266,-29.83217808897,
    26.16403996346));
#2766 = CARTESIAN_POINT('',(-28.8717151853,-30.17282157017,
    26.253632261545));
#2767 = CARTESIAN_POINT('',(-28.84362603581,-30.28561033193,
    26.283279009682));
#2768 = CARTESIAN_POINT('',(-28.77327223014,-30.56548026844,
    26.356798037818));
#2769 = CARTESIAN_POINT('',(-28.73098028655,-30.73135027312,
    26.400329172699));
#2770 = CARTESIAN_POINT('',(-28.67448320766,-30.94970565783,
    26.457577627996));
#2771 = CARTESIAN_POINT('',(-28.66033876172,-31.00410334003,
    26.471834798089));
#2772 = CARTESIAN_POINT('',(-28.61786048297,-31.1666571898,
    26.514424152799));
#2773 = CARTESIAN_POINT('',(-28.5895019475,-31.27409526673,
    26.54255348534));
#2774 = CARTESIAN_POINT('',(-28.54689694816,-31.43385753104,
    26.584352124307));
#2775 = CARTESIAN_POINT('',(-28.53267997739,-31.48689419126,
    26.598223041096));
#2776 = CARTESIAN_POINT('',(-28.48998707032,-31.64532972758,
    26.639643966988));
#2777 = CARTESIAN_POINT('',(-28.46147875182,-31.75001837425,
    26.666992793966));
#2778 = CARTESIAN_POINT('',(-28.42131304723,-31.89594259873,
    26.705084317438));
#2779 = CARTESIAN_POINT('',(-28.40969581748,-31.93796394923,
    26.716049894669));
#2780 = CARTESIAN_POINT('',(-28.39807012115,-31.979830239,
    26.726971452084));
#2781 = CARTESIAN_POINT('',(-31.7921974224,-16.6513334473,
    22.529746930934));
#2782 = CARTESIAN_POINT('',(-31.76868230553,-16.77899527626,
    22.563876575415));
#2783 = CARTESIAN_POINT('',(-31.7448675462,-16.9081578668,
    22.598405832201));
#2784 = CARTESIAN_POINT('',(-31.72076745299,-17.03871790108,
    22.633306752712));
#2785 = CARTESIAN_POINT('',(-31.7075648587,-17.110241739,22.652426292588
    ));
#2786 = CARTESIAN_POINT('',(-31.69427628824,-17.18218679324,
    22.67165786104));
#2787 = CARTESIAN_POINT('',(-31.66099515784,-17.36229687731,
    22.71980195755));
#2788 = CARTESIAN_POINT('',(-31.64090646914,-17.47094544207,
    22.748843266592));
#2789 = CARTESIAN_POINT('',(-31.61390152785,-17.61678536702,
    22.787822919852));
#2790 = CARTESIAN_POINT('',(-31.60714864611,-17.65323663502,
    22.797565278485));
#2791 = CARTESIAN_POINT('',(-31.58687718062,-17.76257336699,
    22.826786684274));
#2792 = CARTESIAN_POINT('',(-31.57329259529,-17.83572930883,
    22.846336921204));
#2793 = CARTESIAN_POINT('',(-31.5528186847,-17.94583243559,
    22.875758973103));
#2794 = CARTESIAN_POINT('',(-31.54599154217,-17.98252173416,
    22.885562860688));
#2795 = CARTESIAN_POINT('',(-31.51870775619,-18.12904104951,
    22.924713496939));
#2796 = CARTESIAN_POINT('',(-31.49809090441,-18.23952423972,
    22.954232103905));
#2797 = CARTESIAN_POINT('',(-31.46353261083,-18.42433016571,
    23.003603050484));
#2798 = CARTESIAN_POINT('',(-31.44968707621,-18.49826984721,
    23.023354738895));
#2799 = CARTESIAN_POINT('',(-31.43576916296,-18.57249340409,
    23.043180928004));
#2800 = CARTESIAN_POINT('',(-31.36721553009,-18.93808662838,
    23.140836183663));
#2801 = CARTESIAN_POINT('',(-31.29690538857,-19.31056944462,
    23.240299561839));
#2802 = CARTESIAN_POINT('',(-31.22517250089,-19.6880965073,
    23.341077294309));
#2803 = CARTESIAN_POINT('',(-31.16906299998,-19.98339829508,
    23.419905667572));
#2804 = CARTESIAN_POINT('',(-31.11208393929,-20.2817828322,
    23.499537293375));
#2805 = CARTESIAN_POINT('',(-31.05436731622,-20.58236241869,
    23.579732667002));
#2806 = CARTESIAN_POINT('',(-30.97001103792,-21.02167564507,
    23.69694249438));
#2807 = CARTESIAN_POINT('',(-30.88408074326,-21.46567893596,
    23.81535698835));
#2808 = CARTESIAN_POINT('',(-30.79697465228,-21.91159703472,
    23.934226373437));
#2809 = CARTESIAN_POINT('',(-30.76858492384,-22.05693045095,
    23.972968216749));
#2810 = CARTESIAN_POINT('',(-30.7400699994,-22.20246725683,
    24.01175835726));
#2811 = CARTESIAN_POINT('',(-30.71144296485,-22.34811124341,
    24.05057075293));
#2812 = CARTESIAN_POINT('',(-30.66915390211,-22.56326257383,
    24.107906030168));
#2813 = CARTESIAN_POINT('',(-30.62662050112,-22.77864816293,
    24.165289997321));
#2814 = CARTESIAN_POINT('',(-30.58388434661,-22.99395730764,
    24.222638505801));
#2815 = CARTESIAN_POINT('',(-30.56982564676,-23.0647864531,
    24.241504150182));
#2816 = CARTESIAN_POINT('',(-30.55574500061,-23.13560707193,
    24.260365885833));
#2817 = CARTESIAN_POINT('',(-30.51364786521,-23.34697536617,
    24.316654812165));
#2818 = CARTESIAN_POINT('',(-30.48557277096,-23.48745781897,
    24.354059673672));
#2819 = CARTESIAN_POINT('',(-30.44341574664,-23.69763803418,
    24.410011664254));
#2820 = CARTESIAN_POINT('',(-30.42938501525,-23.7674638583,
    24.428598210954));
#2821 = CARTESIAN_POINT('',(-30.3732608627,-24.04625613381,
    24.502801173251));
#2822 = CARTESIAN_POINT('',(-30.33132846737,-24.25338322112,
    24.557913529321));
#2823 = CARTESIAN_POINT('',(-30.26161929985,-24.59566834142,
    24.648960017564));
#2824 = CARTESIAN_POINT('',(-30.23373652292,-24.73202553022,
    24.685222695477));
#2825 = CARTESIAN_POINT('',(-30.15000400543,-25.13978434236,
    24.793637188035));
#2826 = CARTESIAN_POINT('',(-30.09439734231,-25.40825203658,
    24.864984034395));
#2827 = CARTESIAN_POINT('',(-30.01124295769,-25.80592501322,
    24.970613486106));
#2828 = CARTESIAN_POINT('',(-29.98349027824,-25.93800646667,
    25.005687522232));
#2829 = CARTESIAN_POINT('',(-29.87214093869,-26.46525576914,
    25.145658671783));
#2830 = CARTESIAN_POINT('',(-29.78905460251,-26.85255811058,
    25.24838797156));
#2831 = CARTESIAN_POINT('',(-29.65075482852,-27.48569692014,
    25.41615224107));
#2832 = CARTESIAN_POINT('',(-29.59533345031,-27.73628596397,
    25.482504025183));
#2833 = CARTESIAN_POINT('',(-29.456445261,-28.35579006223,
    25.646408380863));
#2834 = CARTESIAN_POINT('',(-29.3731183932,-28.71973976377,
    25.742579827458));
#2835 = CARTESIAN_POINT('',(-29.26192673515,-29.19405744361,
    25.867735491793));
#2836 = CARTESIAN_POINT('',(-29.23402575025,-29.31212258536,
    25.898873215569));
#2837 = CARTESIAN_POINT('',(-29.15012965352,-29.66418634272,
    25.991675915827));
#2838 = CARTESIAN_POINT('',(-29.09412473521,-29.89525926124,
    26.052520710734));
#2839 = CARTESIAN_POINT('',(-29.00993436359,-30.23642099318,
    26.14224931324));
#2840 = CARTESIAN_POINT('',(-28.98180115331,-30.34938673404,
    26.171942581682));
#2841 = CARTESIAN_POINT('',(-28.91133339435,-30.62970997631,
    26.245580688621));
#2842 = CARTESIAN_POINT('',(-28.86896969656,-30.79586160612,
    26.289185737153));
#2843 = CARTESIAN_POINT('',(-28.8123718751,-31.01460634386,
    26.34653627298));
#2844 = CARTESIAN_POINT('',(-28.7982018248,-31.06910250661,
    26.360819254163));
#2845 = CARTESIAN_POINT('',(-28.75564545388,-31.23195519553,
    26.403486905175));
#2846 = CARTESIAN_POINT('',(-28.72723307841,-31.33959731797,
    26.431669661982));
#2847 = CARTESIAN_POINT('',(-28.6845444123,-31.4996733188,26.47355038389
    ));
#2848 = CARTESIAN_POINT('',(-28.67029905363,-31.55281588966,
    26.487449000135));
#2849 = CARTESIAN_POINT('',(-28.62751945715,-31.71157313591,
    26.528954032953));
#2850 = CARTESIAN_POINT('',(-28.59895155128,-31.81648067337,
    26.556360044271));
#2851 = CARTESIAN_POINT('',(-28.55869909243,-31.96272007828,
    26.594533841236));
#2852 = CARTESIAN_POINT('',(-28.547056408,-32.00483350923,
    26.605523447223));
#2853 = CARTESIAN_POINT('',(-28.53540491959,-32.04679268061,
    26.616469234427));
#2854 = CARTESIAN_POINT('',(-31.93204310863,-16.70740405943,
    22.41636780563));
#2855 = CARTESIAN_POINT('',(-31.90852532543,-16.83508036363,
    22.450501319984));
#2856 = CARTESIAN_POINT('',(-31.88470769244,-16.96425854087,
    22.4850347436));
#2857 = CARTESIAN_POINT('',(-31.86060451713,-17.09483527221,
    22.519940127521));
#2858 = CARTESIAN_POINT('',(-31.84740023485,-17.16636825437,
    22.539062111806));
#2859 = CARTESIAN_POINT('',(-31.83411025383,-17.23832094512,
    22.558295721559));
#2860 = CARTESIAN_POINT('',(-31.80082629791,-17.41844631964,
    22.606443905259));
#2861 = CARTESIAN_POINT('',(-31.78073475536,-17.52711032551,
    22.635489341725));
#2862 = CARTESIAN_POINT('',(-31.75372450802,-17.67297890637,
    22.674476654055));
#2863 = CARTESIAN_POINT('',(-31.74696989201,-17.70943953694,
    22.684221515045));
#2864 = CARTESIAN_POINT('',(-31.72669198314,-17.8188110223,
    22.713452209052));
#2865 = CARTESIAN_POINT('',(-31.7131033486,-17.89198876769,
    22.733008272743));
#2866 = CARTESIAN_POINT('',(-31.69262373782,-18.00212254867,
    22.762438516148));
#2867 = CARTESIAN_POINT('',(-31.68579466575,-18.03882221667,
    22.772245174589));
#2868 = CARTESIAN_POINT('',(-31.65850305124,-18.18538357281,
    22.811407044331));
#2869 = CARTESIAN_POINT('',(-31.63788037895,-18.29589795342,
    22.840933984655));
#2870 = CARTESIAN_POINT('',(-31.60331246884,-18.48075530532,
    22.890318669677));
#2871 = CARTESIAN_POINT('',(-31.58946309716,-18.5547154779,
    22.910075831918));
#2872 = CARTESIAN_POINT('',(-31.57554133892,-18.62895953991,
    22.929907498244));
#2873 = CARTESIAN_POINT('',(-31.50696876679,-18.99465376471,
    23.027589732586));
#2874 = CARTESIAN_POINT('',(-31.43664002495,-19.36723509852,
    23.127079417439));
#2875 = CARTESIAN_POINT('',(-31.36488858475,-19.74485980392,
    23.227883214847));
#2876 = CARTESIAN_POINT('',(-31.30876457044,-20.0402379741,
    23.306731977748));
#2877 = CARTESIAN_POINT('',(-31.25177034595,-20.33870193532,
    23.38638480013));
#2878 = CARTESIAN_POINT('',(-31.19403768348,-20.63936505356,
    23.466602460244));
#2879 = CARTESIAN_POINT('',(-31.10965795174,-21.07880041407,
    23.583844873204));
#2880 = CARTESIAN_POINT('',(-31.0237025038,-21.52293375458,
    23.702294052162));
#2881 = CARTESIAN_POINT('',(-30.93656848397,-21.96899483571,
    23.82120155248));
#2882 = CARTESIAN_POINT('',(-30.90816964936,-22.11437486839,
    23.859955822438));
#2883 = CARTESIAN_POINT('',(-30.87964533056,-22.25995962616,
    23.898758743697));
#2884 = CARTESIAN_POINT('',(-30.85100857124,-22.40565308895,
    23.93758432419));
#2885 = CARTESIAN_POINT('',(-30.80870514108,-22.6208775146,
    23.994939080429));
#2886 = CARTESIAN_POINT('',(-30.7661567234,-22.83633916424,
    24.052343312196));
#2887 = CARTESIAN_POINT('',(-30.7234046549,-23.05172848622,
    24.109713176247));
#2888 = CARTESIAN_POINT('',(-30.70934071946,-23.12258400917,
    24.128585846388));
#2889 = CARTESIAN_POINT('',(-30.69525474394,-23.19343143343,
    24.147454721167));
#2890 = CARTESIAN_POINT('',(-30.65314146634,-23.40488077711,
    24.203765231559));
#2891 = CARTESIAN_POINT('',(-30.62505522248,-23.54541902706,
    24.241184949709));
#2892 = CARTESIAN_POINT('',(-30.58288092073,-23.75568538133,
    24.297159871331));
#2893 = CARTESIAN_POINT('',(-30.56884434271,-23.82554030319,
    24.315754163412));
#2894 = CARTESIAN_POINT('',(-30.51269638843,-24.10445081094,
    24.389988594225));
#2895 = CARTESIAN_POINT('',(-30.47074526002,-24.31167046029,
    24.445125579603));
#2896 = CARTESIAN_POINT('',(-30.40100328783,-24.65411665668,
    24.536214913432));
#2897 = CARTESIAN_POINT('',(-30.37310689504,-24.79054044423,
    24.572495302716));
#2898 = CARTESIAN_POINT('',(-30.28933192978,-25.19850596275,
    24.680964754083));
#2899 = CARTESIAN_POINT('',(-30.23369471671,-25.46712126409,
    24.752350829506));
#2900 = CARTESIAN_POINT('',(-30.15049078284,-25.8650311995,24.8580432219
    ));
#2901 = CARTESIAN_POINT('',(-30.12272087977,-25.99719464893,
    24.893139032299));
#2902 = CARTESIAN_POINT('',(-30.01129951221,-26.52478497987,
    25.033200715702));
#2903 = CARTESIAN_POINT('',(-29.92815255256,-26.91237052089,
    25.136005141249));
#2904 = CARTESIAN_POINT('',(-29.78973848739,-27.54603256041,
    25.303908052269));
#2905 = CARTESIAN_POINT('',(-29.73426748685,-27.79684621922,
    25.370319314443));
#2906 = CARTESIAN_POINT('',(-29.59524421169,-28.41695283685,
    25.534383080389));
#2907 = CARTESIAN_POINT('',(-29.51182677385,-28.781299132,
    25.630659340363));
#2908 = CARTESIAN_POINT('',(-29.40049900015,-29.25619749323,
    25.755968226695));
#2909 = CARTESIAN_POINT('',(-29.37256257162,-29.37441265412,
    25.787145516133));
#2910 = CARTESIAN_POINT('',(-29.28855579963,-29.72694084898,
    25.880070640342));
#2911 = CARTESIAN_POINT('',(-29.23247180178,-29.95834044347,
    25.941001460383));
#2912 = CARTESIAN_POINT('',(-29.14815354561,-30.30002040998,
    26.030866363453));
#2913 = CARTESIAN_POINT('',(-29.11997626991,-30.41316313771,
    26.060606154057));
#2914 = CARTESIAN_POINT('',(-29.04939455991,-30.69393968189,
    26.134363338877));
#2915 = CARTESIAN_POINT('',(-29.00695910277,-30.86037294523,
    26.178042303056));
#2916 = CARTESIAN_POINT('',(-28.95026054402,-31.07950702749,
    26.235494917397));
#2917 = CARTESIAN_POINT('',(-28.9360648879,-31.13410167318,
    26.249803710232));
#2918 = CARTESIAN_POINT('',(-28.89343042484,-31.2972532012,
    26.292549657539));
#2919 = CARTESIAN_POINT('',(-28.86496420883,-31.40509936979,
    26.320785838753));
#2920 = CARTESIAN_POINT('',(-28.82219187678,-31.56548910612,
    26.36274864337));
#2921 = CARTESIAN_POINT('',(-28.80791813057,-31.61873758653,
    26.37667495879));
#2922 = CARTESIAN_POINT('',(-28.76505184301,-31.77781654641,
    26.418264099463));
#2923 = CARTESIAN_POINT('',(-28.73642434871,-31.88294297669,
    26.44572729561));
#2924 = CARTESIAN_POINT('',(-28.69608513863,-32.02949755576,
    26.483983364521));
#2925 = CARTESIAN_POINT('',(-28.6844169982,-32.07170306967,
    26.494996999878));
#2926 = CARTESIAN_POINT('',(-28.67273971803,-32.11375512222,
    26.505967016771));
#2927 = ADVANCED_FACE('',(#2928),#2942,.T.);
#2928 = FACE_BOUND('',#2929,.T.);
#2929 = EDGE_LOOP('',(#2930,#2931,#2932,#2933));
#2930 = ORIENTED_EDGE('',*,*,#1576,.T.);
#2931 = ORIENTED_EDGE('',*,*,#1276,.T.);
#2932 = ORIENTED_EDGE('',*,*,#1258,.T.);
#2933 = ORIENTED_EDGE('',*,*,#2934,.T.);
#2934 = EDGE_CURVE('',#1181,#1577,#2935,.T.);
#2935 = B_SPLINE_CURVE_WITH_KNOTS('',3,(#2936,#2937,#2938,#2939,#2940,
    #2941),.UNSPECIFIED.,.F.,.F.,(4,2,4),(0.,2.253785501305E-02,
    4.507724736029E-02),.UNSPECIFIED.);
#2936 = CARTESIAN_POINT('',(-28.26073532271,-31.9128677974,
    26.83747366974));
#2937 = CARTESIAN_POINT('',(-28.25538905338,-31.96973185668,
    26.788669575704));
#2938 = CARTESIAN_POINT('',(-28.25004278406,-32.02659591597,
    26.739865481669));
#2939 = CARTESIAN_POINT('',(-28.23934988073,-32.14032791331,
    26.642253964611));
#2940 = CARTESIAN_POINT('',(-28.23400324673,-32.19719585136,
    26.593446541589));
#2941 = CARTESIAN_POINT('',(-28.22865661273,-32.25406378941,
    26.544639118567));
#2942 = B_SPLINE_SURFACE_WITH_KNOTS('',3,3,(
    (#2943,#2944,#2945,#2946,#2947,#2948,#2949,#2950,#2951,#2952)
    ,(#2953,#2954,#2955,#2956,#2957,#2958,#2959,#2960,#2961,#2962)
    ,(#2963,#2964,#2965,#2966,#2967,#2968,#2969,#2970,#2971,#2972)
    ,(#2973,#2974,#2975,#2976,#2977,#2978,#2979,#2980,#2981,#2982
  )),.UNSPECIFIED.,.F.,.F.,.F.,(4,4),(4,3,3,4),(0.,1.),(-1.331402519126,
    -1.032601585558,-0.9715257425,-0.947218135574),.UNSPECIFIED.);
#2943 = CARTESIAN_POINT('',(-28.26073532271,-31.9128677974,
    26.83747366974));
#2944 = CARTESIAN_POINT('',(-27.26711372472,-31.9128677974,
    26.768638221575));
#2945 = CARTESIAN_POINT('',(-26.27349212674,-31.9128677974,
    26.69980277341));
#2946 = CARTESIAN_POINT('',(-25.27987052875,-31.9128677974,
    26.630967325244));
#2947 = CARTESIAN_POINT('',(-25.0767711741,-31.9128677974,
    26.616897144878));
#2948 = CARTESIAN_POINT('',(-24.87367181945,-31.9128677974,
    26.602826964511));
#2949 = CARTESIAN_POINT('',(-24.6705724648,-31.9128677974,
    26.588756784145));
#2950 = CARTESIAN_POINT('',(-24.58974084574,-31.9128677974,
    26.583156985655));
#2951 = CARTESIAN_POINT('',(-24.50890922668,-31.9128677974,
    26.577557187165));
#2952 = CARTESIAN_POINT('',(-24.42807760762,-31.9128677974,
    26.571957388676));
#2953 = CARTESIAN_POINT('',(-28.26741421439,-32.02659979474,
    26.741065624202));
#2954 = CARTESIAN_POINT('',(-27.2737926164,-32.02659979474,
    26.672230176037));
#2955 = CARTESIAN_POINT('',(-26.28017101842,-32.02659979474,
    26.603394727872));
#2956 = CARTESIAN_POINT('',(-25.28654942043,-32.02659979474,
    26.534559279706));
#2957 = CARTESIAN_POINT('',(-25.08345006578,-32.02659979474,
    26.52048909934));
#2958 = CARTESIAN_POINT('',(-24.88035071113,-32.02659979474,
    26.506418918973));
#2959 = CARTESIAN_POINT('',(-24.67725135647,-32.02659979474,
    26.492348738607));
#2960 = CARTESIAN_POINT('',(-24.59641973741,-32.02659979474,
    26.486748940117));
#2961 = CARTESIAN_POINT('',(-24.51558811836,-32.02659979474,
    26.481149141627));
#2962 = CARTESIAN_POINT('',(-24.4347564993,-32.02659979474,
    26.475549343138));
#2963 = CARTESIAN_POINT('',(-28.27409310606,-32.14033179207,
    26.644657578664));
#2964 = CARTESIAN_POINT('',(-27.28047150808,-32.14033179207,
    26.575822130499));
#2965 = CARTESIAN_POINT('',(-26.28684991009,-32.14033179207,
    26.506986682334));
#2966 = CARTESIAN_POINT('',(-25.29322831211,-32.14033179207,
    26.438151234168));
#2967 = CARTESIAN_POINT('',(-25.09012895746,-32.14033179207,
    26.424081053802));
#2968 = CARTESIAN_POINT('',(-24.8870296028,-32.14033179207,
    26.410010873435));
#2969 = CARTESIAN_POINT('',(-24.68393024815,-32.14033179207,
    26.395940693069));
#2970 = CARTESIAN_POINT('',(-24.60309862909,-32.14033179207,
    26.390340894579));
#2971 = CARTESIAN_POINT('',(-24.52226701003,-32.14033179207,
    26.384741096089));
#2972 = CARTESIAN_POINT('',(-24.44143539097,-32.14033179207,
    26.3791412976));
#2973 = CARTESIAN_POINT('',(-28.28077199774,-32.25406378941,
    26.548249533126));
#2974 = CARTESIAN_POINT('',(-27.28715039976,-32.25406378941,
    26.479414084961));
#2975 = CARTESIAN_POINT('',(-26.29352880177,-32.25406378941,
    26.410578636796));
#2976 = CARTESIAN_POINT('',(-25.29990720379,-32.25406378941,
    26.34174318863));
#2977 = CARTESIAN_POINT('',(-25.09680784913,-32.25406378941,
    26.327673008264));
#2978 = CARTESIAN_POINT('',(-24.89370849448,-32.25406378941,
    26.313602827897));
#2979 = CARTESIAN_POINT('',(-24.69060913983,-32.25406378941,
    26.299532647531));
#2980 = CARTESIAN_POINT('',(-24.60977752077,-32.25406378941,
    26.293932849041));
#2981 = CARTESIAN_POINT('',(-24.52894590171,-32.25406378941,
    26.288333050551));
#2982 = CARTESIAN_POINT('',(-24.44811428265,-32.25406378941,
    26.282733252061));
#2983 = ADVANCED_FACE('',(#2984),#2998,.T.);
#2984 = FACE_BOUND('',#2985,.T.);
#2985 = EDGE_LOOP('',(#2986,#2987,#2988,#2997));
#2986 = ORIENTED_EDGE('',*,*,#2548,.T.);
#2987 = ORIENTED_EDGE('',*,*,#1585,.T.);
#2988 = ORIENTED_EDGE('',*,*,#2989,.T.);
#2989 = EDGE_CURVE('',#1577,#1372,#2990,.T.);
#2990 = B_SPLINE_CURVE_WITH_KNOTS('',3,(#2991,#2992,#2993,#2994,#2995,
    #2996),.UNSPECIFIED.,.F.,.F.,(4,2,4),(0.,3.323732271639E-02,
    6.683310280428E-02),.UNSPECIFIED.);
#2991 = CARTESIAN_POINT('',(-28.22865661273,-32.25406378941,
    26.544639118567));
#2992 = CARTESIAN_POINT('',(-28.31453311237,-32.18644903611,
    26.526524638007));
#2993 = CARTESIAN_POINT('',(-28.40039335862,-32.11879521354,
    26.508462770138));
#2994 = CARTESIAN_POINT('',(-28.57299989838,-31.982686796,
    26.472249945219));
#2995 = CARTESIAN_POINT('',(-28.659748388,-31.91422936261,
    26.454099576865));
#2996 = CARTESIAN_POINT('',(-28.74647812515,-31.84573543031,
    26.436001776826));
#2997 = ORIENTED_EDGE('',*,*,#1371,.T.);
#2998 = B_SPLINE_SURFACE_WITH_KNOTS('',3,3,(
    (#2999,#3000,#3001,#3002,#3003,#3004,#3005,#3006,#3007,#3008,#3009
      ,#3010,#3011,#3012,#3013,#3014,#3015,#3016)
    ,(#3017,#3018,#3019,#3020,#3021,#3022,#3023,#3024,#3025,#3026,#3027
      ,#3028,#3029,#3030,#3031,#3032,#3033,#3034)
    ,(#3035,#3036,#3037,#3038,#3039,#3040,#3041,#3042,#3043,#3044,#3045
      ,#3046,#3047,#3048,#3049,#3050,#3051,#3052)
    ,(#3053,#3054,#3055,#3056,#3057,#3058,#3059,#3060,#3061,#3062,#3063
      ,#3064,#3065,#3066,#3067,#3068,#3069,#3070
  )),.UNSPECIFIED.,.F.,.F.,.F.,(4,4),(4,2,2,1,1,2,1,2,1,2,4),(0.,1.),(
    0.101752061735,0.106045552495,0.127838853119,0.13895524443,
    0.174014179363,0.182433001592,0.218506875422,0.270350789718,
    0.308645398816,0.314956331502,0.319697905508),.UNSPECIFIED.);
#2999 = CARTESIAN_POINT('',(-28.22865661273,-32.25406378941,
    26.544639118567));
#3000 = CARTESIAN_POINT('',(-28.23095921096,-32.25250444014,
    26.53070940162));
#3001 = CARTESIAN_POINT('',(-28.23326088666,-32.25094499523,
    26.516780822766));
#3002 = CARTESIAN_POINT('',(-28.24724008958,-32.24146935542,
    26.432158842107));
#3003 = CARTESIAN_POINT('',(-28.25891428598,-32.23353760983,
    26.361375923481));
#3004 = CARTESIAN_POINT('',(-28.2765325818,-32.22153937172,
    26.254381742962));
#3005 = CARTESIAN_POINT('',(-28.30124501817,-32.20468991979,
    26.104183129957));
#3006 = CARTESIAN_POINT('',(-28.33041794918,-32.18470037694,
    25.92627503524));
#3007 = CARTESIAN_POINT('',(-28.35359976839,-32.16874155357,
    25.784464217209));
#3008 = CARTESIAN_POINT('',(-28.37731186598,-32.1524029132,
    25.639323109328));
#3009 = CARTESIAN_POINT('',(-28.42407485778,-32.12005608825,
    25.352355577456));
#3010 = CARTESIAN_POINT('',(-28.47054233565,-32.08760839262,
    25.065466797073));
#3011 = CARTESIAN_POINT('',(-28.51794446343,-32.05432350248,
    24.771803260492));
#3012 = CARTESIAN_POINT('',(-28.54131433066,-32.03784585276,
    24.626654501621));
#3013 = CARTESIAN_POINT('',(-28.56456407055,-32.02137455408,
    24.481839784293));
#3014 = CARTESIAN_POINT('',(-28.57032065214,-32.0172935463,
    24.445969602686));
#3015 = CARTESIAN_POINT('',(-28.57278885975,-32.0155428739,
    24.430585160277));
#3016 = CARTESIAN_POINT('',(-28.57525565084,-32.01379231907,
    24.415204927949));
#3017 = CARTESIAN_POINT('',(-28.38874723989,-32.12661139814,
    26.585366068908));
#3018 = CARTESIAN_POINT('',(-28.39103983804,-32.12504913931,
    26.571430757753));
#3019 = CARTESIAN_POINT('',(-28.39333152697,-32.12348679135,
    26.557496600361));
#3020 = CARTESIAN_POINT('',(-28.40725014317,-32.11399355123,
    26.472840785028));
#3021 = CARTESIAN_POINT('',(-28.4188739991,-32.10604724234,
    26.402029897874));
#3022 = CARTESIAN_POINT('',(-28.43641675491,-32.0940272181,
    26.294993797554));
#3023 = CARTESIAN_POINT('',(-28.46102350339,-32.07714738475,
    26.144736796277));
#3024 = CARTESIAN_POINT('',(-28.49007308851,-32.05712283262,
    25.966761834412));
#3025 = CARTESIAN_POINT('',(-28.51315786935,-32.04113683098,
    25.824899601906));
#3026 = CARTESIAN_POINT('',(-28.53677089526,-32.02477051372,
    25.67970623427));
#3027 = CARTESIAN_POINT('',(-28.58334012358,-31.99237015174,
    25.392638378884));
#3028 = CARTESIAN_POINT('',(-28.62961903673,-31.95987173297,
    25.105656322916));
#3029 = CARTESIAN_POINT('',(-28.6768312835,-31.92653655447,
    24.811901339824));
#3030 = CARTESIAN_POINT('',(-28.70010843653,-31.9100346572,
    24.666708946298));
#3031 = CARTESIAN_POINT('',(-28.7232669291,-31.89353984431,
    24.52185247699));
#3032 = CARTESIAN_POINT('',(-28.72900095228,-31.88945303567,
    24.485972015741));
#3033 = CARTESIAN_POINT('',(-28.73145949879,-31.88769988292,
    24.470583184512));
#3034 = CARTESIAN_POINT('',(-28.73391664524,-31.88594685593,
    24.455198584401));
#3035 = CARTESIAN_POINT('',(-28.54883786704,-31.99915900687,
    26.626093019249));
#3036 = CARTESIAN_POINT('',(-28.55112046432,-31.99759383853,
    26.612152116228));
#3037 = CARTESIAN_POINT('',(-28.5534021682,-31.99602858744,
    26.59821237542));
#3038 = CARTESIAN_POINT('',(-28.56726019146,-31.98651774753,
    26.513522743725));
#3039 = CARTESIAN_POINT('',(-28.57883371235,-31.97855687652,
    26.442683882129));
#3040 = CARTESIAN_POINT('',(-28.59630092536,-31.96651506484,
    26.335605859264));
#3041 = CARTESIAN_POINT('',(-28.62080200914,-31.94960484025,
    26.185290356783));
#3042 = CARTESIAN_POINT('',(-28.64972822779,-31.92954529198,
    26.007248656751));
#3043 = CARTESIAN_POINT('',(-28.67271597141,-31.9135321067,
    25.865334973595));
#3044 = CARTESIAN_POINT('',(-28.69622992462,-31.89713811376,
    25.720089355445));
#3045 = CARTESIAN_POINT('',(-28.74260539051,-31.86468421453,
    25.432921174405));
#3046 = CARTESIAN_POINT('',(-28.78869573674,-31.83213507304,
    25.145845847951));
#3047 = CARTESIAN_POINT('',(-28.8357181045,-31.79874960649,
    24.851999418356));
#3048 = CARTESIAN_POINT('',(-28.85890254243,-31.78222346172,
    24.706763391385));
#3049 = CARTESIAN_POINT('',(-28.88196978763,-31.76570513453,
    24.561865169578));
#3050 = CARTESIAN_POINT('',(-28.88768125245,-31.76161252505,
    24.525974428856));
#3051 = CARTESIAN_POINT('',(-28.89013013781,-31.75985689192,
    24.510581208692));
#3052 = CARTESIAN_POINT('',(-28.89257763964,-31.75810139279,
    24.495192240852));
#3053 = CARTESIAN_POINT('',(-28.7089284942,-31.8717066156,
    26.666819969589));
#3054 = CARTESIAN_POINT('',(-28.71120109141,-31.8701385377,
    26.652873472361));
#3055 = CARTESIAN_POINT('',(-28.71347280851,-31.86857038356,
    26.638928153015));
#3056 = CARTESIAN_POINT('',(-28.72727024504,-31.85904194334,
    26.554204686646));
#3057 = CARTESIAN_POINT('',(-28.73879342547,-31.85106650902,
    26.483337856522));
#3058 = CARTESIAN_POINT('',(-28.75618509847,-31.83900291123,
    26.376217913856));
#3059 = CARTESIAN_POINT('',(-28.78058049436,-31.82206230521,
    26.225844023103));
#3060 = CARTESIAN_POINT('',(-28.80938336712,-31.80196774766,
    26.047735455923));
#3061 = CARTESIAN_POINT('',(-28.83227407237,-31.78592738412,
    25.905770358292));
#3062 = CARTESIAN_POINT('',(-28.8556889539,-31.76950571428,
    25.760472480388));
#3063 = CARTESIAN_POINT('',(-28.90187065631,-31.73699827802,
    25.473203975833));
#3064 = CARTESIAN_POINT('',(-28.94777243783,-31.7043984134,
    25.186035373794));
#3065 = CARTESIAN_POINT('',(-28.99460492457,-31.67096265848,
    24.892097497688));
#3066 = CARTESIAN_POINT('',(-29.0176966483,-31.65441226616,
    24.746817836062));
#3067 = CARTESIAN_POINT('',(-29.04067264619,-31.63787042477,
    24.601877862275));
#3068 = CARTESIAN_POINT('',(-29.0463615526,-31.63377201442,
    24.565976841911));
#3069 = CARTESIAN_POINT('',(-29.04880077685,-31.63201390094,
    24.550579232927));
#3070 = CARTESIAN_POINT('',(-29.05123863404,-31.63025592965,
    24.535185897304));
#3071 = ADVANCED_FACE('',(#3072),#3077,.T.);
#3072 = FACE_BOUND('',#3073,.T.);
#3073 = EDGE_LOOP('',(#3074,#3075,#3076));
#3074 = ORIENTED_EDGE('',*,*,#2934,.F.);
#3075 = ORIENTED_EDGE('',*,*,#2621,.F.);
#3076 = ORIENTED_EDGE('',*,*,#2989,.F.);
#3077 = PLANE('',#3078);
#3078 = AXIS2_PLACEMENT_3D('',#3079,#3080,#3081);
#3079 = CARTESIAN_POINT('',(-28.26073532271,-31.9128677974,
    26.83747366974));
#3080 = DIRECTION('',(-0.570610129782,-0.565079217153,0.595893915166));
#3081 = DIRECTION('',(-0.703654760946,0.710542030705,-1.110223024625E-16
    ));
#3082 = ADVANCED_FACE('',(#3083),#3089,.F.);
#3083 = FACE_BOUND('',#3084,.F.);
#3084 = EDGE_LOOP('',(#3085,#3086,#3087,#3088));
#3085 = ORIENTED_EDGE('',*,*,#221,.F.);
#3086 = ORIENTED_EDGE('',*,*,#105,.F.);
#3087 = ORIENTED_EDGE('',*,*,#497,.F.);
#3088 = ORIENTED_EDGE('',*,*,#124,.T.);
#3089 = CYLINDRICAL_SURFACE('',#3090,1.2);
#3090 = AXIS2_PLACEMENT_3D('',#3091,#3092,#3093);
#3091 = CARTESIAN_POINT('',(-13.15562516512,-10.90562135538,
    55.492799264985));
#3092 = DIRECTION('',(-6.656181353355E-02,-0.269125443091,
    -0.960802279795));
#3093 = DIRECTION('',(-1.110223024625E-16,0.962937783644,-0.26972360822)
  );
#3094 = ADVANCED_FACE('',(#3095),#3131,.T.);
#3095 = FACE_BOUND('',#3096,.T.);
#3096 = EDGE_LOOP('',(#3097,#3098,#3106,#3125));
#3097 = ORIENTED_EDGE('',*,*,#383,.F.);
#3098 = ORIENTED_EDGE('',*,*,#3099,.F.);
#3099 = EDGE_CURVE('',#3100,#376,#3102,.T.);
#3100 = VERTEX_POINT('',#3101);
#3101 = CARTESIAN_POINT('',(-23.29510768439,-17.65925866146,
    21.252005717903));
#3102 = LINE('',#3103,#3104);
#3103 = CARTESIAN_POINT('',(-23.56459322897,-17.15075698965,
    19.254806781636));
#3104 = VECTOR('',#3105,1.);
#3105 = DIRECTION('',(-0.129656293089,0.24465298092,-0.960902786233));
#3106 = ORIENTED_EDGE('',*,*,#3107,.T.);
#3107 = EDGE_CURVE('',#3100,#3108,#3110,.T.);
#3108 = VERTEX_POINT('',#3109);
#3109 = CARTESIAN_POINT('',(-23.96370013915,-18.51286781695,
    21.537424137768));
#3110 = B_SPLINE_CURVE_WITH_KNOTS('',3,(#3111,#3112,#3113,#3114,#3115,
    #3116,#3117,#3118,#3119,#3120,#3121,#3122,#3123,#3124),
  .UNSPECIFIED.,.F.,.F.,(4,2,2,2,2,2,4),(0.,1.586994063254E-04,
    3.173988126509E-04,6.347976253017E-04,9.521964379526E-04,
    1.110895844278E-03,1.269595250603E-03),.UNSPECIFIED.);
#3111 = CARTESIAN_POINT('',(-23.29510768439,-17.65925866146,
    21.252005717903));
#3112 = CARTESIAN_POINT('',(-23.35607802049,-17.66674487206,
    21.258326504202));
#3113 = CARTESIAN_POINT('',(-23.42041973768,-17.68024875394,
    21.266566430088));
#3114 = CARTESIAN_POINT('',(-23.53973263985,-17.71637045403,
    21.28494997482));
#3115 = CARTESIAN_POINT('',(-23.59462273776,-17.73901928458,
    21.295096662879));
#3116 = CARTESIAN_POINT('',(-23.72465433671,-17.80708542186,
    21.323170564205));
#3117 = CARTESIAN_POINT('',(-23.78931049445,-17.86218694466,
    21.34308397746));
#3118 = CARTESIAN_POINT('',(-23.89453733329,-17.99653275258,
    21.388004732975));
#3119 = CARTESIAN_POINT('',(-23.93193876443,-18.07173077486,
    21.411659139954));
#3120 = CARTESIAN_POINT('',(-23.96470674914,-18.21151504756,
    21.453083480478));
#3121 = CARTESIAN_POINT('',(-23.97249775174,-18.26889278801,
    21.469695007553));
#3122 = CARTESIAN_POINT('',(-23.976415123,-18.39010234318,
    21.503917784987));
#3123 = CARTESIAN_POINT('',(-23.97259400207,-18.45386666103,
    21.521513766916));
#3124 = CARTESIAN_POINT('',(-23.96370013915,-18.51286781695,
    21.537424137768));
#3125 = ORIENTED_EDGE('',*,*,#3126,.T.);
#3126 = EDGE_CURVE('',#3108,#384,#3127,.T.);
#3127 = LINE('',#3128,#3129);
#3128 = CARTESIAN_POINT('',(-25.10957801828,-19.12327875327,
    19.9143522432));
#3129 = VECTOR('',#3130,1.);
#3130 = DIRECTION('',(-0.551310751647,-0.293684098666,-0.780900829369));
#3131 = B_SPLINE_SURFACE_WITH_KNOTS('',1,3,(
    (#3132,#3133,#3134,#3135,#3136,#3137,#3138,#3139,#3140,#3141,#3142
      ,#3143,#3144,#3145)
    ,(#3146,#3147,#3148,#3149,#3150,#3151,#3152,#3153,#3154,#3155,#3156
      ,#3157,#3158,#3159
    )),.UNSPECIFIED.,.F.,.F.,.F.,(2,2),(4,2,2,2,2,2,4),(0.,1.),(
    -0.659058035826,-0.49429352687,-0.329529017913,1.054711873394E-15,
    0.329529017913,0.49429352687,0.659058035826),.UNSPECIFIED.);
#3132 = CARTESIAN_POINT('',(-23.7927129725,-16.72030988393,
    17.56417615305));
#3133 = CARTESIAN_POINT('',(-23.96605272934,-16.74159333521,
    17.582146267392));
#3134 = CARTESIAN_POINT('',(-24.1373375717,-16.77761167365,
    17.604101337103));
#3135 = CARTESIAN_POINT('',(-24.47300466986,-16.8792341142,
    17.655820401664));
#3136 = CARTESIAN_POINT('',(-24.63745567052,-16.94481198067,
    17.68558181024));
#3137 = CARTESIAN_POINT('',(-25.113229551,-17.19385992204,
    17.788301705859));
#3138 = CARTESIAN_POINT('',(-25.38652770341,-17.42154799297,
    17.871011619548));
#3139 = CARTESIAN_POINT('',(-25.81005027096,-17.96227013319,
    18.05181106122));
#3140 = CARTESIAN_POINT('',(-25.96295751664,-18.27872944112,
    18.151045874717));
#3141 = CARTESIAN_POINT('',(-26.08285270407,-18.79018749858,
    18.30261380967));
#3142 = CARTESIAN_POINT('',(-26.10393237615,-18.96148140737,
    18.352054419149));
#3143 = CARTESIAN_POINT('',(-26.11495326878,-19.30248442939,
    18.448334540401));
#3144 = CARTESIAN_POINT('',(-26.10485002744,-19.47225078094,
    18.495187004703));
#3145 = CARTESIAN_POINT('',(-26.0795646348,-19.63999213921,
    18.540420479576));
#3146 = CARTESIAN_POINT('',(-23.15156922333,-17.93010640091,
    22.315791435789));
#3147 = CARTESIAN_POINT('',(-23.18012564205,-17.93361267981,
    22.318751874101));
#3148 = CARTESIAN_POINT('',(-23.21361870771,-17.94062207573,
    22.323035550421));
#3149 = CARTESIAN_POINT('',(-23.27052240697,-17.95784953167,
    22.331803181714));
#3150 = CARTESIAN_POINT('',(-23.29380873321,-17.9681151177,
    22.336291837271));
#3151 = CARTESIAN_POINT('',(-23.32410803854,-17.98397551853,
    22.342833468412));
#3152 = CARTESIAN_POINT('',(-23.32857964326,-17.98929298769,
    22.34463269849));
#3153 = CARTESIAN_POINT('',(-23.34199137944,-18.00641609575,
    22.350358094488));
#3154 = CARTESIAN_POINT('',(-23.34607417868,-18.01202025386,
    22.35221069215));
#3155 = CARTESIAN_POINT('',(-23.35370958277,-18.04459207088,
    22.361863178646));
#3156 = CARTESIAN_POINT('',(-23.35766735595,-18.06910972636,
    22.369004878452));
#3157 = CARTESIAN_POINT('',(-23.35953565622,-18.12691799178,
    22.385326688705));
#3158 = CARTESIAN_POINT('',(-23.35752666621,-18.16010512392,
    22.394483390146));
#3159 = CARTESIAN_POINT('',(-23.35336107906,-18.18773924617,
    22.401935262931));
#3160 = ADVANCED_FACE('',(#3161),#3179,.F.);
#3161 = FACE_BOUND('',#3162,.T.);
#3162 = EDGE_LOOP('',(#3163,#3164,#3165,#3173));
#3163 = ORIENTED_EDGE('',*,*,#402,.F.);
#3164 = ORIENTED_EDGE('',*,*,#3126,.F.);
#3165 = ORIENTED_EDGE('',*,*,#3166,.T.);
#3166 = EDGE_CURVE('',#3108,#3167,#3169,.T.);
#3167 = VERTEX_POINT('',#3168);
#3168 = CARTESIAN_POINT('',(-23.02237299801,-24.75755861379,
    23.22138010878));
#3169 = LINE('',#3170,#3171);
#3170 = CARTESIAN_POINT('',(-24.1536827083,-17.25253827871,
    21.19756112126));
#3171 = VECTOR('',#3172,1.);
#3172 = DIRECTION('',(0.144024139646,-0.955444903331,0.25764720821));
#3173 = ORIENTED_EDGE('',*,*,#3174,.T.);
#3174 = EDGE_CURVE('',#3167,#403,#3175,.T.);
#3175 = LINE('',#3176,#3177);
#3176 = CARTESIAN_POINT('',(-24.16825087659,-25.36796955378,
    21.598308215202));
#3177 = VECTOR('',#3178,1.);
#3178 = DIRECTION('',(-0.551310751381,-0.293684100432,-0.780900828893));
#3179 = PLANE('',#3180);
#3180 = AXIS2_PLACEMENT_3D('',#3181,#3182,#3183);
#3181 = CARTESIAN_POINT('',(-25.10957801828,-19.12327875327,
    19.9143522432));
#3182 = DIRECTION('',(-0.821774605544,2.957510591894E-02,0.569044647451)
  );
#3183 = DIRECTION('',(0.569293678777,0.,0.822134239224));
#3184 = ADVANCED_FACE('',(#3185),#3214,.T.);
#3185 = FACE_BOUND('',#3186,.T.);
#3186 = EDGE_LOOP('',(#3187,#3188,#3189,#3208));
#3187 = ORIENTED_EDGE('',*,*,#410,.F.);
#3188 = ORIENTED_EDGE('',*,*,#3174,.F.);
#3189 = ORIENTED_EDGE('',*,*,#3190,.T.);
#3190 = EDGE_CURVE('',#3167,#3191,#3193,.T.);
#3191 = VERTEX_POINT('',#3192);
#3192 = CARTESIAN_POINT('',(-22.12541001665,-25.41894173622,
    23.344497575978));
#3193 = B_SPLINE_CURVE_WITH_KNOTS('',3,(#3194,#3195,#3196,#3197,#3198,
    #3199,#3200,#3201,#3202,#3203,#3204,#3205,#3206,#3207),
  .UNSPECIFIED.,.F.,.F.,(4,2,2,2,2,2,4),(0.,1.58543146009E-04,
    3.170862920179E-04,6.341725840359E-04,9.512588760538E-04,
    1.109802022063E-03,1.268345168072E-03),.UNSPECIFIED.);
#3194 = CARTESIAN_POINT('',(-23.02237299801,-24.75755861379,
    23.22138010878));
#3195 = CARTESIAN_POINT('',(-23.01347914538,-24.81655977472,
    23.237290481747));
#3196 = CARTESIAN_POINT('',(-22.99828701118,-24.87892790769,
    23.253707632027));
#3197 = CARTESIAN_POINT('',(-22.95863371976,-24.99478765818,
    23.283413443823));
#3198 = CARTESIAN_POINT('',(-22.93414193982,-25.04820157135,
    23.296678218509));
#3199 = CARTESIAN_POINT('',(-22.86118843881,-25.17500487784,
    23.327142424653));
#3200 = CARTESIAN_POINT('',(-22.80288756392,-25.23845213451,
    23.340875384467));
#3201 = CARTESIAN_POINT('',(-22.66171848716,-25.34254432812,
    23.360252303482));
#3202 = CARTESIAN_POINT('',(-22.58310205315,-25.38005418865,
    23.365312663473));
#3203 = CARTESIAN_POINT('',(-22.43764866127,-25.41429502229,
    23.364827067182));
#3204 = CARTESIAN_POINT('',(-22.37804941285,-25.42288632873,
    23.36310465775));
#3205 = CARTESIAN_POINT('',(-22.25238077577,-25.42892807809,
    23.356090994215));
#3206 = CARTESIAN_POINT('',(-22.18638034737,-25.42642795686,
    23.350818364717));
#3207 = CARTESIAN_POINT('',(-22.12541001665,-25.41894173622,
    23.344497575978));
#3208 = ORIENTED_EDGE('',*,*,#3209,.T.);
#3209 = EDGE_CURVE('',#3191,#411,#3210,.T.);
#3210 = LINE('',#3211,#3212);
#3211 = CARTESIAN_POINT('',(-22.09554700458,-26.89629500363,
    21.882808305375));
#3212 = VECTOR('',#3213,1.);
#3213 = DIRECTION('',(1.436784838109E-02,-0.710791922187,-0.703255578212
    ));
#3214 = B_SPLINE_SURFACE_WITH_KNOTS('',1,3,(
    (#3215,#3216,#3217,#3218,#3219,#3220,#3221,#3222,#3223,#3224,#3225
      ,#3226,#3227,#3228)
    ,(#3229,#3230,#3231,#3232,#3233,#3234,#3235,#3236,#3237,#3238,#3239
      ,#3240,#3241,#3242
    )),.UNSPECIFIED.,.F.,.F.,.F.,(2,2),(4,2,2,2,2,2,4),(0.,1.),(
    -0.659058035826,-0.49429352687,-0.329529017913,2.775557561563E-16,
    0.329529017913,0.49429352687,0.659058035826),.UNSPECIFIED.);
#3215 = CARTESIAN_POINT('',(-24.84305126954,-25.72743677728,
    20.642491219182));
#3216 = CARTESIAN_POINT('',(-24.82005266663,-25.88000768783,
    20.68363379973));
#3217 = CARTESIAN_POINT('',(-24.78307033728,-26.03157764867,
    20.723527254153));
#3218 = CARTESIAN_POINT('',(-24.68154383975,-26.32821967965,
    20.799584661351));
#3219 = CARTESIAN_POINT('',(-24.61701768886,-26.47333759656,
    20.835762704218));
#3220 = CARTESIAN_POINT('',(-24.3771492146,-26.89026214595,
    20.93592787395));
#3221 = CARTESIAN_POINT('',(-24.16161832699,-27.12980294329,
    20.988093025431));
#3222 = CARTESIAN_POINT('',(-23.65300689206,-27.50483181769,
    21.057905216674));
#3223 = CARTESIAN_POINT('',(-23.35742243834,-27.64216617098,
    21.07589594354));
#3224 = CARTESIAN_POINT('',(-22.87917708136,-27.75474883147,
    21.074299340453));
#3225 = CARTESIAN_POINT('',(-22.71779397497,-27.77620698552,
    21.069129684716));
#3226 = CARTESIAN_POINT('',(-22.39603771317,-27.79167601984,
    21.051172223593));
#3227 = CARTESIAN_POINT('',(-22.23562385659,-27.7856577795,
    21.038373441715));
#3228 = CARTESIAN_POINT('',(-22.07796086154,-27.76629920174,
    21.022028538059));
#3229 = CARTESIAN_POINT('',(-22.41203393736,-24.43243004667,
    24.085891234935));
#3230 = CARTESIAN_POINT('',(-22.40786836733,-24.46006417102,
    24.093343109494));
#3231 = CARTESIAN_POINT('',(-22.39998087746,-24.49252951413,
    24.101890387527));
#3232 = CARTESIAN_POINT('',(-22.38106910586,-24.54778630755,
    24.116057930093));
#3233 = CARTESIAN_POINT('',(-22.36999789599,-24.57045863595,
    24.121641576939));
#3234 = CARTESIAN_POINT('',(-22.35299866733,-24.6000057004,
    24.128740193865));
#3235 = CARTESIAN_POINT('',(-22.34740541226,-24.60442178843,
    24.129589676077));
#3236 = CARTESIAN_POINT('',(-22.32941264125,-24.61768890788,
    24.132059370394));
#3237 = CARTESIAN_POINT('',(-22.3235295722,-24.62173498295,
    24.132785132622));
#3238 = CARTESIAN_POINT('',(-22.28963676644,-24.62971358362,
    24.132671974919));
#3239 = CARTESIAN_POINT('',(-22.26415813403,-24.6339915856,
    24.132105172769));
#3240 = CARTESIAN_POINT('',(-22.20422320642,-24.63687306205,
    24.128760156922));
#3241 = CARTESIAN_POINT('',(-22.16987263286,-24.63555230652,
    24.126010490893));
#3242 = CARTESIAN_POINT('',(-22.14131621664,-24.63204601106,
    24.123050048114));
#3243 = ADVANCED_FACE('',(#3244),#3262,.F.);
#3244 = FACE_BOUND('',#3245,.T.);
#3245 = EDGE_LOOP('',(#3246,#3247,#3248,#3256));
#3246 = ORIENTED_EDGE('',*,*,#429,.F.);
#3247 = ORIENTED_EDGE('',*,*,#3209,.F.);
#3248 = ORIENTED_EDGE('',*,*,#3249,.T.);
#3249 = EDGE_CURVE('',#3191,#3250,#3252,.T.);
#3250 = VERTEX_POINT('',#3251);
#3251 = CARTESIAN_POINT('',(-20.60896676763,-25.23274591776,
    23.187288077107));
#3252 = LINE('',#3253,#3254);
#3253 = CARTESIAN_POINT('',(-23.42780329519,-25.57885552305,
    23.479516538796));
#3254 = VECTOR('',#3255,1.);
#3255 = DIRECTION('',(0.98733306041,0.121229256287,-0.102356705895));
#3256 = ORIENTED_EDGE('',*,*,#3257,.T.);
#3257 = EDGE_CURVE('',#3250,#430,#3258,.T.);
#3258 = LINE('',#3259,#3260);
#3259 = CARTESIAN_POINT('',(-20.57910375177,-26.7100991847,
    21.725598806111));
#3260 = VECTOR('',#3261,1.);
#3261 = DIRECTION('',(1.436785020362E-02,-0.710791921963,-0.703255578401
    ));
#3262 = PLANE('',#3263);
#3263 = AXIS2_PLACEMENT_3D('',#3264,#3265,#3266);
#3264 = CARTESIAN_POINT('',(-22.09554700458,-26.89629500363,
    21.882808305375));
#3265 = DIRECTION('',(0.158009470459,-0.692876836655,0.703530167421));
#3266 = DIRECTION('',(-2.775557561563E-17,-0.712480636569,
    -0.701691771731));
#3267 = ADVANCED_FACE('',(#3268),#3297,.T.);
#3268 = FACE_BOUND('',#3269,.T.);
#3269 = EDGE_LOOP('',(#3270,#3271,#3272,#3291));
#3270 = ORIENTED_EDGE('',*,*,#437,.F.);
#3271 = ORIENTED_EDGE('',*,*,#3257,.F.);
#3272 = ORIENTED_EDGE('',*,*,#3273,.T.);
#3273 = EDGE_CURVE('',#3250,#3274,#3276,.T.);
#3274 = VERTEX_POINT('',#3275);
#3275 = CARTESIAN_POINT('',(-19.94037431287,-24.37913676227,
    22.901869657242));
#3276 = B_SPLINE_CURVE_WITH_KNOTS('',3,(#3277,#3278,#3279,#3280,#3281,
    #3282,#3283,#3284,#3285,#3286,#3287,#3288,#3289,#3290),
  .UNSPECIFIED.,.F.,.F.,(4,2,2,2,2,2,4),(0.,1.586994063255E-04,
    3.17398812651E-04,6.34797625302E-04,9.52196437953E-04,
    1.110895844278E-03,1.269595250604E-03),.UNSPECIFIED.);
#3277 = CARTESIAN_POINT('',(-20.60896676763,-25.23274591776,
    23.187288077107));
#3278 = CARTESIAN_POINT('',(-20.54799643152,-25.22525970716,
    23.180967290807));
#3279 = CARTESIAN_POINT('',(-20.48365471434,-25.21175582528,
    23.172727364922));
#3280 = CARTESIAN_POINT('',(-20.36434181217,-25.17563412519,
    23.154343820189));
#3281 = CARTESIAN_POINT('',(-20.30945171426,-25.15298529464,
    23.144197132131));
#3282 = CARTESIAN_POINT('',(-20.17942011532,-25.08491915736,
    23.116123230806));
#3283 = CARTESIAN_POINT('',(-20.11476395757,-25.02981763456,
    23.096209817551));
#3284 = CARTESIAN_POINT('',(-20.00953711873,-24.89547182664,
    23.051289062033));
#3285 = CARTESIAN_POINT('',(-19.97213568759,-24.82027380436,
    23.027634655056));
#3286 = CARTESIAN_POINT('',(-19.93936770288,-24.68048953166,
    22.986210314532));
#3287 = CARTESIAN_POINT('',(-19.93157670027,-24.62311179121,
    22.969598787455));
#3288 = CARTESIAN_POINT('',(-19.92765932901,-24.50190223604,
    22.935376010025));
#3289 = CARTESIAN_POINT('',(-19.93148044994,-24.4381379182,
    22.917780028093));
#3290 = CARTESIAN_POINT('',(-19.94037431287,-24.37913676227,
    22.901869657242));
#3291 = ORIENTED_EDGE('',*,*,#3292,.T.);
#3292 = EDGE_CURVE('',#3274,#438,#3293,.T.);
#3293 = LINE('',#3294,#3295);
#3294 = CARTESIAN_POINT('',(-19.03411896246,-24.73757742108,
    21.066053344547));
#3295 = VECTOR('',#3296,1.);
#3296 = DIRECTION('',(0.436022308763,-0.172454842378,-0.883257535264));
#3297 = B_SPLINE_SURFACE_WITH_KNOTS('',1,3,(
    (#3298,#3299,#3300,#3301,#3302,#3303,#3304,#3305,#3306,#3307,#3308
      ,#3309,#3310,#3311)
    ,(#3312,#3313,#3314,#3315,#3316,#3317,#3318,#3319,#3320,#3321,#3322
      ,#3323,#3324,#3325
    )),.UNSPECIFIED.,.F.,.F.,.F.,(2,2),(4,2,2,2,2,2,4),(0.,1.),(
    -0.659058035826,-0.49429352687,-0.329529017913,7.771561172376E-16,
    0.329529017913,0.49429352687,0.659058035826),.UNSPECIFIED.);
#3298 = CARTESIAN_POINT('',(-20.55382468621,-27.9606800043,
    20.48827757336));
#3299 = CARTESIAN_POINT('',(-20.38048492938,-27.93939655302,
    20.470307459019));
#3300 = CARTESIAN_POINT('',(-20.20920008701,-27.90337821458,
    20.448352389306));
#3301 = CARTESIAN_POINT('',(-19.87353298885,-27.80175577403,
    20.396633324747));
#3302 = CARTESIAN_POINT('',(-19.70908198819,-27.73617790756,
    20.36687191617));
#3303 = CARTESIAN_POINT('',(-19.2333081077,-27.48712996619,
    20.26415202055));
#3304 = CARTESIAN_POINT('',(-18.9600099553,-27.25944189526,
    20.181442106861));
#3305 = CARTESIAN_POINT('',(-18.53648738775,-26.71871975505,
    20.000642665191));
#3306 = CARTESIAN_POINT('',(-18.38358014207,-26.4022604471,
    19.901407851692));
#3307 = CARTESIAN_POINT('',(-18.26368495464,-25.89080238965,
    19.749839916742));
#3308 = CARTESIAN_POINT('',(-18.24260528256,-25.71950848086,
    19.700399307261));
#3309 = CARTESIAN_POINT('',(-18.23158438993,-25.37850545884,
    19.604119186009));
#3310 = CARTESIAN_POINT('',(-18.24168763127,-25.2087391073,
    19.557266721707));
#3311 = CARTESIAN_POINT('',(-18.26697302391,-25.04099774902,
    19.512033246835));
#3312 = CARTESIAN_POINT('',(-20.62487296384,-24.44585019209,
    23.965840548884));
#3313 = CARTESIAN_POINT('',(-20.59631654512,-24.4423439132,
    23.962880110572));
#3314 = CARTESIAN_POINT('',(-20.56282347946,-24.43533451728,
    23.958596434252));
#3315 = CARTESIAN_POINT('',(-20.5059197802,-24.41810706133,
    23.949828802959));
#3316 = CARTESIAN_POINT('',(-20.48263345396,-24.40784147531,
    23.945340147402));
#3317 = CARTESIAN_POINT('',(-20.45233414865,-24.39198107448,
    23.938798516264));
#3318 = CARTESIAN_POINT('',(-20.44786254393,-24.38666360533,
    23.936999286188));
#3319 = CARTESIAN_POINT('',(-20.43445080774,-24.36954049726,
    23.931273890187));
#3320 = CARTESIAN_POINT('',(-20.43036800851,-24.36393633916,
    23.929421292529));
#3321 = CARTESIAN_POINT('',(-20.42273260442,-24.33136452214,
    23.919768806033));
#3322 = CARTESIAN_POINT('',(-20.41877483124,-24.30684686666,
    23.912627106226));
#3323 = CARTESIAN_POINT('',(-20.41690653097,-24.24903860125,
    23.896305295979));
#3324 = CARTESIAN_POINT('',(-20.41891552098,-24.21585146911,
    23.887148594534));
#3325 = CARTESIAN_POINT('',(-20.42308110813,-24.18821734687,
    23.879696721751));
#3326 = ADVANCED_FACE('',(#3327),#3345,.F.);
#3327 = FACE_BOUND('',#3328,.T.);
#3328 = EDGE_LOOP('',(#3329,#3330,#3331,#3339));
#3329 = ORIENTED_EDGE('',*,*,#456,.F.);
#3330 = ORIENTED_EDGE('',*,*,#3292,.F.);
#3331 = ORIENTED_EDGE('',*,*,#3332,.T.);
#3332 = EDGE_CURVE('',#3274,#3333,#3335,.T.);
#3333 = VERTEX_POINT('',#3334);
#3334 = CARTESIAN_POINT('',(-20.88170145401,-18.13444596545,
    21.217913686233));
#3335 = LINE('',#3336,#3337);
#3336 = CARTESIAN_POINT('',(-21.07168402371,-16.87411642352,
    20.878050668732));
#3337 = VECTOR('',#3338,1.);
#3338 = DIRECTION('',(-0.144024139646,0.955444903331,-0.25764720821));
#3339 = ORIENTED_EDGE('',*,*,#3340,.T.);
#3340 = EDGE_CURVE('',#3333,#457,#3341,.T.);
#3341 = LINE('',#3342,#3343);
#3342 = CARTESIAN_POINT('',(-19.97544610415,-18.49288662058,
    19.382097372545));
#3343 = VECTOR('',#3344,1.);
#3344 = DIRECTION('',(0.436022308496,-0.172454840605,-0.883257535743));
#3345 = PLANE('',#3346);
#3346 = AXIS2_PLACEMENT_3D('',#3347,#3348,#3349);
#3347 = CARTESIAN_POINT('',(-19.03411896246,-24.73757742108,
    21.066053344547));
#3348 = DIRECTION('',(0.888336419078,0.239550337172,0.391757632345));
#3349 = DIRECTION('',(0.40350613901,1.387778780781E-17,-0.914976937295)
  );
#3350 = ADVANCED_FACE('',(#3351),#3380,.T.);
#3351 = FACE_BOUND('',#3352,.T.);
#3352 = EDGE_LOOP('',(#3353,#3354,#3355,#3374));
#3353 = ORIENTED_EDGE('',*,*,#464,.F.);
#3354 = ORIENTED_EDGE('',*,*,#3340,.F.);
#3355 = ORIENTED_EDGE('',*,*,#3356,.T.);
#3356 = EDGE_CURVE('',#3333,#3357,#3359,.T.);
#3357 = VERTEX_POINT('',#3358);
#3358 = CARTESIAN_POINT('',(-21.77866443537,-17.473062843,
    21.094796219032));
#3359 = B_SPLINE_CURVE_WITH_KNOTS('',3,(#3360,#3361,#3362,#3363,#3364,
    #3365,#3366,#3367,#3368,#3369,#3370,#3371,#3372,#3373),
  .UNSPECIFIED.,.F.,.F.,(4,2,2,2,2,2,4),(0.,1.585431460102E-04,
    3.170862920204E-04,6.341725840408E-04,9.512588760612E-04,
    1.109802022071E-03,1.268345168082E-03),.UNSPECIFIED.);
#3360 = CARTESIAN_POINT('',(-20.88170145401,-18.13444596545,
    21.217913686233));
#3361 = CARTESIAN_POINT('',(-20.89059530663,-18.0754448045,
    21.202003313263));
#3362 = CARTESIAN_POINT('',(-20.90578744083,-18.01307667153,
    21.185586162983));
#3363 = CARTESIAN_POINT('',(-20.94544073225,-17.89721692104,
    21.155880351186));
#3364 = CARTESIAN_POINT('',(-20.9699325122,-17.84380300787,21.1426155765
    ));
#3365 = CARTESIAN_POINT('',(-21.04288601321,-17.71699970138,
    21.112151370356));
#3366 = CARTESIAN_POINT('',(-21.1011868881,-17.65355244472,
    21.098418410542));
#3367 = CARTESIAN_POINT('',(-21.24235596486,-17.54946025111,
    21.079041491528));
#3368 = CARTESIAN_POINT('',(-21.32097239887,-17.51195039057,
    21.073981131537));
#3369 = CARTESIAN_POINT('',(-21.46642579075,-17.47770955693,
    21.074466727827));
#3370 = CARTESIAN_POINT('',(-21.52602503917,-17.4691182505,
    21.07618913726));
#3371 = CARTESIAN_POINT('',(-21.65169367625,-17.46307650113,
    21.083202800794));
#3372 = CARTESIAN_POINT('',(-21.71769410464,-17.46557662236,
    21.088475430292));
#3373 = CARTESIAN_POINT('',(-21.77866443537,-17.473062843,
    21.094796219032));
#3374 = ORIENTED_EDGE('',*,*,#3375,.T.);
#3375 = EDGE_CURVE('',#3357,#374,#3376,.T.);
#3376 = LINE('',#3377,#3378);
#3377 = CARTESIAN_POINT('',(-22.04814997616,-16.96456117072,
    19.097597282371));
#3378 = VECTOR('',#3379,1.);
#3379 = DIRECTION('',(-0.129656291265,0.244652981144,-0.960902786422));
#3380 = B_SPLINE_SURFACE_WITH_KNOTS('',1,3,(
    (#3381,#3382,#3383,#3384,#3385,#3386,#3387,#3388,#3389,#3390,#3391
      ,#3392,#3393,#3394)
    ,(#3395,#3396,#3397,#3398,#3399,#3400,#3401,#3402,#3403,#3404,#3405
      ,#3406,#3407,#3408
    )),.UNSPECIFIED.,.F.,.F.,.F.,(2,2),(4,2,2,2,2,2,4),(0.,1.),(
    -0.659058035826,-0.49429352687,-0.329529017913,5.551115123126E-17,
    0.329529017913,0.49429352687,0.659058035826),.UNSPECIFIED.);
#3381 = CARTESIAN_POINT('',(-19.44175793571,-18.70397010671,
    18.300996505037));
#3382 = CARTESIAN_POINT('',(-19.46475653862,-18.55139919616,
    18.25985392449));
#3383 = CARTESIAN_POINT('',(-19.50173886797,-18.39982923533,
    18.219960470066));
#3384 = CARTESIAN_POINT('',(-19.60326536549,-18.10318720434,
    18.143903062867));
#3385 = CARTESIAN_POINT('',(-19.66779151639,-17.95806928743,18.10772502)
  );
#3386 = CARTESIAN_POINT('',(-19.90765999065,-17.54114473804,
    18.007559850269));
#3387 = CARTESIAN_POINT('',(-20.12319087825,-17.30160394071,
    17.955394698787));
#3388 = CARTESIAN_POINT('',(-20.63180231319,-16.9265750663,
    17.885582507545));
#3389 = CARTESIAN_POINT('',(-20.92738676691,-16.78924071301,
    17.867591780679));
#3390 = CARTESIAN_POINT('',(-21.40563212389,-16.67665805252,
    17.869188383765));
#3391 = CARTESIAN_POINT('',(-21.56701523028,-16.65519989848,
    17.874358039503));
#3392 = CARTESIAN_POINT('',(-21.88877149207,-16.63973086415,
    17.892315500625));
#3393 = CARTESIAN_POINT('',(-22.04918534866,-16.64574910449,
    17.905114282504));
#3394 = CARTESIAN_POINT('',(-22.2068483437,-16.66510768225,
    17.921459186159));
#3395 = CARTESIAN_POINT('',(-21.36440824977,-17.94352654638,
    22.195740749631));
#3396 = CARTESIAN_POINT('',(-21.3685738198,-17.91589242203,
    22.188288875072));
#3397 = CARTESIAN_POINT('',(-21.37646130967,-17.88342707892,
    22.179741597039));
#3398 = CARTESIAN_POINT('',(-21.39537308127,-17.82817028549,
    22.16557405447));
#3399 = CARTESIAN_POINT('',(-21.40644429114,-17.8054979571,
    22.159990407625));
#3400 = CARTESIAN_POINT('',(-21.42344351981,-17.77595089263,
    22.152891790696));
#3401 = CARTESIAN_POINT('',(-21.42903677489,-17.7715348046,
    22.152042308484));
#3402 = CARTESIAN_POINT('',(-21.4470295459,-17.75826768515,
    22.149572614165));
#3403 = CARTESIAN_POINT('',(-21.45291261496,-17.75422161007,
    22.148846851938));
#3404 = CARTESIAN_POINT('',(-21.48680542072,-17.7462430094,
    22.14896000964));
#3405 = CARTESIAN_POINT('',(-21.51228405313,-17.74196500741,
    22.149526811791));
#3406 = CARTESIAN_POINT('',(-21.57221898076,-17.73908353097,
    22.152871827637));
#3407 = CARTESIAN_POINT('',(-21.60656955431,-17.7404042865,
    22.155621493666));
#3408 = CARTESIAN_POINT('',(-21.63512597053,-17.74391058196,
    22.158581936446));
#3409 = ADVANCED_FACE('',(#3410),#3421,.F.);
#3410 = FACE_BOUND('',#3411,.T.);
#3411 = EDGE_LOOP('',(#3412,#3413,#3414,#3420));
#3412 = ORIENTED_EDGE('',*,*,#373,.F.);
#3413 = ORIENTED_EDGE('',*,*,#3375,.F.);
#3414 = ORIENTED_EDGE('',*,*,#3415,.T.);
#3415 = EDGE_CURVE('',#3357,#3100,#3416,.T.);
#3416 = LINE('',#3417,#3418);
#3417 = CARTESIAN_POINT('',(-24.59750096672,-17.81917244876,
    21.387024681114));
#3418 = VECTOR('',#3419,1.);
#3419 = DIRECTION('',(-0.98733306041,-0.121229256287,0.102356705895));
#3420 = ORIENTED_EDGE('',*,*,#3099,.T.);
#3421 = PLANE('',#3422);
#3422 = AXIS2_PLACEMENT_3D('',#3423,#3424,#3425);
#3423 = CARTESIAN_POINT('',(-22.04814997616,-16.96456117072,
    19.097597282371));
#3424 = DIRECTION('',(-9.144765692504E-02,0.962002279747,0.257272112374)
  );
#3425 = DIRECTION('',(0.,-0.258354648193,0.96605014143));
#3426 = ADVANCED_FACE('',(#3427),#3437,.T.);
#3427 = FACE_BOUND('',#3428,.T.);
#3428 = EDGE_LOOP('',(#3429,#3430,#3431,#3432,#3433,#3434,#3435,#3436));
#3429 = ORIENTED_EDGE('',*,*,#3107,.F.);
#3430 = ORIENTED_EDGE('',*,*,#3415,.F.);
#3431 = ORIENTED_EDGE('',*,*,#3356,.F.);
#3432 = ORIENTED_EDGE('',*,*,#3332,.F.);
#3433 = ORIENTED_EDGE('',*,*,#3273,.F.);
#3434 = ORIENTED_EDGE('',*,*,#3249,.F.);
#3435 = ORIENTED_EDGE('',*,*,#3190,.F.);
#3436 = ORIENTED_EDGE('',*,*,#3166,.F.);
#3437 = PLANE('',#3438);
#3438 = AXIS2_PLACEMENT_3D('',#3439,#3440,#3441);
#3439 = CARTESIAN_POINT('',(-24.67329827096,-17.31633904741,
    21.251429607446));
#3440 = DIRECTION('',(-6.656181353355E-02,-0.269125443091,
    -0.960802279795));
#3441 = DIRECTION('',(-3.469446951954E-18,0.962937783644,-0.26972360822)
  );
#3442 = ADVANCED_FACE('',(#3443),#3455,.F.);
#3443 = FACE_BOUND('',#3444,.F.);
#3444 = EDGE_LOOP('',(#3445,#3446,#3447,#3454));
#3445 = ORIENTED_EDGE('',*,*,#1145,.F.);
#3446 = ORIENTED_EDGE('',*,*,#63,.F.);
#3447 = ORIENTED_EDGE('',*,*,#3448,.T.);
#3448 = EDGE_CURVE('',#64,#83,#3449,.T.);
#3449 = CIRCLE('',#3450,1.);
#3450 = AXIS2_PLACEMENT_3D('',#3451,#3452,#3453);
#3451 = CARTESIAN_POINT('',(-14.85785864485,-25.61963410075,
    23.729873607973));
#3452 = DIRECTION('',(6.656181314537E-02,0.269125463192,0.960802274192)
  );
#3453 = DIRECTION('',(-4.857225732735E-17,-0.962937778003,0.269723628358
    ));
#3454 = ORIENTED_EDGE('',*,*,#82,.T.);
#3455 = CYLINDRICAL_SURFACE('',#3456,1.);
#3456 = AXIS2_PLACEMENT_3D('',#3457,#3458,#3459);
#3457 = CARTESIAN_POINT('',(-14.85785864485,-25.61963410075,
    23.729873607973));
#3458 = DIRECTION('',(6.656181314537E-02,0.269125463192,0.960802274192)
  );
#3459 = DIRECTION('',(-4.857225732735E-17,-0.962937778003,0.269723628358
    ));
#3460 = ADVANCED_FACE('',(#3461),#3465,.T.);
#3461 = FACE_BOUND('',#3462,.T.);
#3462 = EDGE_LOOP('',(#3463,#3464));
#3463 = ORIENTED_EDGE('',*,*,#3448,.T.);
#3464 = ORIENTED_EDGE('',*,*,#90,.T.);
#3465 = PLANE('',#3466);
#3466 = AXIS2_PLACEMENT_3D('',#3467,#3468,#3469);
#3467 = CARTESIAN_POINT('',(-14.85785864485,-25.61963410075,
    23.729873607973));
#3468 = DIRECTION('',(6.656181314537E-02,0.269125463192,0.960802274192)
  );
#3469 = DIRECTION('',(3.469446951954E-18,-0.962937778003,0.269723628358)
  );
#3470 = ADVANCED_FACE('',(#3471),#3483,.F.);
#3471 = FACE_BOUND('',#3472,.F.);
#3472 = EDGE_LOOP('',(#3473,#3474,#3475,#3482));
#3473 = ORIENTED_EDGE('',*,*,#1135,.F.);
#3474 = ORIENTED_EDGE('',*,*,#21,.F.);
#3475 = ORIENTED_EDGE('',*,*,#3476,.T.);
#3476 = EDGE_CURVE('',#22,#41,#3477,.T.);
#3477 = CIRCLE('',#3478,1.);
#3478 = AXIS2_PLACEMENT_3D('',#3479,#3480,#3481);
#3479 = CARTESIAN_POINT('',(-12.08699617081,-24.61463268584,
    23.25640980198));
#3480 = DIRECTION('',(6.656181314537E-02,0.269125463192,0.960802274192)
  );
#3481 = DIRECTION('',(-4.51028103754E-17,-0.962937778003,0.269723628358)
  );
#3482 = ORIENTED_EDGE('',*,*,#40,.T.);
#3483 = CYLINDRICAL_SURFACE('',#3484,1.);
#3484 = AXIS2_PLACEMENT_3D('',#3485,#3486,#3487);
#3485 = CARTESIAN_POINT('',(-12.08699617081,-24.61463268584,
    23.25640980198));
#3486 = DIRECTION('',(6.656181314537E-02,0.269125463192,0.960802274192)
  );
#3487 = DIRECTION('',(-4.51028103754E-17,-0.962937778003,0.269723628358)
  );
#3488 = ADVANCED_FACE('',(#3489),#3493,.T.);
#3489 = FACE_BOUND('',#3490,.T.);
#3490 = EDGE_LOOP('',(#3491,#3492));
#3491 = ORIENTED_EDGE('',*,*,#3476,.T.);
#3492 = ORIENTED_EDGE('',*,*,#48,.T.);
#3493 = PLANE('',#3494);
#3494 = AXIS2_PLACEMENT_3D('',#3495,#3496,#3497);
#3495 = CARTESIAN_POINT('',(-12.08699617081,-24.61463268584,
    23.25640980198));
#3496 = DIRECTION('',(6.656181314537E-02,0.269125463192,0.960802274192)
  );
#3497 = DIRECTION('',(3.469446951954E-18,-0.962937778003,0.269723628358)
  );
#3498 = ( GEOMETRIC_REPRESENTATION_CONTEXT(3) 
GLOBAL_UNCERTAINTY_ASSIGNED_CONTEXT((#3502)) 
GLOBAL_UNIT_ASSIGNED_CONTEXT((#3499,#3500,#3501)) REPRESENTATION_CONTEXT
('Context #1','3D Context with UNIT and UNCERTAINTY') );
#3499 = ( LENGTH_UNIT() NAMED_UNIT(*) SI_UNIT(.MILLI.,.METRE.) );
#3500 = ( NAMED_UNIT(*) PLANE_ANGLE_UNIT() SI_UNIT($,.RADIAN.) );
#3501 = ( NAMED_UNIT(*) SI_UNIT($,.STERADIAN.) SOLID_ANGLE_UNIT() );
#3502 = UNCERTAINTY_MEASURE_WITH_UNIT(LENGTH_MEASURE(2.E-05),#3499,
  'distance_accuracy_value','confusion accuracy');
#3503 = PRODUCT_RELATED_PRODUCT_CATEGORY('part',$,(#7));
ENDSEC;
END-ISO-10303-21;
