ISO-10303-21;
HEADER;
FILE_DESCRIPTION(('FreeCAD Model'),'2;1');
FILE_NAME('Open CASCADE Shape Model','2026-10-04T21:29:05',('Author'),(
    ''),'Open CASCADE STEP processor 7.9','FreeCAD','Unknown');
FILE_SCHEMA(('AUTOMOTIVE_DESIGN { 1 0 10303 214 1 1 1 1 }'));
ENDSEC;
DATA;
#1 = APPLICATION_PROTOCOL_DEFINITION('international standard',
  'automotive_design',2000,#2);
#2 = APPLICATION_CONTEXT(
  'core data for automotive mechanical design processes');
#3 = SHAPE_DEFINITION_REPRESENTATION(#4,#10);
#4 = PRODUCT_DEFINITION_SHAPE('','',#5);
#5 = PRODUCT_DEFINITION('design','',#6,#9);
#6 = PRODUCT_DEFINITION_FORMATION('','',#7);
#7 = PRODUCT('side-button-front','side-button-front','',(#8));
#8 = PRODUCT_CONTEXT('',#2,'mechanical');
#9 = PRODUCT_DEFINITION_CONTEXT('part definition',#2,'design');
#10 = ADVANCED_BREP_SHAPE_REPRESENTATION('',(#11,#15),#4399);
#11 = AXIS2_PLACEMENT_3D('',#12,#13,#14);
#12 = CARTESIAN_POINT('',(0.,0.,0.));
#13 = DIRECTION('',(0.,0.,1.));
#14 = DIRECTION('',(1.,0.,-0.));
#15 = MANIFOLD_SOLID_BREP('',#16);
#16 = CLOSED_SHELL('',(#17,#59,#101,#143,#175,#284,#643,#667,#731,#772,
    #797,#838,#855,#872,#905,#1090,#1107,#1136,#1164,#1181,#1212,#1251,
    #1340,#2114,#2466,#2495,#2525,#2603,#3146,#3159,#3315,#3335,#3424,
    #3440,#3472,#3972,#3983,#3995,#4061,#4085,#4144,#4168,#4227,#4251,
    #4310,#4327,#4343,#4361,#4371,#4389));
#17 = ADVANCED_FACE('',(#18),#54,.F.);
#18 = FACE_BOUND('',#19,.F.);
#19 = EDGE_LOOP('',(#20,#30,#39,#47));
#20 = ORIENTED_EDGE('',*,*,#21,.T.);
#21 = EDGE_CURVE('',#22,#24,#26,.T.);
#22 = VERTEX_POINT('',#23);
#23 = CARTESIAN_POINT('',(-16.72082652707,4.470633745234,15.430502903381
    ));
#24 = VERTEX_POINT('',#25);
#25 = CARTESIAN_POINT('',(-16.69420180166,4.57828392247,15.814823815299)
  );
#26 = LINE('',#27,#28);
#27 = CARTESIAN_POINT('',(-16.72082652707,4.470633745234,15.430502903381
    ));
#28 = VECTOR('',#29,1.);
#29 = DIRECTION('',(6.656181353355E-02,0.269125443091,0.960802279795));
#30 = ORIENTED_EDGE('',*,*,#31,.F.);
#31 = EDGE_CURVE('',#32,#24,#34,.T.);
#32 = VERTEX_POINT('',#33);
#33 = CARTESIAN_POINT('',(-16.69420180166,6.504159489758,15.275376598859
    ));
#34 = CIRCLE('',#35,1.);
#35 = AXIS2_PLACEMENT_3D('',#36,#37,#38);
#36 = CARTESIAN_POINT('',(-16.69420180166,5.541221706114,15.545100207079
    ));
#37 = DIRECTION('',(6.656181353355E-02,0.269125443091,0.960802279795));
#38 = DIRECTION('',(4.857225732735E-17,-0.962937783644,0.26972360822));
#39 = ORIENTED_EDGE('',*,*,#40,.F.);
#40 = EDGE_CURVE('',#41,#32,#43,.T.);
#41 = VERTEX_POINT('',#42);
#42 = CARTESIAN_POINT('',(-16.72082652707,6.396509312521,14.891055686941
    ));
#43 = LINE('',#44,#45);
#44 = CARTESIAN_POINT('',(-16.72082652707,6.396509312521,14.891055686941
    ));
#45 = VECTOR('',#46,1.);
#46 = DIRECTION('',(6.656181353355E-02,0.269125443091,0.960802279795));
#47 = ORIENTED_EDGE('',*,*,#48,.T.);
#48 = EDGE_CURVE('',#41,#22,#49,.T.);
#49 = CIRCLE('',#50,1.);
#50 = AXIS2_PLACEMENT_3D('',#51,#52,#53);
#51 = CARTESIAN_POINT('',(-16.72082652707,5.433571528877,15.160779295161
    ));
#52 = DIRECTION('',(6.656181353355E-02,0.269125443091,0.960802279795));
#53 = DIRECTION('',(4.857225732735E-17,-0.962937783644,0.26972360822));
#54 = CYLINDRICAL_SURFACE('',#55,1.);
#55 = AXIS2_PLACEMENT_3D('',#56,#57,#58);
#56 = CARTESIAN_POINT('',(-16.72082652707,5.433571528877,15.160779295161
    ));
#57 = DIRECTION('',(6.656181353355E-02,0.269125443091,0.960802279795));
#58 = DIRECTION('',(5.20417042793E-17,-0.962937783644,0.26972360822));
#59 = ADVANCED_FACE('',(#60),#96,.F.);
#60 = FACE_BOUND('',#61,.F.);
#61 = EDGE_LOOP('',(#62,#72,#81,#89));
#62 = ORIENTED_EDGE('',*,*,#63,.T.);
#63 = EDGE_CURVE('',#64,#66,#68,.T.);
#64 = VERTEX_POINT('',#65);
#65 = CARTESIAN_POINT('',(-15.98573648777,1.215377337777,16.291391157187
    ));
#66 = VERTEX_POINT('',#67);
#67 = CARTESIAN_POINT('',(-15.95911176235,1.323027515013,16.675712069105
    ));
#68 = LINE('',#69,#70);
#69 = CARTESIAN_POINT('',(-15.98573648777,1.215377337777,16.291391157187
    ));
#70 = VECTOR('',#71,1.);
#71 = DIRECTION('',(6.656181353355E-02,0.269125443091,0.960802279795));
#72 = ORIENTED_EDGE('',*,*,#73,.F.);
#73 = EDGE_CURVE('',#74,#66,#76,.T.);
#74 = VERTEX_POINT('',#75);
#75 = CARTESIAN_POINT('',(-15.95911176235,3.248903082301,16.136264852665
    ));
#76 = CIRCLE('',#77,1.);
#77 = AXIS2_PLACEMENT_3D('',#78,#79,#80);
#78 = CARTESIAN_POINT('',(-15.95911176235,2.285965298657,16.405988460885
    ));
#79 = DIRECTION('',(6.656181353355E-02,0.269125443091,0.960802279795));
#80 = DIRECTION('',(4.857225732735E-17,-0.962937783644,0.26972360822));
#81 = ORIENTED_EDGE('',*,*,#82,.F.);
#82 = EDGE_CURVE('',#83,#74,#85,.T.);
#83 = VERTEX_POINT('',#84);
#84 = CARTESIAN_POINT('',(-15.98573648777,3.141252905064,15.751943940747
    ));
#85 = LINE('',#86,#87);
#86 = CARTESIAN_POINT('',(-15.98573648777,3.141252905064,15.751943940747
    ));
#87 = VECTOR('',#88,1.);
#88 = DIRECTION('',(6.656181353355E-02,0.269125443091,0.960802279795));
#89 = ORIENTED_EDGE('',*,*,#90,.T.);
#90 = EDGE_CURVE('',#83,#64,#91,.T.);
#91 = CIRCLE('',#92,1.);
#92 = AXIS2_PLACEMENT_3D('',#93,#94,#95);
#93 = CARTESIAN_POINT('',(-15.98573648777,2.17831512142,16.021667548967)
  );
#94 = DIRECTION('',(6.656181353355E-02,0.269125443091,0.960802279795));
#95 = DIRECTION('',(4.857225732735E-17,-0.962937783644,0.26972360822));
#96 = CYLINDRICAL_SURFACE('',#97,1.);
#97 = AXIS2_PLACEMENT_3D('',#98,#99,#100);
#98 = CARTESIAN_POINT('',(-15.98573648777,2.17831512142,16.021667548967)
  );
#99 = DIRECTION('',(6.656181353355E-02,0.269125443091,0.960802279795));
#100 = DIRECTION('',(5.20417042793E-17,-0.962937783644,0.26972360822));
#101 = ADVANCED_FACE('',(#102),#138,.F.);
#102 = FACE_BOUND('',#103,.F.);
#103 = EDGE_LOOP('',(#104,#114,#123,#131));
#104 = ORIENTED_EDGE('',*,*,#105,.T.);
#105 = EDGE_CURVE('',#106,#108,#110,.T.);
#106 = VERTEX_POINT('',#107);
#107 = CARTESIAN_POINT('',(-15.11375867984,-6.306764694736,
    17.557374189095));
#108 = VERTEX_POINT('',#109);
#109 = CARTESIAN_POINT('',(-15.23689803487,-6.804646764455,
    15.779889971474));
#110 = LINE('',#111,#112);
#111 = CARTESIAN_POINT('',(-12.76139027405,3.204427322344,51.5131937081)
  );
#112 = VECTOR('',#113,1.);
#113 = DIRECTION('',(-6.656181353355E-02,-0.269125443091,-0.960802279795
    ));
#114 = ORIENTED_EDGE('',*,*,#115,.F.);
#115 = EDGE_CURVE('',#116,#108,#118,.T.);
#116 = VERTEX_POINT('',#117);
#117 = CARTESIAN_POINT('',(-15.23689803487,-9.1156974452,16.427226631202
    ));
#118 = CIRCLE('',#119,1.2);
#119 = AXIS2_PLACEMENT_3D('',#120,#121,#122);
#120 = CARTESIAN_POINT('',(-15.23689803487,-7.960172104827,
    16.103558301338));
#121 = DIRECTION('',(-6.656181353355E-02,-0.269125443091,-0.960802279795
    ));
#122 = DIRECTION('',(-3.122502256758E-17,0.962937783644,-0.26972360822)
  );
#123 = ORIENTED_EDGE('',*,*,#124,.F.);
#124 = EDGE_CURVE('',#125,#116,#127,.T.);
#125 = VERTEX_POINT('',#126);
#126 = CARTESIAN_POINT('',(-15.11375867984,-8.617815375481,
    18.204710848823));
#127 = LINE('',#128,#129);
#128 = CARTESIAN_POINT('',(-12.76139027405,0.893376641599,
    52.160530367828));
#129 = VECTOR('',#130,1.);
#130 = DIRECTION('',(-6.656181353355E-02,-0.269125443091,-0.960802279795
    ));
#131 = ORIENTED_EDGE('',*,*,#132,.F.);
#132 = EDGE_CURVE('',#106,#125,#133,.T.);
#133 = CIRCLE('',#134,1.2);
#134 = AXIS2_PLACEMENT_3D('',#135,#136,#137);
#135 = CARTESIAN_POINT('',(-15.11375867984,-7.462290035108,
    17.881042518959));
#136 = DIRECTION('',(6.656181353355E-02,0.269125443091,0.960802279795));
#137 = DIRECTION('',(-5.898059818321E-17,-0.962937783644,0.26972360822)
  );
#138 = CYLINDRICAL_SURFACE('',#139,1.2);
#139 = AXIS2_PLACEMENT_3D('',#140,#141,#142);
#140 = CARTESIAN_POINT('',(-12.76139027405,2.048901981972,
    51.836862037964));
#141 = DIRECTION('',(-6.656181353355E-02,-0.269125443091,-0.960802279795
    ));
#142 = DIRECTION('',(-2.428612866368E-17,0.962937783644,-0.26972360822)
  );
#143 = ADVANCED_FACE('',(#144),#170,.F.);
#144 = FACE_BOUND('',#145,.F.);
#145 = EDGE_LOOP('',(#146,#154,#163,#169));
#146 = ORIENTED_EDGE('',*,*,#147,.T.);
#147 = EDGE_CURVE('',#125,#148,#150,.T.);
#148 = VERTEX_POINT('',#149);
#149 = CARTESIAN_POINT('',(-15.03721259427,-9.415699567116,
    19.619815620041));
#150 = LINE('',#151,#152);
#151 = CARTESIAN_POINT('',(-15.13039913322,-8.444362290343,
    17.897079376819));
#152 = VECTOR('',#153,1.);
#153 = DIRECTION('',(4.706630971764E-02,-0.490599410876,0.870113199841)
  );
#154 = ORIENTED_EDGE('',*,*,#155,.T.);
#155 = EDGE_CURVE('',#148,#156,#158,.T.);
#156 = VERTEX_POINT('',#157);
#157 = CARTESIAN_POINT('',(-15.03721259427,-4.88989198399,
    18.352114661407));
#158 = CIRCLE('',#159,2.35);
#159 = AXIS2_PLACEMENT_3D('',#160,#161,#162);
#160 = CARTESIAN_POINT('',(-15.03721259427,-7.152795775553,
    18.985965140724));
#161 = DIRECTION('',(-6.656181353355E-02,-0.269125443091,-0.960802279795
    ));
#162 = DIRECTION('',(4.163336342344E-17,-0.962937783644,0.26972360822));
#163 = ORIENTED_EDGE('',*,*,#164,.F.);
#164 = EDGE_CURVE('',#106,#156,#165,.T.);
#165 = LINE('',#166,#167);
#166 = CARTESIAN_POINT('',(-15.13039913322,-6.61478050142,
    17.384604521201));
#167 = VECTOR('',#168,1.);
#168 = DIRECTION('',(4.706630971764E-02,0.871200262475,0.488666415004));
#169 = ORIENTED_EDGE('',*,*,#132,.T.);
#170 = CONICAL_SURFACE('',#171,0.95,0.785398163397);
#171 = AXIS2_PLACEMENT_3D('',#172,#173,#174);
#172 = CARTESIAN_POINT('',(-15.13039913322,-7.529571395881,
    17.64084194901));
#173 = DIRECTION('',(6.656181353355E-02,0.269125443091,0.960802279795));
#174 = DIRECTION('',(-6.591949208712E-17,-0.962937783644,0.26972360822)
  );
#175 = ADVANCED_FACE('',(#176),#279,.T.);
#176 = FACE_BOUND('',#177,.T.);
#177 = EDGE_LOOP('',(#178,#189,#198,#245,#254,#263,#272));
#178 = ORIENTED_EDGE('',*,*,#179,.F.);
#179 = EDGE_CURVE('',#180,#182,#184,.T.);
#180 = VERTEX_POINT('',#181);
#181 = CARTESIAN_POINT('',(-32.34496517874,7.151904761093,
    13.096589283911));
#182 = VERTEX_POINT('',#183);
#183 = CARTESIAN_POINT('',(-32.23928597915,7.151904526695,
    13.102250515065));
#184 = CIRCLE('',#185,1.);
#185 = AXIS2_PLACEMENT_3D('',#186,#187,#188);
#186 = CARTESIAN_POINT('',(-32.34496517874,7.151904761093,
    14.096589283911));
#187 = DIRECTION('',(0.,-1.,0.));
#188 = DIRECTION('',(0.,0.,-1.));
#189 = ORIENTED_EDGE('',*,*,#190,.T.);
#190 = EDGE_CURVE('',#180,#191,#193,.T.);
#191 = VERTEX_POINT('',#192);
#192 = CARTESIAN_POINT('',(-32.41407685855,7.151904761093,
    13.098980354664));
#193 = CIRCLE('',#194,1.);
#194 = AXIS2_PLACEMENT_3D('',#195,#196,#197);
#195 = CARTESIAN_POINT('',(-32.34496517874,7.151904761093,
    14.096589283911));
#196 = DIRECTION('',(1.224646799147E-16,1.,-0.));
#197 = DIRECTION('',(-1.,1.224646799147E-16,0.));
#198 = ORIENTED_EDGE('',*,*,#199,.T.);
#199 = EDGE_CURVE('',#191,#200,#202,.T.);
#200 = VERTEX_POINT('',#201);
#201 = CARTESIAN_POINT('',(-32.36303664659,8.117113083806,
    13.835732396295));
#202 = B_SPLINE_CURVE_WITH_KNOTS('',3,(#203,#204,#205,#206,#207,#208,
    #209,#210,#211,#212,#213,#214,#215,#216,#217,#218,#219,#220,#221,
    #222,#223,#224,#225,#226,#227,#228,#229,#230,#231,#232,#233,#234,
    #235,#236,#237,#238,#239,#240,#241,#242,#243,#244),.UNSPECIFIED.,.F.
  ,.F.,(4,2,2,2,2,2,2,2,2,2,2,1,2,2,2,2,1,1,1,2,2,2,4),(0.,
    3.124999999999E-02,4.687499999999E-02,5.46875E-02,6.25E-02,
    9.375000000006E-02,0.109375,0.1171875,0.125,0.1875,0.218750000001,
    0.234375000001,0.242187500001,0.250000000001,0.375000000001,
    0.437500000001,0.468750000001,0.484375000001,0.492187500001,
    0.496093750001,0.500000000001,0.75,1.),.UNSPECIFIED.);
#203 = CARTESIAN_POINT('',(-32.41407685855,7.151904761093,
    13.098980354664));
#204 = CARTESIAN_POINT('',(-32.41407685855,7.164996408227,
    13.098980354664));
#205 = CARTESIAN_POINT('',(-32.41379269575,7.176661635893,
    13.099183139275));
#206 = CARTESIAN_POINT('',(-32.41384427174,7.196155955333,
    13.099924952663));
#207 = CARTESIAN_POINT('',(-32.41388813955,7.20295891666,13.100247945061
    ));
#208 = CARTESIAN_POINT('',(-32.41391059821,7.213856674627,13.10088765654
    ));
#209 = CARTESIAN_POINT('',(-32.41391098574,7.217602829817,
    13.101126937073));
#210 = CARTESIAN_POINT('',(-32.4138921946,7.225341463745,13.101666592595
    ));
#211 = CARTESIAN_POINT('',(-32.41386345889,7.230817519505,
    13.102088001207));
#212 = CARTESIAN_POINT('',(-32.41377950977,7.244000090442,
    13.103163392303));
#213 = CARTESIAN_POINT('',(-32.41379620318,7.255971570376,
    13.104310515056));
#214 = CARTESIAN_POINT('',(-32.41363711525,7.276219462274,
    13.106702314775));
#215 = CARTESIAN_POINT('',(-32.41355846527,7.283346570488,
    13.107612347222));
#216 = CARTESIAN_POINT('',(-32.41341479829,7.294597718043,
    13.109184750804));
#217 = CARTESIAN_POINT('',(-32.41336301413,7.298441394584,
    13.109743499995));
#218 = CARTESIAN_POINT('',(-32.41325851011,7.306313136752,
    13.110937253786));
#219 = CARTESIAN_POINT('',(-32.41318517301,7.312104586122,
    13.111862038749));
#220 = CARTESIAN_POINT('',(-32.41293732171,7.33330399335,13.115345768104
    ));
#221 = CARTESIAN_POINT('',(-32.41282705484,7.356036730601,
    13.119621823079));
#222 = CARTESIAN_POINT('',(-32.4121802637,7.395755108174,13.129012791191
    ));
#223 = CARTESIAN_POINT('',(-32.41189538809,7.409924898653,
    13.132643905335));
#224 = CARTESIAN_POINT('',(-32.41138442986,7.432499075997,
    13.139031714978));
#225 = CARTESIAN_POINT('',(-32.41110910999,7.444115574776,13.14246128716
    ));
#226 = CARTESIAN_POINT('',(-32.41081743591,7.456207750029,
    13.146283233855));
#227 = CARTESIAN_POINT('',(-32.41062149713,7.464372562567,13.14892291935
    ));
#228 = CARTESIAN_POINT('',(-32.41047547027,7.470518653969,13.15096840295
    ));
#229 = CARTESIAN_POINT('',(-32.40960749088,7.507452524526,
    13.163447218837));
#230 = CARTESIAN_POINT('',(-32.4086960286,7.550054059916,13.179867998709
    ));
#231 = CARTESIAN_POINT('',(-32.40617509024,7.623091988628,
    13.216261763398));
#232 = CARTESIAN_POINT('',(-32.40515578477,7.648937162094,
    13.230369012952));
#233 = CARTESIAN_POINT('',(-32.40335343924,7.689371787856,
    13.255179499794));
#234 = CARTESIAN_POINT('',(-32.40238520138,7.710002814808,
    13.268497707181));
#235 = CARTESIAN_POINT('',(-32.40115040991,7.734634829863,
    13.285785213248));
#236 = CARTESIAN_POINT('',(-32.40050919522,7.747068498675,
    13.294885117187));
#237 = CARTESIAN_POINT('',(-32.40022957055,7.752419892799,
    13.298884808395));
#238 = CARTESIAN_POINT('',(-32.40004211757,7.755992239267,13.30157365124
    ));
#239 = CARTESIAN_POINT('',(-32.39989811597,7.758721236802,
    13.303647114784));
#240 = CARTESIAN_POINT('',(-32.39697385026,7.813992596936,
    13.345836127317));
#241 = CARTESIAN_POINT('',(-32.39323945769,7.880983720297,
    13.405240831255));
#242 = CARTESIAN_POINT('',(-32.38129811289,8.013019867461,
    13.577927631933));
#243 = CARTESIAN_POINT('',(-32.37298822447,8.078104388997,13.69208398582
    ));
#244 = CARTESIAN_POINT('',(-32.36303664659,8.117113083806,
    13.835732396295));
#245 = ORIENTED_EDGE('',*,*,#246,.F.);
#246 = EDGE_CURVE('',#247,#200,#249,.T.);
#247 = VERTEX_POINT('',#248);
#248 = CARTESIAN_POINT('',(-32.13953483254,8.088265451652,
    13.811936550663));
#249 = B_SPLINE_CURVE_WITH_KNOTS('',3,(#250,#251,#252,#253),
  .UNSPECIFIED.,.F.,.F.,(4,4),(0.762401711491,1.),
  .PIECEWISE_BEZIER_KNOTS.);
#250 = CARTESIAN_POINT('',(-32.13953483254,8.088265451652,
    13.811936550663));
#251 = CARTESIAN_POINT('',(-32.21292327389,8.105989032517,
    13.817427892956));
#252 = CARTESIAN_POINT('',(-32.28806946323,8.115737824371,
    13.825450210837));
#253 = CARTESIAN_POINT('',(-32.36303664659,8.117113083806,
    13.835732396295));
#254 = ORIENTED_EDGE('',*,*,#255,.F.);
#255 = EDGE_CURVE('',#256,#247,#258,.T.);
#256 = VERTEX_POINT('',#257);
#257 = CARTESIAN_POINT('',(-32.19257336801,8.054122488639,
    13.693129362574));
#258 = CIRCLE('',#259,0.22474425696);
#259 = AXIS2_PLACEMENT_3D('',#260,#261,#262);
#260 = CARTESIAN_POINT('',(-32.36308906836,8.090371530464,
    13.834975701744));
#261 = DIRECTION('',(1.85997114533E-02,-0.963105132309,0.268481945115));
#262 = DIRECTION('',(9.286928864816E-14,0.268528397734,0.963271768303));
#263 = ORIENTED_EDGE('',*,*,#264,.F.);
#264 = EDGE_CURVE('',#265,#256,#267,.T.);
#265 = VERTEX_POINT('',#266);
#266 = CARTESIAN_POINT('',(-32.22932804903,7.489934987627,
    13.162585204593));
#267 = CIRCLE('',#268,0.98368285106);
#268 = AXIS2_PLACEMENT_3D('',#269,#270,#271);
#269 = CARTESIAN_POINT('',(-32.16548413518,7.151904761093,
    14.084155317001));
#270 = DIRECTION('',(0.997608929247,-3.164364507307E-14,
    -6.911167981623E-02));
#271 = DIRECTION('',(6.911167981623E-02,-4.89093761237E-29,
    0.997608929247));
#272 = ORIENTED_EDGE('',*,*,#273,.F.);
#273 = EDGE_CURVE('',#182,#265,#274,.T.);
#274 = ( BOUNDED_CURVE() B_SPLINE_CURVE(3,(#275,#276,#277,#278),
.UNSPECIFIED.,.F.,.F.) B_SPLINE_CURVE_WITH_KNOTS((4,4),(0.297858823092,
1.),.PIECEWISE_BEZIER_KNOTS.) CURVE() GEOMETRIC_REPRESENTATION_ITEM() 
RATIONAL_B_SPLINE_CURVE((1.,0.989798486613,0.989798486613,1.)) 
REPRESENTATION_ITEM('') );
#275 = CARTESIAN_POINT('',(-32.23928597915,7.151904526695,
    13.102250515065));
#276 = CARTESIAN_POINT('',(-32.23718920925,7.267567509172,
    13.102494634921));
#277 = CARTESIAN_POINT('',(-32.23383700696,7.381405715066,
    13.122792627597));
#278 = CARTESIAN_POINT('',(-32.22932804903,7.489934987627,
    13.162585204593));
#279 = SPHERICAL_SURFACE('',#280,1.);
#280 = AXIS2_PLACEMENT_3D('',#281,#282,#283);
#281 = CARTESIAN_POINT('',(-32.34496517874,7.151904761093,
    14.096589283911));
#282 = DIRECTION('',(0.,1.,0.));
#283 = DIRECTION('',(1.,0.,0.));
#284 = ADVANCED_FACE('',(#285,#295,#528),#638,.T.);
#285 = FACE_BOUND('',#286,.T.);
#286 = EDGE_LOOP('',(#287,#294));
#287 = ORIENTED_EDGE('',*,*,#288,.F.);
#288 = EDGE_CURVE('',#108,#116,#289,.T.);
#289 = CIRCLE('',#290,1.2);
#290 = AXIS2_PLACEMENT_3D('',#291,#292,#293);
#291 = CARTESIAN_POINT('',(-15.23689803487,-7.960172104827,
    16.103558301338));
#292 = DIRECTION('',(-6.656181353355E-02,-0.269125443091,-0.960802279795
    ));
#293 = DIRECTION('',(-3.122502256758E-17,0.962937783644,-0.26972360822)
  );
#294 = ORIENTED_EDGE('',*,*,#115,.F.);
#295 = FACE_BOUND('',#296,.T.);
#296 = EDGE_LOOP('',(#297,#308,#316,#471,#480,#489,#497,#505,#513,#522)
  );
#297 = ORIENTED_EDGE('',*,*,#298,.F.);
#298 = EDGE_CURVE('',#299,#301,#303,.T.);
#299 = VERTEX_POINT('',#300);
#300 = CARTESIAN_POINT('',(-15.78110160962,-11.51162894674,
    17.136039795116));
#301 = VERTEX_POINT('',#302);
#302 = CARTESIAN_POINT('',(-12.40786592657,-7.204932308276,
    15.696024138696));
#303 = CIRCLE('',#304,4.);
#304 = AXIS2_PLACEMENT_3D('',#305,#306,#307);
#305 = CARTESIAN_POINT('',(-16.35719816821,-7.689849333426,
    16.105450962277));
#306 = DIRECTION('',(6.656181353355E-02,0.269125443091,0.960802279795));
#307 = DIRECTION('',(-1.720845688169E-15,0.962937783644,-0.26972360822)
  );
#308 = ORIENTED_EDGE('',*,*,#309,.T.);
#309 = EDGE_CURVE('',#299,#310,#312,.T.);
#310 = VERTEX_POINT('',#311);
#311 = CARTESIAN_POINT('',(-33.44346198801,-13.68029411032,
    18.967094683441));
#312 = LINE('',#313,#314);
#313 = CARTESIAN_POINT('',(-23.12140437851,-12.41290479912,
    17.897008146957));
#314 = VECTOR('',#315,1.);
#315 = DIRECTION('',(-0.98733306041,-0.121229256288,0.102356705895));
#316 = ORIENTED_EDGE('',*,*,#317,.F.);
#317 = EDGE_CURVE('',#318,#310,#320,.T.);
#318 = VERTEX_POINT('',#319);
#319 = CARTESIAN_POINT('',(-35.92717883854,6.882779318002,
    13.379341966007));
#320 = B_SPLINE_CURVE_WITH_KNOTS('',3,(#321,#322,#323,#324,#325,#326,
    #327,#328,#329,#330,#331,#332,#333,#334,#335,#336,#337,#338,#339,
    #340,#341,#342,#343,#344,#345,#346,#347,#348,#349,#350,#351,#352,
    #353,#354,#355,#356,#357,#358,#359,#360,#361,#362,#363,#364,#365,
    #366,#367,#368,#369,#370,#371,#372,#373,#374,#375,#376,#377,#378,
    #379,#380,#381,#382,#383,#384,#385,#386,#387,#388,#389,#390,#391,
    #392,#393,#394,#395,#396,#397,#398,#399,#400,#401,#402,#403,#404,
    #405,#406,#407,#408,#409,#410,#411,#412,#413,#414,#415,#416,#417,
    #418,#419,#420,#421,#422,#423,#424,#425,#426,#427,#428,#429,#430,
    #431,#432,#433,#434,#435,#436,#437,#438,#439,#440,#441,#442,#443,
    #444,#445,#446,#447,#448,#449,#450,#451,#452,#453,#454,#455,#456,
    #457,#458,#459,#460,#461,#462,#463,#464,#465,#466,#467,#468,#469,
    #470),.UNSPECIFIED.,.F.,.F.,(4,2,2,1,1,2,2,1,1,2,2,1,1,2,2,1,2,1,2,1
    ,2,1,2,1,2,1,2,1,2,1,2,1,2,1,2,1,2,1,2,1,2,2,2,2,2,2,2,2,2,2,2,2,2,2
    ,2,2,2,2,2,2,2,2,2,2,2,2,2,2,2,2,2,2,2,2,2,2,2,2,2,2,2,2,3,4),(
    4.200548094454,4.205561568664,4.230112353304,4.230114347436,
    4.277829214192,4.277831801985,4.300901542129,4.300904416093,
    4.347412955219,4.347416400186,4.370910749612,4.370914478421,
    4.418379142209,4.418383430536,4.442343030422,4.442347592198,
    4.515120561828,4.515125903633,4.56433978486,4.564345598963,
    4.664286361901,4.664292950678,4.714912891694,4.714919757868,
    4.817159599298,4.817166745388,4.868632631279,4.868639764472,
    5.023456434159,5.023462899239,5.126133786504,5.126139350315,
    5.327229930833,5.32723315069,5.424588195925,5.424590275782,
    5.565662364471,5.565663120731,5.611277951715,5.611278405874,
    5.700355849053,5.743825644428,5.764464818736,5.808151721843,
    5.829637528013,5.872747911839,5.894381696274,5.937829138909,
    5.959635054624,6.002929108246,6.024380403735,6.088024615342,
    6.12992208539,6.212657598996,6.253590342345,6.375149437067,
    6.455616185309,6.616914790807,6.698534225951,6.865788508558,
    6.95232112066,7.030337352652,7.087542924769,7.134977533289,
    7.234125859443,7.285934466583,7.394188669014,7.450664259981,
    7.538311630716,7.568286133552,7.629327048736,7.660200791828,
    7.722699390929,7.754428175595,7.818782888941,7.851381410758,
    7.87706255347,7.951518928026,8.021301863674,8.248769345349,
    8.419814431539,8.838044244999,9.552314769363,9.559936511727),
  .UNSPECIFIED.);
#321 = CARTESIAN_POINT('',(-35.92717883854,6.882779318002,
    13.379341966007));
#322 = CARTESIAN_POINT('',(-35.92669029271,6.874257606752,
    13.381695094082));
#323 = CARTESIAN_POINT('',(-35.92620172573,6.865747445109,13.38404498559
    ));
#324 = CARTESIAN_POINT('',(-35.92332053516,6.815631118732,
    13.397883213863));
#325 = CARTESIAN_POINT('',(-35.92092733831,6.774286971165,
    13.409298118617));
#326 = CARTESIAN_POINT('',(-35.91853374161,6.733206204873,
    13.420639221279));
#327 = CARTESIAN_POINT('',(-35.913881912,6.653368234517,13.442679963041)
  );
#328 = CARTESIAN_POINT('',(-35.90922890168,6.574529346283,13.46444077519
    ));
#329 = CARTESIAN_POINT('',(-35.90457698913,6.496641565373,
    13.485935253552));
#330 = CARTESIAN_POINT('',(-35.90232770084,6.458981316503,
    13.496328249766));
#331 = CARTESIAN_POINT('',(-35.90007878776,6.421549468215,
    13.506657295847));
#332 = CARTESIAN_POINT('',(-35.89782957339,6.384323214519,
    13.516928733001));
#333 = CARTESIAN_POINT('',(-35.89329545636,6.309279939515,
    13.537634611829));
#334 = CARTESIAN_POINT('',(-35.88876307516,6.235105675286,
    13.558097196721));
#335 = CARTESIAN_POINT('',(-35.88423110431,6.161758883821,
    13.578328030851));
#336 = CARTESIAN_POINT('',(-35.88194155384,6.124704210492,
    13.588548613121));
#337 = CARTESIAN_POINT('',(-35.87965230249,6.087864694603,
    13.598708949458));
#338 = CARTESIAN_POINT('',(-35.87736231267,6.051221679883,
    13.608814193691));
#339 = CARTESIAN_POINT('',(-35.87273631069,5.977199308091,
    13.629227746966));
#340 = CARTESIAN_POINT('',(-35.86810844732,5.903996554443,
    13.649411592218));
#341 = CARTESIAN_POINT('',(-35.86347685295,5.831567385926,
    13.669378493996));
#342 = CARTESIAN_POINT('',(-35.86113867087,5.795002794661,
    13.679458432803));
#343 = CARTESIAN_POINT('',(-35.85879984841,5.758640240499,13.68948173566
    ));
#344 = CARTESIAN_POINT('',(-35.85645919124,5.722458707809,
    13.699454206409));
#345 = CARTESIAN_POINT('',(-35.84935076703,5.612577959403,
    13.729739891724));
#346 = CARTESIAN_POINT('',(-35.84222957708,5.504430520087,
    13.759539184263));
#347 = CARTESIAN_POINT('',(-35.83508611603,5.39780344733,13.78891107177)
  );
#348 = CARTESIAN_POINT('',(-35.83025505826,5.325692731349,
    13.808774955136));
#349 = CARTESIAN_POINT('',(-35.82541378965,5.254277567823,
    13.828443303459));
#350 = CARTESIAN_POINT('',(-35.82055929384,5.183491694615,
    13.847934468125));
#351 = CARTESIAN_POINT('',(-35.81070160557,5.039752523241,
    13.887513602539));
#352 = CARTESIAN_POINT('',(-35.80078975523,4.898609946954,
    13.926361665697));
#353 = CARTESIAN_POINT('',(-35.79079688911,4.759514368821,13.96463074205
    ));
#354 = CARTESIAN_POINT('',(-35.7857351486,4.689058079902,13.984015231177
    ));
#355 = CARTESIAN_POINT('',(-35.78065252316,4.619126982093,14.00325116484
    ));
#356 = CARTESIAN_POINT('',(-35.77554520044,4.549649369822,
    14.022358364012));
#357 = CARTESIAN_POINT('',(-35.76523031167,4.409331401274,
    14.060947529062));
#358 = CARTESIAN_POINT('',(-35.75481510013,4.270864192216,
    14.099011337186));
#359 = CARTESIAN_POINT('',(-35.74426479599,4.133660244652,
    14.136711940699));
#360 = CARTESIAN_POINT('',(-35.73895353465,4.064589275424,
    14.155691108833));
#361 = CARTESIAN_POINT('',(-35.7336078805,3.995838375018,14.174578241473
    ));
#362 = CARTESIAN_POINT('',(-35.72822300555,3.927332641556,
    14.193393984535));
#363 = CARTESIAN_POINT('',(-35.71202564482,3.721276880739,
    14.249989106519));
#364 = CARTESIAN_POINT('',(-35.69547539842,3.517438487906,14.30593868585
    ));
#365 = CARTESIAN_POINT('',(-35.67841875237,3.313781017208,
    14.361802505988));
#366 = CARTESIAN_POINT('',(-35.66710654142,3.178717180384,
    14.398850871092));
#367 = CARTESIAN_POINT('',(-35.65557051781,3.043732058605,
    14.435861682583));
#368 = CARTESIAN_POINT('',(-35.64375881264,2.908232935642,
    14.472997369851));
#369 = CARTESIAN_POINT('',(-35.62062383277,2.642852244169,
    14.545729076919));
#370 = CARTESIAN_POINT('',(-35.59643621681,2.375497479487,
    14.618940807785));
#371 = CARTESIAN_POINT('',(-35.57073257057,2.101714898132,
    14.693847975184));
#372 = CARTESIAN_POINT('',(-35.55828749492,1.969164839637,
    14.730113736779));
#373 = CARTESIAN_POINT('',(-35.54548547294,1.835107884186,
    14.766776859335));
#374 = CARTESIAN_POINT('',(-35.53226619391,1.699040527443,
    14.803974198725));
#375 = CARTESIAN_POINT('',(-35.51311073631,1.501873714152,
    14.857874553753));
#376 = CARTESIAN_POINT('',(-35.49308014467,1.300485784377,
    14.912896637317));
#377 = CARTESIAN_POINT('',(-35.47197017838,1.093343297712,
    14.969455824373));
#378 = CARTESIAN_POINT('',(-35.46514422228,1.0263642356,14.987744105034)
  );
#379 = CARTESIAN_POINT('',(-35.45820529531,0.958783779681,
    15.006193012736));
#380 = CARTESIAN_POINT('',(-35.4511458466,0.890550541375,15.024816418571
    ));
#381 = CARTESIAN_POINT('',(-35.43736007781,0.757304110058,
    15.061184357981));
#382 = CARTESIAN_POINT('',(-35.4231148584,0.621567572289,15.098217958943
    ));
#383 = CARTESIAN_POINT('',(-35.40114605035,0.415313148418,
    15.154468896982));
#384 = CARTESIAN_POINT('',(-35.39381763605,0.34698600939,15.173099971655
    ));
#385 = CARTESIAN_POINT('',(-35.38281670687,0.245141921525,
    15.200864886494));
#386 = CARTESIAN_POINT('',(-35.37924557352,0.212189973095,15.20984749071
    ));
#387 = CARTESIAN_POINT('',(-35.3680209524,0.108961458064,15.237984693627
    ));
#388 = CARTESIAN_POINT('',(-35.36033659394,3.8782693602E-02,
    15.257109758828));
#389 = CARTESIAN_POINT('',(-35.3487840147,-6.6002250641E-02,
    15.285660205158));
#390 = CARTESIAN_POINT('',(-35.34496100502,-0.100561981546,
    15.295075707834));
#391 = CARTESIAN_POINT('',(-35.33342451616,-0.204505126486,
    15.323391476738));
#392 = CARTESIAN_POINT('',(-35.32566799995,-0.273929326691,
    15.342300185885));
#393 = CARTESIAN_POINT('',(-35.313935373,-0.378259236053,15.370710701483
    ));
#394 = CARTESIAN_POINT('',(-35.31000096453,-0.413131600619,
    15.380206056974));
#395 = CARTESIAN_POINT('',(-35.29812347733,-0.518068722126,
    15.408776620149));
#396 = CARTESIAN_POINT('',(-35.29013853065,-0.588162995108,
    15.427857194923));
#397 = CARTESIAN_POINT('',(-35.27806459908,-0.69348257922,
    15.456521278614));
#398 = CARTESIAN_POINT('',(-35.27401613993,-0.728685931394,
    15.466101444235));
#399 = CARTESIAN_POINT('',(-35.26189013031,-0.833798901288,
    15.494704046439));
#400 = CARTESIAN_POINT('',(-35.25377290695,-0.903728075989,
    15.513729212598));
#401 = CARTESIAN_POINT('',(-35.24155736303,-1.008327755504,
    15.542181836946));
#402 = CARTESIAN_POINT('',(-35.23749759505,-1.04298705361,
    15.551608826902));
#403 = CARTESIAN_POINT('',(-35.22134393837,-1.180487179663,
    15.589004206181));
#404 = CARTESIAN_POINT('',(-35.20915387123,-1.283345737452,
    15.616970898735));
#405 = CARTESIAN_POINT('',(-35.18876841487,-1.45389927025,
    15.663331532007));
#406 = CARTESIAN_POINT('',(-35.18063138574,-1.521599836239,
    15.681731081816));
#407 = CARTESIAN_POINT('',(-35.15629873728,-1.722948733901,
    15.736444197298));
#408 = CARTESIAN_POINT('',(-35.13997900425,-1.856554529934,
    15.772737250263));
#409 = CARTESIAN_POINT('',(-35.11535512986,-2.0560758467,15.826918275995
    ));
#410 = CARTESIAN_POINT('',(-35.10716733081,-2.122084455707,
    15.84484038313));
#411 = CARTESIAN_POINT('',(-35.07452202542,-2.383966365787,
    15.915933214396));
#412 = CARTESIAN_POINT('',(-35.0497814957,-2.579543631768,15.96900141054
    ));
#413 = CARTESIAN_POINT('',(-35.00824705282,-2.903677195837,
    16.056915420514));
#414 = CARTESIAN_POINT('',(-34.991595084,-3.032535085588,16.091855545175
    ));
#415 = CARTESIAN_POINT('',(-34.9412920568,-3.418773996792,
    16.196558104188));
#416 = CARTESIAN_POINT('',(-34.90736717864,-3.675212471633,
    16.266037557097));
#417 = CARTESIAN_POINT('',(-34.85593265026,-4.058775234338,
    16.369912126379));
#418 = CARTESIAN_POINT('',(-34.83859393923,-4.187198076337,
    16.404682816362));
#419 = CARTESIAN_POINT('',(-34.78560055642,-4.57720431486,
    16.510254241637));
#420 = CARTESIAN_POINT('',(-34.74981482994,-4.837117348391,
    16.580578020922));
#421 = CARTESIAN_POINT('',(-34.69545969151,-5.227319866184,
    16.686110086197));
#422 = CARTESIAN_POINT('',(-34.67691803975,-5.359624165679,
    16.721884654992));
#423 = CARTESIAN_POINT('',(-34.64167608911,-5.609651926327,
    16.789477192072));
#424 = CARTESIAN_POINT('',(-34.62497460408,-5.727527004607,
    16.821337546884));
#425 = CARTESIAN_POINT('',(-34.5960607656,-5.930575051759,
    16.876209229896));
#426 = CARTESIAN_POINT('',(-34.58392756092,-6.015465034156,
    16.899146775405));
#427 = CARTESIAN_POINT('',(-34.56190093767,-6.169038434911,
    16.940637494541));
#428 = CARTESIAN_POINT('',(-34.55197900366,-6.238012880577,
    16.959270210873));
#429 = CARTESIAN_POINT('',(-34.52149866206,-6.449308368727,
    17.016343519514));
#430 = CARTESIAN_POINT('',(-34.50113751343,-6.589610094243,
    17.054232156783));
#431 = CARTESIAN_POINT('',(-34.47045706617,-6.7998423868,17.110993796326
    ));
#432 = CARTESIAN_POINT('',(-34.45998494539,-6.871387394284,
    17.130308424194));
#433 = CARTESIAN_POINT('',(-34.42778758346,-7.090725233362,
    17.189515484298));
#434 = CARTESIAN_POINT('',(-34.40623291083,-7.236664682956,
    17.228900591652));
#435 = CARTESIAN_POINT('',(-34.37367148802,-7.455865274708,
    17.288043986941));
#436 = CARTESIAN_POINT('',(-34.36255083887,-7.530500701273,
    17.308179328078));
#437 = CARTESIAN_POINT('',(-34.33425536455,-7.7198396616,17.359253867074
    ));
#438 = CARTESIAN_POINT('',(-34.31712685434,-7.833922131635,
    17.390022310506));
#439 = CARTESIAN_POINT('',(-34.29419808624,-7.985958484232,
    17.43101999671));
#440 = CARTESIAN_POINT('',(-34.28836008428,-8.024609740009,
    17.441441962342));
#441 = CARTESIAN_POINT('',(-34.27064355129,-8.141721967263,
    17.473018319022));
#442 = CARTESIAN_POINT('',(-34.25877476228,-8.219931577674,
    17.494102977501));
#443 = CARTESIAN_POINT('',(-34.24090693927,-8.337329624204,
    17.525748912597));
#444 = CARTESIAN_POINT('',(-34.23489985217,-8.376739921363,
    17.536371775686));
#445 = CARTESIAN_POINT('',(-34.21674950753,-8.495896664149,
    17.568490757909));
#446 = CARTESIAN_POINT('',(-34.20464904991,-8.575441822515,
    17.589933460555));
#447 = CARTESIAN_POINT('',(-34.18644779496,-8.695197667351,
    17.622216727277));
#448 = CARTESIAN_POINT('',(-34.18032570225,-8.735496350092,
    17.633080464255));
#449 = CARTESIAN_POINT('',(-34.16180188604,-8.857491679653,
    17.665968675479));
#450 = CARTESIAN_POINT('',(-34.14941699094,-8.939141521005,
    17.68798120511));
#451 = CARTESIAN_POINT('',(-34.13076614319,-9.062222235567,
    17.721164637605));
#452 = CARTESIAN_POINT('',(-34.12449642371,-9.103618075842,
    17.732325466615));
#453 = CARTESIAN_POINT('',(-34.11328589139,-9.177672950592,
    17.752291965469));
#454 = CARTESIAN_POINT('',(-34.10834541149,-9.210321873675,
    17.761094826128));
#455 = CARTESIAN_POINT('',(-34.08907511319,-9.337719134016,
    17.795444430442));
#456 = CARTESIAN_POINT('',(-34.07488938601,-9.431610695353,
    17.820761169205));
#457 = CARTESIAN_POINT('',(-34.04770021543,-9.611766759904,
    17.869340175705));
#458 = CARTESIAN_POINT('',(-34.03467842873,-9.698140191316,
    17.892631683992));
#459 = CARTESIAN_POINT('',(-33.97980255802,-10.06249686587,
    17.990888126545));
#460 = CARTESIAN_POINT('',(-33.93928682602,-10.3324288111,
    18.063690570126));
#461 = CARTESIAN_POINT('',(-33.87129857872,-10.78670013152,
    18.186224156722));
#462 = CARTESIAN_POINT('',(-33.84308170796,-10.97566258383,
    18.237198679413));
#463 = CARTESIAN_POINT('',(-33.74953916017,-11.60338237241,
    18.406545701207));
#464 = CARTESIAN_POINT('',(-33.68949422473,-12.00849118142,
    18.515858918024));
#465 = CARTESIAN_POINT('',(-33.5479835011,-12.96660799007,
    18.774428662793));
#466 = CARTESIAN_POINT('',(-33.4813610697,-13.42132472461,
    18.897181632149));
#467 = CARTESIAN_POINT('',(-33.44462396976,-13.67233104461,
    18.964944688568));
#468 = CARTESIAN_POINT('',(-33.44423210323,-13.67500847353,
    18.965667502108));
#469 = CARTESIAN_POINT('',(-33.4438436304,-13.67766271507,
    18.966384055857));
#470 = CARTESIAN_POINT('',(-33.44346198801,-13.68029411032,
    18.967094683441));
#471 = ORIENTED_EDGE('',*,*,#472,.F.);
#472 = EDGE_CURVE('',#473,#318,#475,.T.);
#473 = VERTEX_POINT('',#474);
#474 = CARTESIAN_POINT('',(-32.41152699227,6.882779318002,
    13.135787004116));
#475 = B_SPLINE_CURVE_WITH_KNOTS('',3,(#476,#477,#478,#479),
  .UNSPECIFIED.,.F.,.F.,(4,4),(0.,1.),.PIECEWISE_BEZIER_KNOTS.);
#476 = CARTESIAN_POINT('',(-32.41152699227,6.882779318002,
    13.135787004116));
#477 = CARTESIAN_POINT('',(-33.58341094103,6.882779318002,
    13.216971991413));
#478 = CARTESIAN_POINT('',(-34.75529488979,6.882779318002,13.29815697871
    ));
#479 = CARTESIAN_POINT('',(-35.92717883854,6.882779318002,
    13.379341966007));
#480 = ORIENTED_EDGE('',*,*,#481,.F.);
#481 = EDGE_CURVE('',#482,#473,#484,.T.);
#482 = VERTEX_POINT('',#483);
#483 = CARTESIAN_POINT('',(-32.24245268872,6.686745524572,
    13.178984017825));
#484 = B_SPLINE_CURVE_WITH_KNOTS('',3,(#485,#486,#487,#488),
  .UNSPECIFIED.,.F.,.F.,(4,4),(0.,1.),.PIECEWISE_BEZIER_KNOTS.);
#485 = CARTESIAN_POINT('',(-32.24245268872,6.686745524572,
    13.178984017825));
#486 = CARTESIAN_POINT('',(-32.30329539699,6.748683805085,13.16584982107
    ));
#487 = CARTESIAN_POINT('',(-32.35975704097,6.814088186998,
    13.151441243847));
#488 = CARTESIAN_POINT('',(-32.41152699227,6.882779318002,
    13.135787004116));
#489 = ORIENTED_EDGE('',*,*,#490,.F.);
#490 = EDGE_CURVE('',#491,#482,#493,.T.);
#491 = VERTEX_POINT('',#492);
#492 = CARTESIAN_POINT('',(-23.44171803771,6.687022898106,12.56921495358
    ));
#493 = LINE('',#494,#495);
#494 = CARTESIAN_POINT('',(-29.9048323885,6.687022898107,13.016962238646
    ));
#495 = VECTOR('',#496,1.);
#496 = DIRECTION('',(-0.997608929247,5.215012948178E-14,
    6.911167981629E-02));
#497 = ORIENTED_EDGE('',*,*,#498,.F.);
#498 = EDGE_CURVE('',#499,#491,#501,.T.);
#499 = VERTEX_POINT('',#500);
#500 = CARTESIAN_POINT('',(-23.18849974493,8.92409698119,11.925057216197
    ));
#501 = LINE('',#502,#503);
#502 = CARTESIAN_POINT('',(-23.81457318875,3.393008923272,
    13.517714873626));
#503 = VECTOR('',#504,1.);
#504 = DIRECTION('',(-0.108134383926,-0.955320506696,0.275081232545));
#505 = ORIENTED_EDGE('',*,*,#506,.F.);
#506 = EDGE_CURVE('',#507,#499,#509,.T.);
#507 = VERTEX_POINT('',#508);
#508 = CARTESIAN_POINT('',(-18.94022062376,9.445720067676,
    11.484638603672));
#509 = LINE('',#510,#511);
#510 = CARTESIAN_POINT('',(-17.67817612924,9.600679646775,
    11.353802594697));
#511 = VECTOR('',#512,1.);
#512 = DIRECTION('',(-0.98733306041,-0.121229256287,0.102356705895));
#513 = ORIENTED_EDGE('',*,*,#514,.F.);
#514 = EDGE_CURVE('',#515,#507,#517,.T.);
#515 = VERTEX_POINT('',#516);
#516 = CARTESIAN_POINT('',(-14.39443813124,5.973832673144,12.14221167575
    ));
#517 = ( BOUNDED_CURVE() B_SPLINE_CURVE(3,(#518,#519,#520,#521),
.UNSPECIFIED.,.F.,.F.) B_SPLINE_CURVE_WITH_KNOTS((4,4),(1.570796326795,
3.14159265359),.PIECEWISE_BEZIER_KNOTS.) CURVE() 
GEOMETRIC_REPRESENTATION_ITEM() RATIONAL_B_SPLINE_CURVE((1.,
0.804737854124,0.804737854124,1.)) REPRESENTATION_ITEM('') );
#518 = CARTESIAN_POINT('',(-14.39443813124,5.973832673144,12.14221167575
    ));
#519 = CARTESIAN_POINT('',(-14.74383059892,8.291675038536,
    11.517177607924));
#520 = CARTESIAN_POINT('',(-16.62675535892,9.729777884383,
    11.244801923217));
#521 = CARTESIAN_POINT('',(-18.94022062376,9.445720067676,
    11.484638603672));
#522 = ORIENTED_EDGE('',*,*,#523,.T.);
#523 = EDGE_CURVE('',#515,#301,#524,.T.);
#524 = LINE('',#525,#526);
#525 = CARTESIAN_POINT('',(-10.60889963551,-19.13913429887,
    18.914225224252));
#526 = VECTOR('',#527,1.);
#527 = DIRECTION('',(0.144024139646,-0.955444903331,0.25764720821));
#528 = FACE_BOUND('',#529,.T.);
#529 = EDGE_LOOP('',(#530,#540,#559,#567,#586,#594,#613,#621));
#530 = ORIENTED_EDGE('',*,*,#531,.T.);
#531 = EDGE_CURVE('',#532,#534,#536,.T.);
#532 = VERTEX_POINT('',#533);
#533 = CARTESIAN_POINT('',(-19.01157334734,3.943114925124,
    13.030888487826));
#534 = VERTEX_POINT('',#535);
#535 = CARTESIAN_POINT('',(-20.52801660015,3.756919106194,13.18809798709
    ));
#536 = LINE('',#537,#538);
#537 = CARTESIAN_POINT('',(-19.01157334734,3.943114925124,
    13.030888487826));
#538 = VECTOR('',#539,1.);
#539 = DIRECTION('',(-0.98733306041,-0.121229256287,0.102356705895));
#540 = ORIENTED_EDGE('',*,*,#541,.T.);
#541 = EDGE_CURVE('',#534,#542,#544,.T.);
#542 = VERTEX_POINT('',#543);
#543 = CARTESIAN_POINT('',(-22.07300138946,1.784397342577,
    13.847643448654));
#544 = B_SPLINE_CURVE_WITH_KNOTS('',3,(#545,#546,#547,#548,#549,#550,
    #551,#552,#553,#554,#555,#556,#557,#558),.UNSPECIFIED.,.F.,.F.,(4,2,
    2,2,2,2,4),(0.,3.60665480045E-04,7.213309600899E-04,
    1.44266192018E-03,2.16399288027E-03,2.524658360315E-03,
    2.88532384036E-03),.UNSPECIFIED.);
#545 = CARTESIAN_POINT('',(-20.52801660015,3.756919106194,13.18809798709
    ));
#546 = CARTESIAN_POINT('',(-20.64984226517,3.741960794964,
    13.200727640029));
#547 = CARTESIAN_POINT('',(-20.77210062197,3.716263874355,
    13.216395205987));
#548 = CARTESIAN_POINT('',(-21.00858335603,3.644669274317,13.25283209716
    ));
#549 = CARTESIAN_POINT('',(-21.12280778992,3.598771586041,
    13.273601428773));
#550 = CARTESIAN_POINT('',(-21.44008126239,3.432692061673,
    13.342100978244));
#551 = CARTESIAN_POINT('',(-21.61773059471,3.284123727485,
    13.396022770054));
#552 = CARTESIAN_POINT('',(-21.89533521828,2.929698774264,
    13.514530648482));
#553 = CARTESIAN_POINT('',(-21.99529054079,2.723842115336,
    13.579116748443));
#554 = CARTESIAN_POINT('',(-22.07524355765,2.382772377959,
    13.680190990292));
#555 = CARTESIAN_POINT('',(-22.0902312368,2.263701642686,13.714581595091
    ));
#556 = CARTESIAN_POINT('',(-22.09799562569,2.023459667357,
    13.782412449821));
#557 = CARTESIAN_POINT('',(-22.09077232904,1.902288371981,
    13.815852714805));
#558 = CARTESIAN_POINT('',(-22.07300138946,1.784397342577,
    13.847643448654));
#559 = ORIENTED_EDGE('',*,*,#560,.T.);
#560 = EDGE_CURVE('',#542,#561,#563,.T.);
#561 = VERTEX_POINT('',#562);
#562 = CARTESIAN_POINT('',(-21.41972252706,-2.549403651266,
    15.016305004237));
#563 = LINE('',#564,#565);
#564 = CARTESIAN_POINT('',(-22.07300138946,1.784397342577,
    13.847643448654));
#565 = VECTOR('',#566,1.);
#566 = DIRECTION('',(0.144024139646,-0.955444903331,0.25764720821));
#567 = ORIENTED_EDGE('',*,*,#568,.T.);
#568 = EDGE_CURVE('',#561,#569,#571,.T.);
#569 = VERTEX_POINT('',#570);
#570 = CARTESIAN_POINT('',(-19.34701865505,-4.077729101119,
    15.30080509441));
#571 = B_SPLINE_CURVE_WITH_KNOTS('',3,(#572,#573,#574,#575,#576,#577,
    #578,#579,#580,#581,#582,#583,#584,#585),.UNSPECIFIED.,.F.,.F.,(4,2,
    2,2,2,2,4),(0.,3.606097443226E-04,7.212194886452E-04,
    1.44243897729E-03,2.163658465936E-03,2.524268210258E-03,
    2.884877954581E-03),.UNSPECIFIED.);
#572 = CARTESIAN_POINT('',(-21.41972252706,-2.549403651266,
    15.016305004237));
#573 = CARTESIAN_POINT('',(-21.40195158659,-2.667294680556,
    15.048095737991));
#574 = CARTESIAN_POINT('',(-21.37304538605,-2.785803650103,
    15.079288138799));
#575 = CARTESIAN_POINT('',(-21.29445103663,-3.01544210567,
    15.138166192968));
#576 = CARTESIAN_POINT('',(-21.24476287753,-3.126571646541,
    15.165851860982));
#577 = CARTESIAN_POINT('',(-21.06675832028,-3.43596817645,15.24018367051
    ));
#578 = CARTESIAN_POINT('',(-20.90950179998,-3.6102431922,15.278104648028
    ));
#579 = CARTESIAN_POINT('',(-20.53707601161,-3.884854446717,
    15.329223947703));
#580 = CARTESIAN_POINT('',(-20.32190670163,-3.985190716396,
    15.342422275615));
#581 = CARTESIAN_POINT('',(-19.96700447027,-4.068737442119,
    15.341237446445));
#582 = CARTESIAN_POINT('',(-19.84334564961,-4.085426739438,
    15.337345448158));
#583 = CARTESIAN_POINT('',(-19.59426560318,-4.097401726684,
    15.323444101192));
#584 = CARTESIAN_POINT('',(-19.4688443202,-4.092687411478,
    15.313434747112));
#585 = CARTESIAN_POINT('',(-19.34701865505,-4.077729101119,
    15.30080509441));
#586 = ORIENTED_EDGE('',*,*,#587,.T.);
#587 = EDGE_CURVE('',#569,#588,#590,.T.);
#588 = VERTEX_POINT('',#589);
#589 = CARTESIAN_POINT('',(-17.83057540225,-3.891533282189,
    15.143595595145));
#590 = LINE('',#591,#592);
#591 = CARTESIAN_POINT('',(-19.34701865505,-4.077729101119,
    15.30080509441));
#592 = VECTOR('',#593,1.);
#593 = DIRECTION('',(0.98733306041,0.121229256287,-0.102356705895));
#594 = ORIENTED_EDGE('',*,*,#595,.T.);
#595 = EDGE_CURVE('',#588,#596,#598,.T.);
#596 = VERTEX_POINT('',#597);
#597 = CARTESIAN_POINT('',(-16.28559061293,-1.919011518572,
    14.484050133582));
#598 = B_SPLINE_CURVE_WITH_KNOTS('',3,(#599,#600,#601,#602,#603,#604,
    #605,#606,#607,#608,#609,#610,#611,#612),.UNSPECIFIED.,.F.,.F.,(4,2,
    2,2,2,2,4),(0.,3.606654800449E-04,7.213309600897E-04,
    1.442661920179E-03,2.163992880269E-03,2.524658360314E-03,
    2.885323840359E-03),.UNSPECIFIED.);
#599 = CARTESIAN_POINT('',(-17.83057540225,-3.891533282189,
    15.143595595145));
#600 = CARTESIAN_POINT('',(-17.70874973722,-3.876574970959,
    15.130965942206));
#601 = CARTESIAN_POINT('',(-17.58649138042,-3.85087805035,
    15.115298376247));
#602 = CARTESIAN_POINT('',(-17.35000864637,-3.779283450312,
    15.078861485075));
#603 = CARTESIAN_POINT('',(-17.23578421248,-3.733385762036,
    15.058092153462));
#604 = CARTESIAN_POINT('',(-16.91851074,-3.567306237667,14.98959260399)
  );
#605 = CARTESIAN_POINT('',(-16.74086140768,-3.41873790348,14.93567081218
    ));
#606 = CARTESIAN_POINT('',(-16.46325678411,-3.064312950259,
    14.817162933753));
#607 = CARTESIAN_POINT('',(-16.36330146161,-2.858456291331,
    14.752576833792));
#608 = CARTESIAN_POINT('',(-16.28334844474,-2.517386553954,
    14.651502591943));
#609 = CARTESIAN_POINT('',(-16.26836076559,-2.398315818681,
    14.617111987144));
#610 = CARTESIAN_POINT('',(-16.26059637671,-2.158073843352,
    14.549281132414));
#611 = CARTESIAN_POINT('',(-16.26781967336,-2.036902547976,
    14.515840867432));
#612 = CARTESIAN_POINT('',(-16.28559061293,-1.919011518572,
    14.484050133582));
#613 = ORIENTED_EDGE('',*,*,#614,.T.);
#614 = EDGE_CURVE('',#596,#615,#617,.T.);
#615 = VERTEX_POINT('',#616);
#616 = CARTESIAN_POINT('',(-16.93886947533,2.414789475271,
    13.315388577999));
#617 = LINE('',#618,#619);
#618 = CARTESIAN_POINT('',(-16.28559061293,-1.919011518572,
    14.484050133582));
#619 = VECTOR('',#620,1.);
#620 = DIRECTION('',(-0.144024139646,0.955444903331,-0.25764720821));
#621 = ORIENTED_EDGE('',*,*,#622,.T.);
#622 = EDGE_CURVE('',#615,#532,#623,.T.);
#623 = B_SPLINE_CURVE_WITH_KNOTS('',3,(#624,#625,#626,#627,#628,#629,
    #630,#631,#632,#633,#634,#635,#636,#637),.UNSPECIFIED.,.F.,.F.,(4,2,
    2,2,2,2,4),(0.,3.606097443233E-04,7.212194886466E-04,
    1.442438977293E-03,2.16365846594E-03,2.524268210263E-03,
    2.884877954587E-03),.UNSPECIFIED.);
#624 = CARTESIAN_POINT('',(-16.93886947533,2.414789475271,
    13.315388577999));
#625 = CARTESIAN_POINT('',(-16.95664041581,2.532680504561,
    13.283597844243));
#626 = CARTESIAN_POINT('',(-16.98554661634,2.651189474108,
    13.252405443434));
#627 = CARTESIAN_POINT('',(-17.06414096576,2.880827929675,
    13.193527389266));
#628 = CARTESIAN_POINT('',(-17.11382912487,2.991957470546,
    13.165841721251));
#629 = CARTESIAN_POINT('',(-17.29183368211,3.301354000455,
    13.091509911724));
#630 = CARTESIAN_POINT('',(-17.44909020242,3.475629016204,
    13.053588934205));
#631 = CARTESIAN_POINT('',(-17.82151599078,3.750240270721,
    13.002469634531));
#632 = CARTESIAN_POINT('',(-18.03668530076,3.8505765404,12.989271306619)
  );
#633 = CARTESIAN_POINT('',(-18.39158753212,3.934123266124,
    12.990456135789));
#634 = CARTESIAN_POINT('',(-18.51524635278,3.950812563443,
    12.994348134075));
#635 = CARTESIAN_POINT('',(-18.76432639922,3.962787550689,
    13.008249481041));
#636 = CARTESIAN_POINT('',(-18.8897476822,3.958073235482,13.018258835123
    ));
#637 = CARTESIAN_POINT('',(-19.01157334734,3.943114925124,
    13.030888487826));
#638 = PLANE('',#639);
#639 = AXIS2_PLACEMENT_3D('',#640,#641,#642);
#640 = CARTESIAN_POINT('',(5.87701352979,-19.65822308121,17.917524550632
    ));
#641 = DIRECTION('',(-6.656181353355E-02,-0.269125443091,-0.960802279795
    ));
#642 = DIRECTION('',(3.469446951954E-18,0.962937783644,-0.26972360822));
#643 = ADVANCED_FACE('',(#644),#662,.F.);
#644 = FACE_BOUND('',#645,.F.);
#645 = EDGE_LOOP('',(#646,#653,#654,#661));
#646 = ORIENTED_EDGE('',*,*,#647,.T.);
#647 = EDGE_CURVE('',#156,#148,#648,.T.);
#648 = CIRCLE('',#649,2.35);
#649 = AXIS2_PLACEMENT_3D('',#650,#651,#652);
#650 = CARTESIAN_POINT('',(-15.03721259427,-7.152795775553,
    18.985965140724));
#651 = DIRECTION('',(-6.656181353355E-02,-0.269125443091,-0.960802279795
    ));
#652 = DIRECTION('',(4.163336342344E-17,-0.962937783644,0.26972360822));
#653 = ORIENTED_EDGE('',*,*,#147,.F.);
#654 = ORIENTED_EDGE('',*,*,#655,.T.);
#655 = EDGE_CURVE('',#125,#106,#656,.T.);
#656 = CIRCLE('',#657,1.2);
#657 = AXIS2_PLACEMENT_3D('',#658,#659,#660);
#658 = CARTESIAN_POINT('',(-15.11375867984,-7.462290035108,
    17.881042518959));
#659 = DIRECTION('',(6.656181353355E-02,0.269125443091,0.960802279795));
#660 = DIRECTION('',(-5.898059818321E-17,-0.962937783644,0.26972360822)
  );
#661 = ORIENTED_EDGE('',*,*,#164,.T.);
#662 = CONICAL_SURFACE('',#663,0.95,0.785398163397);
#663 = AXIS2_PLACEMENT_3D('',#664,#665,#666);
#664 = CARTESIAN_POINT('',(-15.13039913322,-7.529571395881,
    17.64084194901));
#665 = DIRECTION('',(6.656181353355E-02,0.269125443091,0.960802279795));
#666 = DIRECTION('',(-6.591949208712E-17,-0.962937783644,0.26972360822)
  );
#667 = ADVANCED_FACE('',(#668),#726,.T.);
#668 = FACE_BOUND('',#669,.T.);
#669 = EDGE_LOOP('',(#670,#678,#679,#694,#703,#712,#720));
#670 = ORIENTED_EDGE('',*,*,#671,.F.);
#671 = EDGE_CURVE('',#499,#672,#674,.T.);
#672 = VERTEX_POINT('',#673);
#673 = CARTESIAN_POINT('',(-25.39869276022,8.652719402297,
    14.662671557193));
#674 = LINE('',#675,#676);
#675 = CARTESIAN_POINT('',(-18.86725046152,9.454679677004,6.57262241642)
  );
#676 = VECTOR('',#677,1.);
#677 = DIRECTION('',(-0.62631226955,-7.690147700485E-02,0.775770007054)
  );
#678 = ORIENTED_EDGE('',*,*,#498,.T.);
#679 = ORIENTED_EDGE('',*,*,#680,.F.);
#680 = EDGE_CURVE('',#681,#491,#683,.T.);
#681 = VERTEX_POINT('',#682);
#682 = CARTESIAN_POINT('',(-23.42598246698,7.005968888758,
    12.502227450383));
#683 = B_SPLINE_CURVE_WITH_KNOTS('',3,(#684,#685,#686,#687,#688,#689,
    #690,#691,#692,#693),.UNSPECIFIED.,.F.,.F.,(4,3,3,4),(0.,
    8.163704029547E-05,1.63281784444E-04,3.267907602491E-04),
  .UNSPECIFIED.);
#684 = CARTESIAN_POINT('',(-23.42598246698,7.005968888758,
    12.502227450383));
#685 = CARTESIAN_POINT('',(-23.42590306666,6.979043007213,
    12.506164761028));
#686 = CARTESIAN_POINT('',(-23.42610288292,6.952160199975,
    12.510436327865));
#687 = CARTESIAN_POINT('',(-23.42663441964,6.925355891474,
    12.515100910477));
#688 = CARTESIAN_POINT('',(-23.42716598617,6.898550079579,
    12.519765754715));
#689 = CARTESIAN_POINT('',(-23.42802966519,6.871812900073,
    12.524825571316));
#690 = CARTESIAN_POINT('',(-23.42927554117,6.845191565223,
    12.530334401495));
#691 = CARTESIAN_POINT('',(-23.43176834079,6.791926509532,
    12.541356694251));
#692 = CARTESIAN_POINT('',(-23.43580521588,6.739029626798,
    12.554207960074));
#693 = CARTESIAN_POINT('',(-23.44171803771,6.687022898106,12.56921495358
    ));
#694 = ORIENTED_EDGE('',*,*,#695,.F.);
#695 = EDGE_CURVE('',#696,#681,#698,.T.);
#696 = VERTEX_POINT('',#697);
#697 = CARTESIAN_POINT('',(-23.53284670797,7.489934987627,
    12.560116224664));
#698 = B_SPLINE_CURVE_WITH_KNOTS('',3,(#699,#700,#701,#702),
  .UNSPECIFIED.,.F.,.F.,(4,4),(0.,5.05758857532E-04),
  .PIECEWISE_BEZIER_KNOTS.);
#699 = CARTESIAN_POINT('',(-23.53284670797,7.489934987627,
    12.560116224664));
#700 = CARTESIAN_POINT('',(-23.46695584059,7.343912930457,
    12.501591784617));
#701 = CARTESIAN_POINT('',(-23.42636667603,7.175110837878,
    12.477354410478));
#702 = CARTESIAN_POINT('',(-23.42598246698,7.005968888758,
    12.502227450383));
#703 = ORIENTED_EDGE('',*,*,#704,.F.);
#704 = EDGE_CURVE('',#705,#696,#707,.T.);
#705 = VERTEX_POINT('',#706);
#706 = CARTESIAN_POINT('',(-24.06946103893,8.054122488639,
    13.130381855068));
#707 = ( BOUNDED_CURVE() B_SPLINE_CURVE(3,(#708,#709,#710,#711),
.UNSPECIFIED.,.F.,.F.) B_SPLINE_CURVE_WITH_KNOTS((4,4),(1.843035199933,
2.653201466378),.PIECEWISE_BEZIER_KNOTS.) CURVE() 
GEOMETRIC_REPRESENTATION_ITEM() RATIONAL_B_SPLINE_CURVE((1.,
0.946046425294,0.946046425294,1.)) REPRESENTATION_ITEM('') );
#708 = CARTESIAN_POINT('',(-24.06946103893,8.054122488639,
    13.130381855068));
#709 = CARTESIAN_POINT('',(-23.83707377097,7.945268923423,
    12.863123869067));
#710 = CARTESIAN_POINT('',(-23.64800118545,7.74648110994,12.662194466042
    ));
#711 = CARTESIAN_POINT('',(-23.53284670797,7.489934987627,
    12.560116224664));
#712 = ORIENTED_EDGE('',*,*,#713,.F.);
#713 = EDGE_CURVE('',#714,#705,#716,.T.);
#714 = VERTEX_POINT('',#715);
#715 = CARTESIAN_POINT('',(-25.58527810602,8.52097223941,14.910088683562
    ));
#716 = LINE('',#717,#718);
#717 = CARTESIAN_POINT('',(-16.96060329009,5.864697035942,4.783937582145
    ));
#718 = VECTOR('',#719,1.);
#719 = DIRECTION('',(0.635854453671,-0.195833982654,-0.746550845545));
#720 = ORIENTED_EDGE('',*,*,#721,.F.);
#721 = EDGE_CURVE('',#672,#714,#722,.T.);
#722 = LINE('',#723,#724);
#723 = CARTESIAN_POINT('',(-28.4270909228,6.514379629169,18.678407989582
    ));
#724 = VECTOR('',#725,1.);
#725 = DIRECTION('',(-0.554110765101,-0.39125538457,0.734765598027));
#726 = PLANE('',#727);
#727 = AXIS2_PLACEMENT_3D('',#728,#729,#730);
#728 = CARTESIAN_POINT('',(-17.25343851054,0.471064550615,5.949371867901
    ));
#729 = DIRECTION('',(-0.769987535061,-9.454258139312E-02,-0.631015765377
    ));
#730 = DIRECTION('',(0.121869343405,-0.992546151641,6.938893903907E-18)
  );
#731 = ADVANCED_FACE('',(#732),#767,.T.);
#732 = FACE_BOUND('',#733,.T.);
#733 = EDGE_LOOP('',(#734,#742,#743,#751,#760));
#734 = ORIENTED_EDGE('',*,*,#735,.F.);
#735 = EDGE_CURVE('',#299,#736,#738,.T.);
#736 = VERTEX_POINT('',#737);
#737 = CARTESIAN_POINT('',(-15.60804090219,-10.81190274327,
    19.634125708714));
#738 = LINE('',#739,#740);
#739 = CARTESIAN_POINT('',(-15.60804090219,-10.81190274327,
    19.634125708714));
#740 = VECTOR('',#741,1.);
#741 = DIRECTION('',(6.656181055162E-02,0.269125462873,0.960802274461));
#742 = ORIENTED_EDGE('',*,*,#298,.T.);
#743 = ORIENTED_EDGE('',*,*,#744,.F.);
#744 = EDGE_CURVE('',#745,#301,#747,.T.);
#745 = VERTEX_POINT('',#746);
#746 = CARTESIAN_POINT('',(-12.20818049491,-6.397555919656,
    18.578430962079));
#747 = LINE('',#748,#749);
#748 = CARTESIAN_POINT('',(-13.15448435678,-10.2236907969,4.918782955491
    ));
#749 = VECTOR('',#750,1.);
#750 = DIRECTION('',(-6.656181055162E-02,-0.269125462873,-0.960802274461
    ));
#751 = ORIENTED_EDGE('',*,*,#752,.F.);
#752 = EDGE_CURVE('',#753,#745,#755,.T.);
#753 = VERTEX_POINT('',#754);
#754 = CARTESIAN_POINT('',(-13.91755182025,-10.11070416593,
    19.736922720338));
#755 = CIRCLE('',#756,4.);
#756 = AXIS2_PLACEMENT_3D('',#757,#758,#759);
#757 = CARTESIAN_POINT('',(-16.15751273655,-6.882472944806,
    18.98785778566));
#758 = DIRECTION('',(6.656181353355E-02,0.269125443091,0.960802279795));
#759 = DIRECTION('',(3.469446951954E-18,-0.962937783644,0.26972360822));
#760 = ORIENTED_EDGE('',*,*,#761,.F.);
#761 = EDGE_CURVE('',#736,#753,#762,.T.);
#762 = ( BOUNDED_CURVE() B_SPLINE_CURVE(3,(#763,#764,#765,#766),
.UNSPECIFIED.,.F.,.F.) B_SPLINE_CURVE_WITH_KNOTS((4,4),(
-8.881784197001E-16,0.451026811796),.PIECEWISE_BEZIER_KNOTS.) CURVE() 
GEOMETRIC_REPRESENTATION_ITEM() RATIONAL_B_SPLINE_CURVE((1.,
0.983119622987,0.983119622987,1.)) REPRESENTATION_ITEM('') );
#763 = CARTESIAN_POINT('',(-15.60804090219,-10.81190274327,
    19.634125708714));
#764 = CARTESIAN_POINT('',(-15.00920056092,-10.73837439492,
    19.572043998755));
#765 = CARTESIAN_POINT('',(-14.43602884563,-10.50062829195,
    19.606898018287));
#766 = CARTESIAN_POINT('',(-13.91755182025,-10.11070416593,
    19.736922720338));
#767 = CYLINDRICAL_SURFACE('',#768,4.);
#768 = AXIS2_PLACEMENT_3D('',#769,#770,#771);
#769 = CARTESIAN_POINT('',(-16.15751275251,-6.882473009336,
    18.987857555283));
#770 = DIRECTION('',(-6.656181055162E-02,-0.269125462873,-0.960802274461
    ));
#771 = DIRECTION('',(6.938893903907E-18,0.962937778105,-0.269723627992)
  );
#772 = ADVANCED_FACE('',(#773),#792,.T.);
#773 = FACE_BOUND('',#774,.T.);
#774 = EDGE_LOOP('',(#775,#776,#777,#785));
#775 = ORIENTED_EDGE('',*,*,#309,.F.);
#776 = ORIENTED_EDGE('',*,*,#735,.T.);
#777 = ORIENTED_EDGE('',*,*,#778,.F.);
#778 = EDGE_CURVE('',#779,#736,#781,.T.);
#779 = VERTEX_POINT('',#780);
#780 = CARTESIAN_POINT('',(-33.27040128036,-12.98056790682,
    21.465180597017));
#781 = LINE('',#782,#783);
#782 = CARTESIAN_POINT('',(-26.40708391821,-12.13785849817,
    20.753661267955));
#783 = VECTOR('',#784,1.);
#784 = DIRECTION('',(0.98733306041,0.121229256288,-0.102356705895));
#785 = ORIENTED_EDGE('',*,*,#786,.F.);
#786 = EDGE_CURVE('',#310,#779,#787,.T.);
#787 = B_SPLINE_CURVE_WITH_KNOTS('',3,(#788,#789,#790,#791),
  .UNSPECIFIED.,.F.,.F.,(4,4),(6.000000000345E-02,0.320000000003),
  .PIECEWISE_BEZIER_KNOTS.);
#788 = CARTESIAN_POINT('',(-33.44346198801,-13.68029411032,
    18.967094683441));
#789 = CARTESIAN_POINT('',(-33.38577508546,-13.44705204249,
    19.799789987966));
#790 = CARTESIAN_POINT('',(-33.32808818291,-13.21380997466,
    20.632485292491));
#791 = CARTESIAN_POINT('',(-33.27040128036,-12.98056790682,
    21.465180597017));
#792 = PLANE('',#793);
#793 = AXIS2_PLACEMENT_3D('',#794,#795,#796);
#794 = CARTESIAN_POINT('',(-21.62458390283,-11.44626029465,
    20.644940976207));
#795 = DIRECTION('',(0.144024141025,-0.955444897759,0.257647228102));
#796 = DIRECTION('',(-0.988828691676,-0.149056427297,6.938893903907E-18)
  );
#797 = ADVANCED_FACE('',(#798),#833,.T.);
#798 = FACE_BOUND('',#799,.T.);
#799 = EDGE_LOOP('',(#800,#808,#809,#817,#826));
#800 = ORIENTED_EDGE('',*,*,#801,.F.);
#801 = EDGE_CURVE('',#515,#802,#804,.T.);
#802 = VERTEX_POINT('',#803);
#803 = CARTESIAN_POINT('',(-14.07888883933,6.012577254395,
    15.231889309433));
#804 = LINE('',#805,#806);
#805 = CARTESIAN_POINT('',(-14.44468384637,5.967663275074,
    11.650234459434));
#806 = VECTOR('',#807,1.);
#807 = DIRECTION('',(0.101593754531,1.247414454056E-02,0.994747759363));
#808 = ORIENTED_EDGE('',*,*,#514,.T.);
#809 = ORIENTED_EDGE('',*,*,#810,.F.);
#810 = EDGE_CURVE('',#811,#507,#813,.T.);
#811 = VERTEX_POINT('',#812);
#812 = CARTESIAN_POINT('',(-18.80933973705,9.46179021988,12.766149159022
    ));
#813 = LINE('',#814,#815);
#814 = CARTESIAN_POINT('',(-19.46372350869,9.381441995818,6.358798691482
    ));
#815 = VECTOR('',#816,1.);
#816 = DIRECTION('',(-0.101593754531,-1.247414454056E-02,-0.994747759363
    ));
#817 = ORIENTED_EDGE('',*,*,#818,.F.);
#818 = EDGE_CURVE('',#819,#811,#821,.T.);
#819 = VERTEX_POINT('',#820);
#820 = CARTESIAN_POINT('',(-15.1814832569,8.243380363723,14.683415182858
    ));
#821 = ( BOUNDED_CURVE() B_SPLINE_CURVE(3,(#822,#823,#824,#825),
.UNSPECIFIED.,.F.,.F.) B_SPLINE_CURVE_WITH_KNOTS((4,4),(2.301359520799,
3.244638522502),.PIECEWISE_BEZIER_KNOTS.) CURVE() 
GEOMETRIC_REPRESENTATION_ITEM() RATIONAL_B_SPLINE_CURVE((1.,
0.927216388551,0.927216388551,1.)) REPRESENTATION_ITEM('') );
#822 = CARTESIAN_POINT('',(-15.1814832569,8.243380363723,14.683415182858
    ));
#823 = CARTESIAN_POINT('',(-16.23855239658,9.179289198097,
    13.090863053027));
#824 = CARTESIAN_POINT('',(-17.54276305152,9.617306282063,
    12.401607899102));
#825 = CARTESIAN_POINT('',(-18.80933973705,9.46179021988,12.766149159022
    ));
#826 = ORIENTED_EDGE('',*,*,#827,.F.);
#827 = EDGE_CURVE('',#802,#819,#828,.T.);
#828 = ( BOUNDED_CURVE() B_SPLINE_CURVE(3,(#829,#830,#831,#832),
.UNSPECIFIED.,.F.,.F.) B_SPLINE_CURVE_WITH_KNOTS((4,4),(1.570796326795,
2.198313651887),.PIECEWISE_BEZIER_KNOTS.) CURVE() 
GEOMETRIC_REPRESENTATION_ITEM() RATIONAL_B_SPLINE_CURVE((1.,
0.967453488703,0.967453488703,1.)) REPRESENTATION_ITEM('') );
#829 = CARTESIAN_POINT('',(-14.07888883933,6.012577254395,
    15.231889309433));
#830 = CARTESIAN_POINT('',(-14.20574145193,6.854107587353,
    15.004960535042));
#831 = CARTESIAN_POINT('',(-14.58563720591,7.62272442023,14.81598534296)
  );
#832 = CARTESIAN_POINT('',(-15.1814832569,8.243380363723,14.683415182858
    ));
#833 = CYLINDRICAL_SURFACE('',#834,4.);
#834 = AXIS2_PLACEMENT_3D('',#835,#836,#837);
#835 = CARTESIAN_POINT('',(-18.87703595298,5.423438867897,7.330207876875
    ));
#836 = DIRECTION('',(0.101593754531,1.247414454056E-02,0.994747759363));
#837 = DIRECTION('',(0.994825161902,1.084202172486E-18,-0.101601659665)
  );
#838 = ADVANCED_FACE('',(#839),#850,.F.);
#839 = FACE_BOUND('',#840,.T.);
#840 = EDGE_LOOP('',(#841,#842,#843,#849));
#841 = ORIENTED_EDGE('',*,*,#523,.F.);
#842 = ORIENTED_EDGE('',*,*,#801,.T.);
#843 = ORIENTED_EDGE('',*,*,#844,.F.);
#844 = EDGE_CURVE('',#745,#802,#845,.T.);
#845 = LINE('',#846,#847);
#846 = CARTESIAN_POINT('',(-10.1034832116,-20.35995345476,
    22.343559366966));
#847 = VECTOR('',#848,1.);
#848 = DIRECTION('',(-0.144024139646,0.955444903331,-0.25764720821));
#849 = ORIENTED_EDGE('',*,*,#744,.T.);
#850 = PLANE('',#851);
#851 = AXIS2_PLACEMENT_3D('',#852,#853,#854);
#852 = CARTESIAN_POINT('',(-13.06042202224,-29.05122974147,
    -16.47285594281));
#853 = DIRECTION('',(-0.98733306041,-0.121229256287,0.102356705895));
#854 = DIRECTION('',(0.121869343405,-0.992546151641,-1.734723475977E-18)
  );
#855 = ADVANCED_FACE('',(#856),#867,.T.);
#856 = FACE_BOUND('',#857,.T.);
#857 = EDGE_LOOP('',(#858,#859,#860,#861));
#858 = ORIENTED_EDGE('',*,*,#810,.T.);
#859 = ORIENTED_EDGE('',*,*,#506,.T.);
#860 = ORIENTED_EDGE('',*,*,#671,.T.);
#861 = ORIENTED_EDGE('',*,*,#862,.T.);
#862 = EDGE_CURVE('',#672,#811,#863,.T.);
#863 = LINE('',#864,#865);
#864 = CARTESIAN_POINT('',(-32.95941630058,7.724379282285,
    16.838770104393));
#865 = VECTOR('',#866,1.);
#866 = DIRECTION('',(0.954367845919,0.117181636901,-0.274682505174));
#867 = PLANE('',#868);
#868 = AXIS2_PLACEMENT_3D('',#869,#870,#871);
#869 = CARTESIAN_POINT('',(-18.10246883209,9.548583053562,7.199371867901
    ));
#870 = DIRECTION('',(-0.121869343405,0.992546151641,0.));
#871 = DIRECTION('',(0.,0.,1.));
#872 = ADVANCED_FACE('',(#873),#900,.F.);
#873 = FACE_BOUND('',#874,.T.);
#874 = EDGE_LOOP('',(#875,#883,#884,#885,#886,#894));
#875 = ORIENTED_EDGE('',*,*,#876,.F.);
#876 = EDGE_CURVE('',#819,#877,#879,.T.);
#877 = VERTEX_POINT('',#878);
#878 = CARTESIAN_POINT('',(-32.04304451316,8.243380363723,
    15.851539072471));
#879 = LINE('',#880,#881);
#880 = CARTESIAN_POINT('',(-33.28256766234,8.243380363723,
    15.937409922761));
#881 = VECTOR('',#882,1.);
#882 = DIRECTION('',(-0.997608929247,3.301859863696E-14,
    6.911167981623E-02));
#883 = ORIENTED_EDGE('',*,*,#818,.T.);
#884 = ORIENTED_EDGE('',*,*,#862,.F.);
#885 = ORIENTED_EDGE('',*,*,#721,.T.);
#886 = ORIENTED_EDGE('',*,*,#887,.F.);
#887 = EDGE_CURVE('',#888,#714,#890,.T.);
#888 = VERTEX_POINT('',#889);
#889 = CARTESIAN_POINT('',(-32.07710911809,8.520972259889,
    15.359825455614));
#890 = LINE('',#891,#892);
#891 = CARTESIAN_POINT('',(-32.07710912315,8.520972239411,
    15.359825382506));
#892 = VECTOR('',#893,1.);
#893 = DIRECTION('',(0.997608929247,-3.302258951232E-14,
    -6.911167981623E-02));
#894 = ORIENTED_EDGE('',*,*,#895,.F.);
#895 = EDGE_CURVE('',#877,#888,#896,.T.);
#896 = LINE('',#897,#898);
#897 = CARTESIAN_POINT('',(-32.42626086991,11.366203354537,
    10.319911707237));
#898 = VECTOR('',#899,1.);
#899 = DIRECTION('',(-6.021829181438E-02,0.490717744252,-0.86923521144)
  );
#900 = PLANE('',#901);
#901 = AXIS2_PLACEMENT_3D('',#902,#903,#904);
#902 = CARTESIAN_POINT('',(-33.28256766234,8.243380363723,
    15.937409922761));
#903 = DIRECTION('',(-3.391432762091E-02,-0.871318595851,-0.489544403406
    ));
#904 = DIRECTION('',(-0.997608929247,3.300831830089E-14,
    6.911167981623E-02));
#905 = ADVANCED_FACE('',(#906,#916,#926,#930),#1085,.T.);
#906 = FACE_BOUND('',#907,.T.);
#907 = EDGE_LOOP('',(#908,#915));
#908 = ORIENTED_EDGE('',*,*,#909,.F.);
#909 = EDGE_CURVE('',#24,#32,#910,.T.);
#910 = CIRCLE('',#911,1.);
#911 = AXIS2_PLACEMENT_3D('',#912,#913,#914);
#912 = CARTESIAN_POINT('',(-16.69420180166,5.541221706114,
    15.545100207079));
#913 = DIRECTION('',(6.656181353355E-02,0.269125443091,0.960802279795));
#914 = DIRECTION('',(4.857225732735E-17,-0.962937783644,0.26972360822));
#915 = ORIENTED_EDGE('',*,*,#31,.F.);
#916 = FACE_BOUND('',#917,.T.);
#917 = EDGE_LOOP('',(#918,#925));
#918 = ORIENTED_EDGE('',*,*,#919,.F.);
#919 = EDGE_CURVE('',#66,#74,#920,.T.);
#920 = CIRCLE('',#921,1.);
#921 = AXIS2_PLACEMENT_3D('',#922,#923,#924);
#922 = CARTESIAN_POINT('',(-15.95911176235,2.285965298657,
    16.405988460885));
#923 = DIRECTION('',(6.656181353355E-02,0.269125443091,0.960802279795));
#924 = DIRECTION('',(4.857225732735E-17,-0.962937783644,0.26972360822));
#925 = ORIENTED_EDGE('',*,*,#73,.F.);
#926 = FACE_BOUND('',#927,.T.);
#927 = EDGE_LOOP('',(#928,#929));
#928 = ORIENTED_EDGE('',*,*,#155,.T.);
#929 = ORIENTED_EDGE('',*,*,#647,.T.);
#930 = FACE_BOUND('',#931,.T.);
#931 = EDGE_LOOP('',(#932,#940,#941,#942,#943,#944,#952,#961));
#932 = ORIENTED_EDGE('',*,*,#933,.F.);
#933 = EDGE_CURVE('',#753,#934,#936,.T.);
#934 = VERTEX_POINT('',#935);
#935 = CARTESIAN_POINT('',(-33.29980738831,-12.49054590481,
    21.746278946944));
#936 = LINE('',#937,#938);
#937 = CARTESIAN_POINT('',(-26.43806884985,-11.64803035169,
    21.034923294455));
#938 = VECTOR('',#939,1.);
#939 = DIRECTION('',(-0.98733306041,-0.121229256288,0.102356705895));
#940 = ORIENTED_EDGE('',*,*,#752,.T.);
#941 = ORIENTED_EDGE('',*,*,#844,.T.);
#942 = ORIENTED_EDGE('',*,*,#827,.T.);
#943 = ORIENTED_EDGE('',*,*,#876,.T.);
#944 = ORIENTED_EDGE('',*,*,#945,.T.);
#945 = EDGE_CURVE('',#877,#946,#948,.T.);
#946 = VERTEX_POINT('',#947);
#947 = CARTESIAN_POINT('',(-32.04303992416,8.243142742723,
    15.851605313368));
#948 = LINE('',#949,#950);
#949 = CARTESIAN_POINT('',(-32.04303992416,8.243142742723,
    15.851605313368));
#950 = VECTOR('',#951,1.);
#951 = DIRECTION('',(1.85997114533E-02,-0.963105132309,0.268481945115));
#952 = ORIENTED_EDGE('',*,*,#953,.F.);
#953 = EDGE_CURVE('',#954,#946,#956,.T.);
#954 = VERTEX_POINT('',#955);
#955 = CARTESIAN_POINT('',(-35.7582339596,8.243142742723,16.10898402471)
  );
#956 = B_SPLINE_CURVE_WITH_KNOTS('',3,(#957,#958,#959,#960),
  .UNSPECIFIED.,.F.,.F.,(4,4),(3.564879667813,3.937289529686),
  .PIECEWISE_BEZIER_KNOTS.);
#957 = CARTESIAN_POINT('',(-35.7582339596,8.243142742723,16.10898402471)
  );
#958 = CARTESIAN_POINT('',(-34.51983594779,8.243142742723,
    16.023191120929));
#959 = CARTESIAN_POINT('',(-33.28143793598,8.243142742723,
    15.937398217149));
#960 = CARTESIAN_POINT('',(-32.04303992416,8.243142742723,
    15.851605313368));
#961 = ORIENTED_EDGE('',*,*,#962,.F.);
#962 = EDGE_CURVE('',#934,#954,#963,.T.);
#963 = B_SPLINE_CURVE_WITH_KNOTS('',3,(#964,#965,#966,#967,#968,#969,
    #970,#971,#972,#973,#974,#975,#976,#977,#978,#979,#980,#981,#982,
    #983,#984,#985,#986,#987,#988,#989,#990,#991,#992,#993,#994,#995,
    #996,#997,#998,#999,#1000,#1001,#1002,#1003,#1004,#1005,#1006,#1007,
    #1008,#1009,#1010,#1011,#1012,#1013,#1014,#1015,#1016,#1017,#1018,
    #1019,#1020,#1021,#1022,#1023,#1024,#1025,#1026,#1027,#1028,#1029,
    #1030,#1031,#1032,#1033,#1034,#1035,#1036,#1037,#1038,#1039,#1040,
    #1041,#1042,#1043,#1044,#1045,#1046,#1047,#1048,#1049,#1050,#1051,
    #1052,#1053,#1054,#1055,#1056,#1057,#1058,#1059,#1060,#1061,#1062,
    #1063,#1064,#1065,#1066,#1067,#1068,#1069,#1070,#1071,#1072,#1073,
    #1074,#1075,#1076,#1077,#1078,#1079,#1080,#1081,#1082,#1083,#1084),
  .UNSPECIFIED.,.F.,.F.,(4,1,2,2,2,2,2,2,2,2,2,2,2,2,2,2,2,2,2,2,2,2,2,2
    ,2,2,2,2,2,2,2,2,2,2,2,2,2,2,2,2,2,2,2,2,2,2,2,2,2,2,2,2,2,2,2,2,2,2
    ,2,2,4),(2.966083823311E-02,7.496133110156E-02,0.117735175884,
    0.135239297044,0.175982615487,0.179295140307,0.185767477876,
    0.188891355731,0.19479410937,0.197605912162,0.202998746674,
    0.205577497919,0.21290825538,0.217499724749,0.226098192575,
    0.230147517158,0.237829752603,0.241489626642,0.251874924953,
    0.258390380476,0.270692332897,0.276568675733,0.287958507436,
    0.293535940344,0.301836099638,0.304597887221,0.310130195998,
    0.312906524779,0.317091699636,0.318493599566,0.321309638884,
    0.322721243526,0.325520339353,0.326907402173,0.329658174293,
    0.3310225235,0.335074945151,0.33774555378,0.343022184901,
    0.34563242646,0.35337514869,0.358482895643,0.368658069641,
    0.374030071007,0.382454971708,0.385256706713,0.390698124226,
    0.393302207699,0.398229766483,0.400548218969,0.403849098803,
    0.404904265154,0.406950694091,0.407943214143,0.409870207667,
    0.41080853217,0.412714663193,0.413678401341,0.415593221775,
    0.416532625643,0.417882373183),.UNSPECIFIED.);
#964 = CARTESIAN_POINT('',(-33.29980738831,-12.49054590481,
    21.746278946944));
#965 = CARTESIAN_POINT('',(-33.33569412996,-12.24598225667,
    21.680261604045));
#966 = CARTESIAN_POINT('',(-33.42616020227,-11.63063233603,
    21.514166313091));
#967 = CARTESIAN_POINT('',(-33.54986424079,-10.79591219832,
    21.288926983081));
#968 = CARTESIAN_POINT('',(-33.64340820431,-10.16821281732,
    21.119585775631));
#969 = CARTESIAN_POINT('',(-33.6716267653,-9.97923093771,21.068605928347
    ));
#970 = CARTESIAN_POINT('',(-33.76868527598,-9.33072541792,
    20.893680297543));
#971 = CARTESIAN_POINT('',(-33.84171956615,-8.845126675126,
    20.762721322256));
#972 = CARTESIAN_POINT('',(-33.92478610294,-8.296406198373,
    20.614776646129));
#973 = CARTESIAN_POINT('',(-33.93105675794,-8.255003866377,
    20.603614063567));
#974 = CARTESIAN_POINT('',(-33.94965125802,-8.132295059089,
    20.570530900512));
#975 = CARTESIAN_POINT('',(-33.96204346884,-8.050595949077,20.5485050773
    ));
#976 = CARTESIAN_POINT('',(-33.98054671709,-7.928736094607,
    20.515653388422));
#977 = CARTESIAN_POINT('',(-33.98666984619,-7.888429980641,
    20.50478764172));
#978 = CARTESIAN_POINT('',(-34.00464678706,-7.770150104911,
    20.472902261322));
#979 = CARTESIAN_POINT('',(-34.01675467804,-7.69055164093,
    20.451445142474));
#980 = CARTESIAN_POINT('',(-34.0351475178,-7.569802610725,20.41889695213
    ));
#981 = CARTESIAN_POINT('',(-34.04115574039,-7.530385247886,
    20.408272188572));
#982 = CARTESIAN_POINT('',(-34.05886020434,-7.414060721719,
    20.376915634729));
#983 = CARTESIAN_POINT('',(-34.07073737589,-7.335804759774,
    20.355818573679));
#984 = CARTESIAN_POINT('',(-34.08862721834,-7.217546921057,
    20.32393333201));
#985 = CARTESIAN_POINT('',(-34.09446616443,-7.178890345241,
    20.313509941616));
#986 = CARTESIAN_POINT('',(-34.11709845507,-7.028819998904,
    20.273042404266));
#987 = CARTESIAN_POINT('',(-34.13424948892,-6.914607614708,
    20.242239131617));
#988 = CARTESIAN_POINT('',(-34.16275601426,-6.723856333662,
    20.190783615693));
#989 = CARTESIAN_POINT('',(-34.17388234938,-6.649187004545,
    20.170639172193));
#990 = CARTESIAN_POINT('',(-34.20624910358,-6.431297226215,
    20.111849456069));
#991 = CARTESIAN_POINT('',(-34.22784170043,-6.285123419952,
    20.072401331548));
#992 = CARTESIAN_POINT('',(-34.26025565146,-6.06430980542,
    20.012795904197));
#993 = CARTESIAN_POINT('',(-34.27073173324,-5.992739422411,
    19.993474442926));
#994 = CARTESIAN_POINT('',(-34.30135323588,-5.782911263809,
    19.936821919767));
#995 = CARTESIAN_POINT('',(-34.32174102441,-5.64243276864,
    19.898885613988));
#996 = CARTESIAN_POINT('',(-34.35228647454,-5.430685730849,
    19.841690334618));
#997 = CARTESIAN_POINT('',(-34.36221121317,-5.361691983469,
    19.823052406078));
#998 = CARTESIAN_POINT('',(-34.40054598146,-5.094415865228,
    19.750842781362));
#999 = CARTESIAN_POINT('',(-34.42940944267,-4.891534878949,
    19.69601440292));
#1000 = CARTESIAN_POINT('',(-34.47707553778,-4.553361956293,
    19.604592684046));
#1001 = CARTESIAN_POINT('',(-34.495619226,-4.421056939963,
    19.568818055542));
#1002 = CARTESIAN_POINT('',(-34.54959308767,-4.03358964964,
    19.464025727097));
#1003 = CARTESIAN_POINT('',(-34.58539085036,-3.773685012502,
    19.393705133519));
#1004 = CARTESIAN_POINT('',(-34.63879135024,-3.38068433083,
    19.287323153975));
#1005 = CARTESIAN_POINT('',(-34.65613130525,-3.252263817223,
    19.252553202366));
#1006 = CARTESIAN_POINT('',(-34.70725002236,-2.871053885477,
    19.149315794044));
#1007 = CARTESIAN_POINT('',(-34.74118381075,-2.614642188361,
    19.079844458986));
#1008 = CARTESIAN_POINT('',(-34.79180846025,-2.225936271699,
    18.974473160746));
#1009 = CARTESIAN_POINT('',(-34.80846145232,-2.097082694212,
    18.939534314859));
#1010 = CARTESIAN_POINT('',(-34.84987273833,-1.773909430537,
    18.851880757769));
#1011 = CARTESIAN_POINT('',(-34.87461711724,-1.578349628772,
    18.798817720099));
#1012 = CARTESIAN_POINT('',(-34.90745740546,-1.3149047427,
    18.727300599461));
#1013 = CARTESIAN_POINT('',(-34.91564533973,-1.248896885693,
    18.709378712333));
#1014 = CARTESIAN_POINT('',(-34.94019489063,-1.049977665662,
    18.655361187924));
#1015 = CARTESIAN_POINT('',(-34.95651586084,-0.916378566204,
    18.619070096411));
#1016 = CARTESIAN_POINT('',(-34.98092112819,-0.71442889742,
    18.564193732827));
#1017 = CARTESIAN_POINT('',(-34.98905831668,-0.646729258843,
    18.54579445383));
#1018 = CARTESIAN_POINT('',(-35.00941174996,-0.476443603122,
    18.499506635772));
#1019 = CARTESIAN_POINT('',(-35.02160238401,-0.373588468426,
    18.471540941316));
#1020 = CARTESIAN_POINT('',(-35.03780579459,-0.235664867952,
    18.434030391586));
#1021 = CARTESIAN_POINT('',(-35.04186558479,-0.201005706068,
    18.424603441327));
#1022 = CARTESIAN_POINT('',(-35.05406167589,-9.65725907652E-02,
    18.396196124794));
#1023 = CARTESIAN_POINT('',(-35.06217908232,-2.66445679655E-02,
    18.377171293971));
#1024 = CARTESIAN_POINT('',(-35.07432420592,7.86341080284E-02,
    18.348523600839));
#1025 = CARTESIAN_POINT('',(-35.07837268768,0.113837308337,
    18.338943479323));
#1026 = CARTESIAN_POINT('',(-35.09042741222,0.218989332231,
    18.310324999461));
#1027 = CARTESIAN_POINT('',(-35.0984125432,0.289082371386,
    18.291244783056));
#1028 = CARTESIAN_POINT('',(-35.11030919977,0.394188847308,
    18.262628110879));
#1029 = CARTESIAN_POINT('',(-35.11424363172,0.429061055502,
    18.253132800816));
#1030 = CARTESIAN_POINT('',(-35.1259575262,0.53322439025,18.22476764585)
  );
#1031 = CARTESIAN_POINT('',(-35.13371422838,0.602647315329,
    18.205859306757));
#1032 = CARTESIAN_POINT('',(-35.14526938182,0.706758617297,
    18.177497729274));
#1033 = CARTESIAN_POINT('',(-35.14909241431,0.741318186537,
    18.168082273462));
#1034 = CARTESIAN_POINT('',(-35.16423782209,0.878690998773,
    18.130652706621));
#1035 = CARTESIAN_POINT('',(-35.17549530521,0.98182619376,
    18.102543919698));
#1036 = CARTESIAN_POINT('',(-35.19403906655,1.153500047694,
    18.05574189126));
#1037 = CARTESIAN_POINT('',(-35.20137053607,1.221843770859,
    18.037106382947));
#1038 = CARTESIAN_POINT('',(-35.22307861545,1.425649764837,
    17.981523199575));
#1039 = CARTESIAN_POINT('',(-35.23734852491,1.561527824267,
    17.944451668161));
#1040 = CARTESIAN_POINT('',(-35.25844080848,1.765395484372,
    17.888808551117));
#1041 = CARTESIAN_POINT('',(-35.26538290877,1.832995642893,
    17.870354344457));
#1042 = CARTESIAN_POINT('',(-35.29275543257,2.101583926514,
    17.797017740772));
#1043 = CARTESIAN_POINT('',(-35.31287253652,2.30356032295,
    17.741836818143));
#1044 = CARTESIAN_POINT('',(-35.34557486669,2.640156008877,
    17.649820241398));
#1045 = CARTESIAN_POINT('',(-35.3584275645,2.774699029611,
    17.613024480254));
#1046 = CARTESIAN_POINT('',(-35.39612529343,3.176102946898,
    17.503200867098));
#1047 = CARTESIAN_POINT('',(-35.42094676847,3.450276173539,
    17.428123163571));
#1048 = CARTESIAN_POINT('',(-35.45623568821,3.855140623446,
    17.317163362352));
#1049 = CARTESIAN_POINT('',(-35.46765217657,3.988858269264,
    17.280499296028));
#1050 = CARTESIAN_POINT('',(-35.49607673539,4.328250627525,
    17.187403005047));
#1051 = CARTESIAN_POINT('',(-35.51240371832,4.529482581618,
    17.132168034927));
#1052 = CARTESIAN_POINT('',(-35.53389912194,4.802917723517,
    17.05706665123));
#1053 = CARTESIAN_POINT('',(-35.53923760771,4.871572743676,
    17.038205878511));
#1054 = CARTESIAN_POINT('',(-35.55494733765,5.075872973842,
    16.982068707538));
#1055 = CARTESIAN_POINT('',(-35.56532155002,5.213674235955,
    16.944188594115));
#1056 = CARTESIAN_POINT('',(-35.58090059292,5.425599244107,
    16.885906631686));
#1057 = CARTESIAN_POINT('',(-35.58597961675,5.49545976925,
    16.866690216265));
#1058 = CARTESIAN_POINT('',(-35.6008177972,5.702000022586,
    16.809865225169));
#1059 = CARTESIAN_POINT('',(-35.61071115045,5.842684072067,
    16.771144316194));
#1060 = CARTESIAN_POINT('',(-35.62565367406,6.060564787543,
    16.711150034503));
#1061 = CARTESIAN_POINT('',(-35.63049362742,6.131935424775,
    16.691494067097));
#1062 = CARTESIAN_POINT('',(-35.64238439295,6.309422670691,
    16.642602777213));
#1063 = CARTESIAN_POINT('',(-35.64950316139,6.417448307602,
    16.612837434371));
#1064 = CARTESIAN_POINT('',(-35.65909668241,6.565742593396,
    16.571964089209));
#1065 = CARTESIAN_POINT('',(-35.66143589598,6.602108232517,
    16.561939949334));
#1066 = CARTESIAN_POINT('',(-35.66835851632,6.710364498337,
    16.532096417585));
#1067 = CARTESIAN_POINT('',(-35.67298581304,6.783534877396,
    16.511921601359));
#1068 = CARTESIAN_POINT('',(-35.6799509484,6.894986408019,
    16.481186005554));
#1069 = CARTESIAN_POINT('',(-35.68224056191,6.931828848754,
    16.471024875043));
#1070 = CARTESIAN_POINT('',(-35.68902004665,7.041550094161,
    16.440761079256));
#1071 = CARTESIAN_POINT('',(-35.69355218067,7.115699601326,
    16.420305411816));
#1072 = CARTESIAN_POINT('',(-35.70037929203,7.228692930578,
    16.389128388699));
#1073 = CARTESIAN_POINT('',(-35.70262851422,7.266127230538,
    16.378798677307));
#1074 = CARTESIAN_POINT('',(-35.70948795869,7.380976919544,
    16.347103918645));
#1075 = CARTESIAN_POINT('',(-35.71414114822,7.459795175601,
    16.325348898085));
#1076 = CARTESIAN_POINT('',(-35.72122763968,7.581418498995,
    16.291772540333));
#1077 = CARTESIAN_POINT('',(-35.72362110018,7.622763892218,
    16.28035730493));
#1078 = CARTESIAN_POINT('',(-35.73080924691,7.747797796748,
    16.245832669037));
#1079 = CARTESIAN_POINT('',(-35.73564365818,7.833014886039,
    16.222297858381));
#1080 = CARTESIAN_POINT('',(-35.74292154919,7.96324157377,
    16.186324915622));
#1081 = CARTESIAN_POINT('',(-35.74532843768,8.00662156264,
    16.174340710229));
#1082 = CARTESIAN_POINT('',(-35.75122004689,8.113624159883,
    16.144776911518));
#1083 = CARTESIAN_POINT('',(-35.75471669111,8.177815708921,
    16.127038781149));
#1084 = CARTESIAN_POINT('',(-35.7582339596,8.243142742723,16.10898402471
    ));
#1085 = PLANE('',#1086);
#1086 = AXIS2_PLACEMENT_3D('',#1087,#1088,#1089);
#1087 = CARTESIAN_POINT('',(-33.13594366961,0.651094845017,
    18.053888711578));
#1088 = DIRECTION('',(6.656181353355E-02,0.269125443091,0.960802279795)
  );
#1089 = DIRECTION('',(0.970750117935,-0.240092083437,6.938893903907E-18)
  );
#1090 = ADVANCED_FACE('',(#1091),#1102,.T.);
#1091 = FACE_BOUND('',#1092,.T.);
#1092 = EDGE_LOOP('',(#1093,#1094,#1095,#1096));
#1093 = ORIENTED_EDGE('',*,*,#778,.T.);
#1094 = ORIENTED_EDGE('',*,*,#761,.T.);
#1095 = ORIENTED_EDGE('',*,*,#933,.T.);
#1096 = ORIENTED_EDGE('',*,*,#1097,.T.);
#1097 = EDGE_CURVE('',#934,#779,#1098,.T.);
#1098 = LINE('',#1099,#1100);
#1099 = CARTESIAN_POINT('',(-33.29980738826,-12.49054590516,
    21.74627894704));
#1100 = VECTOR('',#1101,1.);
#1101 = DIRECTION('',(5.19829375266E-02,-0.866241230825,-0.496914383194)
  );
#1102 = PLANE('',#1103);
#1103 = AXIS2_PLACEMENT_3D('',#1104,#1105,#1106);
#1104 = CARTESIAN_POINT('',(-26.42257638403,-11.89294442493,
    20.894292281205));
#1105 = DIRECTION('',(0.148906754949,-0.485301135432,0.861573900649));
#1106 = DIRECTION('',(-0.956009429746,-0.293335934106,0.));
#1107 = ADVANCED_FACE('',(#1108),#1127,.F.);
#1108 = FACE_BOUND('',#1109,.F.);
#1109 = EDGE_LOOP('',(#1110,#1111,#1119,#1126));
#1110 = ORIENTED_EDGE('',*,*,#680,.F.);
#1111 = ORIENTED_EDGE('',*,*,#1112,.T.);
#1112 = EDGE_CURVE('',#681,#1113,#1115,.T.);
#1113 = VERTEX_POINT('',#1114);
#1114 = CARTESIAN_POINT('',(-32.24122625139,7.005968888758,
    13.112923974912));
#1115 = LINE('',#1116,#1117);
#1116 = CARTESIAN_POINT('',(-29.90333327512,7.005968888758,
    12.950960999157));
#1117 = VECTOR('',#1118,1.);
#1118 = DIRECTION('',(-0.997608929247,5.215012948178E-14,
    6.911167981629E-02));
#1119 = ORIENTED_EDGE('',*,*,#1120,.T.);
#1120 = EDGE_CURVE('',#1113,#482,#1121,.T.);
#1121 = B_SPLINE_CURVE_WITH_KNOTS('',3,(#1122,#1123,#1124,#1125),
  .UNSPECIFIED.,.F.,.F.,(4,4),(0.,1.),.PIECEWISE_BEZIER_KNOTS.);
#1122 = CARTESIAN_POINT('',(-32.24122625139,7.005968888758,
    13.112923974912));
#1123 = CARTESIAN_POINT('',(-32.24211461352,6.901156155443,
    13.12845316454));
#1124 = CARTESIAN_POINT('',(-32.24272540167,6.794425240773,
    13.148840715616));
#1125 = CARTESIAN_POINT('',(-32.24245268872,6.686745524572,
    13.178984017825));
#1126 = ORIENTED_EDGE('',*,*,#490,.F.);
#1127 = B_SPLINE_SURFACE_WITH_KNOTS('',3,1,(
    (#1128,#1129)
    ,(#1130,#1131)
    ,(#1132,#1133)
    ,(#1134,#1135
    )),.UNSPECIFIED.,.F.,.F.,.F.,(4,4),(2,2),(0.,1.),(0.,1.),
  .PIECEWISE_BEZIER_KNOTS.);
#1128 = CARTESIAN_POINT('',(-23.37426916535,6.687022898106,
    12.564542276006));
#1129 = CARTESIAN_POINT('',(-32.24272536476,6.687022898107,
    13.178925214401));
#1130 = CARTESIAN_POINT('',(-23.37427303463,6.791807121193,
    12.535131465728));
#1131 = CARTESIAN_POINT('',(-32.24272923405,6.791807121193,
    13.149514404122));
#1132 = CARTESIAN_POINT('',(-23.37368983374,6.898376320839,
    12.514359753844));
#1133 = CARTESIAN_POINT('',(-32.24214603316,6.89837632084,
    13.128742692239));
#1134 = CARTESIAN_POINT('',(-23.37277005197,7.005968888758,
    12.498541036518));
#1135 = CARTESIAN_POINT('',(-32.24122625139,7.005968888758,
    13.112923974912));
#1136 = ADVANCED_FACE('',(#1137),#1155,.F.);
#1137 = FACE_BOUND('',#1138,.F.);
#1138 = EDGE_LOOP('',(#1139,#1140,#1146,#1147,#1154));
#1139 = ORIENTED_EDGE('',*,*,#695,.F.);
#1140 = ORIENTED_EDGE('',*,*,#1141,.T.);
#1141 = EDGE_CURVE('',#696,#265,#1142,.T.);
#1142 = LINE('',#1143,#1144);
#1143 = CARTESIAN_POINT('',(-29.75697427644,7.489934987627,
    12.991307144309));
#1144 = VECTOR('',#1145,1.);
#1145 = DIRECTION('',(-0.997608929247,4.911333363159E-14,
    6.911167981629E-02));
#1146 = ORIENTED_EDGE('',*,*,#273,.F.);
#1147 = ORIENTED_EDGE('',*,*,#1148,.F.);
#1148 = EDGE_CURVE('',#1113,#182,#1149,.T.);
#1149 = ( BOUNDED_CURVE() B_SPLINE_CURVE(3,(#1150,#1151,#1152,#1153),
.UNSPECIFIED.,.F.,.F.) B_SPLINE_CURVE_WITH_KNOTS((4,4),(0.,
0.297858823092),.PIECEWISE_BEZIER_KNOTS.) CURVE() 
GEOMETRIC_REPRESENTATION_ITEM() RATIONAL_B_SPLINE_CURVE((1.,
0.998160297715,0.998160297715,1.)) REPRESENTATION_ITEM('') );
#1150 = CARTESIAN_POINT('',(-32.24122625139,7.005968888758,
    13.112923974912));
#1151 = CARTESIAN_POINT('',(-32.2408154072,7.054309799743,
    13.105779169895));
#1152 = CARTESIAN_POINT('',(-32.24016615006,7.103044606321,
    13.10223547134));
#1153 = CARTESIAN_POINT('',(-32.23928597915,7.151904526695,
    13.102250515065));
#1154 = ORIENTED_EDGE('',*,*,#1112,.F.);
#1155 = ( BOUNDED_SURFACE() B_SPLINE_SURFACE(3,1,(
    (#1156,#1157)
    ,(#1158,#1159)
    ,(#1160,#1161)
    ,(#1162,#1163
)),.UNSPECIFIED.,.F.,.F.,.F.) B_SPLINE_SURFACE_WITH_KNOTS((4,4),(2,2),(
    0.,1.),(0.,1.),.PIECEWISE_BEZIER_KNOTS.) 
GEOMETRIC_REPRESENTATION_ITEM() RATIONAL_B_SPLINE_SURFACE((
    (1.,1.)
    ,(0.97936175056,0.97936175056)
    ,(0.97936175056,0.97936175056)
,(1.,1.))) REPRESENTATION_ITEM('') SURFACE() );
#1156 = CARTESIAN_POINT('',(-23.37309100428,7.005968888758,
    12.498563271236));
#1157 = CARTESIAN_POINT('',(-32.24122625139,7.005968888758,
    13.112923974912));
#1158 = CARTESIAN_POINT('',(-23.37169845896,7.169819105779,
    12.474346146885));
#1159 = CARTESIAN_POINT('',(-32.23983370607,7.169819105779,
    13.088706850561));
#1160 = CARTESIAN_POINT('',(-23.36764881393,7.334540704171,
    12.491248729835));
#1161 = CARTESIAN_POINT('',(-32.23578406104,7.334540704171,
    13.105609433511));
#1162 = CARTESIAN_POINT('',(-23.36119280192,7.489934987627,
    12.548224500917));
#1163 = CARTESIAN_POINT('',(-32.22932804903,7.489934987627,
    13.162585204593));
#1164 = ADVANCED_FACE('',(#1165),#1176,.T.);
#1165 = FACE_BOUND('',#1166,.T.);
#1166 = EDGE_LOOP('',(#1167,#1168,#1169,#1175));
#1167 = ORIENTED_EDGE('',*,*,#1141,.T.);
#1168 = ORIENTED_EDGE('',*,*,#264,.T.);
#1169 = ORIENTED_EDGE('',*,*,#1170,.F.);
#1170 = EDGE_CURVE('',#705,#256,#1171,.T.);
#1171 = LINE('',#1172,#1173);
#1172 = CARTESIAN_POINT('',(-29.72021959542,8.054122488639,
    13.52185130229));
#1173 = VECTOR('',#1174,1.);
#1174 = DIRECTION('',(-0.997608929247,4.911333363159E-14,
    6.911167981629E-02));
#1175 = ORIENTED_EDGE('',*,*,#704,.T.);
#1176 = CYLINDRICAL_SURFACE('',#1177,0.98368285106);
#1177 = AXIS2_PLACEMENT_3D('',#1178,#1179,#1180);
#1178 = CARTESIAN_POINT('',(-29.69313036259,7.151904761093,
    13.912877256716));
#1179 = DIRECTION('',(-0.997608929247,4.911333363159E-14,
    6.911167981629E-02));
#1180 = DIRECTION('',(6.911167981629E-02,-3.668203209278E-29,
    0.997608929247));
#1181 = ADVANCED_FACE('',(#1182),#1207,.T.);
#1182 = FACE_BOUND('',#1183,.T.);
#1183 = EDGE_LOOP('',(#1184,#1185,#1186,#1187,#1188));
#1184 = ORIENTED_EDGE('',*,*,#887,.T.);
#1185 = ORIENTED_EDGE('',*,*,#713,.T.);
#1186 = ORIENTED_EDGE('',*,*,#1170,.T.);
#1187 = ORIENTED_EDGE('',*,*,#255,.T.);
#1188 = ORIENTED_EDGE('',*,*,#1189,.F.);
#1189 = EDGE_CURVE('',#888,#247,#1190,.T.);
#1190 = B_SPLINE_CURVE_WITH_KNOTS('',3,(#1191,#1192,#1193,#1194,#1195,
    #1196,#1197,#1198,#1199,#1200,#1201,#1202,#1203,#1204,#1205,#1206),
  .UNSPECIFIED.,.F.,.F.,(4,2,2,2,2,2,2,4),(0.,2.571816123898E-05,
    5.143632247795E-05,1.028726449559E-04,2.057452899118E-04,
    4.114905798237E-04,8.229811596473E-04,1.645962319295E-03),
  .UNSPECIFIED.);
#1191 = CARTESIAN_POINT('',(-32.07710911809,8.520972259889,
    15.359825455614));
#1192 = CARTESIAN_POINT('',(-32.06842538779,8.520974137903,
    15.359230609795));
#1193 = CARTESIAN_POINT('',(-32.06207991679,8.519053102171,
    15.351899822277));
#1194 = CARTESIAN_POINT('',(-32.05398987819,8.515158143102,
    15.337367271675));
#1195 = CARTESIAN_POINT('',(-32.05138164622,8.513023996003,
    15.329530914612));
#1196 = CARTESIAN_POINT('',(-32.04483907017,8.50649007689,
    15.305639024768));
#1197 = CARTESIAN_POINT('',(-32.04247595729,8.502037186739,
    15.28950179597));
#1198 = CARTESIAN_POINT('',(-32.03690630849,8.488604802386,
    15.240930961292));
#1199 = CARTESIAN_POINT('',(-32.03561170128,8.479519929602,
    15.208251792046));
#1200 = CARTESIAN_POINT('',(-32.03370751308,8.452283584105,
    15.110416976846));
#1201 = CARTESIAN_POINT('',(-32.03547148257,8.434098277161,
    15.045304393135));
#1202 = CARTESIAN_POINT('',(-32.04336937302,8.379518522411,
    14.850061679836));
#1203 = CARTESIAN_POINT('',(-32.0527273516,8.343086733222,
    14.720020952398));
#1204 = CARTESIAN_POINT('',(-32.08511118366,8.233840766428,
    14.330374559876));
#1205 = CARTESIAN_POINT('',(-32.1120481108,8.161034232698,
    14.071067263814));
#1206 = CARTESIAN_POINT('',(-32.13953483254,8.088265451652,
    13.811936550663));
#1207 = PLANE('',#1208);
#1208 = AXIS2_PLACEMENT_3D('',#1209,#1210,#1211);
#1209 = CARTESIAN_POINT('',(-32.64954071954,6.206493428825,
    7.096925776266));
#1210 = DIRECTION('',(-1.85997114533E-02,0.963105132309,-0.268481945115)
  );
#1211 = DIRECTION('',(1.734723475977E-18,0.268528397734,0.963271768303)
  );
#1212 = ADVANCED_FACE('',(#1213),#1226,.F.);
#1213 = FACE_BOUND('',#1214,.F.);
#1214 = EDGE_LOOP('',(#1215,#1216,#1217));
#1215 = ORIENTED_EDGE('',*,*,#481,.F.);
#1216 = ORIENTED_EDGE('',*,*,#1120,.F.);
#1217 = ORIENTED_EDGE('',*,*,#1218,.T.);
#1218 = EDGE_CURVE('',#1113,#473,#1219,.T.);
#1219 = B_SPLINE_CURVE_WITH_KNOTS('',3,(#1220,#1221,#1222,#1223,#1224,
    #1225),.UNSPECIFIED.,.F.,.F.,(4,2,4),(0.86086936823,0.930434684115,
    1.),.UNSPECIFIED.);
#1220 = CARTESIAN_POINT('',(-32.24122625139,7.005968888758,
    13.112923974912));
#1221 = CARTESIAN_POINT('',(-32.26803912299,6.986246098245,
    13.112847708917));
#1222 = CARTESIAN_POINT('',(-32.29256765413,6.968823052375,
    13.114306518771));
#1223 = CARTESIAN_POINT('',(-32.346730251,6.928892828204,13.121188645378
    ));
#1224 = CARTESIAN_POINT('',(-32.37673407049,6.906911679593,
    13.126617050356));
#1225 = CARTESIAN_POINT('',(-32.41152699227,6.882779318002,
    13.135787004116));
#1226 = B_SPLINE_SURFACE_WITH_KNOTS('',3,3,(
    (#1227,#1228,#1229,#1230)
    ,(#1231,#1232,#1233,#1234)
    ,(#1235,#1236,#1237,#1238)
    ,(#1239,#1240,#1241,#1242)
    ,(#1243,#1244,#1245,#1246)
    ,(#1247,#1248,#1249,#1250
    )),.UNSPECIFIED.,.F.,.F.,.F.,(4,1,1,4),(4,4),(0.,0.285714285714,
    0.571428571429,1.),(0.,0.104166649201),.UNSPECIFIED.);
#1227 = CARTESIAN_POINT('',(-31.54645342126,7.694119235999,
    13.835088927555));
#1228 = CARTESIAN_POINT('',(-31.44306551656,7.558996651317,
    13.870618654201));
#1229 = CARTESIAN_POINT('',(-31.30238194243,7.450434589337,
    13.898541367397));
#1230 = CARTESIAN_POINT('',(-31.1427320608,7.3825844901,13.915578209193)
  );
#1231 = CARTESIAN_POINT('',(-31.56212716131,7.651045804675,
    13.697916251542));
#1232 = CARTESIAN_POINT('',(-31.45748732861,7.515148512692,
    13.733077417953));
#1233 = CARTESIAN_POINT('',(-31.31516803617,7.406385570683,
    13.760203652826));
#1234 = CARTESIAN_POINT('',(-31.15435866956,7.339083925896,
    13.77609652579));
#1235 = CARTESIAN_POINT('',(-31.64437497903,7.530447349018,
    13.440728494919));
#1236 = CARTESIAN_POINT('',(-31.5309864118,7.383938202293,
    13.476977852529));
#1237 = CARTESIAN_POINT('',(-31.37700557611,7.267196830374,
    13.503627961855));
#1238 = CARTESIAN_POINT('',(-31.20379001554,7.195533661845,
    13.517505365868));
#1239 = CARTESIAN_POINT('',(-31.93962370091,7.237208247023,
    13.130402749224));
#1240 = CARTESIAN_POINT('',(-31.79194937388,7.044397141109,
    13.174988117213));
#1241 = CARTESIAN_POINT('',(-31.59143308768,6.889830683386,
    13.20557510756));
#1242 = CARTESIAN_POINT('',(-31.36549947875,6.793615059973,
    13.21841296755));
#1243 = CARTESIAN_POINT('',(-32.23730522647,7.003619489928,
    13.089869459549));
#1244 = CARTESIAN_POINT('',(-32.05350151218,6.760820959528,
    13.14513393987));
#1245 = CARTESIAN_POINT('',(-31.80355900607,6.564629514799,
    13.182805681207));
#1246 = CARTESIAN_POINT('',(-31.52080329612,6.440636853041,
    13.197926326092));
#1247 = CARTESIAN_POINT('',(-32.41152699227,6.882779318002,
    13.135787004116));
#1248 = CARTESIAN_POINT('',(-32.20592151969,6.609971017089,
    13.197958153155));
#1249 = CARTESIAN_POINT('',(-31.92631405956,6.389004552746,
    13.240481488976));
#1250 = CARTESIAN_POINT('',(-31.60924439958,6.248490347137,
    13.257874470458));
#1251 = ADVANCED_FACE('',(#1252),#1315,.F.);
#1252 = FACE_BOUND('',#1253,.F.);
#1253 = EDGE_LOOP('',(#1254,#1255,#1277,#1278,#1287,#1308));
#1254 = ORIENTED_EDGE('',*,*,#472,.F.);
#1255 = ORIENTED_EDGE('',*,*,#1256,.T.);
#1256 = EDGE_CURVE('',#473,#191,#1257,.T.);
#1257 = B_SPLINE_CURVE_WITH_KNOTS('',3,(#1258,#1259,#1260,#1261,#1262,
    #1263,#1264,#1265,#1266,#1267,#1268,#1269,#1270,#1271,#1272,#1273,
    #1274,#1275,#1276),.UNSPECIFIED.,.F.,.F.,(4,2,2,1,2,2,2,2,2,4),(0.,
    0.25,0.375,0.4375,0.46875,0.5,0.625,0.6875,0.75,1.),.UNSPECIFIED.);
#1258 = CARTESIAN_POINT('',(-32.41152699227,6.882779318002,
    13.135787004116));
#1259 = CARTESIAN_POINT('',(-32.41206923518,6.910857007883,
    13.127959870254));
#1260 = CARTESIAN_POINT('',(-32.41263596607,6.9361775986,13.122218734189
    ));
#1261 = CARTESIAN_POINT('',(-32.41309204641,6.969591594817,
    13.115646106469));
#1262 = CARTESIAN_POINT('',(-32.41318883235,6.979971260415,
    13.113797753708));
#1263 = CARTESIAN_POINT('',(-32.4132900467,6.994381260115,
    13.111428507231));
#1264 = CARTESIAN_POINT('',(-32.41333061838,7.001296775071,
    13.110344985568));
#1265 = CARTESIAN_POINT('',(-32.41337181456,7.007778064506,
    13.109394986209));
#1266 = CARTESIAN_POINT('',(-32.41340171436,7.012002767845,
    13.10878949307));
#1267 = CARTESIAN_POINT('',(-32.41340546882,7.012721648162,
    13.108684682366));
#1268 = CARTESIAN_POINT('',(-32.41356024795,7.029530559833,
    13.106385519476));
#1269 = CARTESIAN_POINT('',(-32.41372955968,7.041905472188,
    13.104974374184));
#1270 = CARTESIAN_POINT('',(-32.4138469095,7.05882693765,13.103299822495
    ));
#1271 = CARTESIAN_POINT('',(-32.41386808125,7.064194982522,
    13.102815863203));
#1272 = CARTESIAN_POINT('',(-32.41389319763,7.074402370508,
    13.101969489918));
#1273 = CARTESIAN_POINT('',(-32.41388900679,7.077226438001,
    13.101744297696));
#1274 = CARTESIAN_POINT('',(-32.41402679378,7.110275352179,
    13.09949361778));
#1275 = CARTESIAN_POINT('',(-32.41407685855,7.129491109801,
    13.098980354664));
#1276 = CARTESIAN_POINT('',(-32.41407685855,7.151904761093,
    13.098980354664));
#1277 = ORIENTED_EDGE('',*,*,#199,.T.);
#1278 = ORIENTED_EDGE('',*,*,#1279,.F.);
#1279 = EDGE_CURVE('',#1280,#200,#1282,.T.);
#1280 = VERTEX_POINT('',#1281);
#1281 = CARTESIAN_POINT('',(-35.91259227886,8.117113083806,
    14.081636121849));
#1282 = B_SPLINE_CURVE_WITH_KNOTS('',3,(#1283,#1284,#1285,#1286),
  .UNSPECIFIED.,.F.,.F.,(4,4),(-0.422995058191,-6.718873687588E-02),
  .PIECEWISE_BEZIER_KNOTS.);
#1283 = CARTESIAN_POINT('',(-35.91259227886,8.117113083806,
    14.081636121849));
#1284 = CARTESIAN_POINT('',(-34.7294070681,8.117113083806,
    13.999668213331));
#1285 = CARTESIAN_POINT('',(-33.54622185734,8.117113083806,
    13.917700304813));
#1286 = CARTESIAN_POINT('',(-32.36303664659,8.117113083806,
    13.835732396295));
#1287 = ORIENTED_EDGE('',*,*,#1288,.T.);
#1288 = EDGE_CURVE('',#1280,#1289,#1291,.T.);
#1289 = VERTEX_POINT('',#1290);
#1290 = CARTESIAN_POINT('',(-35.92792943255,6.896891932504,
    13.375496701191));
#1291 = B_SPLINE_CURVE_WITH_KNOTS('',3,(#1292,#1293,#1294,#1295,#1296,
    #1297,#1298,#1299,#1300,#1301,#1302,#1303,#1304,#1305,#1306,#1307),
  .UNSPECIFIED.,.F.,.F.,(4,2,2,2,1,1,2,2,4),(0.,0.291655872472,
    0.506072778784,0.566295080348,0.591820183019,0.756579215856,
    0.766245752057,0.856144330623,1.),.UNSPECIFIED.);
#1292 = CARTESIAN_POINT('',(-35.91259227886,8.117113083806,
    14.081636121849));
#1293 = CARTESIAN_POINT('',(-35.92277307482,8.077337943538,
    13.935225531177));
#1294 = CARTESIAN_POINT('',(-35.93118152403,8.003648812054,
    13.798217709621));
#1295 = CARTESIAN_POINT('',(-35.94125781941,7.829909971973,
    13.600470314154));
#1296 = CARTESIAN_POINT('',(-35.94410001515,7.742684974024,
    13.529413851078));
#1297 = CARTESIAN_POINT('',(-35.94568288851,7.617940176725,
    13.458592836533));
#1298 = CARTESIAN_POINT('',(-35.94590143887,7.589911985491,
    13.44438051736));
#1299 = CARTESIAN_POINT('',(-35.94602855649,7.549179516244,
    13.426067585802));
#1300 = CARTESIAN_POINT('',(-35.94613771542,7.458022815578,
    13.387239720387));
#1301 = CARTESIAN_POINT('',(-35.94489155909,7.356519107551,
    13.360752350322));
#1302 = CARTESIAN_POINT('',(-35.94270488221,7.26578963878,
    13.349943086375));
#1303 = CARTESIAN_POINT('',(-35.94142361383,7.214000323522,
    13.344169770025));
#1304 = CARTESIAN_POINT('',(-35.93998255419,7.166979605416,
    13.34225591634));
#1305 = CARTESIAN_POINT('',(-35.93552396874,7.04496535471,
    13.345844937135));
#1306 = CARTESIAN_POINT('',(-35.93207858988,6.970101418699,
    13.35648676395));
#1307 = CARTESIAN_POINT('',(-35.92792943255,6.896891932504,
    13.375496701191));
#1308 = ORIENTED_EDGE('',*,*,#1309,.T.);
#1309 = EDGE_CURVE('',#1289,#318,#1310,.T.);
#1310 = B_SPLINE_CURVE_WITH_KNOTS('',3,(#1311,#1312,#1313,#1314),
  .UNSPECIFIED.,.F.,.F.,(4,4),(4.197785654263,4.200548094454),
  .PIECEWISE_BEZIER_KNOTS.);
#1311 = CARTESIAN_POINT('',(-35.92792943255,6.896891932504,
    13.375496701191));
#1312 = CARTESIAN_POINT('',(-35.92771483485,6.892183399358,
    13.376782075255));
#1313 = CARTESIAN_POINT('',(-35.92744802885,6.887474807929,
    13.378045384974));
#1314 = CARTESIAN_POINT('',(-35.92717883854,6.882779318002,
    13.379341966007));
#1315 = B_SPLINE_SURFACE_WITH_KNOTS('',3,3,(
    (#1316,#1317,#1318,#1319)
    ,(#1320,#1321,#1322,#1323)
    ,(#1324,#1325,#1326,#1327)
    ,(#1328,#1329,#1330,#1331)
    ,(#1332,#1333,#1334,#1335)
    ,(#1336,#1337,#1338,#1339
    )),.UNSPECIFIED.,.F.,.F.,.F.,(4,1,1,4),(4,4),(0.,0.285714285714,
    0.571428571429,1.),(6.718873687588E-02,0.422998835301),
  .UNSPECIFIED.);
#1316 = CARTESIAN_POINT('',(-32.41152699227,6.882779318002,
    13.135787004116));
#1317 = CARTESIAN_POINT('',(-33.59472476329,6.882779318002,
    13.217755782775));
#1318 = CARTESIAN_POINT('',(-34.7779225343,6.882779318002,
    13.299724561434));
#1319 = CARTESIAN_POINT('',(-35.96112030532,6.882779318002,
    13.381693340093));
#1320 = CARTESIAN_POINT('',(-32.41432354527,7.027586647613,
    13.095419496752));
#1321 = CARTESIAN_POINT('',(-33.59752131629,7.027586647613,
    13.177388275411));
#1322 = CARTESIAN_POINT('',(-34.7807190873,7.027586647613,13.25935705407
    ));
#1323 = CARTESIAN_POINT('',(-35.96391685832,7.027586647613,
    13.341325832729));
#1324 = CARTESIAN_POINT('',(-32.41531069411,7.335212488281,
    13.081170262715));
#1325 = CARTESIAN_POINT('',(-33.59850846513,7.335212488281,
    13.163139041375));
#1326 = CARTESIAN_POINT('',(-34.78170623615,7.335212488281,
    13.245107820033));
#1327 = CARTESIAN_POINT('',(-35.96490400716,7.335212488281,
    13.327076598693));
#1328 = CARTESIAN_POINT('',(-32.40069509319,7.832964547042,
    13.292142619698));
#1329 = CARTESIAN_POINT('',(-33.58389286421,7.832964547042,
    13.374111398357));
#1330 = CARTESIAN_POINT('',(-34.76709063522,7.832964547042,
    13.456080177017));
#1331 = CARTESIAN_POINT('',(-35.95028840624,7.832964547042,
    13.538048955676));
#1332 = CARTESIAN_POINT('',(-32.37808124549,8.058140509374,
    13.61856756624));
#1333 = CARTESIAN_POINT('',(-33.56127901651,8.058140509374,
    13.700536344899));
#1334 = CARTESIAN_POINT('',(-34.74447678752,8.058140509374,
    13.782505123558));
#1335 = CARTESIAN_POINT('',(-35.92767455854,8.058140509374,
    13.864473902217));
#1336 = CARTESIAN_POINT('',(-32.36303664659,8.117113083806,
    13.835732396295));
#1337 = CARTESIAN_POINT('',(-33.54623441761,8.117113083806,
    13.917701174954));
#1338 = CARTESIAN_POINT('',(-34.72943218862,8.117113083806,
    13.999669953613));
#1339 = CARTESIAN_POINT('',(-35.91262995964,8.117113083806,
    14.081638732272));
#1340 = ADVANCED_FACE('',(#1341),#1513,.T.);
#1341 = FACE_BOUND('',#1342,.T.);
#1342 = EDGE_LOOP('',(#1343,#1497,#1503,#1504));
#1343 = ORIENTED_EDGE('',*,*,#1344,.T.);
#1344 = EDGE_CURVE('',#1345,#1347,#1349,.T.);
#1345 = VERTEX_POINT('',#1346);
#1346 = CARTESIAN_POINT('',(-33.86780373284,-13.23876720656,
    19.289136834037));
#1347 = VERTEX_POINT('',#1348);
#1348 = CARTESIAN_POINT('',(-36.29905630855,6.976299690988,
    13.795227872401));
#1349 = B_SPLINE_CURVE_WITH_KNOTS('',3,(#1350,#1351,#1352,#1353,#1354,
    #1355,#1356,#1357,#1358,#1359,#1360,#1361,#1362,#1363,#1364,#1365,
    #1366,#1367,#1368,#1369,#1370,#1371,#1372,#1373,#1374,#1375,#1376,
    #1377,#1378,#1379,#1380,#1381,#1382,#1383,#1384,#1385,#1386,#1387,
    #1388,#1389,#1390,#1391,#1392,#1393,#1394,#1395,#1396,#1397,#1398,
    #1399,#1400,#1401,#1402,#1403,#1404,#1405,#1406,#1407,#1408,#1409,
    #1410,#1411,#1412,#1413,#1414,#1415,#1416,#1417,#1418,#1419,#1420,
    #1421,#1422,#1423,#1424,#1425,#1426,#1427,#1428,#1429,#1430,#1431,
    #1432,#1433,#1434,#1435,#1436,#1437,#1438,#1439,#1440,#1441,#1442,
    #1443,#1444,#1445,#1446,#1447,#1448,#1449,#1450,#1451,#1452,#1453,
    #1454,#1455,#1456,#1457,#1458,#1459,#1460,#1461,#1462,#1463,#1464,
    #1465,#1466,#1467,#1468,#1469,#1470,#1471,#1472,#1473,#1474,#1475,
    #1476,#1477,#1478,#1479,#1480,#1481,#1482,#1483,#1484,#1485,#1486,
    #1487,#1488,#1489,#1490,#1491,#1492,#1493,#1494,#1495,#1496),
  .UNSPECIFIED.,.F.,.F.,(4,2,2,2,2,2,2,2,2,2,2,2,2,2,2,2,2,2,2,2,2,2,2,2
    ,2,2,2,2,2,2,2,2,2,2,2,2,2,2,2,2,2,2,2,1,2,1,2,1,2,1,2,1,2,1,2,1,2,1
    ,2,1,2,1,2,1,2,1,2,1,2,2,1,1,2,2,1,1,2,2,1,1,2,2,4),(-9.279979055379
    ,-8.838044244999,-8.419814431539,-8.248769345349,-8.021301863674,
    -7.951518928026,-7.87706255347,-7.851381410758,-7.818782888941,
    -7.754428175595,-7.722699390929,-7.660200791828,-7.629327048736,
    -7.568286133552,-7.538311630716,-7.450664259981,-7.394188669014,
    -7.285934466583,-7.234125859443,-7.134977533289,-7.087542924769,
    -7.030337352652,-6.95232112066,-6.865788508558,-6.698534225951,
    -6.616914790807,-6.455616185309,-6.375149437067,-6.253590342345,
    -6.212657598996,-6.12992208539,-6.088024615342,-6.024380403735,
    -6.002929108246,-5.959635054624,-5.937829138909,-5.894381696274,
    -5.872747911839,-5.829637528013,-5.808151721843,-5.764464818736,
    -5.743825644428,-5.700355849053,-5.611278405874,-5.611277951715,
    -5.565663120731,-5.565662364471,-5.424590275782,-5.424588195925,
    -5.32723315069,-5.327229930833,-5.126139350315,-5.126133786504,
    -5.023462899239,-5.023456434159,-4.868639764472,-4.868632631279,
    -4.817166745388,-4.817159599298,-4.714919757868,-4.714912891694,
    -4.664292950678,-4.664286361901,-4.564345598963,-4.56433978486,
    -4.515125903633,-4.515120561828,-4.442347592198,-4.442343030422,
    -4.418383430536,-4.418379142209,-4.370914478421,-4.370910749612,
    -4.347416400186,-4.347412955219,-4.300904416093,-4.300901542129,
    -4.277831801985,-4.277829214192,-4.230114347436,-4.230112353304,
    -4.205561568664,-4.200548094454),.UNSPECIFIED.);
#1350 = CARTESIAN_POINT('',(-33.86780373284,-13.23876720656,
    19.289136834037));
#1351 = CARTESIAN_POINT('',(-33.90396549235,-12.99231238905,
    19.222608817798));
#1352 = CARTESIAN_POINT('',(-33.95050697022,-12.67580397903,
    19.137177524968));
#1353 = CARTESIAN_POINT('',(-34.05794680936,-11.94836854773,
    18.940862428516));
#1354 = CARTESIAN_POINT('',(-34.11796801451,-11.5434198519,
    18.831592416217));
#1355 = CARTESIAN_POINT('',(-34.21147257794,-10.91595496389,
    18.662314161874));
#1356 = CARTESIAN_POINT('',(-34.23967785054,-10.72707018221,
    18.611360591616));
#1357 = CARTESIAN_POINT('',(-34.30763780478,-10.27298790629,
    18.488877997248));
#1358 = CARTESIAN_POINT('',(-34.34813630254,-10.00317078835,
    18.416106523413));
#1359 = CARTESIAN_POINT('',(-34.40298848161,-9.63897141815,
    18.317892501289));
#1360 = CARTESIAN_POINT('',(-34.41600461416,-9.55263549086,
    18.294611106386));
#1361 = CARTESIAN_POINT('',(-34.443181916,-9.37255806888,18.246053305823
    ));
#1362 = CARTESIAN_POINT('',(-34.45736139792,-9.278707843572,
    18.220747712831));
#1363 = CARTESIAN_POINT('',(-34.47662315005,-9.151367082576,
    18.186413342204));
#1364 = CARTESIAN_POINT('',(-34.48156143349,-9.118732674641,
    18.177614395146));
#1365 = CARTESIAN_POINT('',(-34.49276697053,-9.044710797888,
    18.157656793133));
#1366 = CARTESIAN_POINT('',(-34.49903390349,-9.003333355649,
    18.146500924461));
#1367 = CARTESIAN_POINT('',(-34.51767648664,-8.880307180841,
    18.113332196269));
#1368 = CARTESIAN_POINT('',(-34.5300557497,-8.798694470754,
    18.091329677116));
#1369 = CARTESIAN_POINT('',(-34.54857093415,-8.676755988726,
    18.05845679118));
#1370 = CARTESIAN_POINT('',(-34.55469034277,-8.636474973595,
    18.04759781704));
#1371 = CARTESIAN_POINT('',(-34.57288413267,-8.516768244573,
    18.015327790739));
#1372 = CARTESIAN_POINT('',(-34.58497839158,-8.437263846438,
    17.993896075805));
#1373 = CARTESIAN_POINT('',(-34.6031175907,-8.318180267237,
    17.961796814931));
#1374 = CARTESIAN_POINT('',(-34.60912691852,-8.278755286135,
    17.951169994028));
#1375 = CARTESIAN_POINT('',(-34.62701952463,-8.16119441159,
    17.91948016691));
#1376 = CARTESIAN_POINT('',(-34.63890503289,-8.082874637574,
    17.898365809329));
#1377 = CARTESIAN_POINT('',(-34.65664772098,-7.965589517636,
    17.866742836514));
#1378 = CARTESIAN_POINT('',(-34.66249427114,-7.926881666236,
    17.856305610366));
#1379 = CARTESIAN_POINT('',(-34.68545614304,-7.774625808568,
    17.815248733055));
#1380 = CARTESIAN_POINT('',(-34.70260948874,-7.660377928138,
    17.784435677895));
#1381 = CARTESIAN_POINT('',(-34.73094620208,-7.470763017424,
    17.733286700767));
#1382 = CARTESIAN_POINT('',(-34.74208305132,-7.396018864269,
    17.713122027076));
#1383 = CARTESIAN_POINT('',(-34.77469172548,-7.176500181359,
    17.653892806337));
#1384 = CARTESIAN_POINT('',(-34.79627780478,-7.030348088493,
    17.614450312327));
#1385 = CARTESIAN_POINT('',(-34.82852195631,-6.810691504332,
    17.555157211617));
#1386 = CARTESIAN_POINT('',(-34.83900929605,-6.739042521317,
    17.53581451402));
#1387 = CARTESIAN_POINT('',(-34.86973423966,-6.528505326138,
    17.478970552342));
#1388 = CARTESIAN_POINT('',(-34.89012503205,-6.387999335526,
    17.441026753054));
#1389 = CARTESIAN_POINT('',(-34.92064957926,-6.176397404995,
    17.383870670843));
#1390 = CARTESIAN_POINT('',(-34.93058595518,-6.10732256418,
    17.365210833833));
#1391 = CARTESIAN_POINT('',(-34.95264470195,-5.953525192748,
    17.323659604841));
#1392 = CARTESIAN_POINT('',(-34.9647957539,-5.868510345164,
    17.300688320389));
#1393 = CARTESIAN_POINT('',(-34.99375239633,-5.665161706777,
    17.245735405638));
#1394 = CARTESIAN_POINT('',(-35.01047882114,-5.547110614384,
    17.213827476168));
#1395 = CARTESIAN_POINT('',(-35.04577357594,-5.296708230215,
    17.14613366333));
#1396 = CARTESIAN_POINT('',(-35.06434344316,-5.164202609797,
    17.110304658246));
#1397 = CARTESIAN_POINT('',(-35.11878201532,-4.773401152958,
    17.004610607265));
#1398 = CARTESIAN_POINT('',(-35.15462549928,-4.513068810412,
    16.934173378746));
#1399 = CARTESIAN_POINT('',(-35.2077064695,-4.122417961813,
    16.828427462841));
#1400 = CARTESIAN_POINT('',(-35.22507456217,-3.993777526942,
    16.793597859506));
#1401 = CARTESIAN_POINT('',(-35.27659780185,-3.609553233382,
    16.68954413786));
#1402 = CARTESIAN_POINT('',(-35.31058549356,-3.352640312083,
    16.619936141721));
#1403 = CARTESIAN_POINT('',(-35.360985183,-2.965659191272,
    16.515032382649));
#1404 = CARTESIAN_POINT('',(-35.37767034727,-2.836544491865,
    16.480022624032));
#1405 = CARTESIAN_POINT('',(-35.41928981388,-2.511747411761,
    16.391928650171));
#1406 = CARTESIAN_POINT('',(-35.44408452481,-2.31574215147,
    16.338744324245));
#1407 = CARTESIAN_POINT('',(-35.47680434849,-2.053262444982,
    16.267489209694));
#1408 = CARTESIAN_POINT('',(-35.48501098344,-1.987101990254,
    16.249525874727));
#1409 = CARTESIAN_POINT('',(-35.50969185471,-1.787118843212,
    16.195219436655));
#1410 = CARTESIAN_POINT('',(-35.52605000609,-1.653198565333,
    16.158840957298));
#1411 = CARTESIAN_POINT('',(-35.55044036722,-1.451372102196,
    16.103998071558));
#1412 = CARTESIAN_POINT('',(-35.55859685218,-1.383509668835,
    16.08555452975));
#1413 = CARTESIAN_POINT('',(-35.57903132304,-1.212546059935,
    16.03908242774));
#1414 = CARTESIAN_POINT('',(-35.59125106767,-1.109437107908,
    16.011047654505));
#1415 = CARTESIAN_POINT('',(-35.60744434159,-0.971599758792,
    15.973560561964));
#1416 = CARTESIAN_POINT('',(-35.61151410569,-0.936855122139,
    15.964110360766));
#1417 = CARTESIAN_POINT('',(-35.62375981418,-0.831997148305,
    15.93558747663));
#1418 = CARTESIAN_POINT('',(-35.63189723496,-0.761893983049,
    15.916514974084));
#1419 = CARTESIAN_POINT('',(-35.64405365731,-0.656517383399,
    15.887840634802));
#1420 = CARTESIAN_POINT('',(-35.6481121978,-0.621226369765,
    15.878236613183));
#1421 = CARTESIAN_POINT('',(-35.66021658359,-0.515641137464,
    15.849500229916));
#1422 = CARTESIAN_POINT('',(-35.66822185067,-0.445368492631,
    15.830371100052));
#1423 = CARTESIAN_POINT('',(-35.6801296589,-0.340163485694,
    15.80172760141));
#1424 = CARTESIAN_POINT('',(-35.68407414991,-0.305201756417,
    15.792207912916));
#1425 = CARTESIAN_POINT('',(-35.69583697319,-0.20060333268,
    15.763724277042));
#1426 = CARTESIAN_POINT('',(-35.70361360008,-0.130999140914,
    15.744766544588));
#1427 = CARTESIAN_POINT('',(-35.71518017707,-2.67849035463E-02,
    15.716376925786));
#1428 = CARTESIAN_POINT('',(-35.71901319299,7.8652820945E-03,
    15.706936779501));
#1429 = CARTESIAN_POINT('',(-35.73059611134,0.112925409947,15.6783113547
    ));
#1430 = CARTESIAN_POINT('',(-35.73830080822,0.183289909354,
    15.659135673219));
#1431 = CARTESIAN_POINT('',(-35.74955533622,0.286793466561,
    15.630923501506));
#1432 = CARTESIAN_POINT('',(-35.75313601477,0.319833490598,
    15.621916888145));
#1433 = CARTESIAN_POINT('',(-35.76416643248,0.421950576307,
    15.594077548153));
#1434 = CARTESIAN_POINT('',(-35.77151463663,0.490462219493,
    15.575396163947));
#1435 = CARTESIAN_POINT('',(-35.7935431311,0.697277007604,
    15.518992400044));
#1436 = CARTESIAN_POINT('',(-35.8078277077,0.833388487383,
    15.481856502543));
#1437 = CARTESIAN_POINT('',(-35.82165199384,0.96700720952,
    15.445386951022));
#1438 = CARTESIAN_POINT('',(-35.82873116678,1.035431092651,
    15.426711511076));
#1439 = CARTESIAN_POINT('',(-35.83568962572,1.103201766253,
    15.408210675588));
#1440 = CARTESIAN_POINT('',(-35.84253491121,1.170370496912,
    15.389870606924));
#1441 = CARTESIAN_POINT('',(-35.86370465999,1.378099587641,
    15.333151250756));
#1442 = CARTESIAN_POINT('',(-35.88379352899,1.580073152525,
    15.277969165217));
#1443 = CARTESIAN_POINT('',(-35.90300551723,1.777821845157,
    15.223909739216));
#1444 = CARTESIAN_POINT('',(-35.91626381053,1.914290777779,
    15.186602619252));
#1445 = CARTESIAN_POINT('',(-35.92910418758,2.048749283149,
    15.149829677726));
#1446 = CARTESIAN_POINT('',(-35.94158690969,2.181700310703,
    15.113454210773));
#1447 = CARTESIAN_POINT('',(-35.96736832256,2.45631117025,
    15.038320426044));
#1448 = CARTESIAN_POINT('',(-35.99163081643,2.72449318746,
    14.964882165017));
#1449 = CARTESIAN_POINT('',(-36.01483768611,2.990698567408,
    14.891924438987));
#1450 = CARTESIAN_POINT('',(-36.02668609955,3.126618788318,
    14.854673343163));
#1451 = CARTESIAN_POINT('',(-36.03825812128,3.262025118651,
    14.81754704294));
#1452 = CARTESIAN_POINT('',(-36.04960562588,3.397510350719,
    14.780383088004));
#1453 = CARTESIAN_POINT('',(-36.06671548946,3.601803226164,
    14.724344974641));
#1454 = CARTESIAN_POINT('',(-36.08331726149,3.806276361904,
    14.668221170258));
#1455 = CARTESIAN_POINT('',(-36.09956450986,4.012966782592,
    14.611451733007));
#1456 = CARTESIAN_POINT('',(-36.10496597046,4.081683516051,
    14.592578036817));
#1457 = CARTESIAN_POINT('',(-36.11032802312,4.150645330372,
    14.573632962197));
#1458 = CARTESIAN_POINT('',(-36.11565549767,4.219927146582,
    14.554595857995));
#1459 = CARTESIAN_POINT('',(-36.12623800783,4.357549922385,
    14.516780169779));
#1460 = CARTESIAN_POINT('',(-36.13668463685,4.496434946398,
    14.478601506151));
#1461 = CARTESIAN_POINT('',(-36.14703017012,4.637169787153,
    14.439897696114));
#1462 = CARTESIAN_POINT('',(-36.15215266618,4.70685381029,
    14.420733731413));
#1463 = CARTESIAN_POINT('',(-36.15725026252,4.776990911815,
    14.40144113224));
#1464 = CARTESIAN_POINT('',(-36.1623267731,4.847652791079,
    14.382000079477));
#1465 = CARTESIAN_POINT('',(-36.17234879818,4.9871542444,14.343619335543
    ));
#1466 = CARTESIAN_POINT('',(-36.18228893435,5.128699828403,
    14.304660347509));
#1467 = CARTESIAN_POINT('',(-36.19217405155,5.272838954228,
    14.264971084089));
#1468 = CARTESIAN_POINT('',(-36.19704205492,5.343821787907,
    14.245425685595));
#1469 = CARTESIAN_POINT('',(-36.2018966009,5.41543284462,14.225703386447
    ));
#1470 = CARTESIAN_POINT('',(-36.20674070701,5.487738326591,
    14.205785852124));
#1471 = CARTESIAN_POINT('',(-36.21390346199,5.594653390241,
    14.176334633583));
#1472 = CARTESIAN_POINT('',(-36.22104338812,5.703085504699,
    14.14645690013));
#1473 = CARTESIAN_POINT('',(-36.22817000524,5.813247476151,
    14.116093703214));
#1474 = CARTESIAN_POINT('',(-36.23051665295,5.849521609639,
    14.106095709534));
#1475 = CARTESIAN_POINT('',(-36.23286140302,5.885976327951,
    14.096047001694));
#1476 = CARTESIAN_POINT('',(-36.2352054506,5.922632644251,14.0859417766)
  );
#1477 = CARTESIAN_POINT('',(-36.23984866364,5.995243506296,
    14.065924786482));
#1478 = CARTESIAN_POINT('',(-36.24448786811,6.068625698616,
    14.045691465257));
#1479 = CARTESIAN_POINT('',(-36.24912495823,6.142825495707,
    14.02522898244));
#1480 = CARTESIAN_POINT('',(-36.25142043695,6.179556340446,
    14.015099516842));
#1481 = CARTESIAN_POINT('',(-36.25371512009,6.21648327295,
    14.004915070982));
#1482 = CARTESIAN_POINT('',(-36.25601002988,6.253624682736,
    13.994670564682));
#1483 = CARTESIAN_POINT('',(-36.26055260892,6.327143161356,
    13.974392375043));
#1484 = CARTESIAN_POINT('',(-36.26509525632,6.401485478051,
    13.953883429044));
#1485 = CARTESIAN_POINT('',(-36.26963952241,6.476696727426,
    13.933131202868));
#1486 = CARTESIAN_POINT('',(-36.27189377152,6.514006309233,
    13.922836773895));
#1487 = CARTESIAN_POINT('',(-36.27414798533,6.551526380683,
    13.912483383293));
#1488 = CARTESIAN_POINT('',(-36.27640240704,6.589272580175,
    13.902066667516));
#1489 = CARTESIAN_POINT('',(-36.28106493635,6.667338120169,
    13.880523133462));
#1490 = CARTESIAN_POINT('',(-36.28572852653,6.746356253594,
    13.858712846798));
#1491 = CARTESIAN_POINT('',(-36.29039112915,6.826379116716,
    13.836621061989));
#1492 = CARTESIAN_POINT('',(-36.29279026888,6.867555016966,
    13.825253695842));
#1493 = CARTESIAN_POINT('',(-36.29518899486,6.908994680862,
    13.813812419539));
#1494 = CARTESIAN_POINT('',(-36.29807691851,6.959228124117,
    13.799941852703));
#1495 = CARTESIAN_POINT('',(-36.29856662497,6.967758133875,
    13.797586480579));
#1496 = CARTESIAN_POINT('',(-36.29905630855,6.976299690988,
    13.795227872401));
#1497 = ORIENTED_EDGE('',*,*,#1498,.T.);
#1498 = EDGE_CURVE('',#1347,#318,#1499,.T.);
#1499 = LINE('',#1500,#1501);
#1500 = CARTESIAN_POINT('',(-36.29905630855,6.976299690988,
    13.795227872401));
#1501 = VECTOR('',#1502,1.);
#1502 = DIRECTION('',(0.657392702033,-0.165322224794,-0.735189361528));
#1503 = ORIENTED_EDGE('',*,*,#317,.T.);
#1504 = ORIENTED_EDGE('',*,*,#1505,.F.);
#1505 = EDGE_CURVE('',#1345,#310,#1506,.T.);
#1506 = B_SPLINE_CURVE_WITH_KNOTS('',3,(#1507,#1508,#1509,#1510,#1511,
    #1512),.UNSPECIFIED.,.F.,.F.,(4,2,4),(-4.035182611012E-02,
    -2.325104324854E-02,0.),.UNSPECIFIED.);
#1507 = CARTESIAN_POINT('',(-33.86780373284,-13.23876720656,
    19.289136834037));
#1508 = CARTESIAN_POINT('',(-33.79694705282,-13.31248913768,
    19.23537510605));
#1509 = CARTESIAN_POINT('',(-33.72609517113,-13.38620816069,
    19.181610789624));
#1510 = CARTESIAN_POINT('',(-33.55875400294,-13.56032595574,
    19.054613208886));
#1511 = CARTESIAN_POINT('',(-33.49099034986,-13.63083724095,
    19.00317600172));
#1512 = CARTESIAN_POINT('',(-33.44346198801,-13.68029411032,
    18.967094683441));
#1513 = B_SPLINE_SURFACE_WITH_KNOTS('',3,3,(
    (#1514,#1515,#1516,#1517,#1518,#1519,#1520,#1521,#1522,#1523,#1524
      ,#1525,#1526,#1527,#1528,#1529,#1530,#1531,#1532,#1533,#1534,#1535
      ,#1536,#1537,#1538,#1539,#1540,#1541,#1542,#1543,#1544,#1545,#1546
      ,#1547,#1548,#1549,#1550,#1551,#1552,#1553,#1554,#1555,#1556,#1557
      ,#1558,#1559,#1560,#1561,#1562,#1563,#1564,#1565,#1566,#1567,#1568
      ,#1569,#1570,#1571,#1572,#1573,#1574,#1575,#1576,#1577,#1578,#1579
      ,#1580,#1581,#1582,#1583,#1584,#1585,#1586,#1587,#1588,#1589,#1590
      ,#1591,#1592,#1593,#1594,#1595,#1596,#1597,#1598,#1599,#1600,#1601
      ,#1602,#1603,#1604,#1605,#1606,#1607,#1608,#1609,#1610,#1611,#1612
      ,#1613,#1614,#1615,#1616,#1617,#1618,#1619,#1620,#1621,#1622,#1623
      ,#1624,#1625,#1626,#1627,#1628,#1629,#1630,#1631,#1632,#1633,#1634
      ,#1635,#1636,#1637,#1638,#1639,#1640,#1641,#1642,#1643,#1644,#1645
      ,#1646,#1647,#1648,#1649,#1650,#1651,#1652,#1653,#1654,#1655,#1656
      ,#1657,#1658,#1659,#1660,#1661,#1662,#1663)
    ,(#1664,#1665,#1666,#1667,#1668,#1669,#1670,#1671,#1672,#1673,#1674
      ,#1675,#1676,#1677,#1678,#1679,#1680,#1681,#1682,#1683,#1684,#1685
      ,#1686,#1687,#1688,#1689,#1690,#1691,#1692,#1693,#1694,#1695,#1696
      ,#1697,#1698,#1699,#1700,#1701,#1702,#1703,#1704,#1705,#1706,#1707
      ,#1708,#1709,#1710,#1711,#1712,#1713,#1714,#1715,#1716,#1717,#1718
      ,#1719,#1720,#1721,#1722,#1723,#1724,#1725,#1726,#1727,#1728,#1729
      ,#1730,#1731,#1732,#1733,#1734,#1735,#1736,#1737,#1738,#1739,#1740
      ,#1741,#1742,#1743,#1744,#1745,#1746,#1747,#1748,#1749,#1750,#1751
      ,#1752,#1753,#1754,#1755,#1756,#1757,#1758,#1759,#1760,#1761,#1762
      ,#1763,#1764,#1765,#1766,#1767,#1768,#1769,#1770,#1771,#1772,#1773
      ,#1774,#1775,#1776,#1777,#1778,#1779,#1780,#1781,#1782,#1783,#1784
      ,#1785,#1786,#1787,#1788,#1789,#1790,#1791,#1792,#1793,#1794,#1795
      ,#1796,#1797,#1798,#1799,#1800,#1801,#1802,#1803,#1804,#1805,#1806
      ,#1807,#1808,#1809,#1810,#1811,#1812,#1813)
    ,(#1814,#1815,#1816,#1817,#1818,#1819,#1820,#1821,#1822,#1823,#1824
      ,#1825,#1826,#1827,#1828,#1829,#1830,#1831,#1832,#1833,#1834,#1835
      ,#1836,#1837,#1838,#1839,#1840,#1841,#1842,#1843,#1844,#1845,#1846
      ,#1847,#1848,#1849,#1850,#1851,#1852,#1853,#1854,#1855,#1856,#1857
      ,#1858,#1859,#1860,#1861,#1862,#1863,#1864,#1865,#1866,#1867,#1868
      ,#1869,#1870,#1871,#1872,#1873,#1874,#1875,#1876,#1877,#1878,#1879
      ,#1880,#1881,#1882,#1883,#1884,#1885,#1886,#1887,#1888,#1889,#1890
      ,#1891,#1892,#1893,#1894,#1895,#1896,#1897,#1898,#1899,#1900,#1901
      ,#1902,#1903,#1904,#1905,#1906,#1907,#1908,#1909,#1910,#1911,#1912
      ,#1913,#1914,#1915,#1916,#1917,#1918,#1919,#1920,#1921,#1922,#1923
      ,#1924,#1925,#1926,#1927,#1928,#1929,#1930,#1931,#1932,#1933,#1934
      ,#1935,#1936,#1937,#1938,#1939,#1940,#1941,#1942,#1943,#1944,#1945
      ,#1946,#1947,#1948,#1949,#1950,#1951,#1952,#1953,#1954,#1955,#1956
      ,#1957,#1958,#1959,#1960,#1961,#1962,#1963)
    ,(#1964,#1965,#1966,#1967,#1968,#1969,#1970,#1971,#1972,#1973,#1974
      ,#1975,#1976,#1977,#1978,#1979,#1980,#1981,#1982,#1983,#1984,#1985
      ,#1986,#1987,#1988,#1989,#1990,#1991,#1992,#1993,#1994,#1995,#1996
      ,#1997,#1998,#1999,#2000,#2001,#2002,#2003,#2004,#2005,#2006,#2007
      ,#2008,#2009,#2010,#2011,#2012,#2013,#2014,#2015,#2016,#2017,#2018
      ,#2019,#2020,#2021,#2022,#2023,#2024,#2025,#2026,#2027,#2028,#2029
      ,#2030,#2031,#2032,#2033,#2034,#2035,#2036,#2037,#2038,#2039,#2040
      ,#2041,#2042,#2043,#2044,#2045,#2046,#2047,#2048,#2049,#2050,#2051
      ,#2052,#2053,#2054,#2055,#2056,#2057,#2058,#2059,#2060,#2061,#2062
      ,#2063,#2064,#2065,#2066,#2067,#2068,#2069,#2070,#2071,#2072,#2073
      ,#2074,#2075,#2076,#2077,#2078,#2079,#2080,#2081,#2082,#2083,#2084
      ,#2085,#2086,#2087,#2088,#2089,#2090,#2091,#2092,#2093,#2094,#2095
      ,#2096,#2097,#2098,#2099,#2100,#2101,#2102,#2103,#2104,#2105,#2106
      ,#2107,#2108,#2109,#2110,#2111,#2112,#2113
  )),.UNSPECIFIED.,.F.,.F.,.F.,(4,4),(4,3,2,2,2,2,2,2,2,2,2,2,2,2,2,2,2,
    2,2,2,2,2,2,2,2,2,2,2,2,2,2,2,2,2,2,2,2,2,2,2,2,2,2,2,1,2,1,2,1,2,1,
    2,1,2,1,2,1,2,1,2,1,2,1,2,1,2,1,2,1,2,2,1,1,2,2,1,1,2,2,1,1,2,2,4),(
    0.,1.),(-9.559937578949,-9.552314769363,-8.838044244999,
    -8.419814431539,-8.248769345349,-8.021301863674,-7.951518928026,
    -7.87706255347,-7.851381410758,-7.818782888941,-7.754428175595,
    -7.722699390929,-7.660200791828,-7.629327048736,-7.568286133552,
    -7.538311630716,-7.450664259981,-7.394188669014,-7.285934466583,
    -7.234125859443,-7.134977533289,-7.087542924769,-7.030337352652,
    -6.95232112066,-6.865788508558,-6.698534225951,-6.616914790807,
    -6.455616185309,-6.375149437067,-6.253590342345,-6.212657598996,
    -6.12992208539,-6.088024615342,-6.024380403735,-6.002929108246,
    -5.959635054624,-5.937829138909,-5.894381696274,-5.872747911839,
    -5.829637528013,-5.808151721843,-5.764464818736,-5.743825644428,
    -5.700355849053,-5.611278405874,-5.611277951715,-5.565663120731,
    -5.565662364471,-5.424590275782,-5.424588195925,-5.32723315069,
    -5.327229930833,-5.126139350315,-5.126133786504,-5.023462899239,
    -5.023456434159,-4.868639764472,-4.868632631279,-4.817166745388,
    -4.817159599298,-4.714919757868,-4.714912891694,-4.664292950678,
    -4.664286361901,-4.564345598963,-4.56433978486,-4.515125903633,
    -4.515120561828,-4.442347592198,-4.442343030422,-4.418383430536,
    -4.418379142209,-4.370914478421,-4.370910749612,-4.347416400186,
    -4.347412955219,-4.300904416093,-4.300901542129,-4.277831801985,
    -4.277829214192,-4.230114347436,-4.230112353304,-4.205561568664,
    -4.200548094454),.UNSPECIFIED.);
#1514 = CARTESIAN_POINT('',(-33.4434583991,-13.68029480878,
    18.967094630452));
#1515 = CARTESIAN_POINT('',(-33.44384352161,-13.67766345839,
    18.966384256526));
#1516 = CARTESIAN_POINT('',(-33.44423204836,-13.67500884843,
    18.965667603319));
#1517 = CARTESIAN_POINT('',(-33.44462396976,-13.67233104461,
    18.964944688568));
#1518 = CARTESIAN_POINT('',(-33.4813610697,-13.42132472461,
    18.897181632149));
#1519 = CARTESIAN_POINT('',(-33.5479835011,-12.96660799007,
    18.774428662793));
#1520 = CARTESIAN_POINT('',(-33.68949422473,-12.00849118142,
    18.515858918024));
#1521 = CARTESIAN_POINT('',(-33.74953916017,-11.60338237241,
    18.406545701207));
#1522 = CARTESIAN_POINT('',(-33.84308170796,-10.97566258383,
    18.237198679413));
#1523 = CARTESIAN_POINT('',(-33.87129857872,-10.78670013152,
    18.186224156722));
#1524 = CARTESIAN_POINT('',(-33.93928682602,-10.3324288111,
    18.063690570126));
#1525 = CARTESIAN_POINT('',(-33.97980255802,-10.06249686587,
    17.990888126545));
#1526 = CARTESIAN_POINT('',(-34.03467842873,-9.698140191316,
    17.892631683992));
#1527 = CARTESIAN_POINT('',(-34.04770021543,-9.611766759904,
    17.869340175705));
#1528 = CARTESIAN_POINT('',(-34.07488938601,-9.431610695353,
    17.820761169205));
#1529 = CARTESIAN_POINT('',(-34.08907511319,-9.337719134016,
    17.795444430442));
#1530 = CARTESIAN_POINT('',(-34.10834541149,-9.210321873675,
    17.761094826128));
#1531 = CARTESIAN_POINT('',(-34.11328589139,-9.177672950592,
    17.752291965469));
#1532 = CARTESIAN_POINT('',(-34.12449642371,-9.103618075842,
    17.732325466615));
#1533 = CARTESIAN_POINT('',(-34.13076614319,-9.062222235567,
    17.721164637605));
#1534 = CARTESIAN_POINT('',(-34.14941699094,-8.939141521005,
    17.68798120511));
#1535 = CARTESIAN_POINT('',(-34.16180188604,-8.857491679653,
    17.665968675479));
#1536 = CARTESIAN_POINT('',(-34.18032570225,-8.735496350092,
    17.633080464255));
#1537 = CARTESIAN_POINT('',(-34.18644779496,-8.695197667351,
    17.622216727277));
#1538 = CARTESIAN_POINT('',(-34.20464904991,-8.575441822515,
    17.589933460555));
#1539 = CARTESIAN_POINT('',(-34.21674950753,-8.495896664149,
    17.568490757909));
#1540 = CARTESIAN_POINT('',(-34.23489985217,-8.376739921363,
    17.536371775686));
#1541 = CARTESIAN_POINT('',(-34.24090693927,-8.337329624204,
    17.525748912597));
#1542 = CARTESIAN_POINT('',(-34.25877476228,-8.219931577674,
    17.494102977501));
#1543 = CARTESIAN_POINT('',(-34.27064355129,-8.141721967263,
    17.473018319022));
#1544 = CARTESIAN_POINT('',(-34.28836008428,-8.024609740009,
    17.441441962342));
#1545 = CARTESIAN_POINT('',(-34.29419808624,-7.985958484232,
    17.43101999671));
#1546 = CARTESIAN_POINT('',(-34.31712685434,-7.833922131635,
    17.390022310506));
#1547 = CARTESIAN_POINT('',(-34.33425536455,-7.7198396616,
    17.359253867074));
#1548 = CARTESIAN_POINT('',(-34.36255083887,-7.530500701273,
    17.308179328078));
#1549 = CARTESIAN_POINT('',(-34.37367148802,-7.455865274708,
    17.288043986941));
#1550 = CARTESIAN_POINT('',(-34.40623291083,-7.236664682956,
    17.228900591652));
#1551 = CARTESIAN_POINT('',(-34.42778758346,-7.090725233362,
    17.189515484298));
#1552 = CARTESIAN_POINT('',(-34.45998494539,-6.871387394284,
    17.130308424194));
#1553 = CARTESIAN_POINT('',(-34.47045706617,-6.7998423868,
    17.110993796326));
#1554 = CARTESIAN_POINT('',(-34.50113751343,-6.589610094243,
    17.054232156783));
#1555 = CARTESIAN_POINT('',(-34.52149866206,-6.449308368727,
    17.016343519514));
#1556 = CARTESIAN_POINT('',(-34.55197900366,-6.238012880577,
    16.959270210873));
#1557 = CARTESIAN_POINT('',(-34.56190093767,-6.169038434911,
    16.940637494541));
#1558 = CARTESIAN_POINT('',(-34.58392756092,-6.015465034156,
    16.899146775405));
#1559 = CARTESIAN_POINT('',(-34.5960607656,-5.930575051759,
    16.876209229896));
#1560 = CARTESIAN_POINT('',(-34.62497460408,-5.727527004607,
    16.821337546884));
#1561 = CARTESIAN_POINT('',(-34.64167608911,-5.609651926327,
    16.789477192072));
#1562 = CARTESIAN_POINT('',(-34.67691803975,-5.359624165679,
    16.721884654992));
#1563 = CARTESIAN_POINT('',(-34.69545969151,-5.227319866184,
    16.686110086197));
#1564 = CARTESIAN_POINT('',(-34.74981482994,-4.837117348391,
    16.580578020922));
#1565 = CARTESIAN_POINT('',(-34.78560055642,-4.57720431486,
    16.510254241637));
#1566 = CARTESIAN_POINT('',(-34.83859393923,-4.187198076337,
    16.404682816362));
#1567 = CARTESIAN_POINT('',(-34.85593265026,-4.058775234338,
    16.369912126379));
#1568 = CARTESIAN_POINT('',(-34.90736717864,-3.675212471633,
    16.266037557097));
#1569 = CARTESIAN_POINT('',(-34.9412920568,-3.418773996792,
    16.196558104188));
#1570 = CARTESIAN_POINT('',(-34.991595084,-3.032535085588,
    16.091855545175));
#1571 = CARTESIAN_POINT('',(-35.00824705282,-2.903677195837,
    16.056915420514));
#1572 = CARTESIAN_POINT('',(-35.0497814957,-2.579543631768,
    15.96900141054));
#1573 = CARTESIAN_POINT('',(-35.07452202542,-2.383966365787,
    15.915933214396));
#1574 = CARTESIAN_POINT('',(-35.10716733081,-2.122084455707,
    15.84484038313));
#1575 = CARTESIAN_POINT('',(-35.11535512986,-2.0560758467,
    15.826918275995));
#1576 = CARTESIAN_POINT('',(-35.13997900425,-1.856554529934,
    15.772737250263));
#1577 = CARTESIAN_POINT('',(-35.15629873728,-1.722948733901,
    15.736444197298));
#1578 = CARTESIAN_POINT('',(-35.18063138574,-1.521599836239,
    15.681731081816));
#1579 = CARTESIAN_POINT('',(-35.18876841487,-1.45389927025,
    15.663331532007));
#1580 = CARTESIAN_POINT('',(-35.20915387123,-1.283345737452,
    15.616970898735));
#1581 = CARTESIAN_POINT('',(-35.22134393837,-1.180487179663,
    15.589004206181));
#1582 = CARTESIAN_POINT('',(-35.23749759505,-1.04298705361,
    15.551608826902));
#1583 = CARTESIAN_POINT('',(-35.24155736303,-1.008327755504,
    15.542181836946));
#1584 = CARTESIAN_POINT('',(-35.25377290695,-0.903728075989,
    15.513729212598));
#1585 = CARTESIAN_POINT('',(-35.26189013031,-0.833798901288,
    15.494704046439));
#1586 = CARTESIAN_POINT('',(-35.27401613993,-0.728685931394,
    15.466101444235));
#1587 = CARTESIAN_POINT('',(-35.27806459908,-0.69348257922,
    15.456521278614));
#1588 = CARTESIAN_POINT('',(-35.29013853065,-0.588162995108,
    15.427857194923));
#1589 = CARTESIAN_POINT('',(-35.29812347733,-0.518068722126,
    15.408776620149));
#1590 = CARTESIAN_POINT('',(-35.31000096453,-0.413131600619,
    15.380206056974));
#1591 = CARTESIAN_POINT('',(-35.313935373,-0.378259236053,
    15.370710701483));
#1592 = CARTESIAN_POINT('',(-35.32566799995,-0.273929326691,
    15.342300185885));
#1593 = CARTESIAN_POINT('',(-35.33342451616,-0.204505126486,
    15.323391476738));
#1594 = CARTESIAN_POINT('',(-35.34496100502,-0.100561981546,
    15.295075707834));
#1595 = CARTESIAN_POINT('',(-35.3487840147,-6.6002250641E-02,
    15.285660205158));
#1596 = CARTESIAN_POINT('',(-35.36033659394,3.8782693602E-02,
    15.257109758828));
#1597 = CARTESIAN_POINT('',(-35.3680209524,0.108961458064,
    15.237984693627));
#1598 = CARTESIAN_POINT('',(-35.37924557352,0.212189973095,
    15.20984749071));
#1599 = CARTESIAN_POINT('',(-35.38281670687,0.245141921525,
    15.200864886494));
#1600 = CARTESIAN_POINT('',(-35.39381763605,0.34698600939,
    15.173099971655));
#1601 = CARTESIAN_POINT('',(-35.40114605035,0.415313148418,
    15.154468896982));
#1602 = CARTESIAN_POINT('',(-35.4231148584,0.621567572289,
    15.098217958943));
#1603 = CARTESIAN_POINT('',(-35.43736007781,0.757304110058,
    15.061184357981));
#1604 = CARTESIAN_POINT('',(-35.4511458466,0.890550541375,
    15.024816418571));
#1605 = CARTESIAN_POINT('',(-35.45820529531,0.958783779681,
    15.006193012736));
#1606 = CARTESIAN_POINT('',(-35.46514422228,1.0263642356,14.987744105034
    ));
#1607 = CARTESIAN_POINT('',(-35.47197017838,1.093343297712,
    14.969455824373));
#1608 = CARTESIAN_POINT('',(-35.49308014467,1.300485784377,
    14.912896637317));
#1609 = CARTESIAN_POINT('',(-35.51311073631,1.501873714152,
    14.857874553753));
#1610 = CARTESIAN_POINT('',(-35.53226619391,1.699040527443,
    14.803974198725));
#1611 = CARTESIAN_POINT('',(-35.54548547294,1.835107884186,
    14.766776859335));
#1612 = CARTESIAN_POINT('',(-35.55828749492,1.969164839637,
    14.730113736779));
#1613 = CARTESIAN_POINT('',(-35.57073257057,2.101714898132,
    14.693847975184));
#1614 = CARTESIAN_POINT('',(-35.59643621681,2.375497479487,
    14.618940807785));
#1615 = CARTESIAN_POINT('',(-35.62062383277,2.642852244169,
    14.545729076919));
#1616 = CARTESIAN_POINT('',(-35.64375881264,2.908232935642,
    14.472997369851));
#1617 = CARTESIAN_POINT('',(-35.65557051781,3.043732058605,
    14.435861682583));
#1618 = CARTESIAN_POINT('',(-35.66710654142,3.178717180384,
    14.398850871092));
#1619 = CARTESIAN_POINT('',(-35.67841875237,3.313781017208,
    14.361802505988));
#1620 = CARTESIAN_POINT('',(-35.69547539842,3.517438487906,
    14.30593868585));
#1621 = CARTESIAN_POINT('',(-35.71202564482,3.721276880739,
    14.249989106519));
#1622 = CARTESIAN_POINT('',(-35.72822300555,3.927332641556,
    14.193393984535));
#1623 = CARTESIAN_POINT('',(-35.7336078805,3.995838375018,
    14.174578241473));
#1624 = CARTESIAN_POINT('',(-35.73895353465,4.064589275424,
    14.155691108833));
#1625 = CARTESIAN_POINT('',(-35.74426479599,4.133660244652,
    14.136711940699));
#1626 = CARTESIAN_POINT('',(-35.75481510013,4.270864192216,
    14.099011337186));
#1627 = CARTESIAN_POINT('',(-35.76523031167,4.409331401274,
    14.060947529062));
#1628 = CARTESIAN_POINT('',(-35.77554520044,4.549649369822,
    14.022358364012));
#1629 = CARTESIAN_POINT('',(-35.78065252316,4.619126982093,
    14.00325116484));
#1630 = CARTESIAN_POINT('',(-35.7857351486,4.689058079902,
    13.984015231177));
#1631 = CARTESIAN_POINT('',(-35.79079688911,4.759514368821,
    13.96463074205));
#1632 = CARTESIAN_POINT('',(-35.80078975523,4.898609946954,
    13.926361665697));
#1633 = CARTESIAN_POINT('',(-35.81070160557,5.039752523241,
    13.887513602539));
#1634 = CARTESIAN_POINT('',(-35.82055929384,5.183491694615,
    13.847934468125));
#1635 = CARTESIAN_POINT('',(-35.82541378965,5.254277567823,
    13.828443303459));
#1636 = CARTESIAN_POINT('',(-35.83025505826,5.325692731349,
    13.808774955136));
#1637 = CARTESIAN_POINT('',(-35.83508611603,5.39780344733,13.78891107177
    ));
#1638 = CARTESIAN_POINT('',(-35.84222957708,5.504430520087,
    13.759539184263));
#1639 = CARTESIAN_POINT('',(-35.84935076703,5.612577959403,
    13.729739891724));
#1640 = CARTESIAN_POINT('',(-35.85645919124,5.722458707809,
    13.699454206409));
#1641 = CARTESIAN_POINT('',(-35.85879984841,5.758640240499,
    13.68948173566));
#1642 = CARTESIAN_POINT('',(-35.86113867087,5.795002794661,
    13.679458432803));
#1643 = CARTESIAN_POINT('',(-35.86347685295,5.831567385926,
    13.669378493996));
#1644 = CARTESIAN_POINT('',(-35.86810844732,5.903996554443,
    13.649411592218));
#1645 = CARTESIAN_POINT('',(-35.87273631069,5.977199308091,
    13.629227746966));
#1646 = CARTESIAN_POINT('',(-35.87736231267,6.051221679883,
    13.608814193691));
#1647 = CARTESIAN_POINT('',(-35.87965230249,6.087864694603,
    13.598708949458));
#1648 = CARTESIAN_POINT('',(-35.88194155384,6.124704210492,
    13.588548613121));
#1649 = CARTESIAN_POINT('',(-35.88423110431,6.161758883821,
    13.578328030851));
#1650 = CARTESIAN_POINT('',(-35.88876307516,6.235105675286,
    13.558097196721));
#1651 = CARTESIAN_POINT('',(-35.89329545636,6.309279939515,
    13.537634611829));
#1652 = CARTESIAN_POINT('',(-35.89782957339,6.384323214519,
    13.516928733001));
#1653 = CARTESIAN_POINT('',(-35.90007878776,6.421549468215,
    13.506657295847));
#1654 = CARTESIAN_POINT('',(-35.90232770084,6.458981316503,
    13.496328249766));
#1655 = CARTESIAN_POINT('',(-35.90457698913,6.496641565373,
    13.485935253552));
#1656 = CARTESIAN_POINT('',(-35.90922890168,6.574529346283,
    13.46444077519));
#1657 = CARTESIAN_POINT('',(-35.913881912,6.653368234517,13.442679963041
    ));
#1658 = CARTESIAN_POINT('',(-35.91853374161,6.733206204873,
    13.420639221279));
#1659 = CARTESIAN_POINT('',(-35.92092733831,6.774286971165,
    13.409298118617));
#1660 = CARTESIAN_POINT('',(-35.92332053516,6.815631118732,
    13.397883213863));
#1661 = CARTESIAN_POINT('',(-35.92620172573,6.865747445109,
    13.38404498559));
#1662 = CARTESIAN_POINT('',(-35.92669029271,6.874257606752,
    13.381695094082));
#1663 = CARTESIAN_POINT('',(-35.92717883854,6.882779318002,
    13.379341966007));
#1664 = CARTESIAN_POINT('',(-33.56630673361,-13.66004461833,
    19.108705971986));
#1665 = CARTESIAN_POINT('',(-33.56669185611,-13.65741326794,
    19.10799559806));
#1666 = CARTESIAN_POINT('',(-33.56708038287,-13.65475865798,
    19.107278944853));
#1667 = CARTESIAN_POINT('',(-33.56747230426,-13.65208085417,
    19.106556030103));
#1668 = CARTESIAN_POINT('',(-33.60420494906,-13.40110496451,
    19.038801188733));
#1669 = CARTESIAN_POINT('',(-33.67081918655,-12.94644417802,
    18.91606332305));
#1670 = CARTESIAN_POINT('',(-33.81231175433,-11.98845029125,
    18.657526751512));
#1671 = CARTESIAN_POINT('',(-33.87234877814,-11.58339486822,
    18.548227940275));
#1672 = CARTESIAN_POINT('',(-33.96587866436,-10.95576004516,
    18.378903840584));
#1673 = CARTESIAN_POINT('',(-33.99409166982,-10.76682347856,
    18.327936300825));
#1674 = CARTESIAN_POINT('',(-34.06207048491,-10.31261518085,
    18.205419713763));
#1675 = CARTESIAN_POINT('',(-34.10258047376,-10.04272150067,
    18.132627590542));
#1676 = CARTESIAN_POINT('',(-34.157448446,-9.678417269338,
    18.034385290408));
#1677 = CARTESIAN_POINT('',(-34.17046834862,-9.592056334977,
    18.011097152083));
#1678 = CARTESIAN_POINT('',(-34.19765356243,-9.411926488127,
    17.962525215175));
#1679 = CARTESIAN_POINT('',(-34.21183720829,-9.318048702632,
    17.937212190905));
#1680 = CARTESIAN_POINT('',(-34.23110465762,-9.190670277016,
    17.902867664921));
#1681 = CARTESIAN_POINT('',(-34.23604440544,-9.158026191802,
    17.894066108657));
#1682 = CARTESIAN_POINT('',(-34.24725327264,-9.083982316589,
    17.874102575472));
#1683 = CARTESIAN_POINT('',(-34.25352206329,-9.042592609004,
    17.862943399912));
#1684 = CARTESIAN_POINT('',(-34.27217015618,-8.919530074058,
    17.829764868768));
#1685 = CARTESIAN_POINT('',(-34.28455317391,-8.837892610369,
    17.807755676121));
#1686 = CARTESIAN_POINT('',(-34.30307411288,-8.715916229464,
    17.774872573182));
#1687 = CARTESIAN_POINT('',(-34.30919531086,-8.675623436843,
    17.76401042407));
#1688 = CARTESIAN_POINT('',(-34.3273940774,-8.555883962754,
    17.731731570484));
#1689 = CARTESIAN_POINT('',(-34.33949246957,-8.476352388365,
    17.710292529689));
#1690 = CARTESIAN_POINT('',(-34.35763909799,-8.357220038416,
    17.67818012257));
#1691 = CARTESIAN_POINT('',(-34.36364693196,-8.317804846981,
    17.667555940311));
#1692 = CARTESIAN_POINT('',(-34.38152301712,-8.200352518758,
    17.635895373025));
#1693 = CARTESIAN_POINT('',(-34.39339737852,-8.122106189184,
    17.614800815368));
#1694 = CARTESIAN_POINT('',(-34.41112262973,-8.00493633397,
    17.583208920788));
#1695 = CARTESIAN_POINT('',(-34.41696348122,-7.9662662113,
    17.572781867855));
#1696 = CARTESIAN_POINT('',(-34.43990328381,-7.814156691445,
    17.531764451582));
#1697 = CARTESIAN_POINT('',(-34.45704007273,-7.7000190828,
    17.500981137082));
#1698 = CARTESIAN_POINT('',(-34.48534929318,-7.510588140737,
    17.449881785844));
#1699 = CARTESIAN_POINT('',(-34.49647534258,-7.435916470337,
    17.429736666744));
#1700 = CARTESIAN_POINT('',(-34.52905251557,-7.216609850117,
    17.370564663492));
#1701 = CARTESIAN_POINT('',(-34.55061765716,-7.07059951888,
    17.331160427102));
#1702 = CARTESIAN_POINT('',(-34.58283061575,-6.851155430579,
    17.271924686564));
#1703 = CARTESIAN_POINT('',(-34.59330780953,-6.779575764486,
    17.252600702092));
#1704 = CARTESIAN_POINT('',(-34.62400308877,-6.569241838762,
    17.19581162212));
#1705 = CARTESIAN_POINT('',(-34.64437411857,-6.428872025428,
    17.157904597659));
#1706 = CARTESIAN_POINT('',(-34.67486919563,-6.217474388008,
    17.100803697338));
#1707 = CARTESIAN_POINT('',(-34.68479594353,-6.148466477709,
    17.082161940892));
#1708 = CARTESIAN_POINT('',(-34.70683327449,-5.994818421304,
    17.040651052143));
#1709 = CARTESIAN_POINT('',(-34.71897242859,-5.909886814227,
    17.017702259515));
#1710 = CARTESIAN_POINT('',(-34.74790053444,-5.706738575407,
    16.962803500731));
#1711 = CARTESIAN_POINT('',(-34.76461033365,-5.588804817717,
    16.930927285511));
#1712 = CARTESIAN_POINT('',(-34.79986988447,-5.338652193157,
    16.863300992729));
#1713 = CARTESIAN_POINT('',(-34.81842094279,-5.206280774324,
    16.827508275138));
#1714 = CARTESIAN_POINT('',(-34.87280389088,-4.815878624133,
    16.721922218426));
#1715 = CARTESIAN_POINT('',(-34.9086088706,-4.555825814122,
    16.651560620875));
#1716 = CARTESIAN_POINT('',(-34.96163144951,-4.165604703405,
    16.545931031469));
#1717 = CARTESIAN_POINT('',(-34.97897995441,-4.037109329728,
    16.5111407035));
#1718 = CARTESIAN_POINT('',(-35.03044405284,-3.653326061153,
    16.407206417973));
#1719 = CARTESIAN_POINT('',(-35.06438986852,-3.396729440624,
    16.337684118176));
#1720 = CARTESIAN_POINT('',(-35.11472511744,-3.010243116311,
    16.232914489768));
#1721 = CARTESIAN_POINT('',(-35.13138815068,-2.88129963059,
    16.197951155768));
#1722 = CARTESIAN_POINT('',(-35.17295093543,-2.556944888123,
    16.109977156086));
#1723 = CARTESIAN_POINT('',(-35.19770952488,-2.361224966532,
    16.056870252534));
#1724 = CARTESIAN_POINT('',(-35.23037967017,-2.099143783215,
    15.985723324696));
#1725 = CARTESIAN_POINT('',(-35.2385737476,-2.033084562369,
    15.967787475887));
#1726 = CARTESIAN_POINT('',(-35.26321662122,-1.833409299656,
    15.913564645353));
#1727 = CARTESIAN_POINT('',(-35.27954916027,-1.699698678075,
    15.877243117403));
#1728 = CARTESIAN_POINT('',(-35.30390104618,-1.498190591544,
    15.822486745055));
#1729 = CARTESIAN_POINT('',(-35.31204456065,-1.430436069875,
    15.804072531282));
#1730 = CARTESIAN_POINT('',(-35.33244635514,-1.259745844929,
    15.75767474173));
#1731 = CARTESIAN_POINT('',(-35.34464631491,-1.156803822,15.729685355515
    ));
#1732 = CARTESIAN_POINT('',(-35.36081317719,-1.019191288855,
    15.692259405304));
#1733 = CARTESIAN_POINT('',(-35.36487627726,-0.98450354432,
    15.682824678203));
#1734 = CARTESIAN_POINT('',(-35.37710187599,-0.879817766883,
    15.654348633973));
#1735 = CARTESIAN_POINT('',(-35.38522583189,-0.809830595065,
    15.635307688949));
#1736 = CARTESIAN_POINT('',(-35.39736197905,-0.704629748776,
    15.606681174436));
#1737 = CARTESIAN_POINT('',(-35.40141379866,-0.669397175871,
    15.597093056749));
#1738 = CARTESIAN_POINT('',(-35.41349788162,-0.563989042915,
    15.568404873353));
#1739 = CARTESIAN_POINT('',(-35.42148960177,-0.493835312445,
    15.549308113491));
#1740 = CARTESIAN_POINT('',(-35.433377196,-0.388808895527,15.52071323842
    ));
#1741 = CARTESIAN_POINT('',(-35.4373149653,-0.353906742825,
    15.511209771957));
#1742 = CARTESIAN_POINT('',(-35.4490576577,-0.249487328694,
    15.482774882939));
#1743 = CARTESIAN_POINT('',(-35.45682087746,-0.180003131367,
    15.463849832708));
#1744 = CARTESIAN_POINT('',(-35.46836739571,-7.59696221664E-02,
    15.435509447138));
#1745 = CARTESIAN_POINT('',(-35.47219374079,-4.13797397302E-02,
    15.426085729939));
#1746 = CARTESIAN_POINT('',(-35.48375643308,6.3496932406E-02,
    15.39751029078));
#1747 = CARTESIAN_POINT('',(-35.491447571,0.133737608367,15.378368353526
    ));
#1748 = CARTESIAN_POINT('',(-35.50268216109,0.237057804332,
    15.350206160953));
#1749 = CARTESIAN_POINT('',(-35.50625647615,0.270039111041,
    15.341215553758));
#1750 = CARTESIAN_POINT('',(-35.51726723492,0.371974198731,
    15.313425830388));
#1751 = CARTESIAN_POINT('',(-35.52460224573,0.440362838415,
    15.294777986068));
#1752 = CARTESIAN_POINT('',(-35.54659094932,0.646804050894,
    15.238476105931));
#1753 = CARTESIAN_POINT('',(-35.56084928797,0.78266557052,
    15.201408405803));
#1754 = CARTESIAN_POINT('',(-35.57464789566,0.916036097291,
    15.165006596091));
#1755 = CARTESIAN_POINT('',(-35.58171391913,0.984332883955,
    15.146365845529));
#1756 = CARTESIAN_POINT('',(-35.58865935669,1.051976745271,15.1278996287
    ));
#1757 = CARTESIAN_POINT('',(-35.59549175595,1.119019030451,
    15.109594085312));
#1758 = CARTESIAN_POINT('',(-35.61662165006,1.326357054168,
    15.052981507913));
#1759 = CARTESIAN_POINT('',(-35.63667166776,1.527940197932,
    14.997906089735));
#1760 = CARTESIAN_POINT('',(-35.65584596829,1.725300966167,
    14.943952712361));
#1761 = CARTESIAN_POINT('',(-35.66907825217,1.861502182449,
    14.906718779197));
#1762 = CARTESIAN_POINT('',(-35.68189305912,1.995692987094,
    14.870019050534));
#1763 = CARTESIAN_POINT('',(-35.69435068355,2.128376701743,
    14.833716720538));
#1764 = CARTESIAN_POINT('',(-35.72008025235,2.402435378866,
    14.758734013203));
#1765 = CARTESIAN_POINT('',(-35.74429282798,2.670065898716,
    14.685446771097));
#1766 = CARTESIAN_POINT('',(-35.7674517704,2.935721478909,
    14.612639726408));
#1767 = CARTESIAN_POINT('',(-35.77927571159,3.071360967328,
    14.575465569765));
#1768 = CARTESIAN_POINT('',(-35.79082373478,3.206486493863,
    14.53841626151));
#1769 = CARTESIAN_POINT('',(-35.80214771021,3.341690795039,
    14.501329366662));
#1770 = CARTESIAN_POINT('',(-35.81922209545,3.545560067623,
    14.445407448698));
#1771 = CARTESIAN_POINT('',(-35.83578951698,3.749610040709,
    14.389399794544));
#1772 = CARTESIAN_POINT('',(-35.85200350699,3.955877355254,
    14.332746567354));
#1773 = CARTESIAN_POINT('',(-35.85739391049,4.024453422027,
    14.313911506589));
#1774 = CARTESIAN_POINT('',(-35.86274503081,4.093274627125,
    14.29500505994));
#1775 = CARTESIAN_POINT('',(-35.86806169656,4.162415878676,
    14.276006579785));
#1776 = CARTESIAN_POINT('',(-35.87862273601,4.299759435319,
    14.238267614796));
#1777 = CARTESIAN_POINT('',(-35.88904842002,4.438365915761,
    14.200165521577));
#1778 = CARTESIAN_POINT('',(-35.89937352367,4.578822842327,
    14.161538141362));
#1779 = CARTESIAN_POINT('',(-35.90448590417,4.648369258186,
    14.142412020356));
#1780 = CARTESIAN_POINT('',(-35.90957351991,4.718369023933,
    14.123157198182));
#1781 = CARTESIAN_POINT('',(-35.91464018378,4.788893842979,
    14.103753854506));
#1782 = CARTESIAN_POINT('',(-35.92464276952,4.928124712313,
    14.065447555772));
#1783 = CARTESIAN_POINT('',(-35.93456404845,5.069401624188,
    14.026562517742));
#1784 = CARTESIAN_POINT('',(-35.94443087975,5.213274114571,
    13.986946673423));
#1785 = CARTESIAN_POINT('',(-35.94928987808,5.284125641242,
    13.967437430822));
#1786 = CARTESIAN_POINT('',(-35.95413557247,5.355606102422,
    13.947751098911));
#1787 = CARTESIAN_POINT('',(-35.95897097969,5.427781740453,
    13.927869331877));
#1788 = CARTESIAN_POINT('',(-35.96612087204,5.53450480993,13.89847100076
    ));
#1789 = CARTESIAN_POINT('',(-35.97324830738,5.64274714088,
    13.868645561272));
#1790 = CARTESIAN_POINT('',(-35.98036279591,5.752721630619,
    13.83833403867));
#1791 = CARTESIAN_POINT('',(-35.98270544992,5.788934030246,
    13.828353060276));
#1792 = CARTESIAN_POINT('',(-35.98504624826,5.825327305779,
    13.818321289094));
#1793 = CARTESIAN_POINT('',(-35.9873863855,5.861922472053,
    13.808232921526));
#1794 = CARTESIAN_POINT('',(-35.99202185275,5.934412204936,
    13.788249323673));
#1795 = CARTESIAN_POINT('',(-35.99665349648,6.00767477148,
    13.768048986429));
#1796 = CARTESIAN_POINT('',(-36.00128319453,6.081756285185,
    13.747619123267));
#1797 = CARTESIAN_POINT('',(-36.00357501399,6.118428576615,
    13.737505805235));
#1798 = CARTESIAN_POINT('',(-36.00586607595,6.155297231431,
    13.727337432376));
#1799 = CARTESIAN_POINT('',(-36.00815741285,6.192380816862,
    13.717108875442));
#1800 = CARTESIAN_POINT('',(-36.0126929196,6.26578483653,13.69686225637)
  );
#1801 = CARTESIAN_POINT('',(-36.01722872291,6.340015119112,
    13.676384217537));
#1802 = CARTESIAN_POINT('',(-36.02176622309,6.415114385878,
    13.655662889516));
#1803 = CARTESIAN_POINT('',(-36.02401711571,6.452368414084,
    13.645383788851));
#1804 = CARTESIAN_POINT('',(-36.02626779605,6.489829675866,
    13.635046626336));
#1805 = CARTESIAN_POINT('',(-36.0285187951,6.527518570264,
    13.624645724885));
#1806 = CARTESIAN_POINT('',(-36.03317424607,6.605465597978,
    13.603134896335));
#1807 = CARTESIAN_POINT('',(-36.03783078319,6.6843642372,13.581357591967
    ));
#1808 = CARTESIAN_POINT('',(-36.04248620416,6.764263842594,
    13.559299834729));
#1809 = CARTESIAN_POINT('',(-36.04488164848,6.805376319606,
    13.547949977736));
#1810 = CARTESIAN_POINT('',(-36.04727668836,6.846752305788,
    13.53652628251));
#1811 = CARTESIAN_POINT('',(-36.05016012333,6.89690767153,
    13.522677274605));
#1812 = CARTESIAN_POINT('',(-36.05064907012,6.905424449054,
    13.520325556268));
#1813 = CARTESIAN_POINT('',(-36.05113799521,6.913952775664,
    13.517970601472));
#1814 = CARTESIAN_POINT('',(-33.68915506812,-13.63979442788,
    19.25031731352));
#1815 = CARTESIAN_POINT('',(-33.68954019062,-13.63716307749,
    19.249606939594));
#1816 = CARTESIAN_POINT('',(-33.68992871738,-13.63450846754,
    19.248890286387));
#1817 = CARTESIAN_POINT('',(-33.69032063877,-13.63183066372,
    19.248167371637));
#1818 = CARTESIAN_POINT('',(-33.72704881048,-13.38088535537,
    19.180420786358));
#1819 = CARTESIAN_POINT('',(-33.79365488315,-12.92628027088,
    19.057697957442));
#1820 = CARTESIAN_POINT('',(-33.93512927976,-11.96840943791,
    18.799194595029));
#1821 = CARTESIAN_POINT('',(-33.99515839654,-11.56340735608,
    18.689910177148));
#1822 = CARTESIAN_POINT('',(-34.08867562154,-10.93585750256,
    18.520609000704));
#1823 = CARTESIAN_POINT('',(-34.11688475944,-10.74694683518,
    18.469648447512));
#1824 = CARTESIAN_POINT('',(-34.1848541459,-10.29280153655,
    18.347148853611));
#1825 = CARTESIAN_POINT('',(-34.2253583868,-10.02294615355,
    18.274367059415));
#1826 = CARTESIAN_POINT('',(-34.28021846435,-9.658694340128,
    18.176138894873));
#1827 = CARTESIAN_POINT('',(-34.29323648096,-9.572345915787,
    18.152854130008));
#1828 = CARTESIAN_POINT('',(-34.32041773958,-9.392242276106,
    18.104289259852));
#1829 = CARTESIAN_POINT('',(-34.33459930282,-9.298378274956,
    18.078979952368));
#1830 = CARTESIAN_POINT('',(-34.35386390392,-9.171018679235,
    18.044640503411));
#1831 = CARTESIAN_POINT('',(-34.35880291943,-9.138379433432,
    18.035840251958));
#1832 = CARTESIAN_POINT('',(-34.37001012161,-9.064346557141,
    18.015879684277));
#1833 = CARTESIAN_POINT('',(-34.3762779834,-9.022962982211,
    18.004722162154));
#1834 = CARTESIAN_POINT('',(-34.39492332139,-8.899918627787,
    17.971548532612));
#1835 = CARTESIAN_POINT('',(-34.40730446184,-8.818293540038,
    17.949542676474));
#1836 = CARTESIAN_POINT('',(-34.42582252352,-8.696336109354,
    17.916664682253));
#1837 = CARTESIAN_POINT('',(-34.43194282687,-8.656049204103,
    17.905804120246));
#1838 = CARTESIAN_POINT('',(-34.45013910518,-8.536326104334,
    17.87352968081));
#1839 = CARTESIAN_POINT('',(-34.46223542954,-8.456808122222,
    17.852094304025));
#1840 = CARTESIAN_POINT('',(-34.48037834488,-8.337700150184,
    17.819988468047));
#1841 = CARTESIAN_POINT('',(-34.48638692583,-8.298280063358,
    17.809362966314));
#1842 = CARTESIAN_POINT('',(-34.50427126979,-8.180773470506,
    17.777687771386));
#1843 = CARTESIAN_POINT('',(-34.51615120565,-8.102490415653,
    17.756583312982));
#1844 = CARTESIAN_POINT('',(-34.53388517554,-7.985262923675,
    17.724975878068));
#1845 = CARTESIAN_POINT('',(-34.53972887615,-7.946573939168,
    17.71454373922));
#1846 = CARTESIAN_POINT('',(-34.56267971357,-7.794391248758,
    17.673506591979));
#1847 = CARTESIAN_POINT('',(-34.57982478056,-7.680198506937,
    17.642708407887));
#1848 = CARTESIAN_POINT('',(-34.60814774777,-7.490675577959,
    17.591584243001));
#1849 = CARTESIAN_POINT('',(-34.61927919677,-7.41596766864,
    17.571429347272));
#1850 = CARTESIAN_POINT('',(-34.65187212073,-7.196555014198,
    17.512228734498));
#1851 = CARTESIAN_POINT('',(-34.67344773108,-7.050473802974,
    17.472805369523));
#1852 = CARTESIAN_POINT('',(-34.70567628595,-6.830923468038,
    17.413540949247));
#1853 = CARTESIAN_POINT('',(-34.7161585527,-6.75930914363,
    17.394207608254));
#1854 = CARTESIAN_POINT('',(-34.74686866432,-6.548873581619,
    17.337391087006));
#1855 = CARTESIAN_POINT('',(-34.76724957554,-6.408435678825,
    17.29946567491));
#1856 = CARTESIAN_POINT('',(-34.79775938729,-6.196935897563,
    17.242337184377));
#1857 = CARTESIAN_POINT('',(-34.80769094932,-6.127894521382,
    17.223686387482));
#1858 = CARTESIAN_POINT('',(-34.82973898837,-5.974171805599,
    17.182155328103));
#1859 = CARTESIAN_POINT('',(-34.84188409091,-5.889198582696,
    17.159195290769));
#1860 = CARTESIAN_POINT('',(-34.87082646596,-5.685950135977,
    17.104269451792));
#1861 = CARTESIAN_POINT('',(-34.88754457661,-5.567957722994,
    17.07237738273));
#1862 = CARTESIAN_POINT('',(-34.92282173122,-5.317680202736,
    17.004717325593));
#1863 = CARTESIAN_POINT('',(-34.94138219188,-5.185241701657,
    16.968906469305));
#1864 = CARTESIAN_POINT('',(-34.99579295438,-4.794639877216,
    16.863266409761));
#1865 = CARTESIAN_POINT('',(-35.0316171851,-4.534447311149,
    16.792866999508));
#1866 = CARTESIAN_POINT('',(-35.08466895922,-4.144011334745,
    16.687179247734));
#1867 = CARTESIAN_POINT('',(-35.10202725802,-4.015443431552,
    16.652369282385));
#1868 = CARTESIAN_POINT('',(-35.15352092764,-3.631439643863,
    16.548375276983));
#1869 = CARTESIAN_POINT('',(-35.18748768184,-3.374684868251,
    16.478810127734));
#1870 = CARTESIAN_POINT('',(-35.23785514956,-2.98795116055,
    16.373973438056));
#1871 = CARTESIAN_POINT('',(-35.25452924941,-2.858922057112,
    16.338986888777));
#1872 = CARTESIAN_POINT('',(-35.29612037415,-2.534346155406,
    16.250952904624));
#1873 = CARTESIAN_POINT('',(-35.32089702536,-2.338483550725,
    16.197807286107));
#1874 = CARTESIAN_POINT('',(-35.35359200914,-2.076203117474,
    16.126606268127));
#1875 = CARTESIAN_POINT('',(-35.3617923657,-2.010093274585,
    16.108656674836));
#1876 = CARTESIAN_POINT('',(-35.38645423775,-1.810264073491,
    16.054392041565));
#1877 = CARTESIAN_POINT('',(-35.4027995831,-1.676448621159,
    16.018042037193));
#1878 = CARTESIAN_POINT('',(-35.42717070679,-1.47478134689,
    15.963242408319));
#1879 = CARTESIAN_POINT('',(-35.4353207064,-1.40697286921,
    15.944813530474));
#1880 = CARTESIAN_POINT('',(-35.45573883913,-1.236145952458,
    15.898378584745));
#1881 = CARTESIAN_POINT('',(-35.46794869112,-1.13312046557,
    15.87036650517));
#1882 = CARTESIAN_POINT('',(-35.48412875946,-0.995395523547,
    15.832909983562));
#1883 = CARTESIAN_POINT('',(-35.48819519145,-0.960679333323,
    15.823467519509));
#1884 = CARTESIAN_POINT('',(-35.50043084513,-0.855907457412,
    15.794968055254));
#1885 = CARTESIAN_POINT('',(-35.50856153338,-0.785862289272,
    15.775911331574));
#1886 = CARTESIAN_POINT('',(-35.5207078182,-0.680573566018,
    15.747260904601));
#1887 = CARTESIAN_POINT('',(-35.52476299822,-0.645311773114,
    15.737664835049));
#1888 = CARTESIAN_POINT('',(-35.53685723262,-0.539815089656,
    15.708952551486));
#1889 = CARTESIAN_POINT('',(-35.54485572623,-0.469601902312,
    15.68983960671));
#1890 = CARTESIAN_POINT('',(-35.55675342744,-0.364486190786,
    15.661220419964));
#1891 = CARTESIAN_POINT('',(-35.56069455761,-0.329554249644,
    15.651708842443));
#1892 = CARTESIAN_POINT('',(-35.57244731544,-0.225045330677,
    15.623249579987));
#1893 = CARTESIAN_POINT('',(-35.58021723877,-0.155501136033,
    15.604308188618));
#1894 = CARTESIAN_POINT('',(-35.59177378638,-5.13772629262E-02,
    15.575943186482));
#1895 = CARTESIAN_POINT('',(-35.5956034669,-1.67572288163E-02,
    15.56651125472));
#1896 = CARTESIAN_POINT('',(-35.6071762722,8.82111711426E-02,
    15.537910822749));
#1897 = CARTESIAN_POINT('',(-35.61487418963,0.158513759051,
    15.518752013321));
#1898 = CARTESIAN_POINT('',(-35.62611874865,0.261925635325,
    15.490564831263));
#1899 = CARTESIAN_POINT('',(-35.6296962455,0.294936301081,
    15.481566220881));
#1900 = CARTESIAN_POINT('',(-35.64071683362,0.396962386965,
    15.45375168942));
#1901 = CARTESIAN_POINT('',(-35.64805844126,0.465412529496,
    15.435087074861));
#1902 = CARTESIAN_POINT('',(-35.67006704017,0.672040528999,
    15.378734253055));
#1903 = CARTESIAN_POINT('',(-35.68433849754,0.808027026921,
    15.341632454721));
#1904 = CARTESIAN_POINT('',(-35.69814994478,0.941521653604,
    15.305196773503));
#1905 = CARTESIAN_POINT('',(-35.70522254296,1.009881988377,
    15.286538678283));
#1906 = CARTESIAN_POINT('',(-35.71217449131,1.077589256582,
    15.268055151922));
#1907 = CARTESIAN_POINT('',(-35.71901333364,1.144694764173,
    15.249732345985));
#1908 = CARTESIAN_POINT('',(-35.7401631546,1.352228317849,
    15.193066380161));
#1909 = CARTESIAN_POINT('',(-35.76023259754,1.554006668745,
    15.137937629234));
#1910 = CARTESIAN_POINT('',(-35.77942574286,1.751561406433,
    15.083931225579));
#1911 = CARTESIAN_POINT('',(-35.7926710313,1.887896479516,
    15.046660699389));
#1912 = CARTESIAN_POINT('',(-35.80549862338,2.022221135692,
    15.009924363972));
#1913 = CARTESIAN_POINT('',(-35.81796879671,2.155038507092,
    14.973585465418));
#1914 = CARTESIAN_POINT('',(-35.84372428703,2.429373270871,
    14.898527220626));
#1915 = CARTESIAN_POINT('',(-35.86796182123,2.697279532913,
    14.825164470839));
#1916 = CARTESIAN_POINT('',(-35.89114472835,2.963210024141,
    14.752282082429));
#1917 = CARTESIAN_POINT('',(-35.90298090576,3.098989879595,
    14.715069455981));
#1918 = CARTESIAN_POINT('',(-35.91454092792,3.234255805172,
    14.677981652521));
#1919 = CARTESIAN_POINT('',(-35.92587666804,3.369600572889,
    14.64085622733));
#1920 = CARTESIAN_POINT('',(-35.94296879243,3.573681646447,
    14.584876211793));
#1921 = CARTESIAN_POINT('',(-35.95955338934,3.777943201934,
    14.528810482232));
#1922 = CARTESIAN_POINT('',(-35.97578400842,3.984422068893,
    14.472099150188));
#1923 = CARTESIAN_POINT('',(-35.98117994047,4.053068469043,
    14.453244771702));
#1924 = CARTESIAN_POINT('',(-35.98653652696,4.121959978671,
    14.43431901109));
#1925 = CARTESIAN_POINT('',(-35.99185859711,4.191171512558,
    14.415301218909));
#1926 = CARTESIAN_POINT('',(-36.00243037196,4.328654679281,
    14.37752389217));
#1927 = CARTESIAN_POINT('',(-36.0128665285,4.467400431912,
    14.339383513636));
#1928 = CARTESIAN_POINT('',(-36.02320184689,4.607996314647,
    14.300717918764));
#1929 = CARTESIAN_POINT('',(-36.02831928517,4.677611534196,
    14.281572875896));
#1930 = CARTESIAN_POINT('',(-36.03341189121,4.747679967784,
    14.262299165236));
#1931 = CARTESIAN_POINT('',(-36.03848347843,4.818273316921,
    14.242876967022));
#1932 = CARTESIAN_POINT('',(-36.04849578389,4.957639479041,
    14.204533445469));
#1933 = CARTESIAN_POINT('',(-36.05842649147,5.099050727456,
    14.165611432305));
#1934 = CARTESIAN_POINT('',(-36.06830246564,5.243056534272,
    14.125958878791));
#1935 = CARTESIAN_POINT('',(-36.0731659665,5.313973714488,
    14.106431558232));
#1936 = CARTESIAN_POINT('',(-36.07801608669,5.385519473547,
    14.086727242672));
#1937 = CARTESIAN_POINT('',(-36.08285584335,5.457760033467,
    14.066827592016));
#1938 = CARTESIAN_POINT('',(-36.09001216703,5.564579100398,
    14.037402817085));
#1939 = CARTESIAN_POINT('',(-36.09714584777,5.672916323221,
    14.007551230582));
#1940 = CARTESIAN_POINT('',(-36.10426640057,5.782984553341,
    13.977213870953));
#1941 = CARTESIAN_POINT('',(-36.10661105143,5.819227819891,
    13.967224384919));
#1942 = CARTESIAN_POINT('',(-36.10895382563,5.855651816833,
    13.957184145403));
#1943 = CARTESIAN_POINT('',(-36.11129591805,5.892277558123,
    13.947087349071));
#1944 = CARTESIAN_POINT('',(-36.11593525822,5.964827855803,
    13.927087055027));
#1945 = CARTESIAN_POINT('',(-36.12057068232,6.038150235226,
    13.906870225795));
#1946 = CARTESIAN_POINT('',(-36.12520407638,6.112290890406,
    13.886424052864));
#1947 = CARTESIAN_POINT('',(-36.12749772546,6.148992458434,
    13.876302661065));
#1948 = CARTESIAN_POINT('',(-36.12979059799,6.185890252011,
    13.866126251728));
#1949 = CARTESIAN_POINT('',(-36.13208372134,6.223002749694,
    13.855889720091));
#1950 = CARTESIAN_POINT('',(-36.13662276447,6.296464000112,
    13.835627315394));
#1951 = CARTESIAN_POINT('',(-36.14116198976,6.370750298454,
    13.815133823337));
#1952 = CARTESIAN_POINT('',(-36.14570287271,6.445905556067,
    13.794397046353));
#1953 = CARTESIAN_POINT('',(-36.14795544357,6.483187363364,
    13.784110280892));
#1954 = CARTESIAN_POINT('',(-36.15020789012,6.52067802132,
    13.773765006723));
#1955 = CARTESIAN_POINT('',(-36.15246060107,6.558395575284,
    13.763356196183));
#1956 = CARTESIAN_POINT('',(-36.15711959196,6.636401868474,
    13.741829012317));
#1957 = CARTESIAN_POINT('',(-36.16177965535,6.715360250911,
    13.720035217871));
#1958 = CARTESIAN_POINT('',(-36.1664386666,6.795321478996,13.69796044854
    ));
#1959 = CARTESIAN_POINT('',(-36.1688359587,6.836465668526,
    13.686601836724));
#1960 = CARTESIAN_POINT('',(-36.17123284166,6.877873493806,
    13.675169350893));
#1961 = CARTESIAN_POINT('',(-36.1741185209,6.928067897696,
    13.661309563688));
#1962 = CARTESIAN_POINT('',(-36.17460784756,6.936591291573,
    13.658956018394));
#1963 = CARTESIAN_POINT('',(-36.17509715188,6.945126233326,
    13.656599236936));
#1964 = CARTESIAN_POINT('',(-33.81200340263,-13.61954423744,
    19.391928655054));
#1965 = CARTESIAN_POINT('',(-33.81238852513,-13.61691288704,
    19.391218281128));
#1966 = CARTESIAN_POINT('',(-33.81277705189,-13.61425827709,
    19.390501627922));
#1967 = CARTESIAN_POINT('',(-33.81316897328,-13.61158047327,
    19.389778713171));
#1968 = CARTESIAN_POINT('',(-33.84989268984,-13.36066559527,
    19.322040342942));
#1969 = CARTESIAN_POINT('',(-33.9164905686,-12.90611645883,
    19.199332617698));
#1970 = CARTESIAN_POINT('',(-34.05794680936,-11.94836854773,
    18.940862428516));
#1971 = CARTESIAN_POINT('',(-34.11796801451,-11.5434198519,
    18.831592416217));
#1972 = CARTESIAN_POINT('',(-34.21147257794,-10.91595496389,
    18.662314161874));
#1973 = CARTESIAN_POINT('',(-34.23967785054,-10.72707018221,
    18.611360591616));
#1974 = CARTESIAN_POINT('',(-34.30763780478,-10.27298790629,
    18.488877997248));
#1975 = CARTESIAN_POINT('',(-34.34813630254,-10.00317078835,
    18.416106523413));
#1976 = CARTESIAN_POINT('',(-34.40298848161,-9.63897141815,
    18.317892501289));
#1977 = CARTESIAN_POINT('',(-34.41600461416,-9.55263549086,
    18.294611106386));
#1978 = CARTESIAN_POINT('',(-34.443181916,-9.37255806888,18.246053305823
    ));
#1979 = CARTESIAN_POINT('',(-34.45736139792,-9.278707843572,
    18.220747712831));
#1980 = CARTESIAN_POINT('',(-34.47662315005,-9.151367082576,
    18.186413342204));
#1981 = CARTESIAN_POINT('',(-34.48156143349,-9.118732674641,
    18.177614395146));
#1982 = CARTESIAN_POINT('',(-34.49276697053,-9.044710797888,
    18.157656793133));
#1983 = CARTESIAN_POINT('',(-34.49903390349,-9.003333355649,
    18.146500924461));
#1984 = CARTESIAN_POINT('',(-34.51767648664,-8.880307180841,
    18.113332196269));
#1985 = CARTESIAN_POINT('',(-34.5300557497,-8.798694470754,
    18.091329677116));
#1986 = CARTESIAN_POINT('',(-34.54857093415,-8.676755988726,
    18.05845679118));
#1987 = CARTESIAN_POINT('',(-34.55469034277,-8.636474973595,
    18.04759781704));
#1988 = CARTESIAN_POINT('',(-34.57288413267,-8.516768244573,
    18.015327790739));
#1989 = CARTESIAN_POINT('',(-34.58497839158,-8.437263846438,
    17.993896075805));
#1990 = CARTESIAN_POINT('',(-34.6031175907,-8.318180267237,
    17.961796814931));
#1991 = CARTESIAN_POINT('',(-34.60912691852,-8.278755286135,
    17.951169994028));
#1992 = CARTESIAN_POINT('',(-34.62701952463,-8.16119441159,
    17.91948016691));
#1993 = CARTESIAN_POINT('',(-34.63890503289,-8.082874637574,
    17.898365809329));
#1994 = CARTESIAN_POINT('',(-34.65664772098,-7.965589517636,
    17.866742836514));
#1995 = CARTESIAN_POINT('',(-34.66249427114,-7.926881666236,
    17.856305610366));
#1996 = CARTESIAN_POINT('',(-34.68545614304,-7.774625808568,
    17.815248733055));
#1997 = CARTESIAN_POINT('',(-34.70260948874,-7.660377928138,
    17.784435677895));
#1998 = CARTESIAN_POINT('',(-34.73094620208,-7.470763017424,
    17.733286700767));
#1999 = CARTESIAN_POINT('',(-34.74208305132,-7.396018864269,
    17.713122027076));
#2000 = CARTESIAN_POINT('',(-34.77469172548,-7.176500181359,
    17.653892806337));
#2001 = CARTESIAN_POINT('',(-34.79627780478,-7.030348088493,
    17.614450312327));
#2002 = CARTESIAN_POINT('',(-34.82852195631,-6.810691504332,
    17.555157211617));
#2003 = CARTESIAN_POINT('',(-34.83900929605,-6.739042521317,
    17.53581451402));
#2004 = CARTESIAN_POINT('',(-34.86973423966,-6.528505326138,
    17.478970552342));
#2005 = CARTESIAN_POINT('',(-34.89012503205,-6.387999335526,
    17.441026753054));
#2006 = CARTESIAN_POINT('',(-34.92064957926,-6.176397404995,
    17.383870670843));
#2007 = CARTESIAN_POINT('',(-34.93058595518,-6.10732256418,
    17.365210833833));
#2008 = CARTESIAN_POINT('',(-34.95264470195,-5.953525192748,
    17.323659604841));
#2009 = CARTESIAN_POINT('',(-34.9647957539,-5.868510345164,
    17.300688320389));
#2010 = CARTESIAN_POINT('',(-34.99375239633,-5.665161706777,
    17.245735405638));
#2011 = CARTESIAN_POINT('',(-35.01047882114,-5.547110614384,
    17.213827476168));
#2012 = CARTESIAN_POINT('',(-35.04577357594,-5.296708230215,
    17.14613366333));
#2013 = CARTESIAN_POINT('',(-35.06434344316,-5.164202609797,
    17.110304658246));
#2014 = CARTESIAN_POINT('',(-35.11878201532,-4.773401152958,
    17.004610607265));
#2015 = CARTESIAN_POINT('',(-35.15462549928,-4.513068810412,
    16.934173378746));
#2016 = CARTESIAN_POINT('',(-35.2077064695,-4.122417961813,
    16.828427462841));
#2017 = CARTESIAN_POINT('',(-35.22507456217,-3.993777526942,
    16.793597859506));
#2018 = CARTESIAN_POINT('',(-35.27659780185,-3.609553233382,
    16.68954413786));
#2019 = CARTESIAN_POINT('',(-35.31058549356,-3.352640312083,
    16.619936141721));
#2020 = CARTESIAN_POINT('',(-35.360985183,-2.965659191272,
    16.515032382649));
#2021 = CARTESIAN_POINT('',(-35.37767034727,-2.836544491865,
    16.480022624032));
#2022 = CARTESIAN_POINT('',(-35.41928981388,-2.511747411761,
    16.391928650171));
#2023 = CARTESIAN_POINT('',(-35.44408452481,-2.31574215147,
    16.338744324245));
#2024 = CARTESIAN_POINT('',(-35.47680434849,-2.053262444982,
    16.267489209694));
#2025 = CARTESIAN_POINT('',(-35.48501098344,-1.987101990254,
    16.249525874727));
#2026 = CARTESIAN_POINT('',(-35.50969185471,-1.787118843212,
    16.195219436655));
#2027 = CARTESIAN_POINT('',(-35.52605000609,-1.653198565333,
    16.158840957298));
#2028 = CARTESIAN_POINT('',(-35.55044036722,-1.451372102196,
    16.103998071558));
#2029 = CARTESIAN_POINT('',(-35.55859685218,-1.383509668835,
    16.08555452975));
#2030 = CARTESIAN_POINT('',(-35.57903132304,-1.212546059935,
    16.03908242774));
#2031 = CARTESIAN_POINT('',(-35.59125106767,-1.109437107908,
    16.011047654505));
#2032 = CARTESIAN_POINT('',(-35.60744434159,-0.971599758792,
    15.973560561964));
#2033 = CARTESIAN_POINT('',(-35.61151410569,-0.936855122139,
    15.964110360766));
#2034 = CARTESIAN_POINT('',(-35.62375981418,-0.831997148305,
    15.93558747663));
#2035 = CARTESIAN_POINT('',(-35.63189723496,-0.761893983049,
    15.916514974084));
#2036 = CARTESIAN_POINT('',(-35.64405365731,-0.656517383399,
    15.887840634802));
#2037 = CARTESIAN_POINT('',(-35.6481121978,-0.621226369765,
    15.878236613183));
#2038 = CARTESIAN_POINT('',(-35.66021658359,-0.515641137464,
    15.849500229916));
#2039 = CARTESIAN_POINT('',(-35.66822185067,-0.445368492631,
    15.830371100052));
#2040 = CARTESIAN_POINT('',(-35.6801296589,-0.340163485694,
    15.80172760141));
#2041 = CARTESIAN_POINT('',(-35.68407414991,-0.305201756417,
    15.792207912916));
#2042 = CARTESIAN_POINT('',(-35.69583697319,-0.20060333268,
    15.763724277042));
#2043 = CARTESIAN_POINT('',(-35.70361360008,-0.130999140914,
    15.744766544588));
#2044 = CARTESIAN_POINT('',(-35.71518017707,-2.67849035463E-02,
    15.716376925786));
#2045 = CARTESIAN_POINT('',(-35.71901319299,7.8652820945E-03,
    15.706936779501));
#2046 = CARTESIAN_POINT('',(-35.73059611134,0.112925409947,15.6783113547
    ));
#2047 = CARTESIAN_POINT('',(-35.73830080822,0.183289909354,
    15.659135673219));
#2048 = CARTESIAN_POINT('',(-35.74955533622,0.286793466561,
    15.630923501506));
#2049 = CARTESIAN_POINT('',(-35.75313601477,0.319833490598,
    15.621916888145));
#2050 = CARTESIAN_POINT('',(-35.76416643248,0.421950576307,
    15.594077548153));
#2051 = CARTESIAN_POINT('',(-35.77151463663,0.490462219493,
    15.575396163947));
#2052 = CARTESIAN_POINT('',(-35.7935431311,0.697277007604,
    15.518992400044));
#2053 = CARTESIAN_POINT('',(-35.8078277077,0.833388487383,
    15.481856502543));
#2054 = CARTESIAN_POINT('',(-35.82165199384,0.96700720952,
    15.445386951022));
#2055 = CARTESIAN_POINT('',(-35.82873116678,1.035431092651,
    15.426711511076));
#2056 = CARTESIAN_POINT('',(-35.83568962572,1.103201766253,
    15.408210675588));
#2057 = CARTESIAN_POINT('',(-35.84253491121,1.170370496912,
    15.389870606924));
#2058 = CARTESIAN_POINT('',(-35.86370465999,1.378099587641,
    15.333151250756));
#2059 = CARTESIAN_POINT('',(-35.88379352899,1.580073152525,
    15.277969165217));
#2060 = CARTESIAN_POINT('',(-35.90300551723,1.777821845157,
    15.223909739216));
#2061 = CARTESIAN_POINT('',(-35.91626381053,1.914290777779,
    15.186602619252));
#2062 = CARTESIAN_POINT('',(-35.92910418758,2.048749283149,
    15.149829677726));
#2063 = CARTESIAN_POINT('',(-35.94158690969,2.181700310703,
    15.113454210773));
#2064 = CARTESIAN_POINT('',(-35.96736832256,2.45631117025,
    15.038320426044));
#2065 = CARTESIAN_POINT('',(-35.99163081643,2.72449318746,
    14.964882165017));
#2066 = CARTESIAN_POINT('',(-36.01483768611,2.990698567408,
    14.891924438987));
#2067 = CARTESIAN_POINT('',(-36.02668609955,3.126618788318,
    14.854673343163));
#2068 = CARTESIAN_POINT('',(-36.03825812128,3.262025118651,
    14.81754704294));
#2069 = CARTESIAN_POINT('',(-36.04960562588,3.397510350719,
    14.780383088004));
#2070 = CARTESIAN_POINT('',(-36.06671548946,3.601803226164,
    14.724344974641));
#2071 = CARTESIAN_POINT('',(-36.08331726149,3.806276361904,
    14.668221170258));
#2072 = CARTESIAN_POINT('',(-36.09956450986,4.012966782592,
    14.611451733007));
#2073 = CARTESIAN_POINT('',(-36.10496597046,4.081683516051,
    14.592578036817));
#2074 = CARTESIAN_POINT('',(-36.11032802312,4.150645330372,
    14.573632962197));
#2075 = CARTESIAN_POINT('',(-36.11565549767,4.219927146582,
    14.554595857995));
#2076 = CARTESIAN_POINT('',(-36.12623800783,4.357549922385,
    14.516780169779));
#2077 = CARTESIAN_POINT('',(-36.13668463685,4.496434946398,
    14.478601506151));
#2078 = CARTESIAN_POINT('',(-36.14703017012,4.637169787153,
    14.439897696114));
#2079 = CARTESIAN_POINT('',(-36.15215266618,4.70685381029,
    14.420733731413));
#2080 = CARTESIAN_POINT('',(-36.15725026252,4.776990911815,
    14.40144113224));
#2081 = CARTESIAN_POINT('',(-36.1623267731,4.847652791079,
    14.382000079477));
#2082 = CARTESIAN_POINT('',(-36.17234879818,4.9871542444,14.343619335543
    ));
#2083 = CARTESIAN_POINT('',(-36.18228893435,5.128699828403,
    14.304660347509));
#2084 = CARTESIAN_POINT('',(-36.19217405155,5.272838954228,
    14.264971084089));
#2085 = CARTESIAN_POINT('',(-36.19704205492,5.343821787907,
    14.245425685595));
#2086 = CARTESIAN_POINT('',(-36.2018966009,5.41543284462,14.225703386447
    ));
#2087 = CARTESIAN_POINT('',(-36.20674070701,5.487738326591,
    14.205785852124));
#2088 = CARTESIAN_POINT('',(-36.21390346199,5.594653390241,
    14.176334633583));
#2089 = CARTESIAN_POINT('',(-36.22104338812,5.703085504699,
    14.14645690013));
#2090 = CARTESIAN_POINT('',(-36.22817000524,5.813247476151,
    14.116093703214));
#2091 = CARTESIAN_POINT('',(-36.23051665295,5.849521609639,
    14.106095709534));
#2092 = CARTESIAN_POINT('',(-36.23286140302,5.885976327951,
    14.096047001694));
#2093 = CARTESIAN_POINT('',(-36.2352054506,5.922632644251,14.0859417766)
  );
#2094 = CARTESIAN_POINT('',(-36.23984866364,5.995243506296,
    14.065924786482));
#2095 = CARTESIAN_POINT('',(-36.24448786811,6.068625698616,
    14.045691465257));
#2096 = CARTESIAN_POINT('',(-36.24912495823,6.142825495707,
    14.02522898244));
#2097 = CARTESIAN_POINT('',(-36.25142043695,6.179556340446,
    14.015099516842));
#2098 = CARTESIAN_POINT('',(-36.25371512009,6.21648327295,
    14.004915070982));
#2099 = CARTESIAN_POINT('',(-36.25601002988,6.253624682736,
    13.994670564682));
#2100 = CARTESIAN_POINT('',(-36.26055260892,6.327143161356,
    13.974392375043));
#2101 = CARTESIAN_POINT('',(-36.26509525632,6.401485478051,
    13.953883429044));
#2102 = CARTESIAN_POINT('',(-36.26963952241,6.476696727426,
    13.933131202868));
#2103 = CARTESIAN_POINT('',(-36.27189377152,6.514006309233,
    13.922836773895));
#2104 = CARTESIAN_POINT('',(-36.27414798533,6.551526380683,
    13.912483383293));
#2105 = CARTESIAN_POINT('',(-36.27640240704,6.589272580175,
    13.902066667516));
#2106 = CARTESIAN_POINT('',(-36.28106493635,6.667338120169,
    13.880523133462));
#2107 = CARTESIAN_POINT('',(-36.28572852653,6.746356253594,
    13.858712846798));
#2108 = CARTESIAN_POINT('',(-36.29039112915,6.826379116716,
    13.836621061989));
#2109 = CARTESIAN_POINT('',(-36.29279026888,6.867555016966,
    13.825253695842));
#2110 = CARTESIAN_POINT('',(-36.29518899486,6.908994680862,
    13.813812419539));
#2111 = CARTESIAN_POINT('',(-36.29807691851,6.959228124117,
    13.799941852703));
#2112 = CARTESIAN_POINT('',(-36.29856662497,6.967758133875,
    13.797586480579));
#2113 = CARTESIAN_POINT('',(-36.29905630855,6.976299690988,
    13.795227872401));
#2114 = ADVANCED_FACE('',(#2115),#2321,.T.);
#2115 = FACE_BOUND('',#2116,.T.);
#2116 = EDGE_LOOP('',(#2117,#2159,#2180,#2187,#2188,#2197));
#2117 = ORIENTED_EDGE('',*,*,#2118,.F.);
#2118 = EDGE_CURVE('',#2119,#2121,#2123,.T.);
#2119 = VERTEX_POINT('',#2120);
#2120 = CARTESIAN_POINT('',(-36.29164743939,7.731239292169,
    14.212730697046));
#2121 = VERTEX_POINT('',#2122);
#2122 = CARTESIAN_POINT('',(-36.18414388637,8.135873935887,
    15.75221770045));
#2123 = B_SPLINE_CURVE_WITH_KNOTS('',3,(#2124,#2125,#2126,#2127,#2128,
    #2129,#2130,#2131,#2132,#2133,#2134,#2135,#2136,#2137,#2138,#2139,
    #2140,#2141,#2142,#2143,#2144,#2145,#2146,#2147,#2148,#2149,#2150,
    #2151,#2152,#2153,#2154,#2155,#2156,#2157,#2158),.UNSPECIFIED.,.F.,
  .F.,(4,1,1,1,2,1,1,1,2,1,1,1,3,2,1,1,1,1,1,3,2,1,1,1,4),(
    0.338782116009,0.34188932602,0.34810374604,0.351210956051,
    0.354318166061,0.361348033593,0.364862967358,0.368377901124,
    0.37189283489,0.396443776561,0.408719247396,0.420994718232,
    0.433270189068,0.433295901042,0.460718591094,0.474429936121,
    0.481285608634,0.488141281147,0.49499695366,0.501852626174,
    0.501874096018,0.502728890116,0.504438478312,0.50529327241,
    0.506148066508),.UNSPECIFIED.);
#2124 = CARTESIAN_POINT('',(-36.29164743939,7.731239292169,
    14.212730697046));
#2125 = CARTESIAN_POINT('',(-36.29093878356,7.734006255115,
    14.22291977737));
#2126 = CARTESIAN_POINT('',(-36.28881194246,7.742302385316,
    14.253496237416));
#2127 = CARTESIAN_POINT('',(-36.28597184331,7.753348035935,
    14.294313462455));
#2128 = CARTESIAN_POINT('',(-36.2831272956,7.764378613031,
    14.335181373509));
#2129 = CARTESIAN_POINT('',(-36.2817036167,7.769888631683,
    14.355631128795));
#2130 = CARTESIAN_POINT('',(-36.27938017731,7.778872274346,
    14.389001506723));
#2131 = CARTESIAN_POINT('',(-36.2769606344,7.788207066278,
    14.423743805108));
#2132 = CARTESIAN_POINT('',(-36.27372840614,7.800636716245,
    14.470138876191));
#2133 = CARTESIAN_POINT('',(-36.27130162244,7.809948930038,
    14.504964459138));
#2134 = CARTESIAN_POINT('',(-36.26968158951,7.816152061779,
    14.528207282359));
#2135 = CARTESIAN_POINT('',(-36.26321463072,7.840888359673,
    14.62097901434));
#2136 = CARTESIAN_POINT('',(-36.25456973294,7.873703229263,
    14.744891056761));
#2137 = CARTESIAN_POINT('',(-36.24361996671,7.914879820779,
    14.90168101913));
#2138 = CARTESIAN_POINT('',(-36.23565273008,7.944678457168,
    15.015697392479));
#2139 = CARTESIAN_POINT('',(-36.23049538853,7.963873942799,
    15.089463730243));
#2140 = CARTESIAN_POINT('',(-36.22795035427,7.973326897384,
    15.125857707455));
#2141 = CARTESIAN_POINT('',(-36.2279450234,7.973346697699,
    15.125933938884));
#2142 = CARTESIAN_POINT('',(-36.22793969438,7.973366491153,
    15.126010143822));
#2143 = CARTESIAN_POINT('',(-36.22224651265,7.994512177014,
    15.207422469961));
#2144 = CARTESIAN_POINT('',(-36.21397021358,8.02510863118,
    15.325714078382));
#2145 = CARTESIAN_POINT('',(-36.20462472435,8.059672894614,
    15.459292875509));
#2146 = CARTESIAN_POINT('',(-36.1994018808,8.079022684029,
    15.533958444523));
#2147 = CARTESIAN_POINT('',(-36.19545349402,8.093677113372,
    15.590415114119));
#2148 = CARTESIAN_POINT('',(-36.19170600781,8.107615307847,
    15.644011153912));
#2149 = CARTESIAN_POINT('',(-36.18884601122,8.118280812218,
    15.684925941661));
#2150 = CARTESIAN_POINT('',(-36.18725404832,8.124230434896,
    15.707705643219));
#2151 = CARTESIAN_POINT('',(-36.18724906282,8.124249067119,
    15.707776981607));
#2152 = CARTESIAN_POINT('',(-36.18724407621,8.124267703644,
    15.707848336055));
#2153 = CARTESIAN_POINT('',(-36.18704050844,8.12502850454,
    15.710761230146));
#2154 = CARTESIAN_POINT('',(-36.18643945671,8.127275403788,
    15.719362037982));
#2155 = CARTESIAN_POINT('',(-36.18561836485,8.130347635888,
    15.73111266078));
#2156 = CARTESIAN_POINT('',(-36.18478072118,8.133485625398,
    15.743101722411));
#2157 = CARTESIAN_POINT('',(-36.18435690854,8.135074769633,
    15.749168280708));
#2158 = CARTESIAN_POINT('',(-36.18414388637,8.135873935887,
    15.75221770045));
#2159 = ORIENTED_EDGE('',*,*,#2160,.F.);
#2160 = EDGE_CURVE('',#2161,#2119,#2163,.T.);
#2161 = VERTEX_POINT('',#2162);
#2162 = CARTESIAN_POINT('',(-36.29986573924,6.990429495239,
    13.791326119944));
#2163 = B_SPLINE_CURVE_WITH_KNOTS('',3,(#2164,#2165,#2166,#2167,#2168,
    #2169,#2170,#2171,#2172,#2173,#2174,#2175,#2176,#2177,#2178,#2179),
  .UNSPECIFIED.,.F.,.F.,(4,2,2,1,1,2,2,2,4),(0.,2.277770612469E-02,
    3.701199673308E-02,3.854256915886E-02,6.463005564859E-02,
    6.867162933116E-02,7.820706087244E-02,0.112157236776,0.158337215511)
  ,.UNSPECIFIED.);
#2164 = CARTESIAN_POINT('',(-36.29986573924,6.990429495239,
    13.791326119944));
#2165 = CARTESIAN_POINT('',(-36.3023777337,7.034313901991,
    13.779207906083));
#2166 = CARTESIAN_POINT('',(-36.3045123476,7.07935111574,13.772138855247
    ));
#2167 = CARTESIAN_POINT('',(-36.30731155204,7.152971139601,
    13.768964710057));
#2168 = CARTESIAN_POINT('',(-36.30822735616,7.181392605577,
    13.769741973876));
#2169 = CARTESIAN_POINT('',(-36.30905466211,7.212745237962,
    13.772832193274));
#2170 = CARTESIAN_POINT('',(-36.31046966222,7.267680650323,
    13.778669241096));
#2171 = CARTESIAN_POINT('',(-36.31134008052,7.329323794329,
    13.793978673934));
#2172 = CARTESIAN_POINT('',(-36.31138188989,7.384801876319,
    13.816938980717));
#2173 = CARTESIAN_POINT('',(-36.31135332672,7.409598408409,
    13.827788131594));
#2174 = CARTESIAN_POINT('',(-36.31125458429,7.426671982674,
    13.836240061637));
#2175 = CARTESIAN_POINT('',(-36.31044535461,7.502700104452,
    13.878489981718));
#2176 = CARTESIAN_POINT('',(-36.30882688296,7.555968346148,
    13.921226560091));
#2177 = CARTESIAN_POINT('',(-36.30290022147,7.662057603514,
    14.040665068152));
#2178 = CARTESIAN_POINT('',(-36.29783214811,7.7070908808,14.12380669076)
  );
#2179 = CARTESIAN_POINT('',(-36.29164743939,7.731239292169,
    14.212730697046));
#2180 = ORIENTED_EDGE('',*,*,#2181,.F.);
#2181 = EDGE_CURVE('',#1347,#2161,#2182,.T.);
#2182 = B_SPLINE_CURVE_WITH_KNOTS('',3,(#2183,#2184,#2185,#2186),
  .UNSPECIFIED.,.F.,.F.,(4,4),(-4.200548094454,-4.197785654263),
  .PIECEWISE_BEZIER_KNOTS.);
#2183 = CARTESIAN_POINT('',(-36.29905630855,6.976299690988,
    13.795227872401));
#2184 = CARTESIAN_POINT('',(-36.29932612576,6.981006116048,
    13.793928271814));
#2185 = CARTESIAN_POINT('',(-36.29959593598,6.985716046939,
    13.792627688742));
#2186 = CARTESIAN_POINT('',(-36.29986573924,6.990429495239,
    13.791326119944));
#2187 = ORIENTED_EDGE('',*,*,#1344,.F.);
#2188 = ORIENTED_EDGE('',*,*,#2189,.F.);
#2189 = EDGE_CURVE('',#2190,#1345,#2192,.T.);
#2190 = VERTEX_POINT('',#2191);
#2191 = CARTESIAN_POINT('',(-33.72136774945,-12.64669118822,
    21.402901837833));
#2192 = B_SPLINE_CURVE_WITH_KNOTS('',3,(#2193,#2194,#2195,#2196),
  .UNSPECIFIED.,.F.,.F.,(4,4),(-0.320000000828,-0.100000000828),
  .PIECEWISE_BEZIER_KNOTS.);
#2193 = CARTESIAN_POINT('',(-33.72136774945,-12.64669118822,
    21.402901837833));
#2194 = CARTESIAN_POINT('',(-33.77017974391,-12.844049861,
    20.698313503234));
#2195 = CARTESIAN_POINT('',(-33.81899173838,-13.04140853378,
    19.993725168635));
#2196 = CARTESIAN_POINT('',(-33.86780373284,-13.23876720656,
    19.289136834037));
#2197 = ORIENTED_EDGE('',*,*,#2198,.F.);
#2198 = EDGE_CURVE('',#2121,#2190,#2199,.T.);
#2199 = B_SPLINE_CURVE_WITH_KNOTS('',3,(#2200,#2201,#2202,#2203,#2204,
    #2205,#2206,#2207,#2208,#2209,#2210,#2211,#2212,#2213,#2214,#2215,
    #2216,#2217,#2218,#2219,#2220,#2221,#2222,#2223,#2224,#2225,#2226,
    #2227,#2228,#2229,#2230,#2231,#2232,#2233,#2234,#2235,#2236,#2237,
    #2238,#2239,#2240,#2241,#2242,#2243,#2244,#2245,#2246,#2247,#2248,
    #2249,#2250,#2251,#2252,#2253,#2254,#2255,#2256,#2257,#2258,#2259,
    #2260,#2261,#2262,#2263,#2264,#2265,#2266,#2267,#2268,#2269,#2270,
    #2271,#2272,#2273,#2274,#2275,#2276,#2277,#2278,#2279,#2280,#2281,
    #2282,#2283,#2284,#2285,#2286,#2287,#2288,#2289,#2290,#2291,#2292,
    #2293,#2294,#2295,#2296,#2297,#2298,#2299,#2300,#2301,#2302,#2303,
    #2304,#2305,#2306,#2307,#2308,#2309,#2310,#2311,#2312,#2313,#2314,
    #2315,#2316,#2317,#2318,#2319,#2320),.UNSPECIFIED.,.F.,.F.,(4,2,2,2,
    2,2,2,2,2,2,2,2,2,2,2,2,2,2,2,2,2,2,2,2,2,2,2,2,2,2,2,2,2,2,2,2,2,2,
    2,2,2,2,2,2,2,2,2,2,2,2,2,2,2,2,2,2,2,2,2,1,4),(-0.417973074817,
    -0.416532625643,-0.415593221775,-0.413678401341,-0.412714663193,
    -0.41080853217,-0.409870207667,-0.407943214143,-0.406950694091,
    -0.404904265154,-0.403849098803,-0.400548218969,-0.398229766483,
    -0.393302207699,-0.390698124226,-0.385256706713,-0.382454971708,
    -0.374030071007,-0.368658069641,-0.358482895643,-0.35337514869,
    -0.34563242646,-0.343022184901,-0.33774555378,-0.335074945151,
    -0.3310225235,-0.329658174293,-0.326907402173,-0.325520339353,
    -0.322721243526,-0.321309638884,-0.318493599566,-0.317091699636,
    -0.312906524779,-0.310130195998,-0.304597887221,-0.301836099638,
    -0.293535940344,-0.287958507436,-0.276568675733,-0.270692332897,
    -0.258390380476,-0.251874924953,-0.241489626642,-0.237829752603,
    -0.230147517158,-0.226098192575,-0.217499724749,-0.21290825538,
    -0.205577497919,-0.202998746674,-0.197605912162,-0.19479410937,
    -0.188891355731,-0.185767477876,-0.179295140307,-0.175982615487,
    -0.135239297044,-0.117735175884,-7.496133110156E-02,
    -2.957074234735E-02),.UNSPECIFIED.);
#2200 = CARTESIAN_POINT('',(-36.18414388637,8.135873935887,
    15.75221770045));
#2201 = CARTESIAN_POINT('',(-36.18037843779,8.065828914564,
    15.771576795141));
#2202 = CARTESIAN_POINT('',(-36.17663649969,7.997085263768,
    15.790572998291));
#2203 = CARTESIAN_POINT('',(-36.17049697572,7.885580070407,
    15.821380821443));
#2204 = CARTESIAN_POINT('',(-36.16808444452,7.842098382681,
    15.833393122275));
#2205 = CARTESIAN_POINT('',(-36.16078941764,7.711565080449,
    15.869450762135));
#2206 = CARTESIAN_POINT('',(-36.15594392256,7.626152628457,
    15.893039526988));
#2207 = CARTESIAN_POINT('',(-36.14873897791,7.500826527858,
    15.927644844722));
#2208 = CARTESIAN_POINT('',(-36.14633998815,7.459385624445,
    15.939086449947));
#2209 = CARTESIAN_POINT('',(-36.13923708554,7.337480642411,
    15.972740564748));
#2210 = CARTESIAN_POINT('',(-36.13457331732,7.258483219062,
    15.994545038085));
#2211 = CARTESIAN_POINT('',(-36.12769821817,7.143371412117,
    16.026312132755));
#2212 = CARTESIAN_POINT('',(-36.12544369481,7.105848888186,
    16.036666188864));
#2213 = CARTESIAN_POINT('',(-36.11860130206,6.992602647316,
    16.067912995115));
#2214 = CARTESIAN_POINT('',(-36.11405889652,6.918285045587,
    16.088415035086));
#2215 = CARTESIAN_POINT('',(-36.10726354247,6.808306964852,
    16.118749672328));
#2216 = CARTESIAN_POINT('',(-36.10496849545,6.771377087372,
    16.128934917882));
#2217 = CARTESIAN_POINT('',(-36.09798666524,6.659658416582,
    16.159744184387));
#2218 = CARTESIAN_POINT('',(-36.09334802163,6.586308564856,
    16.179968485707));
#2219 = CARTESIAN_POINT('',(-36.08640803537,6.477780729998,
    16.209886882216));
#2220 = CARTESIAN_POINT('',(-36.08406289235,6.441322905972,
    16.219936432759));
#2221 = CARTESIAN_POINT('',(-36.07444481807,6.29264908031,16.26091438792
    ));
#2222 = CARTESIAN_POINT('',(-36.06730729717,6.184338744849,
    16.290758177105));
#2223 = CARTESIAN_POINT('',(-36.0553844155,6.006372119233,16.33978151868
    ));
#2224 = CARTESIAN_POINT('',(-36.05053118239,5.934805623232,
    16.359491427105));
#2225 = CARTESIAN_POINT('',(-36.03554708073,5.71631864395,
    16.419652645853));
#2226 = CARTESIAN_POINT('',(-36.02562545445,5.575232325002,
    16.458484273803));
#2227 = CARTESIAN_POINT('',(-36.01074397688,5.368089401663,
    16.515475076222));
#2228 = CARTESIAN_POINT('',(-36.00564998917,5.298023030645,
    16.534748113428));
#2229 = CARTESIAN_POINT('',(-35.99002466193,5.085468404868,
    16.593203228394));
#2230 = CARTESIAN_POINT('',(-35.97961913906,4.947251114117,
    16.631197704376));
#2231 = CARTESIAN_POINT('',(-35.96386145393,4.742327244094,
    16.687506237733));
#2232 = CARTESIAN_POINT('',(-35.95850659068,4.673461593292,
    16.706424874541));
#2233 = CARTESIAN_POINT('',(-35.93694498084,4.39918425692,
    16.781757574463));
#2234 = CARTESIAN_POINT('',(-35.9205671706,4.197325723693,
    16.837164531299));
#2235 = CARTESIAN_POINT('',(-35.89205392942,3.856874488796,
    16.930551275155));
#2236 = CARTESIAN_POINT('',(-35.88060180999,3.722739537385,
    16.967329762402));
#2237 = CARTESIAN_POINT('',(-35.8452032215,3.31661683419,17.078634408998
    ));
#2238 = CARTESIAN_POINT('',(-35.82030494025,3.041595621478,
    17.153944316664));
#2239 = CARTESIAN_POINT('',(-35.78249318023,2.638977556832,
    17.264100118696));
#2240 = CARTESIAN_POINT('',(-35.76960198887,2.504031656263,
    17.301006061733));
#2241 = CARTESIAN_POINT('',(-35.73680314578,2.166442591632,
    17.39329420258));
#2242 = CARTESIAN_POINT('',(-35.71662758367,1.963879557812,
    17.448635395399));
#2243 = CARTESIAN_POINT('',(-35.6891775478,1.694530707006,
    17.522179667865));
#2244 = CARTESIAN_POINT('',(-35.6822159097,1.626740303622,
    17.540685809518));
#2245 = CARTESIAN_POINT('',(-35.66106469389,1.422303033409,
    17.596484394488));
#2246 = CARTESIAN_POINT('',(-35.64675538507,1.286049889362,
    17.633658259465));
#2247 = CARTESIAN_POINT('',(-35.6249883285,1.08169018983,17.689392452702
    ));
#2248 = CARTESIAN_POINT('',(-35.61763706407,1.013161947775,
    17.708078274326));
#2249 = CARTESIAN_POINT('',(-35.59904359534,0.841027914202,
    17.755005757748));
#2250 = CARTESIAN_POINT('',(-35.58775620947,0.737618794481,
    17.783189200753));
#2251 = CARTESIAN_POINT('',(-35.57257102725,0.59988521789,
    17.820717063997));
#2252 = CARTESIAN_POINT('',(-35.56873798856,0.565235195261,
    17.830157163045));
#2253 = CARTESIAN_POINT('',(-35.55715269831,0.460852362307,
    17.858592709895));
#2254 = CARTESIAN_POINT('',(-35.54937588583,0.391249456692,
    17.877550069234));
#2255 = CARTESIAN_POINT('',(-35.53763184324,0.286818036386,
    17.905988227702));
#2256 = CARTESIAN_POINT('',(-35.53368732883,0.251856465148,
    17.915507870308));
#2257 = CARTESIAN_POINT('',(-35.52176030226,0.146481671197,
    17.944197595731));
#2258 = CARTESIAN_POINT('',(-35.51375485117,7.62102697984E-02,
    17.963326364555));
#2259 = CARTESIAN_POINT('',(-35.50166972095,-2.92069786162E-02,
    17.992017028685));
#2260 = CARTESIAN_POINT('',(-35.49761115787,-6.44978393649E-02,
    18.001621005915));
#2261 = CARTESIAN_POINT('',(-35.48543557355,-0.170040561247,
    18.030340549361));
#2262 = CARTESIAN_POINT('',(-35.47729797026,-0.240142562952,
    18.049412713347));
#2263 = CARTESIAN_POINT('',(-35.46507176261,-0.344833561404,
    18.077890177824));
#2264 = CARTESIAN_POINT('',(-35.46100197635,-0.379578060513,
    18.087340338959));
#2265 = CARTESIAN_POINT('',(-35.4447588264,-0.517839923362,
    18.124942884606));
#2266 = CARTESIAN_POINT('',(-35.43253851621,-0.620945421086,
    18.152976651093));
#2267 = CARTESIAN_POINT('',(-35.4121361455,-0.791640508397,
    18.199375762699));
#2268 = CARTESIAN_POINT('',(-35.40397950164,-0.859502005181,
    18.217819031158));
#2269 = CARTESIAN_POINT('',(-35.37951634899,-1.061930666898,
    18.27282555288));
#2270 = CARTESIAN_POINT('',(-35.3631569631,-1.195844187003,
    18.309202053828));
#2271 = CARTESIAN_POINT('',(-35.33855058759,-1.395223842391,
    18.363344611787));
#2272 = CARTESIAN_POINT('',(-35.330343818,-1.461383536693,
    18.381307724427));
#2273 = CARTESIAN_POINT('',(-35.29742856551,-1.72542978974,
    18.452988097588));
#2274 = CARTESIAN_POINT('',(-35.27263004901,-1.921417138033,
    18.506167142635));
#2275 = CARTESIAN_POINT('',(-35.23113399205,-2.245251949937,
    18.594000129932));
#2276 = CARTESIAN_POINT('',(-35.21444781452,-2.374362236654,
    18.629008582336));
#2277 = CARTESIAN_POINT('',(-35.16372588492,-2.763815094405,
    18.734582363143));
#2278 = CARTESIAN_POINT('',(-35.12972935062,-3.020700554733,
    18.804182054738));
#2279 = CARTESIAN_POINT('',(-35.07852246672,-3.402567968323,
    18.907597518998));
#2280 = CARTESIAN_POINT('',(-35.0611531361,-3.531206009741,
    18.942426366153));
#2281 = CARTESIAN_POINT('',(-35.00766437702,-3.924856237807,
    19.048984172474));
#2282 = CARTESIAN_POINT('',(-34.97180890036,-4.18517971472,
    19.119418086863));
#2283 = CARTESIAN_POINT('',(-34.91775218894,-4.57324176014,
    19.224371269526));
#2284 = CARTESIAN_POINT('',(-34.89918028958,-4.705748043476,
    19.260200319515));
#2285 = CARTESIAN_POINT('',(-34.85144277102,-5.044427689238,
    19.351759025997));
#2286 = CARTESIAN_POINT('',(-34.8225363473,-5.247610624769,
    19.406669005581));
#2287 = CARTESIAN_POINT('',(-34.78414567534,-5.515276510206,
    19.478983933149));
#2288 = CARTESIAN_POINT('',(-34.77420649019,-5.58437068481,
    19.497648991032));
#2289 = CARTESIAN_POINT('',(-34.74361674059,-5.796424815445,
    19.55492721967));
#2290 = CARTESIAN_POINT('',(-34.72319926963,-5.937107832453,
    19.592918756702));
#2291 = CARTESIAN_POINT('',(-34.6925333559,-6.14724030927,
    19.649653444208));
#2292 = CARTESIAN_POINT('',(-34.68204204932,-6.218914705265,
    19.669002985294));
#2293 = CARTESIAN_POINT('',(-34.64958099399,-6.440049208793,
    19.728695031971));
#2294 = CARTESIAN_POINT('',(-34.62795693601,-6.586435994596,
    19.768200633565));
#2295 = CARTESIAN_POINT('',(-34.59554321293,-6.804641962205,
    19.827075661982));
#2296 = CARTESIAN_POINT('',(-34.58440066875,-6.879420071883,
    19.847249452533));
#2297 = CARTESIAN_POINT('',(-34.55585259699,-7.070449360373,
    19.898779961483));
#2298 = CARTESIAN_POINT('',(-34.53867669952,-7.184827313127,
    19.929627888215));
#2299 = CARTESIAN_POINT('',(-34.51601173322,-7.335114325405,
    19.970153851077));
#2300 = CARTESIAN_POINT('',(-34.51016423573,-7.373827516792,
    19.980592507353));
#2301 = CARTESIAN_POINT('',(-34.49224798323,-7.492259933206,
    20.012524819475));
#2302 = CARTESIAN_POINT('',(-34.48035410105,-7.570625990675,
    20.033651561156));
#2303 = CARTESIAN_POINT('',(-34.46262507893,-7.687111864814,
    20.065051608035));
#2304 = CARTESIAN_POINT('',(-34.45661474815,-7.726543041164,
    20.075680094775));
#2305 = CARTESIAN_POINT('',(-34.43823320347,-7.847217928262,
    20.108208299763));
#2306 = CARTESIAN_POINT('',(-34.4261314505,-7.92677602661,
    20.129654537223));
#2307 = CARTESIAN_POINT('',(-34.40816188278,-8.045007391731,
    20.161526840353));
#2308 = CARTESIAN_POINT('',(-34.40204144349,-8.085295800027,
    20.172387813953));
#2309 = CARTESIAN_POINT('',(-34.38354681729,-8.207098870934,
    20.205224194789));
#2310 = CARTESIAN_POINT('',(-34.37116024055,-8.288760835793,
    20.227240003775));
#2311 = CARTESIAN_POINT('',(-34.3525739792,-8.411415274046,
    20.260308508552));
#2312 = CARTESIAN_POINT('',(-34.34630611371,-8.45279918821,
    20.271466125439));
#2313 = CARTESIAN_POINT('',(-34.26327654541,-9.001275457478,
    20.419344958928));
#2314 = CARTESIAN_POINT('',(-34.19027354382,-9.486666124021,
    20.550247818623));
#2315 = CARTESIAN_POINT('',(-34.09325549786,-10.13490127838,
    20.725100522028));
#2316 = CARTESIAN_POINT('',(-34.06504850502,-10.32380568367,
    20.776059469783));
#2317 = CARTESIAN_POINT('',(-33.97154259225,-10.95124973111,
    20.945331793102));
#2318 = CARTESIAN_POINT('',(-33.84776072212,-11.78649502193,
    21.170712829114));
#2319 = CARTESIAN_POINT('',(-33.75727010617,-12.40201874337,
    21.336855102211));
#2320 = CARTESIAN_POINT('',(-33.72136774945,-12.64669118822,
    21.402901837833));
#2321 = B_SPLINE_SURFACE_WITH_KNOTS('',3,1,(
    (#2322,#2323)
    ,(#2324,#2325)
    ,(#2326,#2327)
    ,(#2328,#2329)
    ,(#2330,#2331)
    ,(#2332,#2333)
    ,(#2334,#2335)
    ,(#2336,#2337)
    ,(#2338,#2339)
    ,(#2340,#2341)
    ,(#2342,#2343)
    ,(#2344,#2345)
    ,(#2346,#2347)
    ,(#2348,#2349)
    ,(#2350,#2351)
    ,(#2352,#2353)
    ,(#2354,#2355)
    ,(#2356,#2357)
    ,(#2358,#2359)
    ,(#2360,#2361)
    ,(#2362,#2363)
    ,(#2364,#2365)
    ,(#2366,#2367)
    ,(#2368,#2369)
    ,(#2370,#2371)
    ,(#2372,#2373)
    ,(#2374,#2375)
    ,(#2376,#2377)
    ,(#2378,#2379)
    ,(#2380,#2381)
    ,(#2382,#2383)
    ,(#2384,#2385)
    ,(#2386,#2387)
    ,(#2388,#2389)
    ,(#2390,#2391)
    ,(#2392,#2393)
    ,(#2394,#2395)
    ,(#2396,#2397)
    ,(#2398,#2399)
    ,(#2400,#2401)
    ,(#2402,#2403)
    ,(#2404,#2405)
    ,(#2406,#2407)
    ,(#2408,#2409)
    ,(#2410,#2411)
    ,(#2412,#2413)
    ,(#2414,#2415)
    ,(#2416,#2417)
    ,(#2418,#2419)
    ,(#2420,#2421)
    ,(#2422,#2423)
    ,(#2424,#2425)
    ,(#2426,#2427)
    ,(#2428,#2429)
    ,(#2430,#2431)
    ,(#2432,#2433)
    ,(#2434,#2435)
    ,(#2436,#2437)
    ,(#2438,#2439)
    ,(#2440,#2441)
    ,(#2442,#2443)
    ,(#2444,#2445)
    ,(#2446,#2447)
    ,(#2448,#2449)
    ,(#2450,#2451)
    ,(#2452,#2453)
    ,(#2454,#2455)
    ,(#2456,#2457)
    ,(#2458,#2459)
    ,(#2460,#2461)
    ,(#2462,#2463)
    ,(#2464,#2465
    )),.UNSPECIFIED.,.F.,.F.,.F.,(4,3,1,1,1,1,1,1,1,1,1,1,1,1,1,1,1,1,1,
    1,1,1,1,1,1,1,1,1,1,1,1,1,1,1,1,1,1,1,1,1,1,1,1,1,1,1,1,1,1,1,1,1,1,
    1,1,1,1,1,1,1,1,1,1,1,3,4),(2,2),(-4.737200400226,-3.721969311525,
    -3.570849793576,-3.419730275627,-3.344170516652,-3.230830878191,
    -3.193050998703,-3.136381179473,-3.117491239729,-3.079711360242,
    -3.060821420498,-3.023041541011,-3.004151601267,-2.96637172178,
    -2.947481782036,-2.890811962805,-2.853032083318,-2.777472324344,
    -2.739692444856,-2.664132685882,-2.626352806395,-2.513013167933,
    -2.437453408958,-2.286333891009,-2.210774132035,-2.059654614086,
    -1.984094855111,-1.870755216649,-1.832975337162,-1.757415578187,
    -1.7196356987,-1.662965879469,-1.644075939726,-1.606296060238,
    -1.587406120495,-1.549626241008,-1.530736301264,-1.492956421777,
    -1.474066482033,-1.417396662802,-1.379616783315,-1.30405702434,
    -1.266277144853,-1.152937506391,-1.077377747417,-0.926258229468,
    -0.850698470493,-0.737358832031,-0.699578952544,-0.62401919357,
    -0.586239314082,-0.510679555108,-0.472899675621,-0.41622985639,
    -0.397339916646,-0.359560037159,-0.340670097415,-0.302890217928,
    -0.284000278184,-0.246220398697,-0.227330458953,-0.189550579466,
    -0.170660639723,-0.132880760235,-9.510088074799E-02,5.426873091915),
  (-0.24,0.54),.UNSPECIFIED.);
#2322 = CARTESIAN_POINT('',(-32.13721533394,-21.44299163865,
    26.671274223122));
#2323 = CARTESIAN_POINT('',(-32.6563974795,-23.54217009476,
    19.177016440718));
#2324 = CARTESIAN_POINT('',(-32.58493019116,-18.38397884504,
    25.845446186131));
#2325 = CARTESIAN_POINT('',(-33.10411233672,-20.48315730115,
    18.351188403727));
#2326 = CARTESIAN_POINT('',(-33.03264504839,-15.32496605143,
    25.019618149139));
#2327 = CARTESIAN_POINT('',(-33.55182719395,-17.42414450754,
    17.525360366735));
#2328 = CARTESIAN_POINT('',(-33.48035990561,-12.26595325782,
    24.193790112148));
#2329 = CARTESIAN_POINT('',(-33.99954205117,-14.36513171393,
    16.699532329744));
#2330 = CARTESIAN_POINT('',(-33.54700330745,-11.8106120612,
    24.070863680671));
#2331 = CARTESIAN_POINT('',(-34.06618545301,-13.90979051731,
    16.576605898267));
#2332 = CARTESIAN_POINT('',(-33.67521772417,-10.93884543674,
    23.835559914499));
#2333 = CARTESIAN_POINT('',(-34.19439986973,-13.03802389285,
    16.341302132095));
#2334 = CARTESIAN_POINT('',(-33.82388390396,-9.937086782545,
    23.565261585066));
#2335 = CARTESIAN_POINT('',(-34.34306604952,-12.03626523865,
    16.071003802662));
#2336 = CARTESIAN_POINT('',(-33.95061355609,-9.088568872748,
    23.336367037671));
#2337 = CARTESIAN_POINT('',(-34.46979570166,-11.18774732886,
    15.842109255267));
#2338 = CARTESIAN_POINT('',(-34.0313893326,-8.550626970541,
    23.191282795526));
#2339 = CARTESIAN_POINT('',(-34.55057147816,-10.64980542665,
    15.697025013122));
#2340 = CARTESIAN_POINT('',(-34.10295915393,-8.075923081664,
    23.063274067908));
#2341 = CARTESIAN_POINT('',(-34.62214129949,-10.17510153777,
    15.569016285504));
#2342 = CARTESIAN_POINT('',(-34.14118057009,-7.82306037224,
    22.995093857143));
#2343 = CARTESIAN_POINT('',(-34.66036271565,-9.922238828353,
    15.500836074739));
#2344 = CARTESIAN_POINT('',(-34.17878620931,-7.574770067864,
    22.928151740136));
#2345 = CARTESIAN_POINT('',(-34.69796835487,-9.673948523976,
    15.433893957732));
#2346 = CARTESIAN_POINT('',(-34.20354962819,-7.411515349395,
    22.884138834188));
#2347 = CARTESIAN_POINT('',(-34.72273177375,-9.510693805508,
    15.389881051784));
#2348 = CARTESIAN_POINT('',(-34.23415620658,-7.210048497742,
    22.829827320308));
#2349 = CARTESIAN_POINT('',(-34.75333835215,-9.309226953855,
    15.335569537904));
#2350 = CARTESIAN_POINT('',(-34.25831388096,-7.051245667644,
    22.787019445825));
#2351 = CARTESIAN_POINT('',(-34.77749602653,-9.150424123756,
    15.292761663421));
#2352 = CARTESIAN_POINT('',(-34.28835147099,-6.854179522859,
    22.733901173584));
#2353 = CARTESIAN_POINT('',(-34.80753361655,-8.953357978972,
    15.23964339118));
#2354 = CARTESIAN_POINT('',(-34.31218903744,-6.697092069248,
    22.691551608268));
#2355 = CARTESIAN_POINT('',(-34.831371183,-8.796270525361,
    15.197293825864));
#2356 = CARTESIAN_POINT('',(-34.34725668885,-6.464917406979,
    22.628947736849));
#2357 = CARTESIAN_POINT('',(-34.86643883441,-8.564095863091,
    15.134689954445));
#2358 = CARTESIAN_POINT('',(-34.38158731396,-6.236221261807,
    22.567267155962));
#2359 = CARTESIAN_POINT('',(-34.90076945952,-8.335399717919,
    15.073009373558));
#2360 = CARTESIAN_POINT('',(-34.43170383406,-5.899839517409,
    22.476516913819));
#2361 = CARTESIAN_POINT('',(-34.95088597962,-7.999017973521,
    14.982259131415));
#2362 = CARTESIAN_POINT('',(-34.47489159649,-5.6073296443,
    22.397575392744));
#2363 = CARTESIAN_POINT('',(-34.99407374205,-7.706508100412,
    14.90331761034));
#2364 = CARTESIAN_POINT('',(-34.52733008679,-5.249041700519,
    22.300849976323));
#2365 = CARTESIAN_POINT('',(-35.04651223235,-7.348220156632,
    14.806592193919));
#2366 = CARTESIAN_POINT('',(-34.56811307627,-4.967924029975,
    22.224932870964));
#2367 = CARTESIAN_POINT('',(-35.08729522183,-7.067102486088,
    14.73067508856));
#2368 = CARTESIAN_POINT('',(-34.62772998013,-4.553449765121,
    22.11296669103));
#2369 = CARTESIAN_POINT('',(-35.14691212569,-6.652628221233,
    14.618708908626));
#2370 = CARTESIAN_POINT('',(-34.68539558452,-4.147840183556,
    22.003348371664));
#2371 = CARTESIAN_POINT('',(-35.20457773008,-6.247018639668,
    14.50909058926));
#2372 = CARTESIAN_POINT('',(-34.76888017908,-3.552043429523,
    21.842246360709));
#2373 = CARTESIAN_POINT('',(-35.28806232464,-5.651221885636,
    14.347988578305));
#2374 = CARTESIAN_POINT('',(-34.84030395197,-3.033040004124,
    21.701818997233));
#2375 = CARTESIAN_POINT('',(-35.35948609754,-5.132218460237,
    14.207561214829));
#2376 = CARTESIAN_POINT('',(-34.92706831022,-2.390351626888,
    21.527809625301));
#2377 = CARTESIAN_POINT('',(-35.44625045579,-4.489530083,14.033551842897
    ));
#2378 = CARTESIAN_POINT('',(-34.99481830857,-1.878160027846,
    21.389035778603));
#2379 = CARTESIAN_POINT('',(-35.51400045413,-3.977338483958,
    13.894777996199));
#2380 = CARTESIAN_POINT('',(-35.06984120498,-1.297620223497,
    21.231621110449));
#2381 = CARTESIAN_POINT('',(-35.58902335054,-3.39679867961,
    13.737363328045));
#2382 = CARTESIAN_POINT('',(-35.11935307694,-0.906290021726,
    21.125437646793));
#2383 = CARTESIAN_POINT('',(-35.6385352225,-3.005468477839,
    13.631179864389));
#2384 = CARTESIAN_POINT('',(-35.1685872659,-0.509383651275,
    21.017673033734));
#2385 = CARTESIAN_POINT('',(-35.68776941146,-2.608562107388,
    13.52341525133));
#2386 = CARTESIAN_POINT('',(-35.20128298452,-0.241755198033,
    20.944974059964));
#2387 = CARTESIAN_POINT('',(-35.72046513008,-2.340933654146,
    13.45071627756));
#2388 = CARTESIAN_POINT('',(-35.23798177638,6.35652882618E-02,
    20.861994684608));
#2389 = CARTESIAN_POINT('',(-35.75716392194,-2.035613167851,
    13.367736902204));
#2390 = CARTESIAN_POINT('',(-35.26241487051,0.269700790129,
    20.805947776359));
#2391 = CARTESIAN_POINT('',(-35.78159701607,-1.829477665984,
    13.311689993955));
#2392 = CARTESIAN_POINT('',(-35.2868318449,0.478151261233,20.74925131711
    ));
#2393 = CARTESIAN_POINT('',(-35.80601399046,-1.621027194879,
    13.254993534706));
#2394 = CARTESIAN_POINT('',(-35.30310875788,0.618365100617,
    20.71110435225));
#2395 = CARTESIAN_POINT('',(-35.82229090344,-1.480813355495,
    13.216846569846));
#2396 = CARTESIAN_POINT('',(-35.32343496547,0.795110938872,
    20.663005119174));
#2397 = CARTESIAN_POINT('',(-35.84261711103,-1.30406751724,
    13.16874733677));
#2398 = CARTESIAN_POINT('',(-35.33943633021,0.935581409255,
    20.624767181464));
#2399 = CARTESIAN_POINT('',(-35.85861847577,-1.163597046858,
    13.13050939906));
#2400 = CARTESIAN_POINT('',(-35.35915910799,1.11039433655,
    20.577167562249));
#2401 = CARTESIAN_POINT('',(-35.87834125355,-0.988784119563,
    13.082909779845));
#2402 = CARTESIAN_POINT('',(-35.37470920034,1.2495786402,20.539258623219
    ));
#2403 = CARTESIAN_POINT('',(-35.8938913459,-0.849599815913,
    13.045000840815));
#2404 = CARTESIAN_POINT('',(-35.3977064796,1.457473744838,
    20.482619372165));
#2405 = CARTESIAN_POINT('',(-35.91688862516,-0.641704711274,
    12.988361589761));
#2406 = CARTESIAN_POINT('',(-35.42027181279,1.664236234445,
    20.426267448083));
#2407 = CARTESIAN_POINT('',(-35.93945395836,-0.434942221668,
    12.932009665679));
#2408 = CARTESIAN_POINT('',(-35.45334664968,1.972577587751,
    20.342190855109));
#2409 = CARTESIAN_POINT('',(-35.97252879524,-0.126600868361,
    12.847933072705));
#2410 = CARTESIAN_POINT('',(-35.48194551539,2.244956334014,
    20.267877481888));
#2411 = CARTESIAN_POINT('',(-36.00112766095,0.145777877901,
    12.773619699484));
#2412 = CARTESIAN_POINT('',(-35.52370782102,2.651643639681,
    20.156855548676));
#2413 = CARTESIAN_POINT('',(-36.04288996658,0.552465183568,
    12.662597766272));
#2414 = CARTESIAN_POINT('',(-35.56399591751,3.056273645557,
    20.046307745984));
#2415 = CARTESIAN_POINT('',(-36.08317806307,0.957095189444,
    12.55204996358));
#2416 = CARTESIAN_POINT('',(-35.62185456184,3.661874891112,
    19.880684151413));
#2417 = CARTESIAN_POINT('',(-36.1410367074,1.562696435,12.386426369009)
  );
#2418 = CARTESIAN_POINT('',(-35.67064406795,4.200449804014,
    19.733206676553));
#2419 = CARTESIAN_POINT('',(-36.18982621351,2.101271347901,
    12.238948894148));
#2420 = CARTESIAN_POINT('',(-35.72278480964,4.810455692712,
    19.565953198769));
#2421 = CARTESIAN_POINT('',(-36.24196695521,2.711277236599,
    12.071695416365));
#2422 = CARTESIAN_POINT('',(-35.75607348866,5.220450606719,
    19.453417757997));
#2423 = CARTESIAN_POINT('',(-36.27525563422,3.121272150607,
    11.959159975593));
#2424 = CARTESIAN_POINT('',(-35.78825350741,5.634337183296,
    19.339715438383));
#2425 = CARTESIAN_POINT('',(-36.30743565297,3.535158727183,
    11.845457655979));
#2426 = CARTESIAN_POINT('',(-35.80916428493,5.91241002103,
    19.263274511944));
#2427 = CARTESIAN_POINT('',(-36.3283464305,3.813231564917,
    11.769016729539));
#2428 = CARTESIAN_POINT('',(-35.83465678346,6.263188083021,
    19.166785904062));
#2429 = CARTESIAN_POINT('',(-36.35383892902,4.164009626908,
    11.672528121658));
#2430 = CARTESIAN_POINT('',(-35.85454804567,6.546560253873,
    19.088789979063));
#2431 = CARTESIAN_POINT('',(-36.37373019123,4.44738179776,
    11.594532196659));
#2432 = CARTESIAN_POINT('',(-35.87639576639,6.868884545169,
    19.000018911805));
#2433 = CARTESIAN_POINT('',(-36.39557791195,4.769706089056,
    11.505761129401));
#2434 = CARTESIAN_POINT('',(-35.89067852163,7.085860748281,
    18.940232281486));
#2435 = CARTESIAN_POINT('',(-36.40986066719,4.986682292169,
    11.445974499082));
#2436 = CARTESIAN_POINT('',(-35.90474955785,7.304636237157,
    18.879926995049));
#2437 = CARTESIAN_POINT('',(-36.42393170341,5.205457781045,
    11.385669212645));
#2438 = CARTESIAN_POINT('',(-35.91402919737,7.451442295783,
    18.839448764763));
#2439 = CARTESIAN_POINT('',(-36.43321134293,5.35226383967,
    11.345190982359));
#2440 = CARTESIAN_POINT('',(-35.92550145623,7.636064531778,
    18.788529936051));
#2441 = CARTESIAN_POINT('',(-36.4446836018,5.536886075666,
    11.294272153647));
#2442 = CARTESIAN_POINT('',(-35.93460275316,7.785038739946,
    18.747432041318));
#2443 = CARTESIAN_POINT('',(-36.45378489872,5.685860283833,
    11.253174258914));
#2444 = CARTESIAN_POINT('',(-35.94579868638,7.971377835909,
    18.696013168584));
#2445 = CARTESIAN_POINT('',(-36.46498083194,5.872199379797,
    11.20175538618));
#2446 = CARTESIAN_POINT('',(-35.95515849253,8.129875655871,
    18.652265572187));
#2447 = CARTESIAN_POINT('',(-36.47434063809,6.030697199759,
    11.158007789783));
#2448 = CARTESIAN_POINT('',(-35.96717037056,8.337371178505,
    18.594977206786));
#2449 = CARTESIAN_POINT('',(-36.48635251612,6.238192722393,
    11.100719424382));
#2450 = CARTESIAN_POINT('',(-35.97690137779,8.5089444048,18.547592840598
    ));
#2451 = CARTESIAN_POINT('',(-36.49608352335,6.409765948687,
    11.053335058194));
#2452 = CARTESIAN_POINT('',(-35.9889760762,8.72659771173,18.487463581895
    ));
#2453 = CARTESIAN_POINT('',(-36.50815822176,6.627419255617,
    10.993205799491));
#2454 = CARTESIAN_POINT('',(-36.00084421223,8.945434763327,
    18.426988440401));
#2455 = CARTESIAN_POINT('',(-36.52002635779,6.846256307214,
    10.932730657997));
#2456 = CARTESIAN_POINT('',(-36.0098933791,9.117591749438,18.37939332414
    ));
#2457 = CARTESIAN_POINT('',(-36.52907552466,7.018413293326,
    10.885135541736));
#2458 = CARTESIAN_POINT('',(-36.01425761125,9.201893536337,
    18.356082321432));
#2459 = CARTESIAN_POINT('',(-36.53343975681,7.102715080225,
    10.861824539028));
#2460 = CARTESIAN_POINT('',(-36.65214149758,21.523591737202,
    14.948904956756));
#2461 = CARTESIAN_POINT('',(-37.17132364314,19.42441328109,
    7.454647174352));
#2462 = CARTESIAN_POINT('',(-37.29002538391,33.845289938067,
    11.541727592081));
#2463 = CARTESIAN_POINT('',(-37.80920752947,31.746111481955,
    4.047469809676));
#2464 = CARTESIAN_POINT('',(-37.92790927024,46.166988138932,
    8.134550227405));
#2465 = CARTESIAN_POINT('',(-38.4470914158,44.06780968282,0.640292445001
    ));
#2466 = ADVANCED_FACE('',(#2467),#2478,.T.);
#2467 = FACE_BOUND('',#2468,.T.);
#2468 = EDGE_LOOP('',(#2469,#2475,#2476,#2477));
#2469 = ORIENTED_EDGE('',*,*,#2470,.F.);
#2470 = EDGE_CURVE('',#1289,#2161,#2471,.T.);
#2471 = LINE('',#2472,#2473);
#2472 = CARTESIAN_POINT('',(-35.92797927371,6.896905147408,
    13.375552201249));
#2473 = VECTOR('',#2474,1.);
#2474 = DIRECTION('',(-0.657496654524,0.165351394888,0.735089834985));
#2475 = ORIENTED_EDGE('',*,*,#1309,.T.);
#2476 = ORIENTED_EDGE('',*,*,#1498,.F.);
#2477 = ORIENTED_EDGE('',*,*,#2181,.T.);
#2478 = B_SPLINE_SURFACE_WITH_KNOTS('',3,3,(
    (#2479,#2480,#2481,#2482)
    ,(#2483,#2484,#2485,#2486)
    ,(#2487,#2488,#2489,#2490)
    ,(#2491,#2492,#2493,#2494
    )),.UNSPECIFIED.,.F.,.F.,.F.,(4,4),(4,4),(0.,1.),(-4.200548094454,
    -4.197785654263),.PIECEWISE_BEZIER_KNOTS.);
#2479 = CARTESIAN_POINT('',(-35.92717883854,6.882779318002,
    13.379341966007));
#2480 = CARTESIAN_POINT('',(-35.92744802885,6.887474807929,
    13.378045384974));
#2481 = CARTESIAN_POINT('',(-35.92771483485,6.892183399358,
    13.376782075255));
#2482 = CARTESIAN_POINT('',(-35.92797927371,6.896905147408,
    13.375552201249));
#2483 = CARTESIAN_POINT('',(-36.05113799521,6.913952775664,
    13.517970601472));
#2484 = CARTESIAN_POINT('',(-36.05140739449,6.918651910635,
    13.51667301392));
#2485 = CARTESIAN_POINT('',(-36.05167520189,6.923360948552,
    13.51539727975));
#2486 = CARTESIAN_POINT('',(-36.05194142888,6.928079930018,
    13.514143507481));
#2487 = CARTESIAN_POINT('',(-36.17509715188,6.945126233326,
    13.656599236936));
#2488 = CARTESIAN_POINT('',(-36.17536676012,6.949829013342,
    13.655300642867));
#2489 = CARTESIAN_POINT('',(-36.17563556893,6.954538497746,
    13.654012484246));
#2490 = CARTESIAN_POINT('',(-36.17590358406,6.959254712628,
    13.652734813713));
#2491 = CARTESIAN_POINT('',(-36.29905630855,6.976299690988,
    13.795227872401));
#2492 = CARTESIAN_POINT('',(-36.29932612576,6.981006116048,
    13.793928271814));
#2493 = CARTESIAN_POINT('',(-36.29959593598,6.985716046939,
    13.792627688742));
#2494 = CARTESIAN_POINT('',(-36.29986573924,6.990429495239,
    13.791326119944));
#2495 = ADVANCED_FACE('',(#2496),#2508,.T.);
#2496 = FACE_BOUND('',#2497,.T.);
#2497 = EDGE_LOOP('',(#2498,#2499,#2506,#2507));
#2498 = ORIENTED_EDGE('',*,*,#786,.T.);
#2499 = ORIENTED_EDGE('',*,*,#2500,.T.);
#2500 = EDGE_CURVE('',#779,#2190,#2501,.T.);
#2501 = B_SPLINE_CURVE_WITH_KNOTS('',3,(#2502,#2503,#2504,#2505),
  .UNSPECIFIED.,.F.,.F.,(4,4),(0.,1.),.PIECEWISE_BEZIER_KNOTS.);
#2502 = CARTESIAN_POINT('',(-33.27040128036,-12.98056790682,
    21.465180597017));
#2503 = CARTESIAN_POINT('',(-33.42072343636,-12.86927566581,
    21.444421015905));
#2504 = CARTESIAN_POINT('',(-33.5710455929,-12.75798342702,
    21.423661426869));
#2505 = CARTESIAN_POINT('',(-33.72136774945,-12.64669118822,
    21.402901837833));
#2506 = ORIENTED_EDGE('',*,*,#2189,.T.);
#2507 = ORIENTED_EDGE('',*,*,#1505,.T.);
#2508 = B_SPLINE_SURFACE_WITH_KNOTS('',3,3,(
    (#2509,#2510,#2511,#2512)
    ,(#2513,#2514,#2515,#2516)
    ,(#2517,#2518,#2519,#2520)
    ,(#2521,#2522,#2523,#2524
    )),.UNSPECIFIED.,.F.,.F.,.F.,(4,4),(4,4),(-2.902427544999E-06,1.),(
    -0.320000000828,-6.000000000345E-02),.PIECEWISE_BEZIER_KNOTS.);
#2509 = CARTESIAN_POINT('',(-33.27039997091,-12.98056887366,
    21.4651807857));
#2510 = CARTESIAN_POINT('',(-33.32808687365,-13.21381094223,
    20.632485478534));
#2511 = CARTESIAN_POINT('',(-33.38577377638,-13.4470530108,
    19.799790171367));
#2512 = CARTESIAN_POINT('',(-33.44346067912,-13.68029507937,
    18.967094864201));
#2513 = CARTESIAN_POINT('',(-33.42072256376,-12.86927631184,
    21.444421136411));
#2514 = CARTESIAN_POINT('',(-33.47840946649,-13.10251838042,
    20.611725829244));
#2515 = CARTESIAN_POINT('',(-33.53609636922,-13.33576044899,
    19.779030522078));
#2516 = CARTESIAN_POINT('',(-33.59378327196,-13.56900251756,
    18.946335214911));
#2517 = CARTESIAN_POINT('',(-33.57104515661,-12.75798375003,
    21.423661487122));
#2518 = CARTESIAN_POINT('',(-33.62873205934,-12.9912258186,
    20.590966179955));
#2519 = CARTESIAN_POINT('',(-33.68641896207,-13.22446788718,
    19.758270872788));
#2520 = CARTESIAN_POINT('',(-33.7441058648,-13.45770995575,
    18.925575565621));
#2521 = CARTESIAN_POINT('',(-33.72136774945,-12.64669118822,
    21.402901837833));
#2522 = CARTESIAN_POINT('',(-33.77905465218,-12.87993325679,
    20.570206530666));
#2523 = CARTESIAN_POINT('',(-33.83674155491,-13.11317532536,
    19.737511223499));
#2524 = CARTESIAN_POINT('',(-33.89442845764,-13.34641739394,
    18.904815916331));
#2525 = ADVANCED_FACE('',(#2526),#2538,.T.);
#2526 = FACE_BOUND('',#2527,.T.);
#2527 = EDGE_LOOP('',(#2528,#2535,#2536,#2537));
#2528 = ORIENTED_EDGE('',*,*,#2529,.F.);
#2529 = EDGE_CURVE('',#1280,#2119,#2530,.T.);
#2530 = B_SPLINE_CURVE_WITH_KNOTS('',3,(#2531,#2532,#2533,#2534),
  .UNSPECIFIED.,.F.,.F.,(4,4),(0.,1.000000000012),
  .PIECEWISE_BEZIER_KNOTS.);
#2531 = CARTESIAN_POINT('',(-35.91259227886,8.117113083806,
    14.081636121849));
#2532 = CARTESIAN_POINT('',(-36.03894400478,7.988488463242,
    14.125334227612));
#2533 = CARTESIAN_POINT('',(-36.16529572496,7.859863866031,
    14.169032419347));
#2534 = CARTESIAN_POINT('',(-36.29164743939,7.731239292169,
    14.212730697046));
#2535 = ORIENTED_EDGE('',*,*,#1288,.T.);
#2536 = ORIENTED_EDGE('',*,*,#2470,.T.);
#2537 = ORIENTED_EDGE('',*,*,#2160,.T.);
#2538 = B_SPLINE_SURFACE_WITH_KNOTS('',3,3,(
    (#2539,#2540,#2541,#2542,#2543,#2544,#2545,#2546,#2547,#2548,#2549
      ,#2550,#2551,#2552,#2553,#2554)
    ,(#2555,#2556,#2557,#2558,#2559,#2560,#2561,#2562,#2563,#2564,#2565
      ,#2566,#2567,#2568,#2569,#2570)
    ,(#2571,#2572,#2573,#2574,#2575,#2576,#2577,#2578,#2579,#2580,#2581
      ,#2582,#2583,#2584,#2585,#2586)
    ,(#2587,#2588,#2589,#2590,#2591,#2592,#2593,#2594,#2595,#2596,#2597
      ,#2598,#2599,#2600,#2601,#2602
    )),.UNSPECIFIED.,.F.,.F.,.F.,(4,4),(4,2,2,1,1,2,2,2,4),(0.,1.),(0.,
    2.277770612469E-02,3.701199673308E-02,3.854256915886E-02,
    6.463005564859E-02,6.867162933116E-02,7.820706087244E-02,
    0.112157236776,0.158337215511),.UNSPECIFIED.);
#2539 = CARTESIAN_POINT('',(-35.92797927371,6.896905147408,
    13.375552201249));
#2540 = CARTESIAN_POINT('',(-35.93207858988,6.970101418699,
    13.35648676395));
#2541 = CARTESIAN_POINT('',(-35.93552396874,7.04496535471,
    13.345844937135));
#2542 = CARTESIAN_POINT('',(-35.93998255419,7.166979605416,
    13.34225591634));
#2543 = CARTESIAN_POINT('',(-35.94142361383,7.214000323522,
    13.344169770025));
#2544 = CARTESIAN_POINT('',(-35.94270488221,7.26578963878,
    13.349943086375));
#2545 = CARTESIAN_POINT('',(-35.94489155909,7.356519107551,
    13.360752350322));
#2546 = CARTESIAN_POINT('',(-35.94613771542,7.458022815578,
    13.387239720387));
#2547 = CARTESIAN_POINT('',(-35.94602855649,7.549179516244,
    13.426067585802));
#2548 = CARTESIAN_POINT('',(-35.94590143887,7.589911985491,
    13.44438051736));
#2549 = CARTESIAN_POINT('',(-35.94568288851,7.617940176725,
    13.458592836533));
#2550 = CARTESIAN_POINT('',(-35.94410001515,7.742684974024,
    13.529413851078));
#2551 = CARTESIAN_POINT('',(-35.94125781941,7.829909971973,
    13.600470314154));
#2552 = CARTESIAN_POINT('',(-35.93118152403,8.003648812054,
    13.798217709621));
#2553 = CARTESIAN_POINT('',(-35.92277307482,8.077337943538,
    13.935225531177));
#2554 = CARTESIAN_POINT('',(-35.91259893138,8.117087098334,
    14.081540451626));
#2555 = CARTESIAN_POINT('',(-36.05194142888,6.928079930018,
    13.514143507481));
#2556 = CARTESIAN_POINT('',(-36.05551163078,6.991505443134,
    13.497393706587));
#2557 = CARTESIAN_POINT('',(-36.05852009668,7.05642748551,
    13.487942907191));
#2558 = CARTESIAN_POINT('',(-36.06242557372,7.162311060437,
    13.484492346937));
#2559 = CARTESIAN_POINT('',(-36.06369153897,7.203131641028,
    13.48602721092));
#2560 = CARTESIAN_POINT('',(-36.06482149886,7.248109363298,
    13.490906325288));
#2561 = CARTESIAN_POINT('',(-36.06675080775,7.326899865596,
    13.500056756632));
#2562 = CARTESIAN_POINT('',(-36.06787183715,7.415122473789,
    13.522819067934));
#2563 = CARTESIAN_POINT('',(-36.06781298185,7.494386250375,
    13.556358006444));
#2564 = CARTESIAN_POINT('',(-36.0677187315,7.529806662173,
    13.572182830829));
#2565 = CARTESIAN_POINT('',(-36.06754008737,7.554183379062,
    13.584475279623));
#2566 = CARTESIAN_POINT('',(-36.06621519163,7.662689643113,
    13.645772008226));
#2567 = CARTESIAN_POINT('',(-36.06378095406,7.738596453913,
    13.707388439952));
#2568 = CARTESIAN_POINT('',(-36.0550875959,7.889757173327,
    13.879021845033));
#2569 = CARTESIAN_POINT('',(-36.04779283474,7.953904979567,
    13.998074783959));
#2570 = CARTESIAN_POINT('',(-36.03894953707,7.988466856166,
    14.125254674143));
#2571 = CARTESIAN_POINT('',(-36.17590358406,6.959254712628,
    13.652734813713));
#2572 = CARTESIAN_POINT('',(-36.17894469281,7.012909877557,
    13.638300963447));
#2573 = CARTESIAN_POINT('',(-36.18151621966,7.06788898494,
    13.630040885192));
#2574 = CARTESIAN_POINT('',(-36.18486853251,7.157639684579,
    13.626728279459));
#2575 = CARTESIAN_POINT('',(-36.18595943102,7.192261288072,
    13.627884532981));
#2576 = CARTESIAN_POINT('',(-36.18693804547,7.230425513444,
    13.631868954361));
#2577 = CARTESIAN_POINT('',(-36.18861041355,7.297299892277,
    13.639364834786));
#2578 = CARTESIAN_POINT('',(-36.18960595879,7.372224136117,
    13.658399326387));
#2579 = CARTESIAN_POINT('',(-36.18959746453,7.439595142189,
    13.686648560075));
#2580 = CARTESIAN_POINT('',(-36.18953603408,7.469703731727,
    13.699985818125));
#2581 = CARTESIAN_POINT('',(-36.18939738542,7.490428780337,
    13.710357618547));
#2582 = CARTESIAN_POINT('',(-36.18833017814,7.582695435363,
    13.76213182457));
#2583 = CARTESIAN_POINT('',(-36.18630374831,7.647281864207,
    13.814308434294));
#2584 = CARTESIAN_POINT('',(-36.1789941496,7.775949242241,
    13.959860932739));
#2585 = CARTESIAN_POINT('',(-36.1728123882,7.830523844771,
    14.060957437978));
#2586 = CARTESIAN_POINT('',(-36.16530014276,7.859846613998,
    14.168968896659));
#2587 = CARTESIAN_POINT('',(-36.29986573924,6.990429495239,
    13.791326119944));
#2588 = CARTESIAN_POINT('',(-36.3023777337,7.034313901991,
    13.779207906083));
#2589 = CARTESIAN_POINT('',(-36.3045123476,7.07935111574,13.772138855247
    ));
#2590 = CARTESIAN_POINT('',(-36.30731155204,7.152971139601,
    13.768964710057));
#2591 = CARTESIAN_POINT('',(-36.30822735616,7.181392605577,
    13.769741973876));
#2592 = CARTESIAN_POINT('',(-36.30905466211,7.212745237962,
    13.772832193274));
#2593 = CARTESIAN_POINT('',(-36.31046966222,7.267680650323,
    13.778669241096));
#2594 = CARTESIAN_POINT('',(-36.31134008052,7.329323794329,
    13.793978673934));
#2595 = CARTESIAN_POINT('',(-36.31138188989,7.384801876319,
    13.816938980717));
#2596 = CARTESIAN_POINT('',(-36.31135332672,7.409598408409,
    13.827788131594));
#2597 = CARTESIAN_POINT('',(-36.31125458429,7.426671982674,
    13.836240061637));
#2598 = CARTESIAN_POINT('',(-36.31044535461,7.502700104452,
    13.878489981718));
#2599 = CARTESIAN_POINT('',(-36.30882688296,7.555968346148,
    13.921226560091));
#2600 = CARTESIAN_POINT('',(-36.30290022147,7.662057603514,
    14.040665068152));
#2601 = CARTESIAN_POINT('',(-36.29783214811,7.7070908808,14.12380669076)
  );
#2602 = CARTESIAN_POINT('',(-36.29165074845,7.731226371829,
    14.212683119176));
#2603 = ADVANCED_FACE('',(#2604),#2685,.T.);
#2604 = FACE_BOUND('',#2605,.T.);
#2605 = EDGE_LOOP('',(#2606,#2646,#2653,#2662,#2671,#2684));
#2606 = ORIENTED_EDGE('',*,*,#2607,.F.);
#2607 = EDGE_CURVE('',#2608,#1280,#2610,.T.);
#2608 = VERTEX_POINT('',#2609);
#2609 = CARTESIAN_POINT('',(-35.80534704697,8.520972259889,
    15.618107813025));
#2610 = B_SPLINE_CURVE_WITH_KNOTS('',3,(#2611,#2612,#2613,#2614,#2615,
    #2616,#2617,#2618,#2619,#2620,#2621,#2622,#2623,#2624,#2625,#2626,
    #2627,#2628,#2629,#2630,#2631,#2632,#2633,#2634,#2635,#2636,#2637,
    #2638,#2639,#2640,#2641,#2642,#2643,#2644,#2645),.UNSPECIFIED.,.F.,
  .F.,(4,1,1,1,2,3,1,1,1,1,1,2,3,1,1,1,2,1,1,1,2,1,1,1,4),(
    -0.505554106353,-0.50529327241,-0.504438478312,-0.502728890116,
    -0.501874096018,-0.501852626174,-0.49499695366,-0.488141281147,
    -0.481285608634,-0.474429936121,-0.460718591094,-0.433295901042,
    -0.433270189068,-0.420994718232,-0.408719247396,-0.396443776561,
    -0.37189283489,-0.368377901124,-0.364862967358,-0.361348033593,
    -0.354318166061,-0.351210956051,-0.34810374604,-0.34188932602,
    -0.338786952375),.UNSPECIFIED.);
#2611 = CARTESIAN_POINT('',(-35.80534704697,8.520972259889,
    15.618107813025));
#2612 = CARTESIAN_POINT('',(-35.80541097585,8.520732481002,
    15.617192294515));
#2613 = CARTESIAN_POINT('',(-35.80568396953,8.519708707469,
    15.613282839071));
#2614 = CARTESIAN_POINT('',(-35.8063703543,8.517136176008,
    15.603453938544));
#2615 = CARTESIAN_POINT('',(-35.80718568472,8.514084058806,
    15.591780002268));
#2616 = CARTESIAN_POINT('',(-35.80778326429,8.511849066943,
    15.583224610941));
#2617 = CARTESIAN_POINT('',(-35.80798573876,8.51109198705,
    15.580325910641));
#2618 = CARTESIAN_POINT('',(-35.80799069865,8.51107344148,
    15.580254903142));
#2619 = CARTESIAN_POINT('',(-35.80799565747,8.511054899999,
    15.580183910888));
#2620 = CARTESIAN_POINT('',(-35.8095790907,8.505134300179,
    15.557514917451));
#2621 = CARTESIAN_POINT('',(-35.81242517768,8.494515403357,
    15.516778234036));
#2622 = CARTESIAN_POINT('',(-35.81615717622,8.48062771394,
    15.463375550566));
#2623 = CARTESIAN_POINT('',(-35.82009207869,8.46601567926,
    15.407081396586));
#2624 = CARTESIAN_POINT('',(-35.82530118656,8.446706467516,
    15.332571443258));
#2625 = CARTESIAN_POINT('',(-35.83463271086,8.412175025644,
    15.199118270558));
#2626 = CARTESIAN_POINT('',(-35.8429161854,8.381535380369,
    15.080658920717));
#2627 = CARTESIAN_POINT('',(-35.84862423839,8.360323440039,
    14.998991553716));
#2628 = CARTESIAN_POINT('',(-35.84862958137,8.360303584395,
    14.99891510942));
#2629 = CARTESIAN_POINT('',(-35.84863492621,8.360283721895,
    14.998838638641));
#2630 = CARTESIAN_POINT('',(-35.85118666804,8.350800925262,
    14.962329799125));
#2631 = CARTESIAN_POINT('',(-35.85635857397,8.331541489393,
    14.888317771934));
#2632 = CARTESIAN_POINT('',(-35.86435149147,8.301632600873,
    14.773879738313));
#2633 = CARTESIAN_POINT('',(-35.87534100895,8.26028830147,
    14.616451539372));
#2634 = CARTESIAN_POINT('',(-35.88402286212,8.227320594898,
    14.491962529846));
#2635 = CARTESIAN_POINT('',(-35.89052039301,8.202458974226,
    14.398721126835));
#2636 = CARTESIAN_POINT('',(-35.8921481316,8.19622427452,14.375360105719
    ));
#2637 = CARTESIAN_POINT('',(-35.89458657803,8.186864333961,
    14.340356160349));
#2638 = CARTESIAN_POINT('',(-35.89783450516,8.174370507813,
    14.29372170673));
#2639 = CARTESIAN_POINT('',(-35.90026598509,8.164986990408,
    14.258798175668));
#2640 = CARTESIAN_POINT('',(-35.9026010065,8.155956113441,
    14.225252451039));
#2641 = CARTESIAN_POINT('',(-35.90403181877,8.150417015284,
    14.204694836048));
#2642 = CARTESIAN_POINT('',(-35.90689074187,8.139327878227,
    14.163610088646));
#2643 = CARTESIAN_POINT('',(-35.90974427357,8.128227365816,
    14.122590249216));
#2644 = CARTESIAN_POINT('',(-35.91188103937,8.119890715931,
    14.091864490732));
#2645 = CARTESIAN_POINT('',(-35.91259227886,8.117113083806,
    14.081636121849));
#2646 = ORIENTED_EDGE('',*,*,#2647,.F.);
#2647 = EDGE_CURVE('',#888,#2608,#2648,.T.);
#2648 = B_SPLINE_CURVE_WITH_KNOTS('',3,(#2649,#2650,#2651,#2652),
  .UNSPECIFIED.,.F.,.F.,(4,4),(-3.937289529686,-3.563572152106),
  .PIECEWISE_BEZIER_KNOTS.);
#2649 = CARTESIAN_POINT('',(-32.07710911809,8.520972259889,
    15.359825455614));
#2650 = CARTESIAN_POINT('',(-33.31985509438,8.520972259889,
    15.445919574751));
#2651 = CARTESIAN_POINT('',(-34.56260107068,8.520972259889,
    15.532013693888));
#2652 = CARTESIAN_POINT('',(-35.80534704697,8.520972259889,
    15.618107813025));
#2653 = ORIENTED_EDGE('',*,*,#2654,.F.);
#2654 = EDGE_CURVE('',#2655,#888,#2657,.T.);
#2655 = VERTEX_POINT('',#2656);
#2656 = CARTESIAN_POINT('',(-32.08580301372,8.511110536698,
    15.322534407962));
#2657 = B_SPLINE_CURVE_WITH_KNOTS('',3,(#2658,#2659,#2660,#2661),
  .UNSPECIFIED.,.F.,.F.,(4,4),(0.15535723706,0.159378273643),
  .PIECEWISE_BEZIER_KNOTS.);
#2658 = CARTESIAN_POINT('',(-32.08580301372,8.511110536698,
    15.322534407962));
#2659 = CARTESIAN_POINT('',(-32.08291150112,8.51440973118,
    15.335027392878));
#2660 = CARTESIAN_POINT('',(-32.08001303233,8.517696160573,
    15.347457263716));
#2661 = CARTESIAN_POINT('',(-32.07710911809,8.520972259889,
    15.359825455614));
#2662 = ORIENTED_EDGE('',*,*,#2663,.F.);
#2663 = EDGE_CURVE('',#2664,#2655,#2666,.T.);
#2664 = VERTEX_POINT('',#2665);
#2665 = CARTESIAN_POINT('',(-32.20921203539,8.360343307422,
    14.746939666089));
#2666 = B_SPLINE_CURVE_WITH_KNOTS('',3,(#2667,#2668,#2669,#2670),
  .UNSPECIFIED.,.F.,.F.,(4,4),(9.445613504825E-02,0.155357225502),
  .PIECEWISE_BEZIER_KNOTS.);
#2667 = CARTESIAN_POINT('',(-32.20921203539,8.360343307422,
    14.746939666089));
#2668 = CARTESIAN_POINT('',(-32.17097085877,8.411296688283,
    14.941418293816));
#2669 = CARTESIAN_POINT('',(-32.12959634203,8.461140262197,
    15.133320696285));
#2670 = CARTESIAN_POINT('',(-32.08580301372,8.511110536698,
    15.322534407962));
#2671 = ORIENTED_EDGE('',*,*,#2672,.F.);
#2672 = EDGE_CURVE('',#200,#2664,#2673,.T.);
#2673 = B_SPLINE_CURVE_WITH_KNOTS('',3,(#2674,#2675,#2676,#2677,#2678,
    #2679,#2680,#2681,#2682,#2683),.UNSPECIFIED.,.F.,.F.,(4,2,2,2,4),(0.
    ,1.580316187525E-02,3.376933979375E-02,9.445583204075E-02,
    9.445613504825E-02),.UNSPECIFIED.);
#2674 = CARTESIAN_POINT('',(-32.36303664659,8.117113083806,
    13.835732396295));
#2675 = CARTESIAN_POINT('',(-32.35582973371,8.131047641762,
    13.886793006349));
#2676 = CARTESIAN_POINT('',(-32.3483911526,8.144918718612,
    13.937829703903));
#2677 = CARTESIAN_POINT('',(-32.33200083368,8.174425590686,
    14.046828258534));
#2678 = CARTESIAN_POINT('',(-32.32298128408,8.190043405065,
    14.104782812964));
#2679 = CARTESIAN_POINT('',(-32.28218617837,8.258067269006,
    14.358312047729));
#2680 = CARTESIAN_POINT('',(-32.2473179208,8.309567834612,
    14.553143412113));
#2681 = CARTESIAN_POINT('',(-32.20921187504,8.360342366783,
    14.746937738123));
#2682 = CARTESIAN_POINT('',(-32.20921168478,8.360342620299,
    14.746938705733));
#2683 = CARTESIAN_POINT('',(-32.20921203539,8.360343307422,
    14.746939666089));
#2684 = ORIENTED_EDGE('',*,*,#1279,.F.);
#2685 = B_SPLINE_SURFACE_WITH_KNOTS('',3,1,(
    (#2686,#2687,#2688,#2689)
    ,(#2690,#2691,#2692,#2693)
    ,(#2694,#2695,#2696,#2697)
    ,(#2698,#2699,#2700,#2701)
    ,(#2702,#2703,#2704,#2705)
    ,(#2706,#2707,#2708,#2709)
    ,(#2710,#2711,#2712,#2713)
    ,(#2714,#2715,#2716,#2717)
    ,(#2718,#2719,#2720,#2721)
    ,(#2722,#2723,#2724,#2725)
    ,(#2726,#2727,#2728,#2729)
    ,(#2730,#2731,#2732,#2733)
    ,(#2734,#2735,#2736,#2737)
    ,(#2738,#2739,#2740,#2741)
    ,(#2742,#2743,#2744,#2745)
    ,(#2746,#2747,#2748,#2749)
    ,(#2750,#2751,#2752,#2753)
    ,(#2754,#2755,#2756,#2757)
    ,(#2758,#2759,#2760,#2761)
    ,(#2762,#2763,#2764,#2765)
    ,(#2766,#2767,#2768,#2769)
    ,(#2770,#2771,#2772,#2773)
    ,(#2774,#2775,#2776,#2777)
    ,(#2778,#2779,#2780,#2781)
    ,(#2782,#2783,#2784,#2785)
    ,(#2786,#2787,#2788,#2789)
    ,(#2790,#2791,#2792,#2793)
    ,(#2794,#2795,#2796,#2797)
    ,(#2798,#2799,#2800,#2801)
    ,(#2802,#2803,#2804,#2805)
    ,(#2806,#2807,#2808,#2809)
    ,(#2810,#2811,#2812,#2813)
    ,(#2814,#2815,#2816,#2817)
    ,(#2818,#2819,#2820,#2821)
    ,(#2822,#2823,#2824,#2825)
    ,(#2826,#2827,#2828,#2829)
    ,(#2830,#2831,#2832,#2833)
    ,(#2834,#2835,#2836,#2837)
    ,(#2838,#2839,#2840,#2841)
    ,(#2842,#2843,#2844,#2845)
    ,(#2846,#2847,#2848,#2849)
    ,(#2850,#2851,#2852,#2853)
    ,(#2854,#2855,#2856,#2857)
    ,(#2858,#2859,#2860,#2861)
    ,(#2862,#2863,#2864,#2865)
    ,(#2866,#2867,#2868,#2869)
    ,(#2870,#2871,#2872,#2873)
    ,(#2874,#2875,#2876,#2877)
    ,(#2878,#2879,#2880,#2881)
    ,(#2882,#2883,#2884,#2885)
    ,(#2886,#2887,#2888,#2889)
    ,(#2890,#2891,#2892,#2893)
    ,(#2894,#2895,#2896,#2897)
    ,(#2898,#2899,#2900,#2901)
    ,(#2902,#2903,#2904,#2905)
    ,(#2906,#2907,#2908,#2909)
    ,(#2910,#2911,#2912,#2913)
    ,(#2914,#2915,#2916,#2917)
    ,(#2918,#2919,#2920,#2921)
    ,(#2922,#2923,#2924,#2925)
    ,(#2926,#2927,#2928,#2929)
    ,(#2930,#2931,#2932,#2933)
    ,(#2934,#2935,#2936,#2937)
    ,(#2938,#2939,#2940,#2941)
    ,(#2942,#2943,#2944,#2945)
    ,(#2946,#2947,#2948,#2949)
    ,(#2950,#2951,#2952,#2953)
    ,(#2954,#2955,#2956,#2957)
    ,(#2958,#2959,#2960,#2961)
    ,(#2962,#2963,#2964,#2965)
    ,(#2966,#2967,#2968,#2969)
    ,(#2970,#2971,#2972,#2973)
    ,(#2974,#2975,#2976,#2977)
    ,(#2978,#2979,#2980,#2981)
    ,(#2982,#2983,#2984,#2985)
    ,(#2986,#2987,#2988,#2989)
    ,(#2990,#2991,#2992,#2993)
    ,(#2994,#2995,#2996,#2997)
    ,(#2998,#2999,#3000,#3001)
    ,(#3002,#3003,#3004,#3005)
    ,(#3006,#3007,#3008,#3009)
    ,(#3010,#3011,#3012,#3013)
    ,(#3014,#3015,#3016,#3017)
    ,(#3018,#3019,#3020,#3021)
    ,(#3022,#3023,#3024,#3025)
    ,(#3026,#3027,#3028,#3029)
    ,(#3030,#3031,#3032,#3033)
    ,(#3034,#3035,#3036,#3037)
    ,(#3038,#3039,#3040,#3041)
    ,(#3042,#3043,#3044,#3045)
    ,(#3046,#3047,#3048,#3049)
    ,(#3050,#3051,#3052,#3053)
    ,(#3054,#3055,#3056,#3057)
    ,(#3058,#3059,#3060,#3061)
    ,(#3062,#3063,#3064,#3065)
    ,(#3066,#3067,#3068,#3069)
    ,(#3070,#3071,#3072,#3073)
    ,(#3074,#3075,#3076,#3077)
    ,(#3078,#3079,#3080,#3081)
    ,(#3082,#3083,#3084,#3085)
    ,(#3086,#3087,#3088,#3089)
    ,(#3090,#3091,#3092,#3093)
    ,(#3094,#3095,#3096,#3097)
    ,(#3098,#3099,#3100,#3101)
    ,(#3102,#3103,#3104,#3105)
    ,(#3106,#3107,#3108,#3109)
    ,(#3110,#3111,#3112,#3113)
    ,(#3114,#3115,#3116,#3117)
    ,(#3118,#3119,#3120,#3121)
    ,(#3122,#3123,#3124,#3125)
    ,(#3126,#3127,#3128,#3129)
    ,(#3130,#3131,#3132,#3133)
    ,(#3134,#3135,#3136,#3137)
    ,(#3138,#3139,#3140,#3141)
    ,(#3142,#3143,#3144,#3145
    )),.UNSPECIFIED.,.F.,.F.,.F.,(4,3,3,3,3,3,3,3,3,3,3,3,3,3,3,3,3,3,3,
    3,3,3,3,3,3,3,3,3,3,3,3,3,3,3,3,3,3,3,4),(2,1,1,2),(-3.788005734707,
    14.574210468441,15.871291740307,16.945215137248,19.999158122125,
    21.245222848766,22.758659622288,23.37444672888,23.741384170211,
    23.84187995365,24.283922371809,24.699239381382,25.091742833979,
    25.4690146504,25.79385269197,26.196083821023,26.651743275135,
    26.652543842137,26.850431858924,27.114359972334,27.710666451561,
    28.384547081315,29.117737592424,29.418399847583,30.183045136574,
    31.797711558268,31.839305619327,32.351432267037,33.493604997329,
    34.033646170838,35.03840256039,36.187198145246,36.369085154905,
    36.981381810199,37.587195597855,37.748049605954,37.950000233634,
    38.030448399132,44.92910863281),(-37.63690843873,-1.324202405631E-05
    ,3.,11.159670703316),.UNSPECIFIED.);
#2686 = CARTESIAN_POINT('',(-69.07579897735,-25.39240689346,
    10.932692218551));
#2687 = CARTESIAN_POINT('',(-31.52889625998,-25.39240689346,
    8.331543168493));
#2688 = CARTESIAN_POINT('',(-28.53605626188,-25.39240689346,
    8.12420721387));
#2689 = CARTESIAN_POINT('',(-20.39589590854,-25.39240689346,
    7.560278664829));
#2690 = CARTESIAN_POINT('',(-69.81312057225,-19.35753825988,
    10.088681300478));
#2691 = CARTESIAN_POINT('',(-32.26621785488,-19.35753825988,
    7.487532250402));
#2692 = CARTESIAN_POINT('',(-29.27337785678,-19.35753825988,
    7.280196295777));
#2693 = CARTESIAN_POINT('',(-21.13321750344,-19.35753825988,
    6.716267746732));
#2694 = CARTESIAN_POINT('',(-70.55044216715,-13.32266962629,
    9.244670382405));
#2695 = CARTESIAN_POINT('',(-33.00353944978,-13.32266962629,
    6.643521332311));
#2696 = CARTESIAN_POINT('',(-30.01069945168,-13.32266962629,
    6.436185377685));
#2697 = CARTESIAN_POINT('',(-21.87053909834,-13.32266962629,
    5.872256828635));
#2698 = CARTESIAN_POINT('',(-71.28776376205,-7.287800992717,
    8.400659464332));
#2699 = CARTESIAN_POINT('',(-33.74086104468,-7.287800992717,
    5.799510414219));
#2700 = CARTESIAN_POINT('',(-30.74802104658,-7.287800992717,
    5.592174459592));
#2701 = CARTESIAN_POINT('',(-22.60786069324,-7.287800992717,
    5.028245910539));
#2702 = CARTESIAN_POINT('',(-71.33984712832,-6.861506312588,
    8.341039713482));
#2703 = CARTESIAN_POINT('',(-33.79294441095,-6.861506312588,
    5.739890663368));
#2704 = CARTESIAN_POINT('',(-30.80010441285,-6.861506312588,
    5.532554708741));
#2705 = CARTESIAN_POINT('',(-22.65994405951,-6.861506312588,
    4.968626159687));
#2706 = CARTESIAN_POINT('',(-71.38977335978,-6.436335547984,
    8.282012160886));
#2707 = CARTESIAN_POINT('',(-33.84287064241,-6.436335547984,
    5.680863110773));
#2708 = CARTESIAN_POINT('',(-30.85003064431,-6.436335547984,
    5.473527156146));
#2709 = CARTESIAN_POINT('',(-22.70987029097,-6.436335547984,
    4.909598607093));
#2710 = CARTESIAN_POINT('',(-71.43636200745,-6.014628207502,
    8.224033822253));
#2711 = CARTESIAN_POINT('',(-33.88945929009,-6.014628207502,
    5.62288477214));
#2712 = CARTESIAN_POINT('',(-30.89661929199,-6.014628207502,
    5.415548817513));
#2713 = CARTESIAN_POINT('',(-22.75645893865,-6.014628207502,
    4.85162026846));
#2714 = CARTESIAN_POINT('',(-71.47530786882,-5.662101219917,
    8.175566728841));
#2715 = CARTESIAN_POINT('',(-33.92840515146,-5.662101219917,
    5.574417678729));
#2716 = CARTESIAN_POINT('',(-30.93556515335,-5.662101219917,
    5.367081724102));
#2717 = CARTESIAN_POINT('',(-22.79540480001,-5.662101219917,
    4.803153175048));
#2718 = CARTESIAN_POINT('',(-71.5122379735,-5.309279348445,
    8.127448008895));
#2719 = CARTESIAN_POINT('',(-33.96533525614,-5.309279348445,
    5.526298958781));
#2720 = CARTESIAN_POINT('',(-30.97249525804,-5.309279348445,
    5.318963004154));
#2721 = CARTESIAN_POINT('',(-22.83233490469,-5.309279348445,4.7550344551
    ));
#2722 = CARTESIAN_POINT('',(-71.54671006412,-4.956191840299,
    8.07975736228));
#2723 = CARTESIAN_POINT('',(-33.99980734676,-4.956191840299,
    5.478608312168));
#2724 = CARTESIAN_POINT('',(-31.00696734866,-4.956191840299,
    5.271272357541));
#2725 = CARTESIAN_POINT('',(-22.86680699532,-4.956191840299,
    4.707343808487));
#2726 = CARTESIAN_POINT('',(-71.64594897312,-3.939716817852,
    7.942464623317));
#2727 = CARTESIAN_POINT('',(-34.09904625575,-3.939716817852,
    5.341315573205));
#2728 = CARTESIAN_POINT('',(-31.10620625765,-3.939716817852,
    5.133979618578));
#2729 = CARTESIAN_POINT('',(-22.96604590431,-3.939716817852,
    4.570051069524));
#2730 = CARTESIAN_POINT('',(-71.72128704373,-2.958072071507,
    7.813534147858));
#2731 = CARTESIAN_POINT('',(-34.17438432636,-2.958072071507,
    5.212385097746));
#2732 = CARTESIAN_POINT('',(-31.18154432826,-2.958072071507,
    5.005049143119));
#2733 = CARTESIAN_POINT('',(-23.04138397492,-2.958072071507,
    4.441120594065));
#2734 = CARTESIAN_POINT('',(-71.77614932058,-1.937276041375,
    7.683465912493));
#2735 = CARTESIAN_POINT('',(-34.22924660322,-1.937276041375,
    5.082316862381));
#2736 = CARTESIAN_POINT('',(-31.23640660512,-1.937276041375,
    4.874980907753));
#2737 = CARTESIAN_POINT('',(-23.09624625177,-1.937276041375,4.3110523587
    ));
#2738 = CARTESIAN_POINT('',(-71.79826119598,-1.525850998299,
    7.631042776275));
#2739 = CARTESIAN_POINT('',(-34.25135847861,-1.525850998299,
    5.029893726163));
#2740 = CARTESIAN_POINT('',(-31.25851848051,-1.525850998299,
    4.822557771536));
#2741 = CARTESIAN_POINT('',(-23.11835812717,-1.525850998299,
    4.258629222482));
#2742 = CARTESIAN_POINT('',(-71.81673766946,-1.114101205832,
    7.579235148607));
#2743 = CARTESIAN_POINT('',(-34.26983495209,-1.114101205832,
    4.978086098495));
#2744 = CARTESIAN_POINT('',(-31.27699495399,-1.114101205832,
    4.770750143868));
#2745 = CARTESIAN_POINT('',(-23.13683460065,-1.114101205832,
    4.206821594814));
#2746 = CARTESIAN_POINT('',(-71.83178614019,-0.702221533085,
    7.528080663475));
#2747 = CARTESIAN_POINT('',(-34.28488342282,-0.702221533085,
    4.926931613363));
#2748 = CARTESIAN_POINT('',(-31.29204342472,-0.702221533085,
    4.719595658736));
#2749 = CARTESIAN_POINT('',(-23.15188307138,-0.702221533085,
    4.155667109682));
#2750 = CARTESIAN_POINT('',(-71.85008424016,-0.201398853849,
    7.465879666451));
#2751 = CARTESIAN_POINT('',(-34.3031815228,-0.201398853849,
    4.864730616339));
#2752 = CARTESIAN_POINT('',(-31.31034152469,-0.201398853849,
    4.657394661711));
#2753 = CARTESIAN_POINT('',(-23.17018117135,-0.201398853849,
    4.093466112658));
#2754 = CARTESIAN_POINT('',(-71.86326595754,0.298144883181,
    7.404822695286));
#2755 = CARTESIAN_POINT('',(-34.31636324017,0.29814488318,4.803673645174
    ));
#2756 = CARTESIAN_POINT('',(-31.32352324207,0.29814488318,4.596337690547
    ));
#2757 = CARTESIAN_POINT('',(-23.18336288873,0.29814488318,4.032409141493
    ));
#2758 = CARTESIAN_POINT('',(-71.87183827972,0.799463733388,7.34455909748
    ));
#2759 = CARTESIAN_POINT('',(-34.32493556235,0.799463733388,
    4.743410047368));
#2760 = CARTESIAN_POINT('',(-31.33209556425,0.799463733388,
    4.536074092741));
#2761 = CARTESIAN_POINT('',(-23.19193521091,0.799463733388,
    3.972145543687));
#2762 = CARTESIAN_POINT('',(-71.87532247562,1.00322335005,7.320065130053
    ));
#2763 = CARTESIAN_POINT('',(-34.32841975825,1.00322335005,4.718916079941
    ));
#2764 = CARTESIAN_POINT('',(-31.33557976015,1.00322335005,4.511580125313
    ));
#2765 = CARTESIAN_POINT('',(-23.1954194068,1.00322335005,3.94765157626)
  );
#2766 = CARTESIAN_POINT('',(-71.87802944528,1.207041808613,
    7.295731170281));
#2767 = CARTESIAN_POINT('',(-34.33112672791,1.207041808613,
    4.694582120169));
#2768 = CARTESIAN_POINT('',(-31.33828672981,1.207041808613,
    4.487246165542));
#2769 = CARTESIAN_POINT('',(-23.19812637647,1.207041808613,
    3.923317616488));
#2770 = CARTESIAN_POINT('',(-71.87943549692,1.411139799795,
    7.274087657625));
#2771 = CARTESIAN_POINT('',(-34.33253277955,1.411139799795,
    4.672938607511));
#2772 = CARTESIAN_POINT('',(-31.33969278145,1.411139799795,
    4.465602652884));
#2773 = CARTESIAN_POINT('',(-23.19953242811,1.411139799795,3.90167410383
    ));
#2774 = CARTESIAN_POINT('',(-71.88027352238,1.53278491438,7.261187836503
    ));
#2775 = CARTESIAN_POINT('',(-34.33337080501,1.53278491438,4.660038786391
    ));
#2776 = CARTESIAN_POINT('',(-31.34053080691,1.53278491438,4.452702831763
    ));
#2777 = CARTESIAN_POINT('',(-23.20037045357,1.53278491438,3.88877428271)
  );
#2778 = CARTESIAN_POINT('',(-71.88064960257,1.654471082794,
    7.249248624015));
#2779 = CARTESIAN_POINT('',(-34.3337468852,1.654471082794,4.648099573903
    ));
#2780 = CARTESIAN_POINT('',(-31.3409068871,1.654471082794,4.440763619275
    ));
#2781 = CARTESIAN_POINT('',(-23.20074653376,1.654471082794,
    3.876835070222));
#2782 = CARTESIAN_POINT('',(-71.8803086527,1.776424413629,7.239581803571
    ));
#2783 = CARTESIAN_POINT('',(-34.33340593534,1.776424413628,
    4.638432753458));
#2784 = CARTESIAN_POINT('',(-31.34056593723,1.776424413628,4.43109679883
    ));
#2785 = CARTESIAN_POINT('',(-23.20040558389,1.776424413628,
    3.867168249777));
#2786 = CARTESIAN_POINT('',(-71.88021529391,1.809817637715,
    7.236934837726));
#2787 = CARTESIAN_POINT('',(-34.33331257655,1.809817637715,
    4.635785787613));
#2788 = CARTESIAN_POINT('',(-31.34047257845,1.809817637715,
    4.428449832986));
#2789 = CARTESIAN_POINT('',(-23.2003122251,1.809817637715,3.864521283933
    ));
#2790 = CARTESIAN_POINT('',(-71.8800684542,1.843226089518,7.234458782318
    ));
#2791 = CARTESIAN_POINT('',(-34.33316573684,1.843226089518,
    4.633309732204));
#2792 = CARTESIAN_POINT('',(-31.34032573873,1.843226089518,
    4.425973777577));
#2793 = CARTESIAN_POINT('',(-23.20016538539,1.843226089518,
    3.862045228523));
#2794 = CARTESIAN_POINT('',(-71.8798636053,1.876645226556,7.232181261566
    ));
#2795 = CARTESIAN_POINT('',(-34.33296088793,1.876645226556,
    4.631032211454));
#2796 = CARTESIAN_POINT('',(-31.34012088983,1.876645226556,
    4.423696256826));
#2797 = CARTESIAN_POINT('',(-23.19996053649,1.876645226556,
    3.859767707773));
#2798 = CARTESIAN_POINT('',(-71.87896258849,2.023637489944,
    7.222163709957));
#2799 = CARTESIAN_POINT('',(-34.33205987113,2.023637489944,
    4.621014659844));
#2800 = CARTESIAN_POINT('',(-31.33921987303,2.023637489944,
    4.413678705217));
#2801 = CARTESIAN_POINT('',(-23.19905951969,2.023637489944,
    3.849750156164));
#2802 = CARTESIAN_POINT('',(-71.87692942065,2.170844753014,
    7.215983493351));
#2803 = CARTESIAN_POINT('',(-34.33002670328,2.170844753014,
    4.614834443238));
#2804 = CARTESIAN_POINT('',(-31.33718670518,2.170844753014,
    4.407498488611));
#2805 = CARTESIAN_POINT('',(-23.19702635184,2.170844753014,
    3.843569939558));
#2806 = CARTESIAN_POINT('',(-71.87358118893,2.318161107264,
    7.215420613986));
#2807 = CARTESIAN_POINT('',(-34.32667847156,2.318161107264,
    4.614271563874));
#2808 = CARTESIAN_POINT('',(-31.33383847346,2.318161107264,
    4.406935609247));
#2809 = CARTESIAN_POINT('',(-23.19367812012,2.318161107264,
    3.843007060193));
#2810 = CARTESIAN_POINT('',(-71.87043632519,2.456529625428,
    7.214891923306));
#2811 = CARTESIAN_POINT('',(-34.32353360782,2.456529625428,
    4.613742873193));
#2812 = CARTESIAN_POINT('',(-31.33069360972,2.456529625428,
    4.406406918566));
#2813 = CARTESIAN_POINT('',(-23.19053325638,2.456529625428,
    3.842478369513));
#2814 = CARTESIAN_POINT('',(-71.86612817131,2.594862493329,
    7.219319145744));
#2815 = CARTESIAN_POINT('',(-34.31922545395,2.594862493329,
    4.618170095632));
#2816 = CARTESIAN_POINT('',(-31.32638545584,2.594862493329,
    4.410834141005));
#2817 = CARTESIAN_POINT('',(-23.1862251025,2.594862493329,3.846905591951
    ));
#2818 = CARTESIAN_POINT('',(-71.86048585067,2.732688813096,
    7.231065797143));
#2819 = CARTESIAN_POINT('',(-34.3135831333,2.732688813096,4.62991674703)
  );
#2820 = CARTESIAN_POINT('',(-31.3207431352,2.732688813096,4.422580792403
    ));
#2821 = CARTESIAN_POINT('',(-23.18058278186,2.732688813096,3.85865224335
    ));
#2822 = CARTESIAN_POINT('',(-71.8551568799,2.862860860102,7.242160090749
    ));
#2823 = CARTESIAN_POINT('',(-34.30825416254,2.862860860102,
    4.641011040635));
#2824 = CARTESIAN_POINT('',(-31.31541416444,2.862860860102,
    4.433675086008));
#2825 = CARTESIAN_POINT('',(-23.1752538111,2.862860860102,3.869746536954
    ));
#2826 = CARTESIAN_POINT('',(-71.84864171376,2.992466129771,
    7.259774651775));
#2827 = CARTESIAN_POINT('',(-34.3017389964,2.992466129771,4.658625601662
    ));
#2828 = CARTESIAN_POINT('',(-31.30889899829,2.992466129771,
    4.451289647034));
#2829 = CARTESIAN_POINT('',(-23.16873864495,2.992466129771,3.88736109798
    ));
#2830 = CARTESIAN_POINT('',(-71.84101685285,3.120411382788,
    7.285820647382));
#2831 = CARTESIAN_POINT('',(-34.29411413548,3.120411382788,
    4.684671597269));
#2832 = CARTESIAN_POINT('',(-31.30127413738,3.120411382788,
    4.477335642642));
#2833 = CARTESIAN_POINT('',(-23.16111378404,3.120411382788,
    3.913407093589));
#2834 = CARTESIAN_POINT('',(-71.83369226229,3.243318095813,
    7.310840940297));
#2835 = CARTESIAN_POINT('',(-34.28678954492,3.243318095813,
    4.709691890185));
#2836 = CARTESIAN_POINT('',(-31.29394954682,3.243318095813,
    4.502355935558));
#2837 = CARTESIAN_POINT('',(-23.15378919348,3.243318095813,
    3.938427386504));
#2838 = CARTESIAN_POINT('',(-71.82535046931,3.364641198255,
    7.343632547652));
#2839 = CARTESIAN_POINT('',(-34.27844775195,3.364641198255,4.74248349754
    ));
#2840 = CARTESIAN_POINT('',(-31.28560775385,3.364641198255,
    4.535147542913));
#2841 = CARTESIAN_POINT('',(-23.1454474005,3.364641198255,3.971218993859
    ));
#2842 = CARTESIAN_POINT('',(-71.8163163714,3.482823339022,7.385420141369
    ));
#2843 = CARTESIAN_POINT('',(-34.26941365403,3.482823339022,
    4.784271091256));
#2844 = CARTESIAN_POINT('',(-31.27657365593,3.482823339022,
    4.576935136629));
#2845 = CARTESIAN_POINT('',(-23.13641330259,3.482823339022,
    4.013006587576));
#2846 = CARTESIAN_POINT('',(-71.80853974564,3.584555497354,7.42139124557
    ));
#2847 = CARTESIAN_POINT('',(-34.26163702828,3.584555497354,
    4.820242195458));
#2848 = CARTESIAN_POINT('',(-31.26879703018,3.584555497354,
    4.612906240831));
#2849 = CARTESIAN_POINT('',(-23.12863667683,3.584555497354,
    4.048977691777));
#2850 = CARTESIAN_POINT('',(-71.8002614222,3.683948979593,7.464025317873
    ));
#2851 = CARTESIAN_POINT('',(-34.25335870483,3.683948979593,
    4.862876267761));
#2852 = CARTESIAN_POINT('',(-31.26051870673,3.683948979593,
    4.655540313134));
#2853 = CARTESIAN_POINT('',(-23.12035835339,3.683948979593,4.09161176408
    ));
#2854 = CARTESIAN_POINT('',(-71.79188850885,3.780043571606,
    7.513014497418));
#2855 = CARTESIAN_POINT('',(-34.24498579148,3.780043571606,
    4.911865447306));
#2856 = CARTESIAN_POINT('',(-31.25214579338,3.780043571606,
    4.704529492679));
#2857 = CARTESIAN_POINT('',(-23.11198544004,3.780043571606,
    4.140600943625));
#2858 = CARTESIAN_POINT('',(-71.78152221838,3.89901583505,7.573666751126
    ));
#2859 = CARTESIAN_POINT('',(-34.23461950101,3.89901583505,4.972517701014
    ));
#2860 = CARTESIAN_POINT('',(-31.24177950291,3.89901583505,4.765181746387
    ));
#2861 = CARTESIAN_POINT('',(-23.10161914957,3.89901583505,4.201253197333
    ));
#2862 = CARTESIAN_POINT('',(-71.77102197734,4.01297448883,7.64408152297)
  );
#2863 = CARTESIAN_POINT('',(-34.22411925998,4.01297448883,5.042932472857
    ));
#2864 = CARTESIAN_POINT('',(-31.23127926187,4.01297448883,4.83559651823)
  );
#2865 = CARTESIAN_POINT('',(-23.09111890853,4.01297448883,4.271667969177
    ));
#2866 = CARTESIAN_POINT('',(-71.76114337796,4.120979937394,
    7.722641679784));
#2867 = CARTESIAN_POINT('',(-34.21424066059,4.120979937394,
    5.121492629672));
#2868 = CARTESIAN_POINT('',(-31.22140066249,4.120979937394,
    4.914156675045));
#2869 = CARTESIAN_POINT('',(-23.08124030915,4.120979937394,
    4.350228125991));
#2870 = CARTESIAN_POINT('',(-71.74994850055,4.243376616241,
    7.811669616908));
#2871 = CARTESIAN_POINT('',(-34.20304578319,4.243376616241,
    5.210520566796));
#2872 = CARTESIAN_POINT('',(-31.21020578508,4.243376616241,
    5.003184612168));
#2873 = CARTESIAN_POINT('',(-23.07004543174,4.243376616241,
    4.439256063115));
#2874 = CARTESIAN_POINT('',(-71.73957011598,4.358106045065,
    7.911137462643));
#2875 = CARTESIAN_POINT('',(-34.19266739862,4.358106045065,
    5.309988412531));
#2876 = CARTESIAN_POINT('',(-31.19982740051,4.358106045065,
    5.102652457904));
#2877 = CARTESIAN_POINT('',(-23.05966704717,4.358106045065,4.53872390885
    ));
#2878 = CARTESIAN_POINT('',(-71.73075027605,4.465565287903,
    8.017846083396));
#2879 = CARTESIAN_POINT('',(-34.18384755868,4.465565287903,
    5.416697033284));
#2880 = CARTESIAN_POINT('',(-31.19100756058,4.465565287903,
    5.209361078656));
#2881 = CARTESIAN_POINT('',(-23.05084720724,4.465565287903,
    4.645432529603));
#2882 = CARTESIAN_POINT('',(-71.73073476076,4.465754323215,
    8.018033798262));
#2883 = CARTESIAN_POINT('',(-34.18383204339,4.465754323215,5.41688474815
    ));
#2884 = CARTESIAN_POINT('',(-31.19099204529,4.465754323215,
    5.209548793522));
#2885 = CARTESIAN_POINT('',(-23.05083169195,4.465754323215,
    4.645620244469));
#2886 = CARTESIAN_POINT('',(-71.73071925014,4.465943336342,
    8.018221535864));
#2887 = CARTESIAN_POINT('',(-34.18381653278,4.465943336341,
    5.417072485751));
#2888 = CARTESIAN_POINT('',(-31.19097653467,4.465943336341,
    5.209736531124));
#2889 = CARTESIAN_POINT('',(-23.05081618133,4.465943336341,
    4.645807982071));
#2890 = CARTESIAN_POINT('',(-71.73070374419,4.466132327277,
    8.018409296175));
#2891 = CARTESIAN_POINT('',(-34.18380102683,4.466132327277,
    5.417260246063));
#2892 = CARTESIAN_POINT('',(-31.19096102873,4.466132327277,
    5.209924291436));
#2893 = CARTESIAN_POINT('',(-23.05080067538,4.466132327277,
    4.645995742382));
#2894 = CARTESIAN_POINT('',(-71.72687078444,4.512849540547,
    8.064822307961));
#2895 = CARTESIAN_POINT('',(-34.17996806707,4.512849540547,
    5.463673257849));
#2896 = CARTESIAN_POINT('',(-31.18712806897,4.512849540547,
    5.256337303221));
#2897 = CARTESIAN_POINT('',(-23.04696771563,4.512849540547,
    4.692408754168));
#2898 = CARTESIAN_POINT('',(-71.72332631469,4.558187848606,
    8.112599959464));
#2899 = CARTESIAN_POINT('',(-34.17642359732,4.558187848606,
    5.511450909351));
#2900 = CARTESIAN_POINT('',(-31.18358359922,4.558187848606,
    5.304114954724));
#2901 = CARTESIAN_POINT('',(-23.04342324588,4.558187848606,
    4.740186405671));
#2902 = CARTESIAN_POINT('',(-71.72009904967,4.602314374639,
    8.161523060486));
#2903 = CARTESIAN_POINT('',(-34.1731963323,4.602314374639,5.560374010372
    ));
#2904 = CARTESIAN_POINT('',(-31.1803563342,4.602314374639,5.353038055745
    ));
#2905 = CARTESIAN_POINT('',(-23.04019598086,4.602314374639,
    4.789109506691));
#2906 = CARTESIAN_POINT('',(-71.71579511949,4.661162187329,
    8.226767659231));
#2907 = CARTESIAN_POINT('',(-34.16889240212,4.661162187329,
    5.625618609118));
#2908 = CARTESIAN_POINT('',(-31.17605240402,4.661162187329,
    5.418282654491));
#2909 = CARTESIAN_POINT('',(-23.03589205068,4.661162187329,
    4.854354105438));
#2910 = CARTESIAN_POINT('',(-71.71206019984,4.717813700412,
    8.294002957908));
#2911 = CARTESIAN_POINT('',(-34.16515748248,4.717813700412,
    5.692853907795));
#2912 = CARTESIAN_POINT('',(-31.17231748438,4.717813700412,
    5.485517953168));
#2913 = CARTESIAN_POINT('',(-23.03215713103,4.717813700412,
    4.921589404115));
#2914 = CARTESIAN_POINT('',(-71.70893169978,4.772848895631,
    8.362547207765));
#2915 = CARTESIAN_POINT('',(-34.16202898242,4.772848895631,
    5.761398157651));
#2916 = CARTESIAN_POINT('',(-31.16918898431,4.772848895631,
    5.554062203024));
#2917 = CARTESIAN_POINT('',(-23.02902863097,4.772848895631,4.99013365397
    ));
#2918 = CARTESIAN_POINT('',(-71.70186086709,4.897235870177,
    8.517466470393));
#2919 = CARTESIAN_POINT('',(-34.15495814973,4.897235870177,5.91631742028
    ));
#2920 = CARTESIAN_POINT('',(-31.16211815163,4.897235870177,
    5.708981465653));
#2921 = CARTESIAN_POINT('',(-23.02195779828,4.897235870177,
    5.145052916599));
#2922 = CARTESIAN_POINT('',(-71.69790913724,5.013189993871,
    8.678842293567));
#2923 = CARTESIAN_POINT('',(-34.15100641987,5.013189993871,
    6.077693243454));
#2924 = CARTESIAN_POINT('',(-31.15816642177,5.013189993871,
    5.870357288827));
#2925 = CARTESIAN_POINT('',(-23.01800606842,5.013189993871,
    5.306428739774));
#2926 = CARTESIAN_POINT('',(-71.69678347347,5.123117856414,
    8.844421609771));
#2927 = CARTESIAN_POINT('',(-34.14988075611,5.123117856414,
    6.243272559658));
#2928 = CARTESIAN_POINT('',(-31.157040758,5.123117856414,6.035936605031)
  );
#2929 = CARTESIAN_POINT('',(-23.01688040466,5.123117856414,
    5.472008055978));
#2930 = CARTESIAN_POINT('',(-71.69551106638,5.24737609131,9.031586111026
    ));
#2931 = CARTESIAN_POINT('',(-34.14860834901,5.24737609131,6.430437060913
    ));
#2932 = CARTESIAN_POINT('',(-31.15576835091,5.24737609131,6.223101106286
    ));
#2933 = CARTESIAN_POINT('',(-23.01560799757,5.24737609131,5.659172557233
    ));
#2934 = CARTESIAN_POINT('',(-71.69783739858,5.363666166975,
    9.223721700347));
#2935 = CARTESIAN_POINT('',(-34.15093468122,5.363666166975,
    6.622572650235));
#2936 = CARTESIAN_POINT('',(-31.15809468311,5.363666166975,
    6.415236695607));
#2937 = CARTESIAN_POINT('',(-23.01793432977,5.363666166975,
    5.851308146554));
#2938 = CARTESIAN_POINT('',(-71.70290725603,5.474459630748,9.41905128583
    ));
#2939 = CARTESIAN_POINT('',(-34.15600453866,5.474459630748,
    6.817902235718));
#2940 = CARTESIAN_POINT('',(-31.16316454056,5.474459630748,
    6.610566281091));
#2941 = CARTESIAN_POINT('',(-23.02300418722,5.474459630748,
    6.046637732037));
#2942 = CARTESIAN_POINT('',(-71.70842385421,5.595015884479,
    9.631592732473));
#2943 = CARTESIAN_POINT('',(-34.16152113685,5.595015884479,
    7.030443682361));
#2944 = CARTESIAN_POINT('',(-31.16868113875,5.595015884479,
    6.823107727734));
#2945 = CARTESIAN_POINT('',(-23.0285207854,5.595015884479,6.25917917868)
  );
#2946 = CARTESIAN_POINT('',(-71.71717179429,5.708904647331,9.84764171732
    ));
#2947 = CARTESIAN_POINT('',(-34.17026907692,5.70890464733,7.246492667208
    ));
#2948 = CARTESIAN_POINT('',(-31.17742907882,5.70890464733,7.039156712581
    ));
#2949 = CARTESIAN_POINT('',(-23.03726872548,5.70890464733,6.475228163527
    ));
#2950 = CARTESIAN_POINT('',(-71.7278030215,5.817865119669,
    10.066140182856));
#2951 = CARTESIAN_POINT('',(-34.18090030414,5.817865119669,
    7.464991132744));
#2952 = CARTESIAN_POINT('',(-31.18806030603,5.817865119669,
    7.257655178117));
#2953 = CARTESIAN_POINT('',(-23.04789995269,5.817865119669,
    6.693726629063));
#2954 = CARTESIAN_POINT('',(-71.73216274499,5.862548345912,
    10.155743468889));
#2955 = CARTESIAN_POINT('',(-34.18526002763,5.862548345912,
    7.554594418777));
#2956 = CARTESIAN_POINT('',(-31.19242002952,5.862548345912,7.34725846415
    ));
#2957 = CARTESIAN_POINT('',(-23.05225967618,5.862548345912,
    6.783329915096));
#2958 = CARTESIAN_POINT('',(-71.73683667556,5.906393663562,
    10.245741862797));
#2959 = CARTESIAN_POINT('',(-34.18993395819,5.906393663562,
    7.644592812684));
#2960 = CARTESIAN_POINT('',(-31.19709396009,5.906393663562,
    7.437256858056));
#2961 = CARTESIAN_POINT('',(-23.05693360675,5.906393663562,
    6.873328309003));
#2962 = CARTESIAN_POINT('',(-71.74172551081,5.949474011802,
    10.33609928691));
#2963 = CARTESIAN_POINT('',(-34.19482279345,5.949474011802,
    7.734950236798));
#2964 = CARTESIAN_POINT('',(-31.20198279534,5.949474011802,
    7.527614282171));
#2965 = CARTESIAN_POINT('',(-23.061822442,5.949474011802,6.963685733117)
  );
#2966 = CARTESIAN_POINT('',(-71.75415649825,6.059015700092,
    10.565853808206));
#2967 = CARTESIAN_POINT('',(-34.20725378088,6.059015700092,
    7.964704758094));
#2968 = CARTESIAN_POINT('',(-31.21441378278,6.059015700092,
    7.757368803467));
#2969 = CARTESIAN_POINT('',(-23.07425342944,6.059015700092,
    7.193440254413));
#2970 = CARTESIAN_POINT('',(-71.76796995086,6.163632536496,
    10.79797751713));
#2971 = CARTESIAN_POINT('',(-34.2210672335,6.163632536496,8.196828467018
    ));
#2972 = CARTESIAN_POINT('',(-31.22822723539,6.163632536496,
    7.989492512391));
#2973 = CARTESIAN_POINT('',(-23.08806688205,6.163632536496,
    7.425563963337));
#2974 = CARTESIAN_POINT('',(-71.78161669808,6.264401461612,
    11.031634484716));
#2975 = CARTESIAN_POINT('',(-34.23471398071,6.264401461612,
    8.430485434603));
#2976 = CARTESIAN_POINT('',(-31.24187398261,6.264401461612,
    8.223149479976));
#2977 = CARTESIAN_POINT('',(-23.10171362927,6.264401461612,
    7.659220930922));
#2978 = CARTESIAN_POINT('',(-71.81047728264,6.477510859626,
    11.525779834052));
#2979 = CARTESIAN_POINT('',(-34.26357456527,6.477510859626,8.92463078394
    ));
#2980 = CARTESIAN_POINT('',(-31.27073456717,6.477510859626,
    8.717294829313));
#2981 = CARTESIAN_POINT('',(-23.13057421382,6.477510859626,
    8.153366280259));
#2982 = CARTESIAN_POINT('',(-71.8383292223,6.672787220692,
    12.025069457155));
#2983 = CARTESIAN_POINT('',(-34.29142650494,6.672787220692,
    9.423920407043));
#2984 = CARTESIAN_POINT('',(-31.29858650684,6.672787220692,
    9.216584452416));
#2985 = CARTESIAN_POINT('',(-23.15842615349,6.672787220692,
    8.652655903363));
#2986 = CARTESIAN_POINT('',(-71.85272438016,6.857638895421,
    12.531081117255));
#2987 = CARTESIAN_POINT('',(-34.3058216628,6.857638895421,9.929932067142
    ));
#2988 = CARTESIAN_POINT('',(-31.31298166469,6.857638895421,
    9.722596112515));
#2989 = CARTESIAN_POINT('',(-23.17282131135,6.857638895421,
    9.158667563461));
#2990 = CARTESIAN_POINT('',(-71.8530947275,6.862394614423,
    12.544099388637));
#2991 = CARTESIAN_POINT('',(-34.30619201013,6.862394614423,
    9.942950338525));
#2992 = CARTESIAN_POINT('',(-31.31335201203,6.862394614423,
    9.735614383897));
#2993 = CARTESIAN_POINT('',(-23.17319165869,6.862394614423,
    9.171685834844));
#2994 = CARTESIAN_POINT('',(-71.85345624869,6.867142847457,
    12.557120663579));
#2995 = CARTESIAN_POINT('',(-34.30655353132,6.867142847456,
    9.955971613466));
#2996 = CARTESIAN_POINT('',(-31.31371353322,6.867142847456,
    9.748635658839));
#2997 = CARTESIAN_POINT('',(-23.17355317988,6.867142847456,
    9.184707109786));
#2998 = CARTESIAN_POINT('',(-71.85380891591,6.871883674557,
    12.570144848035));
#2999 = CARTESIAN_POINT('',(-34.30690619855,6.871883674557,
    9.968995797922));
#3000 = CARTESIAN_POINT('',(-31.31406620045,6.871883674557,
    9.761659843295));
#3001 = CARTESIAN_POINT('',(-23.17390584711,6.871883674557,
    9.197731294242));
#3002 = CARTESIAN_POINT('',(-71.85815135138,6.930258068658,
    12.730513252143));
#3003 = CARTESIAN_POINT('',(-34.31124863401,6.930258068658,
    10.129364202031));
#3004 = CARTESIAN_POINT('',(-31.31840863591,6.930258068658,
    9.922028247404));
#3005 = CARTESIAN_POINT('',(-23.17824828257,6.930258068658,9.35809969835
    ));
#3006 = CARTESIAN_POINT('',(-71.86115043674,6.987499032155,
    12.891293118028));
#3007 = CARTESIAN_POINT('',(-34.31424771937,6.987499032155,
    10.290144067915));
#3008 = CARTESIAN_POINT('',(-31.32140772127,6.987499032155,
    10.082808113288));
#3009 = CARTESIAN_POINT('',(-23.18124736793,6.987499032155,
    9.518879564235));
#3010 = CARTESIAN_POINT('',(-71.86275870601,7.043701769459,
    13.052485835564));
#3011 = CARTESIAN_POINT('',(-34.31585598865,7.043701769459,
    10.451336785452));
#3012 = CARTESIAN_POINT('',(-31.32301599054,7.043701769459,
    10.244000830825));
#3013 = CARTESIAN_POINT('',(-23.1828556372,7.043701769459,9.680072281771
    ));
#3014 = CARTESIAN_POINT('',(-71.86634560525,7.1690499052,13.411991575094
    ));
#3015 = CARTESIAN_POINT('',(-34.31944288788,7.1690499052,10.810842524981
    ));
#3016 = CARTESIAN_POINT('',(-31.32660288978,7.1690499052,10.603506570354
    ));
#3017 = CARTESIAN_POINT('',(-23.18644253644,7.1690499052,10.039578021301
    ));
#3018 = CARTESIAN_POINT('',(-71.86301008415,7.289118979824,
    13.773222031459));
#3019 = CARTESIAN_POINT('',(-34.31610736678,7.289118979824,
    11.172072981345));
#3020 = CARTESIAN_POINT('',(-31.32326736868,7.289118979824,
    10.964737026718));
#3021 = CARTESIAN_POINT('',(-23.18310701534,7.289118979824,
    10.400808477664));
#3022 = CARTESIAN_POINT('',(-71.85227556142,7.404842115661,
    14.135797839915));
#3023 = CARTESIAN_POINT('',(-34.30537284405,7.404842115661,
    11.534648789803));
#3024 = CARTESIAN_POINT('',(-31.31253284595,7.404842115661,
    11.327312835176));
#3025 = CARTESIAN_POINT('',(-23.17237249261,7.404842115661,
    10.763384286122));
#3026 = CARTESIAN_POINT('',(-71.84720050808,7.459553545441,
    14.307215946942));
#3027 = CARTESIAN_POINT('',(-34.30029779072,7.459553545441,
    11.70606689683));
#3028 = CARTESIAN_POINT('',(-31.30745779262,7.459553545441,
    11.498730942202));
#3029 = CARTESIAN_POINT('',(-23.16729743927,7.459553545441,
    10.934802393149));
#3030 = CARTESIAN_POINT('',(-71.84047254412,7.513282884756,
    14.478902244543));
#3031 = CARTESIAN_POINT('',(-34.29356982675,7.513282884756,
    11.877753194431));
#3032 = CARTESIAN_POINT('',(-31.30072982865,7.513282884756,
    11.670417239803));
#3033 = CARTESIAN_POINT('',(-23.16056947531,7.513282884756,
    11.10648869075));
#3034 = CARTESIAN_POINT('',(-71.83204258676,7.566098838864,
    14.650782071542));
#3035 = CARTESIAN_POINT('',(-34.28513986939,7.566098838864,
    12.049633021428));
#3036 = CARTESIAN_POINT('',(-31.29229987129,7.566098838864,
    11.842297066801));
#3037 = CARTESIAN_POINT('',(-23.15213951795,7.566098838864,
    11.278368517747));
#3038 = CARTESIAN_POINT('',(-71.81636024711,7.664352921922,
    14.970531947943));
#3039 = CARTESIAN_POINT('',(-34.26945752974,7.664352921922,
    12.369382897831));
#3040 = CARTESIAN_POINT('',(-31.27661753164,7.664352921922,
    12.162046943204));
#3041 = CARTESIAN_POINT('',(-23.1364571783,7.664352921922,11.59811839415
    ));
#3042 = CARTESIAN_POINT('',(-71.79478445937,7.75946842246,
    15.291028925702));
#3043 = CARTESIAN_POINT('',(-34.24788174201,7.75946842246,12.68987987559
    ));
#3044 = CARTESIAN_POINT('',(-31.25504174391,7.75946842246,
    12.482543920963));
#3045 = CARTESIAN_POINT('',(-23.11488139056,7.75946842246,
    11.918615371909));
#3046 = CARTESIAN_POINT('',(-71.76672257409,7.851864044679,
    15.611679534889));
#3047 = CARTESIAN_POINT('',(-34.21981985672,7.851864044679,
    13.010530484777));
#3048 = CARTESIAN_POINT('',(-31.22697985862,7.851864044679,
    12.80319453015));
#3049 = CARTESIAN_POINT('',(-23.08681950528,7.851864044679,
    12.239265981096));
#3050 = CARTESIAN_POINT('',(-71.73463888931,7.957501709007,
    15.978285447664));
#3051 = CARTESIAN_POINT('',(-34.18773617194,7.957501709007,
    13.377136397552));
#3052 = CARTESIAN_POINT('',(-31.19489617384,7.957501709007,
    13.169800442925));
#3053 = CARTESIAN_POINT('',(-23.0547358205,7.957501709007,
    12.605871893871));
#3054 = CARTESIAN_POINT('',(-71.69406395486,8.05962543184,
    16.345236714938));
#3055 = CARTESIAN_POINT('',(-34.14716123749,8.05962543184,
    13.744087664826));
#3056 = CARTESIAN_POINT('',(-31.15432123939,8.05962543184,
    13.536751710199));
#3057 = CARTESIAN_POINT('',(-23.01416088605,8.05962543184,
    12.972823161145));
#3058 = CARTESIAN_POINT('',(-71.64407578626,8.158727193502,
    16.71166962591));
#3059 = CARTESIAN_POINT('',(-34.09717306889,8.158727193502,
    14.110520575798));
#3060 = CARTESIAN_POINT('',(-31.10433307079,8.158727193502,
    13.90318462117));
#3061 = CARTESIAN_POINT('',(-22.96417271745,8.158727193502,
    13.339256072117));
#3062 = CARTESIAN_POINT('',(-71.63616011776,8.174420040717,
    16.769694585204));
#3063 = CARTESIAN_POINT('',(-34.0892574004,8.174420040717,
    14.168545535092));
#3064 = CARTESIAN_POINT('',(-31.0964174023,8.174420040717,
    13.961209580465));
#3065 = CARTESIAN_POINT('',(-22.95625704896,8.174420040717,
    13.397281031411));
#3066 = CARTESIAN_POINT('',(-71.62800800373,8.190037900944,
    16.827709306329));
#3067 = CARTESIAN_POINT('',(-34.08110528636,8.190037900944,
    14.226560256217));
#3068 = CARTESIAN_POINT('',(-31.08826528826,8.190037900944,
    14.01922430159));
#3069 = CARTESIAN_POINT('',(-22.94810493492,8.190037900944,
    13.455295752536));
#3070 = CARTESIAN_POINT('',(-71.61961786078,8.205581824818,
    16.885706876718));
#3071 = CARTESIAN_POINT('',(-34.07271514341,8.205581824818,
    14.284557826605));
#3072 = CARTESIAN_POINT('',(-31.07987514531,8.205581824818,
    14.077221871977));
#3073 = CARTESIAN_POINT('',(-22.93971479197,8.205581824818,
    13.513293322924));
#3074 = CARTESIAN_POINT('',(-71.59137238713,8.257910550904,
    17.080956094289));
#3075 = CARTESIAN_POINT('',(-34.04446966976,8.257910550904,
    14.479807044177));
#3076 = CARTESIAN_POINT('',(-31.05162967166,8.257910550904,
    14.27247108955));
#3077 = CARTESIAN_POINT('',(-22.91146931832,8.257910550904,
    13.708542540496));
#3078 = CARTESIAN_POINT('',(-71.56043024997,8.309400154985,
    17.276004100673));
#3079 = CARTESIAN_POINT('',(-34.01352753261,8.309400154985,
    14.67485505056));
#3080 = CARTESIAN_POINT('',(-31.02068753451,8.309400154985,
    14.467519095933));
#3081 = CARTESIAN_POINT('',(-22.88052718117,8.309400154985,
    13.90359054688));
#3082 = CARTESIAN_POINT('',(-71.52671403856,8.360343307422,
    17.470751101567));
#3083 = CARTESIAN_POINT('',(-33.97981132119,8.360343307422,
    14.869602051454));
#3084 = CARTESIAN_POINT('',(-30.98697132309,8.360343307422,
    14.662266096827));
#3085 = CARTESIAN_POINT('',(-22.84681096975,8.360343307422,
    14.098337547773));
#3086 = CARTESIAN_POINT('',(-71.49335364279,8.410748843978,
    17.663442888452));
#3087 = CARTESIAN_POINT('',(-33.94645092542,8.410748843978,
    15.062293838338));
#3088 = CARTESIAN_POINT('',(-30.95361092732,8.410748843978,
    14.854957883711));
#3089 = CARTESIAN_POINT('',(-22.81345057398,8.410748843978,
    14.291029334657));
#3090 = CARTESIAN_POINT('',(-71.45729248655,8.460599516003,
    17.85575399605));
#3091 = CARTESIAN_POINT('',(-33.91038976918,8.460599516003,
    15.254604945938));
#3092 = CARTESIAN_POINT('',(-30.91754977108,8.460599516003,
    15.04726899131));
#3093 = CARTESIAN_POINT('',(-22.77738941774,8.460599516003,
    14.483340442257));
#3094 = CARTESIAN_POINT('',(-71.41849762199,8.511110536698,
    18.047398346509));
#3095 = CARTESIAN_POINT('',(-33.87159490462,8.511110536698,
    15.446249296396));
#3096 = CARTESIAN_POINT('',(-30.87875490652,8.511110536698,
    15.238913341769));
#3097 = CARTESIAN_POINT('',(-22.73859455318,8.511110536698,
    14.674984792716));
#3098 = CARTESIAN_POINT('',(-71.40819764109,8.524521140254,
    18.098279646714));
#3099 = CARTESIAN_POINT('',(-33.86129492372,8.524521140254,
    15.497130596602));
#3100 = CARTESIAN_POINT('',(-30.86845492562,8.524521140254,
    15.289794641975));
#3101 = CARTESIAN_POINT('',(-22.72829457228,8.524521140254,
    14.725866092921));
#3102 = CARTESIAN_POINT('',(-71.39770537168,8.537977625025,
    18.149111760685));
#3103 = CARTESIAN_POINT('',(-33.85080265431,8.537977625025,
    15.547962710573));
#3104 = CARTESIAN_POINT('',(-30.85796265621,8.537977625025,
    15.340626755946));
#3105 = CARTESIAN_POINT('',(-22.71780230287,8.537977625025,
    14.776698206892));
#3106 = CARTESIAN_POINT('',(-71.38702810083,8.551638428352,18.1998477403
    ));
#3107 = CARTESIAN_POINT('',(-33.84012538346,8.551638428352,
    15.598698690188));
#3108 = CARTESIAN_POINT('',(-30.84728538536,8.551638428352,
    15.39136273556));
#3109 = CARTESIAN_POINT('',(-22.70712503202,8.551638428352,
    14.827434186507));
#3110 = CARTESIAN_POINT('',(-71.37362044233,8.56879256712,
    18.263557905358));
#3111 = CARTESIAN_POINT('',(-33.82671772496,8.56879256712,
    15.662408855246));
#3112 = CARTESIAN_POINT('',(-30.83387772686,8.56879256712,
    15.455072900618));
#3113 = CARTESIAN_POINT('',(-22.69371737352,8.56879256712,
    14.891144351565));
#3114 = CARTESIAN_POINT('',(-71.35992816169,8.586260039155,
    18.327083420465));
#3115 = CARTESIAN_POINT('',(-33.81302544433,8.586260039155,
    15.725934370353));
#3116 = CARTESIAN_POINT('',(-30.82018544622,8.586260039155,
    15.518598415726));
#3117 = CARTESIAN_POINT('',(-22.68002509288,8.586260039155,
    14.954669866672));
#3118 = CARTESIAN_POINT('',(-71.34598475763,8.605039896221,
    18.390222056099));
#3119 = CARTESIAN_POINT('',(-33.79908204026,8.605039896221,
    15.789073005986));
#3120 = CARTESIAN_POINT('',(-30.80624204216,8.605039896221,
    15.581737051358));
#3121 = CARTESIAN_POINT('',(-22.66608168882,8.605039896221,
    15.017808502304));
#3122 = CARTESIAN_POINT('',(-71.34043210165,8.612518563923,
    18.415365638043));
#3123 = CARTESIAN_POINT('',(-33.79352938428,8.612518563923,
    15.81421658793));
#3124 = CARTESIAN_POINT('',(-30.80068938618,8.612518563923,
    15.606880633302));
#3125 = CARTESIAN_POINT('',(-22.66052903284,8.612518563923,
    15.042952084248));
#3126 = CARTESIAN_POINT('',(-71.33484084969,8.62020365109,
    18.440441961636));
#3127 = CARTESIAN_POINT('',(-33.78793813232,8.62020365109,
    15.839292911524));
#3128 = CARTESIAN_POINT('',(-30.79509813422,8.62020365109,
    15.631956956896));
#3129 = CARTESIAN_POINT('',(-22.65493778088,8.62020365109,
    15.068028407843));
#3130 = CARTESIAN_POINT('',(-71.32922891582,8.628388896116,
    18.465351947532));
#3131 = CARTESIAN_POINT('',(-33.78232619845,8.628388896116,
    15.864202897419));
#3132 = CARTESIAN_POINT('',(-30.78948620035,8.628388896116,
    15.656866942792));
#3133 = CARTESIAN_POINT('',(-22.64932584701,8.628388896116,
    15.092938393738));
#3134 = CARTESIAN_POINT('',(-70.84798953942,9.330297062893,
    20.601454468388));
#3135 = CARTESIAN_POINT('',(-33.30108682204,9.330297062893,
    18.000305418276));
#3136 = CARTESIAN_POINT('',(-30.30824682393,9.330297062893,
    17.792969463649));
#3137 = CARTESIAN_POINT('',(-22.16808647059,9.330297062893,
    17.229040914595));
#3138 = CARTESIAN_POINT('',(-70.36675016301,10.03220522967,
    22.737556989245));
#3139 = CARTESIAN_POINT('',(-32.81984744562,10.03220522967,
    20.136407939133));
#3140 = CARTESIAN_POINT('',(-29.82700744751,10.03220522967,
    19.929071984506));
#3141 = CARTESIAN_POINT('',(-21.68684709417,10.03220522967,
    19.365143435452));
#3142 = CARTESIAN_POINT('',(-69.88551078661,10.734113396446,
    24.873659510102));
#3143 = CARTESIAN_POINT('',(-32.3386080692,10.734113396446,
    22.27251045999));
#3144 = CARTESIAN_POINT('',(-29.34576807109,10.734113396446,
    22.065174505362));
#3145 = CARTESIAN_POINT('',(-21.20560771774,10.734113396446,
    21.501245956309));
#3146 = ADVANCED_FACE('',(#3147),#3154,.T.);
#3147 = FACE_BOUND('',#3148,.T.);
#3148 = EDGE_LOOP('',(#3149,#3150,#3151,#3152,#3153));
#3149 = ORIENTED_EDGE('',*,*,#190,.F.);
#3150 = ORIENTED_EDGE('',*,*,#179,.T.);
#3151 = ORIENTED_EDGE('',*,*,#1148,.F.);
#3152 = ORIENTED_EDGE('',*,*,#1218,.T.);
#3153 = ORIENTED_EDGE('',*,*,#1256,.T.);
#3154 = SPHERICAL_SURFACE('',#3155,1.);
#3155 = AXIS2_PLACEMENT_3D('',#3156,#3157,#3158);
#3156 = CARTESIAN_POINT('',(-32.34496517874,7.151904761093,
    14.096589283911));
#3157 = DIRECTION('',(0.,1.,0.));
#3158 = DIRECTION('',(1.,0.,0.));
#3159 = ADVANCED_FACE('',(#3160),#3174,.T.);
#3160 = FACE_BOUND('',#3161,.T.);
#3161 = EDGE_LOOP('',(#3162,#3163,#3164,#3173));
#3162 = ORIENTED_EDGE('',*,*,#2529,.T.);
#3163 = ORIENTED_EDGE('',*,*,#2118,.T.);
#3164 = ORIENTED_EDGE('',*,*,#3165,.T.);
#3165 = EDGE_CURVE('',#2121,#2608,#3166,.T.);
#3166 = B_SPLINE_CURVE_WITH_KNOTS('',3,(#3167,#3168,#3169,#3170,#3171,
    #3172),.UNSPECIFIED.,.F.,.F.,(4,2,4),(0.,2.782978778706E-02,
    5.565987364673E-02),.UNSPECIFIED.);
#3167 = CARTESIAN_POINT('',(-36.18414388637,8.135873935887,
    15.75221770045));
#3168 = CARTESIAN_POINT('',(-36.12100843832,8.20005963131,
    15.729865185913));
#3169 = CARTESIAN_POINT('',(-36.05788215456,8.264236032688,
    15.707515880555));
#3170 = CARTESIAN_POINT('',(-35.93161031113,8.392608475335,
    15.662810377866));
#3171 = CARTESIAN_POINT('',(-35.86848342767,8.4567855297,15.640460792695
    ));
#3172 = CARTESIAN_POINT('',(-35.80534704697,8.520972259889,
    15.618107813025));
#3173 = ORIENTED_EDGE('',*,*,#2607,.T.);
#3174 = B_SPLINE_SURFACE_WITH_KNOTS('',3,3,(
    (#3175,#3176,#3177,#3178,#3179,#3180,#3181,#3182,#3183,#3184,#3185
      ,#3186,#3187,#3188,#3189,#3190,#3191,#3192,#3193,#3194,#3195,#3196
      ,#3197,#3198,#3199,#3200,#3201,#3202,#3203,#3204,#3205,#3206,#3207
      ,#3208,#3209)
    ,(#3210,#3211,#3212,#3213,#3214,#3215,#3216,#3217,#3218,#3219,#3220
      ,#3221,#3222,#3223,#3224,#3225,#3226,#3227,#3228,#3229,#3230,#3231
      ,#3232,#3233,#3234,#3235,#3236,#3237,#3238,#3239,#3240,#3241,#3242
      ,#3243,#3244)
    ,(#3245,#3246,#3247,#3248,#3249,#3250,#3251,#3252,#3253,#3254,#3255
      ,#3256,#3257,#3258,#3259,#3260,#3261,#3262,#3263,#3264,#3265,#3266
      ,#3267,#3268,#3269,#3270,#3271,#3272,#3273,#3274,#3275,#3276,#3277
      ,#3278,#3279)
    ,(#3280,#3281,#3282,#3283,#3284,#3285,#3286,#3287,#3288,#3289,#3290
      ,#3291,#3292,#3293,#3294,#3295,#3296,#3297,#3298,#3299,#3300,#3301
      ,#3302,#3303,#3304,#3305,#3306,#3307,#3308,#3309,#3310,#3311,#3312
      ,#3313,#3314
    )),.UNSPECIFIED.,.F.,.F.,.F.,(4,4),(4,1,1,1,2,1,1,1,2,1,1,1,3,2,1,1,
    1,1,1,3,2,1,1,1,4),(0.,1.),(0.338782116009,0.34188932602,
    0.34810374604,0.351210956051,0.354318166061,0.361348033593,
    0.364862967358,0.368377901124,0.37189283489,0.396443776561,
    0.408719247396,0.420994718232,0.433270189068,0.433295901042,
    0.460718591094,0.474429936121,0.481285608634,0.488141281147,
    0.49499695366,0.501852626174,0.501874096018,0.502728890116,
    0.504438478312,0.50529327241,0.506148066508),.UNSPECIFIED.);
#3175 = CARTESIAN_POINT('',(-35.91259560516,8.117100093436,
    14.081588286099));
#3176 = CARTESIAN_POINT('',(-35.91188325777,8.119882060785,
    14.091832591137));
#3177 = CARTESIAN_POINT('',(-35.90974538438,8.128223044653,
    14.122574281178));
#3178 = CARTESIAN_POINT('',(-35.90689074187,8.139327878227,
    14.163610088646));
#3179 = CARTESIAN_POINT('',(-35.90403181877,8.150417015284,
    14.204694836048));
#3180 = CARTESIAN_POINT('',(-35.9026010065,8.155956113441,
    14.225252451039));
#3181 = CARTESIAN_POINT('',(-35.90026598509,8.164986990408,
    14.258798175668));
#3182 = CARTESIAN_POINT('',(-35.89783450516,8.174370507813,
    14.29372170673));
#3183 = CARTESIAN_POINT('',(-35.89458657803,8.186864333961,
    14.340356160349));
#3184 = CARTESIAN_POINT('',(-35.8921481316,8.19622427452,14.375360105719
    ));
#3185 = CARTESIAN_POINT('',(-35.89052039301,8.202458974226,
    14.398721126835));
#3186 = CARTESIAN_POINT('',(-35.88402286212,8.227320594898,
    14.491962529846));
#3187 = CARTESIAN_POINT('',(-35.87534100895,8.26028830147,
    14.616451539372));
#3188 = CARTESIAN_POINT('',(-35.86435149147,8.301632600873,
    14.773879738313));
#3189 = CARTESIAN_POINT('',(-35.85635857397,8.331541489393,
    14.888317771934));
#3190 = CARTESIAN_POINT('',(-35.85118666804,8.350800925262,
    14.962329799125));
#3191 = CARTESIAN_POINT('',(-35.84863492621,8.360283721895,
    14.998838638641));
#3192 = CARTESIAN_POINT('',(-35.84862958137,8.360303584395,
    14.99891510942));
#3193 = CARTESIAN_POINT('',(-35.84862423839,8.360323440039,
    14.998991553716));
#3194 = CARTESIAN_POINT('',(-35.8429161854,8.381535380369,
    15.080658920717));
#3195 = CARTESIAN_POINT('',(-35.83463271086,8.412175025644,
    15.199118270558));
#3196 = CARTESIAN_POINT('',(-35.82530118656,8.446706467516,
    15.332571443258));
#3197 = CARTESIAN_POINT('',(-35.82009207869,8.46601567926,
    15.407081396586));
#3198 = CARTESIAN_POINT('',(-35.81615717622,8.48062771394,
    15.463375550566));
#3199 = CARTESIAN_POINT('',(-35.81242517768,8.494515403357,
    15.516778234036));
#3200 = CARTESIAN_POINT('',(-35.8095790907,8.505134300179,
    15.557514917451));
#3201 = CARTESIAN_POINT('',(-35.80799565747,8.511054899999,
    15.580183910888));
#3202 = CARTESIAN_POINT('',(-35.80799069865,8.51107344148,
    15.580254903142));
#3203 = CARTESIAN_POINT('',(-35.80798573876,8.51109198705,
    15.580325910641));
#3204 = CARTESIAN_POINT('',(-35.80778326429,8.511849066943,
    15.583224610941));
#3205 = CARTESIAN_POINT('',(-35.80718568472,8.514084058806,
    15.591780002268));
#3206 = CARTESIAN_POINT('',(-35.8063703543,8.517136176008,
    15.603453938544));
#3207 = CARTESIAN_POINT('',(-35.80553966723,8.520249544367,
    15.615349220825));
#3208 = CARTESIAN_POINT('',(-35.80511973886,8.521824841362,
    15.621363073336));
#3209 = CARTESIAN_POINT('',(-35.80490876198,8.522616691947,
    15.624384659679));
#3210 = CARTESIAN_POINT('',(-36.03894621657,7.988479826347,
    14.125302423082));
#3211 = CARTESIAN_POINT('',(-36.03823509971,7.991256792175,
    14.135528319695));
#3212 = CARTESIAN_POINT('',(-36.03610090392,7.999582824067,
    14.166214930133));
#3213 = CARTESIAN_POINT('',(-36.03325110935,8.010667929344,
    14.20717787433));
#3214 = CARTESIAN_POINT('',(-36.03039697828,8.021737545329,
    14.248190338772));
#3215 = CARTESIAN_POINT('',(-36.02896854373,8.027266950657,
    14.268712001876));
#3216 = CARTESIAN_POINT('',(-36.02663738467,8.036282075895,
    14.302199251163));
#3217 = CARTESIAN_POINT('',(-36.0242098821,8.045649358341,
    14.337062397452));
#3218 = CARTESIAN_POINT('',(-36.02096719024,8.058121782488,
    14.383617018858));
#3219 = CARTESIAN_POINT('',(-36.01853262878,8.067465825446,
    14.418561553506));
#3220 = CARTESIAN_POINT('',(-36.01690746408,8.073689979263,
    14.441883086126));
#3221 = CARTESIAN_POINT('',(-36.01042009324,8.098509960187,
    14.534968449015));
#3222 = CARTESIAN_POINT('',(-36.00175058563,8.131426601044,
    14.65926467325));
#3223 = CARTESIAN_POINT('',(-35.99077430967,8.172715036711,
    14.816480276476));
#3224 = CARTESIAN_POINT('',(-35.98278996187,8.202587135056,
    14.930777606944));
#3225 = CARTESIAN_POINT('',(-35.97762290512,8.221825276911,
    15.004707822658));
#3226 = CARTESIAN_POINT('',(-35.97507340223,8.231298113724,
    15.041178328246));
#3227 = CARTESIAN_POINT('',(-35.97506806193,8.231317955932,
    15.041254720805));
#3228 = CARTESIAN_POINT('',(-35.97506272384,8.231337789998,
    15.04133108228));
#3229 = CARTESIAN_POINT('',(-35.96935961146,8.25252771535,
    15.122913654616));
#3230 = CARTESIAN_POINT('',(-35.96107856073,8.283152839763,
    15.241316672736));
#3231 = CARTESIAN_POINT('',(-35.95174237869,8.317695235066,
    15.374811757104));
#3232 = CARTESIAN_POINT('',(-35.94652868883,8.337017983021,
    15.449373625383));
#3233 = CARTESIAN_POINT('',(-35.9425893089,8.351644091442,
    15.505721730333));
#3234 = CARTESIAN_POINT('',(-35.93885210231,8.365548767384,
    15.559189446027));
#3235 = CARTESIAN_POINT('',(-35.9360014681,8.376182902354,15.59998435877
    ));
#3236 = CARTESIAN_POINT('',(-35.93441512108,8.382113411631,
    15.622691154999));
#3237 = CARTESIAN_POINT('',(-35.93441015337,8.382131983364,
    15.622762262648));
#3238 = CARTESIAN_POINT('',(-35.93440518458,8.382150559243,
    15.62283338576));
#3239 = CARTESIAN_POINT('',(-35.93420234564,8.38290887959,15.62573681782
    ));
#3240 = CARTESIAN_POINT('',(-35.93360360874,8.385147840398,
    15.63430734722));
#3241 = CARTESIAN_POINT('',(-35.93278635782,8.388206662598,
    15.646006845802));
#3242 = CARTESIAN_POINT('',(-35.93195335187,8.39132823807,
    15.657933388128));
#3243 = CARTESIAN_POINT('',(-35.93153212877,8.392908150713,
    15.663964808825));
#3244 = CARTESIAN_POINT('',(-35.93132047011,8.393702439927,
    15.666995673269));
#3245 = CARTESIAN_POINT('',(-36.16529682798,7.859859559258,
    14.169016560064));
#3246 = CARTESIAN_POINT('',(-36.16458694161,7.862631523725,
    14.179224048812));
#3247 = CARTESIAN_POINT('',(-36.16245642292,7.870942605903,
    14.209855588462));
#3248 = CARTESIAN_POINT('',(-36.15961147584,7.882007984819,
    14.25074567677));
#3249 = CARTESIAN_POINT('',(-36.15676213608,7.893058082985,
    14.291685870784));
#3250 = CARTESIAN_POINT('',(-36.15533607946,7.898577794467,
    14.312171577958));
#3251 = CARTESIAN_POINT('',(-36.15300877774,7.907577188859,
    14.345600431228));
#3252 = CARTESIAN_POINT('',(-36.15058525746,7.916928215749,
    14.380403114386));
#3253 = CARTESIAN_POINT('',(-36.14734779393,7.929379267718,
    14.426878017682));
#3254 = CARTESIAN_POINT('',(-36.14491712527,7.938707379112,
    14.461763011351));
#3255 = CARTESIAN_POINT('',(-36.14329451844,7.944921056741,
    14.485045323068));
#3256 = CARTESIAN_POINT('',(-36.1368173996,7.969698994384,14.57797309517
    ));
#3257 = CARTESIAN_POINT('',(-36.12816015626,8.002564929688,
    14.702077922883));
#3258 = CARTESIAN_POINT('',(-36.11719714851,8.04379738494,
    14.859080480967));
#3259 = CARTESIAN_POINT('',(-36.10922134217,8.073632811505,
    14.973237557469));
#3260 = CARTESIAN_POINT('',(-36.10405915145,8.092849591149,
    15.047085706711));
#3261 = CARTESIAN_POINT('',(-36.10151187825,8.102312505554,
    15.08351801785));
#3262 = CARTESIAN_POINT('',(-36.10150654285,8.102332326162,
    15.083594327499));
#3263 = CARTESIAN_POINT('',(-36.10150120894,8.102352141193,
    15.083670615259));
#3264 = CARTESIAN_POINT('',(-36.09580308659,8.123519842033,
    15.165167736061));
#3265 = CARTESIAN_POINT('',(-36.08752436372,8.154130817061,
    15.283515676203));
#3266 = CARTESIAN_POINT('',(-36.07818353222,8.188684127063,
    15.417052561663));
#3267 = CARTESIAN_POINT('',(-36.07296527066,8.208020380268,
    15.491666215726));
#3268 = CARTESIAN_POINT('',(-36.06902136135,8.222660735871,
    15.548068934352));
#3269 = CARTESIAN_POINT('',(-36.06527908318,8.23658194382,
    15.601599941921));
#3270 = CARTESIAN_POINT('',(-36.06242363382,8.247232210043,
    15.642456500341));
#3271 = CARTESIAN_POINT('',(-36.0608345847,8.253171923264,
    15.665198399109));
#3272 = CARTESIAN_POINT('',(-36.0608296081,8.253190525236,
    15.665269622102));
#3273 = CARTESIAN_POINT('',(-36.06082463039,8.25320913145,
    15.665340860936));
#3274 = CARTESIAN_POINT('',(-36.06062142709,8.253968691893,
    15.668249023268));
#3275 = CARTESIAN_POINT('',(-36.0600215327,8.256211622196,15.67683469303
    ));
#3276 = CARTESIAN_POINT('',(-36.05920236132,8.259277149299,
    15.688559753522));
#3277 = CARTESIAN_POINT('',(-36.05836703653,8.262406931695,
    15.700517555108));
#3278 = CARTESIAN_POINT('',(-36.05794451863,8.263991460282,
    15.70656654522));
#3279 = CARTESIAN_POINT('',(-36.05773217824,8.264788187907,
    15.70960668686));
#3280 = CARTESIAN_POINT('',(-36.29164743939,7.731239292169,
    14.212730697046));
#3281 = CARTESIAN_POINT('',(-36.29093878356,7.734006255115,
    14.22291977737));
#3282 = CARTESIAN_POINT('',(-36.28881194246,7.742302385316,
    14.253496237416));
#3283 = CARTESIAN_POINT('',(-36.28597184331,7.753348035935,
    14.294313462455));
#3284 = CARTESIAN_POINT('',(-36.2831272956,7.764378613031,
    14.335181373509));
#3285 = CARTESIAN_POINT('',(-36.2817036167,7.769888631683,
    14.355631128795));
#3286 = CARTESIAN_POINT('',(-36.27938017731,7.778872274346,
    14.389001506723));
#3287 = CARTESIAN_POINT('',(-36.2769606344,7.788207066278,
    14.423743805108));
#3288 = CARTESIAN_POINT('',(-36.27372840614,7.800636716245,
    14.470138876191));
#3289 = CARTESIAN_POINT('',(-36.27130162244,7.809948930038,
    14.504964459138));
#3290 = CARTESIAN_POINT('',(-36.26968158951,7.816152061779,
    14.528207282359));
#3291 = CARTESIAN_POINT('',(-36.26321463072,7.840888359673,
    14.62097901434));
#3292 = CARTESIAN_POINT('',(-36.25456973294,7.873703229263,
    14.744891056761));
#3293 = CARTESIAN_POINT('',(-36.24361996671,7.914879820779,
    14.90168101913));
#3294 = CARTESIAN_POINT('',(-36.23565273008,7.944678457168,
    15.015697392479));
#3295 = CARTESIAN_POINT('',(-36.23049538853,7.963873942799,
    15.089463730243));
#3296 = CARTESIAN_POINT('',(-36.22795035427,7.973326897384,
    15.125857707455));
#3297 = CARTESIAN_POINT('',(-36.2279450234,7.973346697699,
    15.125933938884));
#3298 = CARTESIAN_POINT('',(-36.22793969438,7.973366491153,
    15.126010143822));
#3299 = CARTESIAN_POINT('',(-36.22224651265,7.994512177014,
    15.207422469961));
#3300 = CARTESIAN_POINT('',(-36.21397021358,8.02510863118,
    15.325714078382));
#3301 = CARTESIAN_POINT('',(-36.20462472435,8.059672894614,
    15.459292875509));
#3302 = CARTESIAN_POINT('',(-36.1994018808,8.079022684029,
    15.533958444523));
#3303 = CARTESIAN_POINT('',(-36.19545349402,8.093677113372,
    15.590415114119));
#3304 = CARTESIAN_POINT('',(-36.19170600781,8.107615307847,
    15.644011153912));
#3305 = CARTESIAN_POINT('',(-36.18884601122,8.118280812218,
    15.684925941661));
#3306 = CARTESIAN_POINT('',(-36.18725404832,8.124230434896,
    15.707705643219));
#3307 = CARTESIAN_POINT('',(-36.18724906282,8.124249067119,
    15.707776981607));
#3308 = CARTESIAN_POINT('',(-36.18724407621,8.124267703644,
    15.707848336055));
#3309 = CARTESIAN_POINT('',(-36.18704050844,8.12502850454,
    15.710761230146));
#3310 = CARTESIAN_POINT('',(-36.18643945671,8.127275403788,
    15.719362037982));
#3311 = CARTESIAN_POINT('',(-36.18561836485,8.130347635888,
    15.73111266078));
#3312 = CARTESIAN_POINT('',(-36.18478072118,8.133485625398,
    15.743101722411));
#3313 = CARTESIAN_POINT('',(-36.18435690854,8.135074769633,
    15.749168280708));
#3314 = CARTESIAN_POINT('',(-36.18414388637,8.135873935887,
    15.75221770045));
#3315 = ADVANCED_FACE('',(#3316),#3330,.T.);
#3316 = FACE_BOUND('',#3317,.T.);
#3317 = EDGE_LOOP('',(#3318,#3319,#3320));
#3318 = ORIENTED_EDGE('',*,*,#2500,.F.);
#3319 = ORIENTED_EDGE('',*,*,#1097,.F.);
#3320 = ORIENTED_EDGE('',*,*,#3321,.F.);
#3321 = EDGE_CURVE('',#2190,#934,#3322,.T.);
#3322 = B_SPLINE_CURVE_WITH_KNOTS('',3,(#3323,#3324,#3325,#3326,#3327,
    #3328,#3329),.UNSPECIFIED.,.F.,.F.,(4,3,4),(0.,2.828437317187E-02,
    5.656874814589E-02),.UNSPECIFIED.);
#3323 = CARTESIAN_POINT('',(-33.72136774945,-12.64669118822,
    21.402901837833));
#3324 = CARTESIAN_POINT('',(-33.65110769139,-12.62066697533,
    21.460131354146));
#3325 = CARTESIAN_POINT('',(-33.58084763336,-12.59464276252,
    21.517360870528));
#3326 = CARTESIAN_POINT('',(-33.51058757539,-12.56861854952,
    21.57459038691));
#3327 = CARTESIAN_POINT('',(-33.44032751294,-12.54259433486,
    21.631819906938));
#3328 = CARTESIAN_POINT('',(-33.37006745056,-12.51657012002,
    21.689049426966));
#3329 = CARTESIAN_POINT('',(-33.29980738831,-12.49054590481,
    21.746278946944));
#3330 = PLANE('',#3331);
#3331 = AXIS2_PLACEMENT_3D('',#3332,#3333,#3334);
#3332 = CARTESIAN_POINT('',(-33.27040128036,-12.98056790682,
    21.465180597017));
#3333 = DIRECTION('',(-0.449379194765,-0.464652898694,0.762991496052));
#3334 = DIRECTION('',(-0.718822359362,0.695193797212,0.));
#3335 = ADVANCED_FACE('',(#3336),#3343,.F.);
#3336 = FACE_BOUND('',#3337,.F.);
#3337 = EDGE_LOOP('',(#3338,#3339,#3340,#3341,#3342));
#3338 = ORIENTED_EDGE('',*,*,#2663,.F.);
#3339 = ORIENTED_EDGE('',*,*,#2672,.F.);
#3340 = ORIENTED_EDGE('',*,*,#246,.F.);
#3341 = ORIENTED_EDGE('',*,*,#1189,.F.);
#3342 = ORIENTED_EDGE('',*,*,#2654,.F.);
#3343 = B_SPLINE_SURFACE_WITH_KNOTS('',3,3,(
    (#3344,#3345,#3346,#3347,#3348,#3349,#3350,#3351,#3352,#3353,#3354
      ,#3355,#3356,#3357,#3358,#3359)
    ,(#3360,#3361,#3362,#3363,#3364,#3365,#3366,#3367,#3368,#3369,#3370
      ,#3371,#3372,#3373,#3374,#3375)
    ,(#3376,#3377,#3378,#3379,#3380,#3381,#3382,#3383,#3384,#3385,#3386
      ,#3387,#3388,#3389,#3390,#3391)
    ,(#3392,#3393,#3394,#3395,#3396,#3397,#3398,#3399,#3400,#3401,#3402
      ,#3403,#3404,#3405,#3406,#3407)
    ,(#3408,#3409,#3410,#3411,#3412,#3413,#3414,#3415,#3416,#3417,#3418
      ,#3419,#3420,#3421,#3422,#3423
  )),.UNSPECIFIED.,.F.,.F.,.F.,(4,1,4),(4,2,2,2,2,2,2,4),(0.,
    0.571428571429,1.),(-0.173373217462,-0.172016184273,-0.166727457966,
    -0.155357225502,-9.445583204075E-02,-3.376933979375E-02,
    -1.580316187525E-02,0.),.UNSPECIFIED.);
#3344 = CARTESIAN_POINT('',(-31.25721743162,8.133175458035,
    15.415058542949));
#3345 = CARTESIAN_POINT('',(-31.25814259328,8.132030252589,
    15.410991447406));
#3346 = CARTESIAN_POINT('',(-31.25906702015,8.130885579125,
    15.406923054505));
#3347 = CARTESIAN_POINT('',(-31.26359017717,8.125281782442,
    15.38699277504));
#3348 = CARTESIAN_POINT('',(-31.26717730709,8.120828394957,
    15.371112709475));
#3349 = CARTESIAN_POINT('',(-31.27843349611,8.106812528222,
    15.321033513123));
#3350 = CARTESIAN_POINT('',(-31.286042259,8.097279154682,15.286818814301
    ));
#3351 = CARTESIAN_POINT('',(-31.3338180168,8.036724790134,
    15.069143395677));
#3352 = CARTESIAN_POINT('',(-31.37144437005,7.98587463672,
    14.884761096761));
#3353 = CARTESIAN_POINT('',(-31.44076412518,7.883714616848,
    14.515351979886));
#3354 = CARTESIAN_POINT('',(-31.47244742028,7.832418263422,
    14.330383480825));
#3355 = CARTESIAN_POINT('',(-31.50970288608,7.765440460244,
    14.090084358719));
#3356 = CARTESIAN_POINT('',(-31.51795490108,7.750108160608,
    14.035158348908));
#3357 = CARTESIAN_POINT('',(-31.53298313593,7.721226866543,
    13.931852990998));
#3358 = CARTESIAN_POINT('',(-31.53981684726,7.7076865447,13.883485701122
    ));
#3359 = CARTESIAN_POINT('',(-31.54645342126,7.694119235999,
    13.835088927555));
#3360 = CARTESIAN_POINT('',(-31.36297445407,8.27492593336,
    15.401601336596));
#3361 = CARTESIAN_POINT('',(-31.36389607744,8.273808380256,
    15.397558127832));
#3362 = CARTESIAN_POINT('',(-31.3648175033,8.272690108679,
    15.393509787014));
#3363 = CARTESIAN_POINT('',(-31.36932869267,8.267209126989,
    15.37365843067));
#3364 = CARTESIAN_POINT('',(-31.37290848321,8.262849476077,
    15.357822538285));
#3365 = CARTESIAN_POINT('',(-31.3841488787,8.249113574879,
    15.307822168481));
#3366 = CARTESIAN_POINT('',(-31.39175901153,8.2397469158,15.273566251586
    ));
#3367 = CARTESIAN_POINT('',(-31.43963462214,8.180031195626,
    15.054986531083));
#3368 = CARTESIAN_POINT('',(-31.47737314083,8.129847490442,
    14.869444906941));
#3369 = CARTESIAN_POINT('',(-31.54698134965,8.028558510009,
    14.49693002358));
#3370 = CARTESIAN_POINT('',(-31.57881012603,7.977570850891,
    14.310336809845));
#3371 = CARTESIAN_POINT('',(-31.61625157899,7.910773482848,
    14.067866941589));
#3372 = CARTESIAN_POINT('',(-31.62454542086,7.895469295117,
    14.012446068404));
#3373 = CARTESIAN_POINT('',(-31.63965192383,7.866614863703,
    13.908214033529));
#3374 = CARTESIAN_POINT('',(-31.64652274996,7.853075754394,
    13.859413626809));
#3375 = CARTESIAN_POINT('',(-31.65319543266,7.839499518665,
    13.810586255427));
#3376 = CARTESIAN_POINT('',(-31.61307006429,8.476689243078,
    15.405874241707));
#3377 = CARTESIAN_POINT('',(-31.61400601452,8.475609235769,
    15.401862350534));
#3378 = CARTESIAN_POINT('',(-31.61494243914,8.474526648586,
    15.397838565532));
#3379 = CARTESIAN_POINT('',(-31.61953033379,8.469210749438,
    15.378073417692));
#3380 = CARTESIAN_POINT('',(-31.62317501458,8.464977110765,
    15.362274358996));
#3381 = CARTESIAN_POINT('',(-31.63463088379,8.451616764071,
    15.312286429043));
#3382 = CARTESIAN_POINT('',(-31.64240815381,8.442470045396,
    15.277871053135));
#3383 = CARTESIAN_POINT('',(-31.69144188474,8.383825730337,
    15.057133308662));
#3384 = CARTESIAN_POINT('',(-31.73021532399,8.334523556648,
    14.869090874616));
#3385 = CARTESIAN_POINT('',(-31.8018223534,8.234232142657,
    14.490123273768));
#3386 = CARTESIAN_POINT('',(-31.83455404057,8.183552077067,
    14.300152295618));
#3387 = CARTESIAN_POINT('',(-31.87302129878,8.116772293913,
    14.053149628002));
#3388 = CARTESIAN_POINT('',(-31.88153891299,8.101449402316,
    13.996692260579));
#3389 = CARTESIAN_POINT('',(-31.89704419959,8.072517114545,
    13.890514126644));
#3390 = CARTESIAN_POINT('',(-31.90409208255,8.05892428496,
    13.840802536317));
#3391 = CARTESIAN_POINT('',(-31.91093380692,8.045275279718,
    13.791066389977));
#3392 = CARTESIAN_POINT('',(-31.9169616676,8.549558329376,
    15.457669722841));
#3393 = CARTESIAN_POINT('',(-31.91793150229,8.548479752848,
    15.453663446145));
#3394 = CARTESIAN_POINT('',(-31.91890215029,8.54739786952,
    15.449640017422));
#3395 = CARTESIAN_POINT('',(-31.92365906596,8.542081658198,
    15.429850063925));
#3396 = CARTESIAN_POINT('',(-31.92744172927,8.537846287941,
    15.414008332657));
#3397 = CARTESIAN_POINT('',(-31.93934021606,8.524474169295,
    15.363810222108));
#3398 = CARTESIAN_POINT('',(-31.94743531653,8.51530506876,
    15.329120482551));
#3399 = CARTESIAN_POINT('',(-31.99852457864,8.456382639533,
    15.105731305309));
#3400 = CARTESIAN_POINT('',(-32.0391216984,8.406846442114,
    14.914958785413));
#3401 = CARTESIAN_POINT('',(-32.11405673402,8.305777142289,
    14.529352214869));
#3402 = CARTESIAN_POINT('',(-32.14828942174,8.254616964498,
    14.335910847127));
#3403 = CARTESIAN_POINT('',(-32.18839347528,8.187057570328,
    14.084244812478));
#3404 = CARTESIAN_POINT('',(-32.1972640966,8.171547187287,
    14.026717846661));
#3405 = CARTESIAN_POINT('',(-32.21339196063,8.142244344312,
    13.918525260571));
#3406 = CARTESIAN_POINT('',(-32.22071473172,8.128469732429,
    13.867867549473));
#3407 = CARTESIAN_POINT('',(-32.22781348043,8.114632439081,
    13.81718575151));
#3408 = CARTESIAN_POINT('',(-32.04666066238,8.554904457828,
    15.486741839762));
#3409 = CARTESIAN_POINT('',(-32.04764535196,8.5538192685,15.482732693067
    ));
#3410 = CARTESIAN_POINT('',(-32.04863096854,8.552730710435,
    15.478704604251));
#3411 = CARTESIAN_POINT('',(-32.05346163985,8.547381501978,
    15.458882776973));
#3412 = CARTESIAN_POINT('',(-32.05730432003,8.543120051773,
    15.443008272192));
#3413 = CARTESIAN_POINT('',(-32.06939474154,8.529666226188,
    15.392682235894));
#3414 = CARTESIAN_POINT('',(-32.07762679695,8.520439812588,15.3578605059
    ));
#3415 = CARTESIAN_POINT('',(-32.12959655992,8.461140013576,
    15.133319754871));
#3416 = CARTESIAN_POINT('',(-32.17097127048,8.411296192299,
    14.941416384232));
#3417 = CARTESIAN_POINT('',(-32.2473179208,8.309567834612,
    14.553143412113));
#3418 = CARTESIAN_POINT('',(-32.28218617837,8.258067269006,
    14.358312047729));
#3419 = CARTESIAN_POINT('',(-32.32298128408,8.190043405065,
    14.104782812964));
#3420 = CARTESIAN_POINT('',(-32.33200083368,8.174425590686,
    14.046828258534));
#3421 = CARTESIAN_POINT('',(-32.3483911526,8.144918718612,
    13.937829703903));
#3422 = CARTESIAN_POINT('',(-32.35582973371,8.131047641762,
    13.886793006349));
#3423 = CARTESIAN_POINT('',(-32.36303664659,8.117113083806,
    13.835732396295));
#3424 = ADVANCED_FACE('',(#3425),#3435,.T.);
#3425 = FACE_BOUND('',#3426,.T.);
#3426 = EDGE_LOOP('',(#3427,#3428,#3429));
#3427 = ORIENTED_EDGE('',*,*,#945,.F.);
#3428 = ORIENTED_EDGE('',*,*,#895,.T.);
#3429 = ORIENTED_EDGE('',*,*,#3430,.F.);
#3430 = EDGE_CURVE('',#946,#888,#3431,.T.);
#3431 = LINE('',#3432,#3433);
#3432 = CARTESIAN_POINT('',(-32.04303992416,8.243142742723,
    15.851605313368));
#3433 = VECTOR('',#3434,1.);
#3434 = DIRECTION('',(-6.020782960853E-02,0.490986439769,-0.869084192249
    ));
#3435 = PLANE('',#3436);
#3436 = AXIS2_PLACEMENT_3D('',#3437,#3438,#3439);
#3437 = CARTESIAN_POINT('',(-32.64209624597,5.821013754901,7.20438479521
    ));
#3438 = DIRECTION('',(-0.997608929247,3.164364507307E-14,
    6.911167981623E-02));
#3439 = DIRECTION('',(6.911167981623E-02,0.,0.997608929247));
#3440 = ADVANCED_FACE('',(#3441),#3455,.T.);
#3441 = FACE_BOUND('',#3442,.T.);
#3442 = EDGE_LOOP('',(#3443,#3444,#3445,#3454));
#3443 = ORIENTED_EDGE('',*,*,#3430,.T.);
#3444 = ORIENTED_EDGE('',*,*,#2647,.T.);
#3445 = ORIENTED_EDGE('',*,*,#3446,.T.);
#3446 = EDGE_CURVE('',#2608,#954,#3447,.T.);
#3447 = B_SPLINE_CURVE_WITH_KNOTS('',3,(#3448,#3449,#3450,#3451,#3452,
    #3453),.UNSPECIFIED.,.F.,.F.,(4,2,4),(0.,2.830035522933E-02,
    5.660108999018E-02),.UNSPECIFIED.);
#3448 = CARTESIAN_POINT('',(-35.80534704697,8.520972259889,
    15.618107813025));
#3449 = CARTESIAN_POINT('',(-35.79749491839,8.474667650853,
    15.699919966388));
#3450 = CARTESIAN_POINT('',(-35.78964278982,8.428363041817,
    15.78173211975));
#3451 = CARTESIAN_POINT('',(-35.77393842736,8.335753202762,
    15.945357523645));
#3452 = CARTESIAN_POINT('',(-35.76608619348,8.289447972742,
    16.027170774177));
#3453 = CARTESIAN_POINT('',(-35.7582339596,8.243142742723,16.10898402471
    ));
#3454 = ORIENTED_EDGE('',*,*,#953,.T.);
#3455 = B_SPLINE_SURFACE_WITH_KNOTS('',3,3,(
    (#3456,#3457,#3458,#3459)
    ,(#3460,#3461,#3462,#3463)
    ,(#3464,#3465,#3466,#3467)
    ,(#3468,#3469,#3470,#3471
    )),.UNSPECIFIED.,.F.,.F.,.F.,(4,4),(4,4),(0.,1.),(-3.937289529686,
    -3.563572152106),.PIECEWISE_BEZIER_KNOTS.);
#3456 = CARTESIAN_POINT('',(-32.04303992416,8.243142742723,
    15.851605313368));
#3457 = CARTESIAN_POINT('',(-33.28578590046,8.243142742723,
    15.937699432505));
#3458 = CARTESIAN_POINT('',(-34.52853187675,8.243142742723,
    16.023793551642));
#3459 = CARTESIAN_POINT('',(-35.77127785305,8.243142742723,
    16.109887670779));
#3460 = CARTESIAN_POINT('',(-32.05439632214,8.335752581778,
    15.687678694117));
#3461 = CARTESIAN_POINT('',(-33.29714229843,8.335752581778,
    15.773772813254));
#3462 = CARTESIAN_POINT('',(-34.53988827473,8.335752581778,
    15.859866932391));
#3463 = CARTESIAN_POINT('',(-35.78263425102,8.335752581778,
    15.945961051528));
#3464 = CARTESIAN_POINT('',(-32.06575272011,8.428362420833,
    15.523752074866));
#3465 = CARTESIAN_POINT('',(-33.30849869641,8.428362420833,
    15.609846194003));
#3466 = CARTESIAN_POINT('',(-34.5512446727,8.428362420833,15.69594031314
    ));
#3467 = CARTESIAN_POINT('',(-35.793990649,8.428362420833,15.782034432276
    ));
#3468 = CARTESIAN_POINT('',(-32.07710911809,8.520972259889,
    15.359825455615));
#3469 = CARTESIAN_POINT('',(-33.31985509438,8.520972259889,
    15.445919574751));
#3470 = CARTESIAN_POINT('',(-34.56260107068,8.520972259889,
    15.532013693888));
#3471 = CARTESIAN_POINT('',(-35.80534704697,8.520972259889,
    15.618107813025));
#3472 = ADVANCED_FACE('',(#3473),#3487,.T.);
#3473 = FACE_BOUND('',#3474,.T.);
#3474 = EDGE_LOOP('',(#3475,#3476,#3477,#3486));
#3475 = ORIENTED_EDGE('',*,*,#3321,.T.);
#3476 = ORIENTED_EDGE('',*,*,#962,.T.);
#3477 = ORIENTED_EDGE('',*,*,#3478,.T.);
#3478 = EDGE_CURVE('',#954,#2121,#3479,.T.);
#3479 = B_SPLINE_CURVE_WITH_KNOTS('',3,(#3480,#3481,#3482,#3483,#3484,
    #3485),.UNSPECIFIED.,.F.,.F.,(4,2,4),(0.,2.829256759695E-02,
    5.658515061459E-02),.UNSPECIFIED.);
#3480 = CARTESIAN_POINT('',(-35.7582339596,8.243142742723,16.10898402471
    ));
#3481 = CARTESIAN_POINT('',(-35.82921895182,8.22526454024,
    16.049523071204));
#3482 = CARTESIAN_POINT('',(-35.90020422143,8.207386301398,
    15.990061833126));
#3483 = CARTESIAN_POINT('',(-36.04217391133,8.171630104462,
    15.871139964259));
#3484 = CARTESIAN_POINT('',(-36.11315904455,8.153751966811,
    15.811678736282));
#3485 = CARTESIAN_POINT('',(-36.18414388637,8.135873935887,
    15.75221770045));
#3486 = ORIENTED_EDGE('',*,*,#2198,.T.);
#3487 = B_SPLINE_SURFACE_WITH_KNOTS('',3,3,(
    (#3488,#3489,#3490,#3491,#3492,#3493,#3494,#3495,#3496,#3497,#3498
      ,#3499,#3500,#3501,#3502,#3503,#3504,#3505,#3506,#3507,#3508,#3509
      ,#3510,#3511,#3512,#3513,#3514,#3515,#3516,#3517,#3518,#3519,#3520
      ,#3521,#3522,#3523,#3524,#3525,#3526,#3527,#3528,#3529,#3530,#3531
      ,#3532,#3533,#3534,#3535,#3536,#3537,#3538,#3539,#3540,#3541,#3542
      ,#3543,#3544,#3545,#3546,#3547,#3548,#3549,#3550,#3551,#3552,#3553
      ,#3554,#3555,#3556,#3557,#3558,#3559,#3560,#3561,#3562,#3563,#3564
      ,#3565,#3566,#3567,#3568,#3569,#3570,#3571,#3572,#3573,#3574,#3575
      ,#3576,#3577,#3578,#3579,#3580,#3581,#3582,#3583,#3584,#3585,#3586
      ,#3587,#3588,#3589,#3590,#3591,#3592,#3593,#3594,#3595,#3596,#3597
      ,#3598,#3599,#3600,#3601,#3602,#3603,#3604,#3605,#3606,#3607,#3608
      )
    ,(#3609,#3610,#3611,#3612,#3613,#3614,#3615,#3616,#3617,#3618,#3619
      ,#3620,#3621,#3622,#3623,#3624,#3625,#3626,#3627,#3628,#3629,#3630
      ,#3631,#3632,#3633,#3634,#3635,#3636,#3637,#3638,#3639,#3640,#3641
      ,#3642,#3643,#3644,#3645,#3646,#3647,#3648,#3649,#3650,#3651,#3652
      ,#3653,#3654,#3655,#3656,#3657,#3658,#3659,#3660,#3661,#3662,#3663
      ,#3664,#3665,#3666,#3667,#3668,#3669,#3670,#3671,#3672,#3673,#3674
      ,#3675,#3676,#3677,#3678,#3679,#3680,#3681,#3682,#3683,#3684,#3685
      ,#3686,#3687,#3688,#3689,#3690,#3691,#3692,#3693,#3694,#3695,#3696
      ,#3697,#3698,#3699,#3700,#3701,#3702,#3703,#3704,#3705,#3706,#3707
      ,#3708,#3709,#3710,#3711,#3712,#3713,#3714,#3715,#3716,#3717,#3718
      ,#3719,#3720,#3721,#3722,#3723,#3724,#3725,#3726,#3727,#3728,#3729
      )
    ,(#3730,#3731,#3732,#3733,#3734,#3735,#3736,#3737,#3738,#3739,#3740
      ,#3741,#3742,#3743,#3744,#3745,#3746,#3747,#3748,#3749,#3750,#3751
      ,#3752,#3753,#3754,#3755,#3756,#3757,#3758,#3759,#3760,#3761,#3762
      ,#3763,#3764,#3765,#3766,#3767,#3768,#3769,#3770,#3771,#3772,#3773
      ,#3774,#3775,#3776,#3777,#3778,#3779,#3780,#3781,#3782,#3783,#3784
      ,#3785,#3786,#3787,#3788,#3789,#3790,#3791,#3792,#3793,#3794,#3795
      ,#3796,#3797,#3798,#3799,#3800,#3801,#3802,#3803,#3804,#3805,#3806
      ,#3807,#3808,#3809,#3810,#3811,#3812,#3813,#3814,#3815,#3816,#3817
      ,#3818,#3819,#3820,#3821,#3822,#3823,#3824,#3825,#3826,#3827,#3828
      ,#3829,#3830,#3831,#3832,#3833,#3834,#3835,#3836,#3837,#3838,#3839
      ,#3840,#3841,#3842,#3843,#3844,#3845,#3846,#3847,#3848,#3849,#3850
      )
    ,(#3851,#3852,#3853,#3854,#3855,#3856,#3857,#3858,#3859,#3860,#3861
      ,#3862,#3863,#3864,#3865,#3866,#3867,#3868,#3869,#3870,#3871,#3872
      ,#3873,#3874,#3875,#3876,#3877,#3878,#3879,#3880,#3881,#3882,#3883
      ,#3884,#3885,#3886,#3887,#3888,#3889,#3890,#3891,#3892,#3893,#3894
      ,#3895,#3896,#3897,#3898,#3899,#3900,#3901,#3902,#3903,#3904,#3905
      ,#3906,#3907,#3908,#3909,#3910,#3911,#3912,#3913,#3914,#3915,#3916
      ,#3917,#3918,#3919,#3920,#3921,#3922,#3923,#3924,#3925,#3926,#3927
      ,#3928,#3929,#3930,#3931,#3932,#3933,#3934,#3935,#3936,#3937,#3938
      ,#3939,#3940,#3941,#3942,#3943,#3944,#3945,#3946,#3947,#3948,#3949
      ,#3950,#3951,#3952,#3953,#3954,#3955,#3956,#3957,#3958,#3959,#3960
      ,#3961,#3962,#3963,#3964,#3965,#3966,#3967,#3968,#3969,#3970,#3971
      )),.UNSPECIFIED.,.F.,.F.,.F.,(4,4),(4,2,2,2,2,2,2,2,2,2,2,2,2,2,2,
    2,2,2,2,2,2,2,2,2,2,2,2,2,2,2,2,2,2,2,2,2,2,2,2,2,2,2,2,2,2,2,2,2,2,
    2,2,2,2,2,2,2,2,2,2,1,4),(0.,1.),(-0.417973074817,-0.416532625643,
    -0.415593221775,-0.413678401341,-0.412714663193,-0.41080853217,
    -0.409870207667,-0.407943214143,-0.406950694091,-0.404904265154,
    -0.403849098803,-0.400548218969,-0.398229766483,-0.393302207699,
    -0.390698124226,-0.385256706713,-0.382454971708,-0.374030071007,
    -0.368658069641,-0.358482895643,-0.35337514869,-0.34563242646,
    -0.343022184901,-0.33774555378,-0.335074945151,-0.3310225235,
    -0.329658174293,-0.326907402173,-0.325520339353,-0.322721243526,
    -0.321309638884,-0.318493599566,-0.317091699636,-0.312906524779,
    -0.310130195998,-0.304597887221,-0.301836099638,-0.293535940344,
    -0.287958507436,-0.276568675733,-0.270692332897,-0.258390380476,
    -0.251874924953,-0.241489626642,-0.237829752603,-0.230147517158,
    -0.226098192575,-0.217499724749,-0.21290825538,-0.205577497919,
    -0.202998746674,-0.197605912162,-0.19479410937,-0.188891355731,
    -0.185767477876,-0.179295140307,-0.175982615487,-0.135239297044,
    -0.117735175884,-7.496133110156E-02,-2.957074234735E-02),
  .UNSPECIFIED.);
#3488 = CARTESIAN_POINT('',(-35.75894331197,8.25632786391,
    16.105339949466));
#3489 = CARTESIAN_POINT('',(-35.75518673573,8.186447886422,
    16.12465342922));
#3490 = CARTESIAN_POINT('',(-35.75145348649,8.117863857791,
    16.143605523357));
#3491 = CARTESIAN_POINT('',(-35.74532843768,8.00662156264,
    16.174340710229));
#3492 = CARTESIAN_POINT('',(-35.74292154919,7.96324157377,
    16.186324915622));
#3493 = CARTESIAN_POINT('',(-35.73564365818,7.833014886039,
    16.222297858381));
#3494 = CARTESIAN_POINT('',(-35.73080924691,7.747797796748,
    16.245832669037));
#3495 = CARTESIAN_POINT('',(-35.72362110018,7.622763892218,
    16.28035730493));
#3496 = CARTESIAN_POINT('',(-35.72122763968,7.581418498995,
    16.291772540333));
#3497 = CARTESIAN_POINT('',(-35.71414114822,7.459795175601,
    16.325348898085));
#3498 = CARTESIAN_POINT('',(-35.70948795869,7.380976919544,
    16.347103918645));
#3499 = CARTESIAN_POINT('',(-35.70262851422,7.266127230538,
    16.378798677307));
#3500 = CARTESIAN_POINT('',(-35.70037929203,7.228692930578,
    16.389128388699));
#3501 = CARTESIAN_POINT('',(-35.69355218067,7.115699601326,
    16.420305411816));
#3502 = CARTESIAN_POINT('',(-35.68902004665,7.041550094161,
    16.440761079256));
#3503 = CARTESIAN_POINT('',(-35.68224056191,6.931828848754,
    16.471024875043));
#3504 = CARTESIAN_POINT('',(-35.6799509484,6.894986408019,
    16.481186005554));
#3505 = CARTESIAN_POINT('',(-35.67298581304,6.783534877396,
    16.511921601359));
#3506 = CARTESIAN_POINT('',(-35.66835851632,6.710364498337,
    16.532096417585));
#3507 = CARTESIAN_POINT('',(-35.66143589598,6.602108232517,
    16.561939949334));
#3508 = CARTESIAN_POINT('',(-35.65909668241,6.565742593396,
    16.571964089209));
#3509 = CARTESIAN_POINT('',(-35.64950316139,6.417448307602,
    16.612837434371));
#3510 = CARTESIAN_POINT('',(-35.64238439295,6.309422670691,
    16.642602777213));
#3511 = CARTESIAN_POINT('',(-35.63049362742,6.131935424775,
    16.691494067097));
#3512 = CARTESIAN_POINT('',(-35.62565367406,6.060564787543,
    16.711150034503));
#3513 = CARTESIAN_POINT('',(-35.61071115045,5.842684072067,
    16.771144316194));
#3514 = CARTESIAN_POINT('',(-35.6008177972,5.702000022586,
    16.809865225169));
#3515 = CARTESIAN_POINT('',(-35.58597961675,5.49545976925,
    16.866690216265));
#3516 = CARTESIAN_POINT('',(-35.58090059292,5.425599244107,
    16.885906631686));
#3517 = CARTESIAN_POINT('',(-35.56532155002,5.213674235955,
    16.944188594115));
#3518 = CARTESIAN_POINT('',(-35.55494733765,5.075872973842,
    16.982068707538));
#3519 = CARTESIAN_POINT('',(-35.53923760771,4.871572743676,
    17.038205878511));
#3520 = CARTESIAN_POINT('',(-35.53389912194,4.802917723517,
    17.05706665123));
#3521 = CARTESIAN_POINT('',(-35.51240371832,4.529482581618,
    17.132168034927));
#3522 = CARTESIAN_POINT('',(-35.49607673539,4.328250627525,
    17.187403005047));
#3523 = CARTESIAN_POINT('',(-35.46765217657,3.988858269264,
    17.280499296028));
#3524 = CARTESIAN_POINT('',(-35.45623568821,3.855140623446,
    17.317163362352));
#3525 = CARTESIAN_POINT('',(-35.42094676847,3.450276173539,
    17.428123163571));
#3526 = CARTESIAN_POINT('',(-35.39612529343,3.176102946898,
    17.503200867098));
#3527 = CARTESIAN_POINT('',(-35.3584275645,2.774699029611,
    17.613024480254));
#3528 = CARTESIAN_POINT('',(-35.34557486669,2.640156008877,
    17.649820241398));
#3529 = CARTESIAN_POINT('',(-35.31287253652,2.30356032295,
    17.741836818143));
#3530 = CARTESIAN_POINT('',(-35.29275543257,2.101583926514,
    17.797017740772));
#3531 = CARTESIAN_POINT('',(-35.26538290877,1.832995642893,
    17.870354344457));
#3532 = CARTESIAN_POINT('',(-35.25844080848,1.765395484372,
    17.888808551117));
#3533 = CARTESIAN_POINT('',(-35.23734852491,1.561527824267,
    17.944451668161));
#3534 = CARTESIAN_POINT('',(-35.22307861545,1.425649764837,
    17.981523199575));
#3535 = CARTESIAN_POINT('',(-35.20137053607,1.221843770859,
    18.037106382947));
#3536 = CARTESIAN_POINT('',(-35.19403906655,1.153500047694,
    18.05574189126));
#3537 = CARTESIAN_POINT('',(-35.17549530521,0.98182619376,
    18.102543919698));
#3538 = CARTESIAN_POINT('',(-35.16423782209,0.878690998773,
    18.130652706621));
#3539 = CARTESIAN_POINT('',(-35.14909241431,0.741318186537,
    18.168082273462));
#3540 = CARTESIAN_POINT('',(-35.14526938182,0.706758617297,
    18.177497729274));
#3541 = CARTESIAN_POINT('',(-35.13371422838,0.602647315329,
    18.205859306757));
#3542 = CARTESIAN_POINT('',(-35.1259575262,0.53322439025,18.22476764585)
  );
#3543 = CARTESIAN_POINT('',(-35.11424363172,0.429061055502,
    18.253132800816));
#3544 = CARTESIAN_POINT('',(-35.11030919977,0.394188847308,
    18.262628110879));
#3545 = CARTESIAN_POINT('',(-35.0984125432,0.289082371386,
    18.291244783056));
#3546 = CARTESIAN_POINT('',(-35.09042741222,0.218989332231,
    18.310324999461));
#3547 = CARTESIAN_POINT('',(-35.07837268768,0.113837308337,
    18.338943479323));
#3548 = CARTESIAN_POINT('',(-35.07432420592,7.86341080284E-02,
    18.348523600839));
#3549 = CARTESIAN_POINT('',(-35.06217908232,-2.66445679655E-02,
    18.377171293971));
#3550 = CARTESIAN_POINT('',(-35.05406167589,-9.65725907652E-02,
    18.396196124794));
#3551 = CARTESIAN_POINT('',(-35.04186558479,-0.201005706068,
    18.424603441327));
#3552 = CARTESIAN_POINT('',(-35.03780579459,-0.235664867952,
    18.434030391586));
#3553 = CARTESIAN_POINT('',(-35.02160238401,-0.373588468426,
    18.471540941316));
#3554 = CARTESIAN_POINT('',(-35.00941174996,-0.476443603122,
    18.499506635772));
#3555 = CARTESIAN_POINT('',(-34.98905831668,-0.646729258843,
    18.54579445383));
#3556 = CARTESIAN_POINT('',(-34.98092112819,-0.71442889742,
    18.564193732827));
#3557 = CARTESIAN_POINT('',(-34.95651586084,-0.916378566204,
    18.619070096411));
#3558 = CARTESIAN_POINT('',(-34.94019489063,-1.049977665662,
    18.655361187924));
#3559 = CARTESIAN_POINT('',(-34.91564533973,-1.248896885693,
    18.709378712333));
#3560 = CARTESIAN_POINT('',(-34.90745740546,-1.3149047427,
    18.727300599461));
#3561 = CARTESIAN_POINT('',(-34.87461711724,-1.578349628772,
    18.798817720099));
#3562 = CARTESIAN_POINT('',(-34.84987273833,-1.773909430537,
    18.851880757769));
#3563 = CARTESIAN_POINT('',(-34.80846145232,-2.097082694212,
    18.939534314859));
#3564 = CARTESIAN_POINT('',(-34.79180846025,-2.225936271699,
    18.974473160746));
#3565 = CARTESIAN_POINT('',(-34.74118381075,-2.614642188361,
    19.079844458986));
#3566 = CARTESIAN_POINT('',(-34.70725002236,-2.871053885477,
    19.149315794044));
#3567 = CARTESIAN_POINT('',(-34.65613130525,-3.252263817223,
    19.252553202366));
#3568 = CARTESIAN_POINT('',(-34.63879135024,-3.38068433083,
    19.287323153975));
#3569 = CARTESIAN_POINT('',(-34.58539085036,-3.773685012502,
    19.393705133519));
#3570 = CARTESIAN_POINT('',(-34.54959308767,-4.03358964964,
    19.464025727097));
#3571 = CARTESIAN_POINT('',(-34.495619226,-4.421056939963,
    19.568818055542));
#3572 = CARTESIAN_POINT('',(-34.47707553778,-4.553361956293,
    19.604592684046));
#3573 = CARTESIAN_POINT('',(-34.42940944267,-4.891534878949,
    19.69601440292));
#3574 = CARTESIAN_POINT('',(-34.40054598146,-5.094415865228,
    19.750842781362));
#3575 = CARTESIAN_POINT('',(-34.36221121317,-5.361691983469,
    19.823052406078));
#3576 = CARTESIAN_POINT('',(-34.35228647454,-5.430685730849,
    19.841690334618));
#3577 = CARTESIAN_POINT('',(-34.32174102441,-5.64243276864,
    19.898885613988));
#3578 = CARTESIAN_POINT('',(-34.30135323588,-5.782911263809,
    19.936821919767));
#3579 = CARTESIAN_POINT('',(-34.27073173324,-5.992739422411,
    19.993474442926));
#3580 = CARTESIAN_POINT('',(-34.26025565146,-6.06430980542,
    20.012795904197));
#3581 = CARTESIAN_POINT('',(-34.22784170043,-6.285123419952,
    20.072401331548));
#3582 = CARTESIAN_POINT('',(-34.20624910358,-6.431297226215,
    20.111849456069));
#3583 = CARTESIAN_POINT('',(-34.17388234938,-6.649187004545,
    20.170639172193));
#3584 = CARTESIAN_POINT('',(-34.16275601426,-6.723856333662,
    20.190783615693));
#3585 = CARTESIAN_POINT('',(-34.13424948892,-6.914607614708,
    20.242239131617));
#3586 = CARTESIAN_POINT('',(-34.11709845507,-7.028819998904,
    20.273042404266));
#3587 = CARTESIAN_POINT('',(-34.09446616443,-7.178890345241,
    20.313509941616));
#3588 = CARTESIAN_POINT('',(-34.08862721834,-7.217546921057,
    20.32393333201));
#3589 = CARTESIAN_POINT('',(-34.07073737589,-7.335804759774,
    20.355818573679));
#3590 = CARTESIAN_POINT('',(-34.05886020434,-7.414060721719,
    20.376915634729));
#3591 = CARTESIAN_POINT('',(-34.04115574039,-7.530385247886,
    20.408272188572));
#3592 = CARTESIAN_POINT('',(-34.0351475178,-7.569802610725,
    20.41889695213));
#3593 = CARTESIAN_POINT('',(-34.01675467804,-7.69055164093,
    20.451445142474));
#3594 = CARTESIAN_POINT('',(-34.00464678706,-7.770150104911,
    20.472902261322));
#3595 = CARTESIAN_POINT('',(-33.98666984619,-7.888429980641,
    20.50478764172));
#3596 = CARTESIAN_POINT('',(-33.98054671709,-7.928736094607,
    20.515653388422));
#3597 = CARTESIAN_POINT('',(-33.96204346884,-8.050595949077,
    20.5485050773));
#3598 = CARTESIAN_POINT('',(-33.94965125802,-8.132295059089,
    20.570530900512));
#3599 = CARTESIAN_POINT('',(-33.93105675794,-8.255003866377,
    20.603614063567));
#3600 = CARTESIAN_POINT('',(-33.92478610294,-8.296406198373,
    20.614776646129));
#3601 = CARTESIAN_POINT('',(-33.84171956615,-8.845126675126,
    20.762721322256));
#3602 = CARTESIAN_POINT('',(-33.76868527598,-9.33072541792,
    20.893680297543));
#3603 = CARTESIAN_POINT('',(-33.6716267653,-9.97923093771,
    21.068605928347));
#3604 = CARTESIAN_POINT('',(-33.64340820431,-10.16821281732,
    21.119585775631));
#3605 = CARTESIAN_POINT('',(-33.54986424079,-10.79591219832,
    21.288926983081));
#3606 = CARTESIAN_POINT('',(-33.42603365888,-11.63148621529,
    21.514396722282));
#3607 = CARTESIAN_POINT('',(-33.33550907971,-12.2472409749,
    21.680601357423));
#3608 = CARTESIAN_POINT('',(-33.29959339455,-12.49200425228,
    21.746672612327));
#3609 = CARTESIAN_POINT('',(-35.90067683677,8.216176554569,
    15.987632533127));
#3610 = CARTESIAN_POINT('',(-35.89691730337,8.146241571945,
    16.006961215226));
#3611 = CARTESIAN_POINT('',(-35.89318115763,8.077604328036,
    16.025928014563));
#3612 = CARTESIAN_POINT('',(-35.8870512837,7.966274399514,
    16.056687413701));
#3613 = CARTESIAN_POINT('',(-35.88464251436,7.922860510063,
    16.068680984513));
#3614 = CARTESIAN_POINT('',(-35.87735891132,7.792531621064,
    16.104682158635));
#3615 = CARTESIAN_POINT('',(-35.87252080542,7.707249409885,
    16.128234954298));
#3616 = CARTESIAN_POINT('',(-35.86532705947,7.582118103864,
    16.16278648493));
#3617 = CARTESIAN_POINT('',(-35.8629317559,7.540740875489,
    16.174210509832));
#3618 = CARTESIAN_POINT('',(-35.85583979392,7.419023663826,
    16.207812787167));
#3619 = CARTESIAN_POINT('',(-35.851183078,7.340145684222,16.229584292288
    ));
#3620 = CARTESIAN_POINT('',(-35.84431841568,7.225208625963,
    16.261303162028));
#3621 = CARTESIAN_POINT('',(-35.84206742628,7.187744915937,
    16.271640988896));
#3622 = CARTESIAN_POINT('',(-35.83523522128,7.074667286686,
    16.302841271983));
#3623 = CARTESIAN_POINT('',(-35.83069966331,7.000461745819,
    16.323312397538));
#3624 = CARTESIAN_POINT('',(-35.82391488882,6.890654887963,
    16.353599807332));
#3625 = CARTESIAN_POINT('',(-35.82162346414,6.853783302005,
    16.36376897609));
#3626 = CARTESIAN_POINT('',(-35.8146527638,6.742242724141,
    16.394529128939));
#3627 = CARTESIAN_POINT('',(-35.81002168481,6.669012521371,
    16.414720440055));
#3628 = CARTESIAN_POINT('',(-35.8030932758,6.560665731993,
    16.444588926875));
#3629 = CARTESIAN_POINT('',(-35.80075208581,6.524269365556,
    16.454621536701));
#3630 = CARTESIAN_POINT('',(-35.79115038015,6.375848563244,
    16.495529752751));
#3631 = CARTESIAN_POINT('',(-35.78402536115,6.267728029876,
    16.525321243535));
#3632 = CARTESIAN_POINT('',(-35.77212389008,6.09008098934,
    16.574256551026));
#3633 = CARTESIAN_POINT('',(-35.76727951046,6.018645069177,
    16.593930497864));
#3634 = CARTESIAN_POINT('',(-35.75232312673,5.800562257678,
    16.653980427452));
#3635 = CARTESIAN_POINT('',(-35.74242034964,5.659744122971,
    16.692738241499));
#3636 = CARTESIAN_POINT('',(-35.72756773688,5.453002981156,
    16.749618502614));
#3637 = CARTESIAN_POINT('',(-35.72248372578,5.383073846644,
    16.768853790353));
#3638 = CARTESIAN_POINT('',(-35.70688925263,5.170938946366,
    16.827193475632));
#3639 = CARTESIAN_POINT('',(-35.69650460688,5.03299904298,16.86511170036
    ));
#3640 = CARTESIAN_POINT('',(-35.68077888857,4.828490896596,
    16.921306002057));
#3641 = CARTESIAN_POINT('',(-35.67543495094,4.75976574259,16.94018604192
    ));
#3642 = CARTESIAN_POINT('',(-35.65391745577,4.486049630667,
    17.01536459626));
#3643 = CARTESIAN_POINT('',(-35.63757357057,4.284609274756,
    17.07065676981));
#3644 = CARTESIAN_POINT('',(-35.60911941707,3.944863547017,
    17.163849991079));
#3645 = CARTESIAN_POINT('',(-35.59769110634,3.811007448858,
    17.200552019562));
#3646 = CARTESIAN_POINT('',(-35.56236553501,3.40572245517,
    17.311627078039));
#3647 = CARTESIAN_POINT('',(-35.53751848041,3.131266838724,
    17.386782108255));
#3648 = CARTESIAN_POINT('',(-35.49978279829,2.729458873062,
    17.496716268051));
#3649 = CARTESIAN_POINT('',(-35.48691722748,2.594781070963,
    17.533548890312));
#3650 = CARTESIAN_POINT('',(-35.45418275528,2.257854595184,
    17.625655896206));
#3651 = CARTESIAN_POINT('',(-35.43404613967,2.055682350898,
    17.680890325065));
#3652 = CARTESIAN_POINT('',(-35.40664779163,1.786840702987,
    17.754296108301));
#3653 = CARTESIAN_POINT('',(-35.39969917461,1.719177079749,
    17.772767640277));
#3654 = CARTESIAN_POINT('',(-35.37858724912,1.515119575189,
    17.828462572948));
#3655 = CARTESIAN_POINT('',(-35.36430420472,1.379116465472,
    17.865568221608));
#3656 = CARTESIAN_POINT('',(-35.34257646718,1.17512591432,
    17.921201738487));
#3657 = CARTESIAN_POINT('',(-35.33523839898,1.106720680143,
    17.939854019198));
#3658 = CARTESIAN_POINT('',(-35.3166780687,0.934893435321,
    17.986697865327));
#3659 = CARTESIAN_POINT('',(-35.30541061781,0.831666929681,
    18.014831538272));
#3660 = CARTESIAN_POINT('',(-35.29025195199,0.694173864126,
    18.052293870177));
#3661 = CARTESIAN_POINT('',(-35.28642558407,0.65958414333,
    18.061717540518));
#3662 = CARTESIAN_POINT('',(-35.27486038503,0.555382331122,
    18.090103774432));
#3663 = CARTESIAN_POINT('',(-35.26709697941,0.485899412362,
    18.109028453655));
#3664 = CARTESIAN_POINT('',(-35.25537303557,0.381646715886,
    18.137417943087));
#3665 = CARTESIAN_POINT('',(-35.2514352428,0.346744720077,
    18.146921363979));
#3666 = CARTESIAN_POINT('',(-35.23952846287,0.241548804462,
    18.175562387335));
#3667 = CARTESIAN_POINT('',(-35.2315365585,0.171396310979,
    18.194658787947));
#3668 = CARTESIAN_POINT('',(-35.21947169878,6.61558796115E-02,
    18.223301329039));
#3669 = CARTESIAN_POINT('',(-35.21541985657,3.09234588953E-02,
    18.232889402531));
#3670 = CARTESIAN_POINT('',(-35.20326457941,-7.44432322787E-02,
    18.261561045737));
#3671 = CARTESIAN_POINT('',(-35.19514044067,-0.144429248108,
    18.280601654296));
#3672 = CARTESIAN_POINT('',(-35.18293431074,-0.24894832448,
    18.309032353484));
#3673 = CARTESIAN_POINT('',(-35.17887118849,-0.283635932124,
    18.318467040705));
#3674 = CARTESIAN_POINT('',(-35.16265453153,-0.421672286635,
    18.356008255721));
#3675 = CARTESIAN_POINT('',(-35.15045400539,-0.524610875539,
    18.383996640813));
#3676 = CARTESIAN_POINT('',(-35.13008425961,-0.695033008785,
    18.430321556811));
#3677 = CARTESIAN_POINT('',(-35.12194058601,-0.762786599572,
    18.448735498815));
#3678 = CARTESIAN_POINT('',(-35.09751602356,-0.964895933763,
    18.503655248753));
#3679 = CARTESIAN_POINT('',(-35.08118224834,-1.098599837776,
    18.539974809441));
#3680 = CARTESIAN_POINT('',(-35.05661375557,-1.297672538629,
    18.594034012341));
#3681 = CARTESIAN_POINT('',(-35.04841954335,-1.363731003328,
    18.611969640012));
#3682 = CARTESIAN_POINT('',(-35.01555426572,-1.62737635905,
    18.683541181985));
#3683 = CARTESIAN_POINT('',(-34.99079184224,-1.823078663614,
    18.73664288531));
#3684 = CARTESIAN_POINT('',(-34.9493522987,-2.146472447498,
    18.824356253588));
#3685 = CARTESIAN_POINT('',(-34.93268824617,-2.27541158296,
    18.859318298446));
#3686 = CARTESIAN_POINT('',(-34.88203116709,-2.664366505668,
    18.964757097869));
#3687 = CARTESIAN_POINT('',(-34.848076464,-2.920936118461,
    19.034271216971));
#3688 = CARTESIAN_POINT('',(-34.79692835993,-3.302365193272,
    19.137567972493));
#3689 = CARTESIAN_POINT('',(-34.77957861319,-3.430858215826,
    19.17235755587));
#3690 = CARTESIAN_POINT('',(-34.72614869119,-3.824075432101,
    19.278798149534));
#3691 = CARTESIAN_POINT('',(-34.69033169025,-4.084119684574,
    19.34915651728));
#3692 = CARTESIAN_POINT('',(-34.63633021489,-4.471785203364,
    19.454002457491));
#3693 = CARTESIAN_POINT('',(-34.61777712165,-4.604157319249,
    19.489795229356));
#3694 = CARTESIAN_POINT('',(-34.57008721901,-4.942499147194,
    19.58126261011));
#3695 = CARTESIAN_POINT('',(-34.54120943535,-5.145480795915,
    19.636118192375));
#3696 = CARTESIAN_POINT('',(-34.50285603451,-5.412886820907,
    19.708362913798));
#3697 = CARTESIAN_POINT('',(-34.49292647979,-5.481914048579,
    19.727009886686));
#3698 = CARTESIAN_POINT('',(-34.46236626313,-5.693763450905,
    19.784232815881));
#3699 = CARTESIAN_POINT('',(-34.44196858024,-5.834310121826,
    19.822187532567));
#3700 = CARTESIAN_POINT('',(-34.41133227428,-6.04423971681,
    19.878867443022));
#3701 = CARTESIAN_POINT('',(-34.40085111755,-6.115844771059,
    19.898198264298));
#3702 = CARTESIAN_POINT('',(-34.36842146475,-6.336765350995,
    19.957832565409));
#3703 = CARTESIAN_POINT('',(-34.3468183808,-6.48301015095,
    19.997299849094));
#3704 = CARTESIAN_POINT('',(-34.31443597074,-6.701005322434,
    20.056118001763));
#3705 = CARTESIAN_POINT('',(-34.30330423232,-6.775710913884,
    20.076272228194));
#3706 = CARTESIAN_POINT('',(-34.27478385842,-6.966554862101,
    20.127752741257));
#3707 = CARTESIAN_POINT('',(-34.25762453639,-7.080822438265,
    20.158570899265));
#3708 = CARTESIAN_POINT('',(-34.23498135404,-7.23096500514,
    20.199057911394));
#3709 = CARTESIAN_POINT('',(-34.22913955715,-7.269640455619,
    20.209486391178));
#3710 = CARTESIAN_POINT('',(-34.21124091216,-7.387956479943,
    20.241387321104));
#3711 = CARTESIAN_POINT('',(-34.1993581707,-7.466249140105,
    20.262494275638));
#3712 = CARTESIAN_POINT('',(-34.18164551943,-7.582627456385,
    20.293865329161));
#3713 = CARTESIAN_POINT('',(-34.17563659437,-7.622049422121,
    20.304491333346));
#3714 = CARTESIAN_POINT('',(-34.15724752023,-7.742773734706,
    20.337032861036));
#3715 = CARTESIAN_POINT('',(-34.14514167499,-7.822358743891,
    20.358486352853));
#3716 = CARTESIAN_POINT('',(-34.12716719158,-7.940622452322,
    20.390367374957));
#3717 = CARTESIAN_POINT('',(-34.12104495934,-7.980922662211,
    20.40123153003));
#3718 = CARTESIAN_POINT('',(-34.10254458463,-8.10276359223,
    20.434078117148));
#3719 = CARTESIAN_POINT('',(-34.09015425271,-8.184450314567,
    20.456100600676));
#3720 = CARTESIAN_POINT('',(-34.07156249786,-8.307141005632,
    20.48917887947));
#3721 = CARTESIAN_POINT('',(-34.06529277397,-8.348537189907,
    20.50033980453));
#3722 = CARTESIAN_POINT('',(-33.98223855798,-8.897176277182,
    20.648262536617));
#3723 = CARTESIAN_POINT('',(-33.90921469586,-9.382705671837,
    20.779202809576));
#3724 = CARTESIAN_POINT('',(-33.81216967892,-10.03112103269,
    20.95410412123));
#3725 = CARTESIAN_POINT('',(-33.7839549695,-10.22007711775,
    21.005077010158));
#3726 = CARTESIAN_POINT('',(-33.69042368946,-10.84769138775,
    21.174395256276));
#3727 = CARTESIAN_POINT('',(-33.56660935908,-11.68315573479,
    21.399835402255));
#3728 = CARTESIAN_POINT('',(-33.47609607317,-12.29883366668,
    21.566019299942));
#3729 = CARTESIAN_POINT('',(-33.44018484618,-12.54356656426,
    21.632082354163));
#3730 = CARTESIAN_POINT('',(-36.04241036157,8.176025245228,
    15.869925116789));
#3731 = CARTESIAN_POINT('',(-36.03864787015,8.106035229041,
    15.889269009135));
#3732 = CARTESIAN_POINT('',(-36.03490882855,8.037344793523,
    15.908250507086));
#3733 = CARTESIAN_POINT('',(-36.0287741297,7.925927233534,
    15.939034117971));
#3734 = CARTESIAN_POINT('',(-36.02636347936,7.882479446388,
    15.951037053384));
#3735 = CARTESIAN_POINT('',(-36.0190741645,7.752048345424,
    15.987066461881));
#3736 = CARTESIAN_POINT('',(-36.01423236405,7.66670101532,
    16.010637241726));
#3737 = CARTESIAN_POINT('',(-36.00703301861,7.541472316212,
    16.045215664723));
#3738 = CARTESIAN_POINT('',(-36.00463587193,7.50006324795,
    16.056648480448));
#3739 = CARTESIAN_POINT('',(-35.99753843983,7.378252154186,
    16.090276675666));
#3740 = CARTESIAN_POINT('',(-35.99287819801,7.299314454383,
    16.112064664443));
#3741 = CARTESIAN_POINT('',(-35.98600831671,7.184290016691,
    16.143807648034));
#3742 = CARTESIAN_POINT('',(-35.98375556056,7.146796902827,
    16.154153588667));
#3743 = CARTESIAN_POINT('',(-35.97691826145,7.033634961956,
    16.185377134948));
#3744 = CARTESIAN_POINT('',(-35.97237927986,6.959373393929,
    16.205863716805));
#3745 = CARTESIAN_POINT('',(-35.96558921557,6.849480925643,
    16.236174740039));
#3746 = CARTESIAN_POINT('',(-35.96329597971,6.812580193386,
    16.246351947345));
#3747 = CARTESIAN_POINT('',(-35.95631971448,6.700950569837,
    16.277136656807));
#3748 = CARTESIAN_POINT('',(-35.95168485314,6.627660541822,
    16.297344463237));
#3749 = CARTESIAN_POINT('',(-35.94475065555,6.519223230522,
    16.327237904675));
#3750 = CARTESIAN_POINT('',(-35.94240748895,6.482796133812,
    16.337278985267));
#3751 = CARTESIAN_POINT('',(-35.93279759931,6.334248824668,
    16.37822206954));
#3752 = CARTESIAN_POINT('',(-35.92566632898,6.226033385664,
    16.408039710784));
#3753 = CARTESIAN_POINT('',(-35.91375415285,6.048226554668,
    16.45701903475));
#3754 = CARTESIAN_POINT('',(-35.90890534599,5.976725341598,
    16.476710963744));
#3755 = CARTESIAN_POINT('',(-35.89393510445,5.758440458339,
    16.536816534595));
#3756 = CARTESIAN_POINT('',(-35.88402290201,5.617488224617,
    16.575611257472));
#3757 = CARTESIAN_POINT('',(-35.86915585675,5.410546189757,
    16.632546789873));
#3758 = CARTESIAN_POINT('',(-35.86406685631,5.340548428107,
    16.651800954761));
#3759 = CARTESIAN_POINT('',(-35.84845695932,5.128203694456,
    16.710198346877));
#3760 = CARTESIAN_POINT('',(-35.83806186983,4.990125044979,
    16.748154711554));
#3761 = CARTESIAN_POINT('',(-35.82232017307,4.785409091173,
    16.804406114186));
#3762 = CARTESIAN_POINT('',(-35.81697076169,4.716613574219,
    16.823305483851));
#3763 = CARTESIAN_POINT('',(-35.79543124339,4.442617207872,
    16.89856101313));
#3764 = CARTESIAN_POINT('',(-35.77907033542,4.240967076462,
    16.953910766536));
#3765 = CARTESIAN_POINT('',(-35.75058668892,3.900869211044,
    17.047200580105));
#3766 = CARTESIAN_POINT('',(-35.73914639186,3.766872711973,
    17.083941105192));
#3767 = CARTESIAN_POINT('',(-35.70378445496,3.36117055256,17.19513049453
    ));
#3768 = CARTESIAN_POINT('',(-35.67891175327,3.086431729651,
    17.270363075508));
#3769 = CARTESIAN_POINT('',(-35.64113794645,2.684217713381,
    17.380408330899));
#3770 = CARTESIAN_POINT('',(-35.62825962807,2.549406594177,
    17.417277412818));
#3771 = CARTESIAN_POINT('',(-35.59549292702,2.212148319398,
    17.509475124516));
#3772 = CARTESIAN_POINT('',(-35.57533687657,2.009781133428,
    17.564762811105));
#3773 = CARTESIAN_POINT('',(-35.54791266494,1.740685646912,
    17.638237904021));
#3774 = CARTESIAN_POINT('',(-35.54095754357,1.672958708244,
    17.656726720358));
#3775 = CARTESIAN_POINT('',(-35.51982596968,1.468711282487,
    17.712473489701));
#3776 = CARTESIAN_POINT('',(-35.5055297958,1.332583188726,
    17.749613237431));
#3777 = CARTESIAN_POINT('',(-35.48378239739,1.128408046368,
    17.805297097162));
#3778 = CARTESIAN_POINT('',(-35.47643773164,1.059941315325,
    17.823966146387));
#3779 = CARTESIAN_POINT('',(-35.45786083185,0.887960672641,
    17.87085181212));
#3780 = CARTESIAN_POINT('',(-35.44658341375,0.784642863572,
    17.899010369102));
#3781 = CARTESIAN_POINT('',(-35.43141148957,0.647029540301,
    17.936505467282));
#3782 = CARTESIAN_POINT('',(-35.42758178631,0.612409669228,17.9459373518
    ));
#3783 = CARTESIAN_POINT('',(-35.41600654166,0.508117346514,
    17.974348242219));
#3784 = CARTESIAN_POINT('',(-35.40823643262,0.438574434581,
    17.99328926143));
#3785 = CARTESIAN_POINT('',(-35.3965024394,0.334232376003,
    18.021703085432));
#3786 = CARTESIAN_POINT('',(-35.3925612858,0.299300592378,
    18.031214617208));
#3787 = CARTESIAN_POINT('',(-35.38064438259,0.194015238121,
    18.059879991453));
#3788 = CARTESIAN_POINT('',(-35.37264570488,0.12380329105,
    18.078992576069));
#3789 = CARTESIAN_POINT('',(-35.36057070984,1.84744501097E-02,
    18.107659178969));
#3790 = CARTESIAN_POINT('',(-35.35651550723,-1.67871902317E-02,
    18.117255204223));
#3791 = CARTESIAN_POINT('',(-35.34435007646,-0.122241896934,
    18.145950797595));
#3792 = CARTESIAN_POINT('',(-35.33621920548,-0.192285905609,
    18.165007183845));
#3793 = CARTESIAN_POINT('',(-35.32400303666,-0.296890942992,
    18.193461265667));
#3794 = CARTESIAN_POINT('',(-35.31993658245,-0.331606996341,
    18.20290368984));
#3795 = CARTESIAN_POINT('',(-35.30370667888,-0.469756105153,
    18.240475570201));
#3796 = CARTESIAN_POINT('',(-35.29149626078,-0.572778148669,
    18.268486646051));
#3797 = CARTESIAN_POINT('',(-35.27111020257,-0.743336758455,
    18.314848659718));
#3798 = CARTESIAN_POINT('',(-35.26296004382,-0.811144303029,
    18.33327726517));
#3799 = CARTESIAN_POINT('',(-35.23851618627,-1.013413299338,
    18.388240400538));
#3800 = CARTESIAN_POINT('',(-35.22216960539,-1.147222014889,
    18.424588432312));
#3801 = CARTESIAN_POINT('',(-35.19758217175,-1.346448189455,
    18.47868931178));
#3802 = CARTESIAN_POINT('',(-35.18938168012,-1.412557276065,
    18.496638683877));
#3803 = CARTESIAN_POINT('',(-35.15649141703,-1.676403059463,
    18.568264635701));
#3804 = CARTESIAN_POINT('',(-35.13171094511,-1.872247904956,
    18.621405015094));
#3805 = CARTESIAN_POINT('',(-35.09024314567,-2.195862196651,
    18.709178191202));
#3806 = CARTESIAN_POINT('',(-35.07356802859,-2.324886925393,
    18.744163444636));
#3807 = CARTESIAN_POINT('',(-35.02287852858,-2.714090777099,
    18.84966972426));
#3808 = CARTESIAN_POINT('',(-34.98890290898,-2.97081832175,
    18.919226631812));
#3809 = CARTESIAN_POINT('',(-34.93772541204,-3.352466592274,
    19.022582748871));
#3810 = CARTESIAN_POINT('',(-34.92036587315,-3.481032124745,
    19.057391964258));
#3811 = CARTESIAN_POINT('',(-34.86690653619,-3.874465818207,
    19.163891156458));
#3812 = CARTESIAN_POINT('',(-34.83107029778,-4.134649679786,
    19.23428729668));
#3813 = CARTESIAN_POINT('',(-34.77704120004,-4.522513496739,
    19.339186867577));
#3814 = CARTESIAN_POINT('',(-34.7584787057,-4.654952680519,
    19.374997774206));
#3815 = CARTESIAN_POINT('',(-34.71076499468,-4.993463420993,
    19.466510818808));
#3816 = CARTESIAN_POINT('',(-34.68187289341,-5.196545694083,
    19.521393594568));
#3817 = CARTESIAN_POINT('',(-34.643500854,-5.464081672769,
    19.593673425429));
#3818 = CARTESIAN_POINT('',(-34.63356648494,-5.53314236708,
    19.612329438964));
#3819 = CARTESIAN_POINT('',(-34.60299150186,-5.74509413318,
    19.669580017777));
#3820 = CARTESIAN_POINT('',(-34.58258392528,-5.885708974437,
    19.707553143901));
#3821 = CARTESIAN_POINT('',(-34.55193281485,-6.095740014871,
    19.764260444111));
#3822 = CARTESIAN_POINT('',(-34.54144658323,-6.167379739626,
    19.783600625192));
#3823 = CARTESIAN_POINT('',(-34.50900122967,-6.388407277751,
    19.84326379811));
#3824 = CARTESIAN_POINT('',(-34.48738765879,-6.534723069862,
    19.882750240541));
#3825 = CARTESIAN_POINT('',(-34.45498959157,-6.752823644315,
    19.941596832413));
#3826 = CARTESIAN_POINT('',(-34.44385245069,-6.827565491661,
    19.961760840032));
#3827 = CARTESIAN_POINT('',(-34.41531822748,-7.018502112981,
    20.013266351843));
#3828 = CARTESIAN_POINT('',(-34.3981506182,-7.132824873767,
    20.044099393216));
#3829 = CARTESIAN_POINT('',(-34.37549654361,-7.283039665506,
    20.0846058813));
#3830 = CARTESIAN_POINT('',(-34.36965189692,-7.321733982229,
    20.095039448185));
#3831 = CARTESIAN_POINT('',(-34.35174444696,-7.440108213038,
    20.126956072049));
#3832 = CARTESIAN_POINT('',(-34.33985613469,-7.518437572288,
    20.148072920247));
#3833 = CARTESIAN_POINT('',(-34.32213529988,-7.634869656315,
    20.179458467447));
#3834 = CARTESIAN_POINT('',(-34.31612567158,-7.674296229768,
    20.190085713558));
#3835 = CARTESIAN_POINT('',(-34.29774036128,-7.794995834485,
    20.222620581201));
#3836 = CARTESIAN_POINT('',(-34.28563656256,-7.87456738763,
    20.244070445692));
#3837 = CARTESIAN_POINT('',(-34.26766453739,-7.99281492005,
    20.275947107116));
#3838 = CARTESIAN_POINT('',(-34.26154320124,-8.033109232424,
    20.286809672345));
#3839 = CARTESIAN_POINT('',(-34.2430457015,-8.154931227781,
    20.319651154941));
#3840 = CARTESIAN_POINT('',(-34.23065724587,-8.236605580315,
    20.341670303611));
#3841 = CARTESIAN_POINT('',(-34.21206823928,-8.359278134791,
    20.374743692649));
#3842 = CARTESIAN_POINT('',(-34.20579944268,-8.400668196675,
    20.385902967038));
#3843 = CARTESIAN_POINT('',(-34.12275755358,-8.949225855422,
    20.533803744567));
#3844 = CARTESIAN_POINT('',(-34.04974412394,-9.434685870104,
    20.66472530659));
#3845 = CARTESIAN_POINT('',(-33.95271258425,-10.08301118339,
    20.839602329145));
#3846 = CARTESIAN_POINT('',(-33.92450173983,-10.27194138325,
    20.890568235256));
#3847 = CARTESIAN_POINT('',(-33.83098314359,-10.89947054168,
    21.059863519907));
#3848 = CARTESIAN_POINT('',(-33.70718502192,-11.73482550242,
    21.285274149141));
#3849 = CARTESIAN_POINT('',(-33.61668311271,-12.35042605159,
    21.451437159693));
#3850 = CARTESIAN_POINT('',(-33.58077629782,-12.59512887624,
    21.517492095998));
#3851 = CARTESIAN_POINT('',(-36.18414388637,8.135873935887,
    15.75221770045));
#3852 = CARTESIAN_POINT('',(-36.18037843779,8.065828914564,
    15.771576795141));
#3853 = CARTESIAN_POINT('',(-36.17663649969,7.997085263768,
    15.790572998291));
#3854 = CARTESIAN_POINT('',(-36.17049697572,7.885580070407,
    15.821380821443));
#3855 = CARTESIAN_POINT('',(-36.16808444452,7.842098382681,
    15.833393122275));
#3856 = CARTESIAN_POINT('',(-36.16078941764,7.711565080449,
    15.869450762135));
#3857 = CARTESIAN_POINT('',(-36.15594392256,7.626152628457,
    15.893039526988));
#3858 = CARTESIAN_POINT('',(-36.14873897791,7.500826527858,
    15.927644844722));
#3859 = CARTESIAN_POINT('',(-36.14633998815,7.459385624445,
    15.939086449947));
#3860 = CARTESIAN_POINT('',(-36.13923708554,7.337480642411,
    15.972740564748));
#3861 = CARTESIAN_POINT('',(-36.13457331732,7.258483219062,
    15.994545038085));
#3862 = CARTESIAN_POINT('',(-36.12769821817,7.143371412117,
    16.026312132755));
#3863 = CARTESIAN_POINT('',(-36.12544369481,7.105848888186,
    16.036666188864));
#3864 = CARTESIAN_POINT('',(-36.11860130206,6.992602647316,
    16.067912995115));
#3865 = CARTESIAN_POINT('',(-36.11405889652,6.918285045587,
    16.088415035086));
#3866 = CARTESIAN_POINT('',(-36.10726354247,6.808306964852,
    16.118749672328));
#3867 = CARTESIAN_POINT('',(-36.10496849545,6.771377087372,
    16.128934917882));
#3868 = CARTESIAN_POINT('',(-36.09798666524,6.659658416582,
    16.159744184387));
#3869 = CARTESIAN_POINT('',(-36.09334802163,6.586308564856,
    16.179968485707));
#3870 = CARTESIAN_POINT('',(-36.08640803537,6.477780729998,
    16.209886882216));
#3871 = CARTESIAN_POINT('',(-36.08406289235,6.441322905972,
    16.219936432759));
#3872 = CARTESIAN_POINT('',(-36.07444481807,6.29264908031,16.26091438792
    ));
#3873 = CARTESIAN_POINT('',(-36.06730729717,6.184338744849,
    16.290758177105));
#3874 = CARTESIAN_POINT('',(-36.0553844155,6.006372119233,16.33978151868
    ));
#3875 = CARTESIAN_POINT('',(-36.05053118239,5.934805623232,
    16.359491427105));
#3876 = CARTESIAN_POINT('',(-36.03554708073,5.71631864395,
    16.419652645853));
#3877 = CARTESIAN_POINT('',(-36.02562545445,5.575232325002,
    16.458484273803));
#3878 = CARTESIAN_POINT('',(-36.01074397688,5.368089401663,
    16.515475076222));
#3879 = CARTESIAN_POINT('',(-36.00564998917,5.298023030645,
    16.534748113428));
#3880 = CARTESIAN_POINT('',(-35.99002466193,5.085468404868,
    16.593203228394));
#3881 = CARTESIAN_POINT('',(-35.97961913906,4.947251114117,
    16.631197704376));
#3882 = CARTESIAN_POINT('',(-35.96386145393,4.742327244094,
    16.687506237733));
#3883 = CARTESIAN_POINT('',(-35.95850659068,4.673461593292,
    16.706424874541));
#3884 = CARTESIAN_POINT('',(-35.93694498084,4.39918425692,
    16.781757574463));
#3885 = CARTESIAN_POINT('',(-35.9205671706,4.197325723693,
    16.837164531299));
#3886 = CARTESIAN_POINT('',(-35.89205392942,3.856874488796,
    16.930551275155));
#3887 = CARTESIAN_POINT('',(-35.88060180999,3.722739537385,
    16.967329762402));
#3888 = CARTESIAN_POINT('',(-35.8452032215,3.31661683419,17.078634408998
    ));
#3889 = CARTESIAN_POINT('',(-35.82030494025,3.041595621478,
    17.153944316664));
#3890 = CARTESIAN_POINT('',(-35.78249318023,2.638977556832,
    17.264100118696));
#3891 = CARTESIAN_POINT('',(-35.76960198887,2.504031656263,
    17.301006061733));
#3892 = CARTESIAN_POINT('',(-35.73680314578,2.166442591632,
    17.39329420258));
#3893 = CARTESIAN_POINT('',(-35.71662758367,1.963879557812,
    17.448635395399));
#3894 = CARTESIAN_POINT('',(-35.6891775478,1.694530707006,
    17.522179667865));
#3895 = CARTESIAN_POINT('',(-35.6822159097,1.626740303622,
    17.540685809518));
#3896 = CARTESIAN_POINT('',(-35.66106469389,1.422303033409,
    17.596484394488));
#3897 = CARTESIAN_POINT('',(-35.64675538507,1.286049889362,
    17.633658259465));
#3898 = CARTESIAN_POINT('',(-35.6249883285,1.08169018983,17.689392452702
    ));
#3899 = CARTESIAN_POINT('',(-35.61763706407,1.013161947775,
    17.708078274326));
#3900 = CARTESIAN_POINT('',(-35.59904359534,0.841027914202,
    17.755005757748));
#3901 = CARTESIAN_POINT('',(-35.58775620947,0.737618794481,
    17.783189200753));
#3902 = CARTESIAN_POINT('',(-35.57257102725,0.59988521789,
    17.820717063997));
#3903 = CARTESIAN_POINT('',(-35.56873798856,0.565235195261,
    17.830157163045));
#3904 = CARTESIAN_POINT('',(-35.55715269831,0.460852362307,
    17.858592709895));
#3905 = CARTESIAN_POINT('',(-35.54937588583,0.391249456692,
    17.877550069234));
#3906 = CARTESIAN_POINT('',(-35.53763184324,0.286818036386,
    17.905988227702));
#3907 = CARTESIAN_POINT('',(-35.53368732883,0.251856465148,
    17.915507870308));
#3908 = CARTESIAN_POINT('',(-35.52176030226,0.146481671197,
    17.944197595731));
#3909 = CARTESIAN_POINT('',(-35.51375485117,7.62102697984E-02,
    17.963326364555));
#3910 = CARTESIAN_POINT('',(-35.50166972095,-2.92069786162E-02,
    17.992017028685));
#3911 = CARTESIAN_POINT('',(-35.49761115787,-6.44978393649E-02,
    18.001621005915));
#3912 = CARTESIAN_POINT('',(-35.48543557355,-0.170040561247,
    18.030340549361));
#3913 = CARTESIAN_POINT('',(-35.47729797026,-0.240142562952,
    18.049412713347));
#3914 = CARTESIAN_POINT('',(-35.46507176261,-0.344833561404,
    18.077890177824));
#3915 = CARTESIAN_POINT('',(-35.46100197635,-0.379578060513,
    18.087340338959));
#3916 = CARTESIAN_POINT('',(-35.4447588264,-0.517839923362,
    18.124942884606));
#3917 = CARTESIAN_POINT('',(-35.43253851621,-0.620945421086,
    18.152976651093));
#3918 = CARTESIAN_POINT('',(-35.4121361455,-0.791640508397,
    18.199375762699));
#3919 = CARTESIAN_POINT('',(-35.40397950164,-0.859502005181,
    18.217819031158));
#3920 = CARTESIAN_POINT('',(-35.37951634899,-1.061930666898,
    18.27282555288));
#3921 = CARTESIAN_POINT('',(-35.3631569631,-1.195844187003,
    18.309202053828));
#3922 = CARTESIAN_POINT('',(-35.33855058759,-1.395223842391,
    18.363344611787));
#3923 = CARTESIAN_POINT('',(-35.330343818,-1.461383536693,
    18.381307724427));
#3924 = CARTESIAN_POINT('',(-35.29742856551,-1.72542978974,
    18.452988097588));
#3925 = CARTESIAN_POINT('',(-35.27263004901,-1.921417138033,
    18.506167142635));
#3926 = CARTESIAN_POINT('',(-35.23113399205,-2.245251949937,
    18.594000129932));
#3927 = CARTESIAN_POINT('',(-35.21444781452,-2.374362236654,
    18.629008582336));
#3928 = CARTESIAN_POINT('',(-35.16372588492,-2.763815094405,
    18.734582363143));
#3929 = CARTESIAN_POINT('',(-35.12972935062,-3.020700554733,
    18.804182054738));
#3930 = CARTESIAN_POINT('',(-35.07852246672,-3.402567968323,
    18.907597518998));
#3931 = CARTESIAN_POINT('',(-35.0611531361,-3.531206009741,
    18.942426366153));
#3932 = CARTESIAN_POINT('',(-35.00766437702,-3.924856237807,
    19.048984172474));
#3933 = CARTESIAN_POINT('',(-34.97180890036,-4.18517971472,
    19.119418086863));
#3934 = CARTESIAN_POINT('',(-34.91775218894,-4.57324176014,
    19.224371269526));
#3935 = CARTESIAN_POINT('',(-34.89918028958,-4.705748043476,
    19.260200319515));
#3936 = CARTESIAN_POINT('',(-34.85144277102,-5.044427689238,
    19.351759025997));
#3937 = CARTESIAN_POINT('',(-34.8225363473,-5.247610624769,
    19.406669005581));
#3938 = CARTESIAN_POINT('',(-34.78414567534,-5.515276510206,
    19.478983933149));
#3939 = CARTESIAN_POINT('',(-34.77420649019,-5.58437068481,
    19.497648991032));
#3940 = CARTESIAN_POINT('',(-34.74361674059,-5.796424815445,
    19.55492721967));
#3941 = CARTESIAN_POINT('',(-34.72319926963,-5.937107832453,
    19.592918756702));
#3942 = CARTESIAN_POINT('',(-34.6925333559,-6.14724030927,
    19.649653444208));
#3943 = CARTESIAN_POINT('',(-34.68204204932,-6.218914705265,
    19.669002985294));
#3944 = CARTESIAN_POINT('',(-34.64958099399,-6.440049208793,
    19.728695031971));
#3945 = CARTESIAN_POINT('',(-34.62795693601,-6.586435994596,
    19.768200633565));
#3946 = CARTESIAN_POINT('',(-34.59554321293,-6.804641962205,
    19.827075661982));
#3947 = CARTESIAN_POINT('',(-34.58440066875,-6.879420071883,
    19.847249452533));
#3948 = CARTESIAN_POINT('',(-34.55585259699,-7.070449360373,
    19.898779961483));
#3949 = CARTESIAN_POINT('',(-34.53867669952,-7.184827313127,
    19.929627888215));
#3950 = CARTESIAN_POINT('',(-34.51601173322,-7.335114325405,
    19.970153851077));
#3951 = CARTESIAN_POINT('',(-34.51016423573,-7.373827516792,
    19.980592507353));
#3952 = CARTESIAN_POINT('',(-34.49224798323,-7.492259933206,
    20.012524819475));
#3953 = CARTESIAN_POINT('',(-34.48035410105,-7.570625990675,
    20.033651561156));
#3954 = CARTESIAN_POINT('',(-34.46262507893,-7.687111864814,
    20.065051608035));
#3955 = CARTESIAN_POINT('',(-34.45661474815,-7.726543041164,
    20.075680094775));
#3956 = CARTESIAN_POINT('',(-34.43823320347,-7.847217928262,
    20.108208299763));
#3957 = CARTESIAN_POINT('',(-34.4261314505,-7.92677602661,
    20.129654537223));
#3958 = CARTESIAN_POINT('',(-34.40816188278,-8.045007391731,
    20.161526840353));
#3959 = CARTESIAN_POINT('',(-34.40204144349,-8.085295800027,
    20.172387813953));
#3960 = CARTESIAN_POINT('',(-34.38354681729,-8.207098870934,
    20.205224194789));
#3961 = CARTESIAN_POINT('',(-34.37116024055,-8.288760835793,
    20.227240003775));
#3962 = CARTESIAN_POINT('',(-34.3525739792,-8.411415274046,
    20.260308508552));
#3963 = CARTESIAN_POINT('',(-34.34630611371,-8.45279918821,
    20.271466125439));
#3964 = CARTESIAN_POINT('',(-34.26327654541,-9.001275457478,
    20.419344958928));
#3965 = CARTESIAN_POINT('',(-34.19027354382,-9.486666124021,
    20.550247818623));
#3966 = CARTESIAN_POINT('',(-34.09325549786,-10.13490127838,
    20.725100522028));
#3967 = CARTESIAN_POINT('',(-34.06504850502,-10.32380568367,
    20.776059469783));
#3968 = CARTESIAN_POINT('',(-33.97154259225,-10.95124973111,
    20.945331793102));
#3969 = CARTESIAN_POINT('',(-33.84776072212,-11.78649502193,
    21.170712829114));
#3970 = CARTESIAN_POINT('',(-33.75727010617,-12.40201874337,
    21.336855102211));
#3971 = CARTESIAN_POINT('',(-33.72136774945,-12.64669118822,
    21.402901837833));
#3972 = ADVANCED_FACE('',(#3973),#3978,.T.);
#3973 = FACE_BOUND('',#3974,.T.);
#3974 = EDGE_LOOP('',(#3975,#3976,#3977));
#3975 = ORIENTED_EDGE('',*,*,#3478,.F.);
#3976 = ORIENTED_EDGE('',*,*,#3446,.F.);
#3977 = ORIENTED_EDGE('',*,*,#3165,.F.);
#3978 = PLANE('',#3979);
#3979 = AXIS2_PLACEMENT_3D('',#3980,#3981,#3982);
#3980 = CARTESIAN_POINT('',(-35.7582339596,8.243142742723,16.10898402471
    ));
#3981 = DIRECTION('',(-0.553382486226,0.700991942144,0.449864558493));
#3982 = DIRECTION('',(0.630796399031,0.,0.775948389372));
#3983 = ADVANCED_FACE('',(#3984),#3990,.F.);
#3984 = FACE_BOUND('',#3985,.F.);
#3985 = EDGE_LOOP('',(#3986,#3987,#3988,#3989));
#3986 = ORIENTED_EDGE('',*,*,#288,.F.);
#3987 = ORIENTED_EDGE('',*,*,#105,.F.);
#3988 = ORIENTED_EDGE('',*,*,#655,.F.);
#3989 = ORIENTED_EDGE('',*,*,#124,.T.);
#3990 = CYLINDRICAL_SURFACE('',#3991,1.2);
#3991 = AXIS2_PLACEMENT_3D('',#3992,#3993,#3994);
#3992 = CARTESIAN_POINT('',(-12.76139027405,2.048901981972,
    51.836862037964));
#3993 = DIRECTION('',(-6.656181353355E-02,-0.269125443091,
    -0.960802279795));
#3994 = DIRECTION('',(-2.428612866368E-17,0.962937783644,-0.26972360822)
  );
#3995 = ADVANCED_FACE('',(#3996),#4032,.T.);
#3996 = FACE_BOUND('',#3997,.T.);
#3997 = EDGE_LOOP('',(#3998,#3999,#4007,#4026));
#3998 = ORIENTED_EDGE('',*,*,#541,.F.);
#3999 = ORIENTED_EDGE('',*,*,#4000,.F.);
#4000 = EDGE_CURVE('',#4001,#534,#4003,.T.);
#4001 = VERTEX_POINT('',#4002);
#4002 = CARTESIAN_POINT('',(-20.25853105556,3.248417434383,
    15.185296923357));
#4003 = LINE('',#4004,#4005);
#4004 = CARTESIAN_POINT('',(-20.52801660015,3.756919106194,
    13.18809798709));
#4005 = VECTOR('',#4006,1.);
#4006 = DIRECTION('',(-0.12965629309,0.244652980919,-0.960902786232));
#4007 = ORIENTED_EDGE('',*,*,#4008,.T.);
#4008 = EDGE_CURVE('',#4001,#4009,#4011,.T.);
#4009 = VERTEX_POINT('',#4010);
#4010 = CARTESIAN_POINT('',(-20.92712351033,2.394808278894,
    15.470715343222));
#4011 = B_SPLINE_CURVE_WITH_KNOTS('',3,(#4012,#4013,#4014,#4015,#4016,
    #4017,#4018,#4019,#4020,#4021,#4022,#4023,#4024,#4025),
  .UNSPECIFIED.,.F.,.F.,(4,2,2,2,2,2,4),(0.,1.586994063259E-04,
    3.173988126518E-04,6.347976253037E-04,9.521964379555E-04,
    1.110895844281E-03,1.269595250607E-03),.UNSPECIFIED.);
#4012 = CARTESIAN_POINT('',(-20.25853105556,3.248417434383,
    15.185296923357));
#4013 = CARTESIAN_POINT('',(-20.31950139167,3.240931223786,
    15.191617709657));
#4014 = CARTESIAN_POINT('',(-20.38384310886,3.227427341906,
    15.199857635541));
#4015 = CARTESIAN_POINT('',(-20.50315601103,3.191305641815,
    15.218241180274));
#4016 = CARTESIAN_POINT('',(-20.55804610894,3.168656811265,
    15.228387868332));
#4017 = CARTESIAN_POINT('',(-20.68807770789,3.100590673988,
    15.256461769657));
#4018 = CARTESIAN_POINT('',(-20.75273386563,3.045489151183,
    15.276375182915));
#4019 = CARTESIAN_POINT('',(-20.85796070447,2.911143343273,
    15.321295938427));
#4020 = CARTESIAN_POINT('',(-20.89536213561,2.835945320981,
    15.344950345408));
#4021 = CARTESIAN_POINT('',(-20.92813012032,2.696161048291,
    15.386374685931));
#4022 = CARTESIAN_POINT('',(-20.93592112293,2.638783307838,
    15.402986213006));
#4023 = CARTESIAN_POINT('',(-20.93983849419,2.517573752664,
    15.437208990439));
#4024 = CARTESIAN_POINT('',(-20.93601737326,2.453809434821,
    15.454804972371));
#4025 = CARTESIAN_POINT('',(-20.92712351033,2.394808278894,
    15.470715343222));
#4026 = ORIENTED_EDGE('',*,*,#4027,.T.);
#4027 = EDGE_CURVE('',#4009,#542,#4028,.T.);
#4028 = LINE('',#4029,#4030);
#4029 = CARTESIAN_POINT('',(-22.07300138946,1.784397342577,
    13.847643448654));
#4030 = VECTOR('',#4031,1.);
#4031 = DIRECTION('',(-0.551310751647,-0.293684098666,-0.780900829369));
#4032 = B_SPLINE_SURFACE_WITH_KNOTS('',1,3,(
    (#4033,#4034,#4035,#4036,#4037,#4038,#4039,#4040,#4041,#4042,#4043
      ,#4044,#4045,#4046)
    ,(#4047,#4048,#4049,#4050,#4051,#4052,#4053,#4054,#4055,#4056,#4057
      ,#4058,#4059,#4060
    )),.UNSPECIFIED.,.F.,.F.,.F.,(2,2),(4,2,2,2,2,2,4),(0.,1.),(
    -0.659058035826,-0.49429352687,-0.329529017913,5.551115123126E-17,
    0.329529017913,0.49429352687,0.659058035826),.UNSPECIFIED.);
#4033 = CARTESIAN_POINT('',(-20.75613634368,4.187366211917,
    11.497467358504));
#4034 = CARTESIAN_POINT('',(-20.92947610052,4.166082760639,
    11.515437472847));
#4035 = CARTESIAN_POINT('',(-21.10076094288,4.130064422193,
    11.537392542557));
#4036 = CARTESIAN_POINT('',(-21.43642804105,4.028441981645,
    11.589111607118));
#4037 = CARTESIAN_POINT('',(-21.6008790417,3.962864115181,
    11.618873015695));
#4038 = CARTESIAN_POINT('',(-22.07665292218,3.713816173803,
    11.721592911312));
#4039 = CARTESIAN_POINT('',(-22.34995107459,3.486128102878,
    11.804302825003));
#4040 = CARTESIAN_POINT('',(-22.77347364214,2.945405962659,
    11.985102266674));
#4041 = CARTESIAN_POINT('',(-22.92638088782,2.628946654725,
    12.084337080171));
#4042 = CARTESIAN_POINT('',(-23.04627607526,2.117488597265,
    12.235905015124));
#4043 = CARTESIAN_POINT('',(-23.06735574733,1.946194688479,
    12.285345624604));
#4044 = CARTESIAN_POINT('',(-23.07837663996,1.605191666457,
    12.381625745856));
#4045 = CARTESIAN_POINT('',(-23.06827339862,1.435425314911,
    12.428478210158));
#4046 = CARTESIAN_POINT('',(-23.04298800598,1.267683956636,
    12.47371168503));
#4047 = CARTESIAN_POINT('',(-20.11499259452,2.977569694952,
    16.249082641183));
#4048 = CARTESIAN_POINT('',(-20.14354901324,2.974063416054,
    16.252043079497));
#4049 = CARTESIAN_POINT('',(-20.17704207891,2.967054020133,
    16.256326755816));
#4050 = CARTESIAN_POINT('',(-20.23394577817,2.94982656419,
    16.265094387109));
#4051 = CARTESIAN_POINT('',(-20.25723210441,2.939560978163,
    16.269583042667));
#4052 = CARTESIAN_POINT('',(-20.28753140974,2.923700577326,
    16.276124673807));
#4053 = CARTESIAN_POINT('',(-20.29200301447,2.918383108167,
    16.277923903889));
#4054 = CARTESIAN_POINT('',(-20.30541475065,2.901260000104,
    16.283649299886));
#4055 = CARTESIAN_POINT('',(-20.3094975499,2.895655841979,
    16.285501897552));
#4056 = CARTESIAN_POINT('',(-20.31713295398,2.863084024959,
    16.295154384048));
#4057 = CARTESIAN_POINT('',(-20.32109072717,2.838566369473,
    16.302296083856));
#4058 = CARTESIAN_POINT('',(-20.32295902744,2.78075810405,
    16.318617894108));
#4059 = CARTESIAN_POINT('',(-20.32095003742,2.747570971914,
    16.327774595553));
#4060 = CARTESIAN_POINT('',(-20.31678445027,2.719936849663,
    16.335226468336));
#4061 = ADVANCED_FACE('',(#4062),#4080,.F.);
#4062 = FACE_BOUND('',#4063,.T.);
#4063 = EDGE_LOOP('',(#4064,#4065,#4066,#4074));
#4064 = ORIENTED_EDGE('',*,*,#560,.F.);
#4065 = ORIENTED_EDGE('',*,*,#4027,.F.);
#4066 = ORIENTED_EDGE('',*,*,#4067,.T.);
#4067 = EDGE_CURVE('',#4009,#4068,#4070,.T.);
#4068 = VERTEX_POINT('',#4069);
#4069 = CARTESIAN_POINT('',(-20.27384464848,-1.938992711273,
    16.639376897813));
#4070 = LINE('',#4071,#4072);
#4071 = CARTESIAN_POINT('',(-21.11710607948,3.655137817138,
    15.130852326714));
#4072 = VECTOR('',#4073,1.);
#4073 = DIRECTION('',(0.144024139646,-0.955444903331,0.25764720821));
#4074 = ORIENTED_EDGE('',*,*,#4075,.T.);
#4075 = EDGE_CURVE('',#4068,#561,#4076,.T.);
#4076 = LINE('',#4077,#4078);
#4077 = CARTESIAN_POINT('',(-21.41972252706,-2.549403651266,
    15.016305004237));
#4078 = VECTOR('',#4079,1.);
#4079 = DIRECTION('',(-0.55131075138,-0.293684100435,-0.780900828892));
#4080 = PLANE('',#4081);
#4081 = AXIS2_PLACEMENT_3D('',#4082,#4083,#4084);
#4082 = CARTESIAN_POINT('',(-22.07300138946,1.784397342577,
    13.847643448654));
#4083 = DIRECTION('',(-0.821774605544,2.957510591894E-02,0.569044647451)
  );
#4084 = DIRECTION('',(0.569293678777,-1.734723475977E-18,0.822134239224)
  );
#4085 = ADVANCED_FACE('',(#4086),#4115,.T.);
#4086 = FACE_BOUND('',#4087,.T.);
#4087 = EDGE_LOOP('',(#4088,#4089,#4090,#4109));
#4088 = ORIENTED_EDGE('',*,*,#568,.F.);
#4089 = ORIENTED_EDGE('',*,*,#4075,.F.);
#4090 = ORIENTED_EDGE('',*,*,#4091,.T.);
#4091 = EDGE_CURVE('',#4068,#4092,#4094,.T.);
#4092 = VERTEX_POINT('',#4093);
#4093 = CARTESIAN_POINT('',(-19.37688166712,-2.600375833714,
    16.762494365013));
#4094 = B_SPLINE_CURVE_WITH_KNOTS('',3,(#4095,#4096,#4097,#4098,#4099,
    #4100,#4101,#4102,#4103,#4104,#4105,#4106,#4107,#4108),
  .UNSPECIFIED.,.F.,.F.,(4,2,2,2,2,2,4),(0.,1.585431460095E-04,
    3.17086292019E-04,6.34172584038E-04,9.51258876057E-04,
    1.109802022067E-03,1.268345168076E-03),.UNSPECIFIED.);
#4095 = CARTESIAN_POINT('',(-20.27384464848,-1.938992711273,
    16.639376897813));
#4096 = CARTESIAN_POINT('',(-20.26495079586,-1.997993872208,
    16.655287270781));
#4097 = CARTESIAN_POINT('',(-20.24975866166,-2.060362005184,
    16.671704421061));
#4098 = CARTESIAN_POINT('',(-20.21010537024,-2.17622175567,
    16.701410232857));
#4099 = CARTESIAN_POINT('',(-20.18561359029,-2.229635668843,
    16.714675007544));
#4100 = CARTESIAN_POINT('',(-20.11266008929,-2.356438975334,
    16.745139213687));
#4101 = CARTESIAN_POINT('',(-20.05435921439,-2.419886231996,
    16.758872173502));
#4102 = CARTESIAN_POINT('',(-19.91319013763,-2.523978425609,
    16.778249092516));
#4103 = CARTESIAN_POINT('',(-19.83457370362,-2.561488286144,
    16.783309452507));
#4104 = CARTESIAN_POINT('',(-19.68912031174,-2.595729119784,
    16.782823856217));
#4105 = CARTESIAN_POINT('',(-19.62952106332,-2.604320426217,
    16.781101446784));
#4106 = CARTESIAN_POINT('',(-19.50385242624,-2.610362175584,
    16.77408778325));
#4107 = CARTESIAN_POINT('',(-19.43785199785,-2.607862054351,
    16.768815153752));
#4108 = CARTESIAN_POINT('',(-19.37688166712,-2.600375833714,
    16.762494365013));
#4109 = ORIENTED_EDGE('',*,*,#4110,.T.);
#4110 = EDGE_CURVE('',#4092,#569,#4111,.T.);
#4111 = LINE('',#4112,#4113);
#4112 = CARTESIAN_POINT('',(-19.34701865505,-4.077729101119,
    15.30080509441));
#4113 = VECTOR('',#4114,1.);
#4114 = DIRECTION('',(1.436784838109E-02,-0.710791922187,-0.703255578212
    ));
#4115 = B_SPLINE_SURFACE_WITH_KNOTS('',1,3,(
    (#4116,#4117,#4118,#4119,#4120,#4121,#4122,#4123,#4124,#4125,#4126
      ,#4127,#4128,#4129)
    ,(#4130,#4131,#4132,#4133,#4134,#4135,#4136,#4137,#4138,#4139,#4140
      ,#4141,#4142,#4143
    )),.UNSPECIFIED.,.F.,.F.,.F.,(2,2),(4,2,2,2,2,2,4),(0.,1.),(
    -0.659058035826,-0.49429352687,-0.329529017913,-1.554312234475E-15,
    0.329529017913,0.49429352687,0.659058035826),.UNSPECIFIED.);
#4116 = CARTESIAN_POINT('',(-22.09452292001,-2.90887087477,
    14.060488008216));
#4117 = CARTESIAN_POINT('',(-22.0715243171,-3.06144178532,
    14.101630588764));
#4118 = CARTESIAN_POINT('',(-22.03454198776,-3.213011746155,
    14.141524043187));
#4119 = CARTESIAN_POINT('',(-21.93301549023,-3.509653777143,
    14.217581450386));
#4120 = CARTESIAN_POINT('',(-21.86848933934,-3.654771694053,
    14.253759493253));
#4121 = CARTESIAN_POINT('',(-21.62862086507,-4.071696243444,
    14.353924662985));
#4122 = CARTESIAN_POINT('',(-21.41308997747,-4.311237040779,
    14.406089814466));
#4123 = CARTESIAN_POINT('',(-20.90447854253,-4.686265915182,
    14.475902005708));
#4124 = CARTESIAN_POINT('',(-20.60889408881,-4.82360026847,
    14.493892732574));
#4125 = CARTESIAN_POINT('',(-20.13064873183,-4.936182928963,
    14.492296129488));
#4126 = CARTESIAN_POINT('',(-19.96926562544,-4.957641083009,
    14.48712647375));
#4127 = CARTESIAN_POINT('',(-19.64750936365,-4.97311011733,
    14.469169012628));
#4128 = CARTESIAN_POINT('',(-19.48709550707,-4.967091876992,
    14.456370230749));
#4129 = CARTESIAN_POINT('',(-19.32943251202,-4.947733299231,
    14.440025327094));
#4130 = CARTESIAN_POINT('',(-19.66350558784,-1.613864144161,
    17.503888023969));
#4131 = CARTESIAN_POINT('',(-19.65934001781,-1.641498268511,
    17.511339898528));
#4132 = CARTESIAN_POINT('',(-19.65145252794,-1.673963611625,
    17.519887176561));
#4133 = CARTESIAN_POINT('',(-19.63254075634,-1.729220405041,
    17.534054719128));
#4134 = CARTESIAN_POINT('',(-19.62146954646,-1.75189273344,
    17.539638365973));
#4135 = CARTESIAN_POINT('',(-19.60447031781,-1.781439797892,
    17.546736982899));
#4136 = CARTESIAN_POINT('',(-19.59887706273,-1.785855885923,
    17.547586465111));
#4137 = CARTESIAN_POINT('',(-19.58088429172,-1.799123005368,
    17.550056159428));
#4138 = CARTESIAN_POINT('',(-19.57500122267,-1.803169080447,
    17.550781921656));
#4139 = CARTESIAN_POINT('',(-19.54110841692,-1.811147681105,
    17.550668763953));
#4140 = CARTESIAN_POINT('',(-19.51562978451,-1.815425683096,
    17.550101961803));
#4141 = CARTESIAN_POINT('',(-19.45569485689,-1.818307159543,
    17.546756945956));
#4142 = CARTESIAN_POINT('',(-19.42134428334,-1.816986404013,
    17.544007279928));
#4143 = CARTESIAN_POINT('',(-19.39278786712,-1.813480108549,
    17.541046837148));
#4144 = ADVANCED_FACE('',(#4145),#4163,.F.);
#4145 = FACE_BOUND('',#4146,.T.);
#4146 = EDGE_LOOP('',(#4147,#4148,#4149,#4157));
#4147 = ORIENTED_EDGE('',*,*,#587,.F.);
#4148 = ORIENTED_EDGE('',*,*,#4110,.F.);
#4149 = ORIENTED_EDGE('',*,*,#4150,.T.);
#4150 = EDGE_CURVE('',#4092,#4151,#4153,.T.);
#4151 = VERTEX_POINT('',#4152);
#4152 = CARTESIAN_POINT('',(-17.86043841811,-2.41418001525,
    16.605284866142));
#4153 = LINE('',#4154,#4155);
#4154 = CARTESIAN_POINT('',(-20.67927494567,-2.760289620543,
    16.89751332783));
#4155 = VECTOR('',#4156,1.);
#4156 = DIRECTION('',(0.98733306041,0.121229256287,-0.102356705895));
#4157 = ORIENTED_EDGE('',*,*,#4158,.T.);
#4158 = EDGE_CURVE('',#4151,#588,#4159,.T.);
#4159 = LINE('',#4160,#4161);
#4160 = CARTESIAN_POINT('',(-17.83057540225,-3.891533282189,
    15.143595595145));
#4161 = VECTOR('',#4162,1.);
#4162 = DIRECTION('',(1.436785020848E-02,-0.710791921963,-0.703255578401
    ));
#4163 = PLANE('',#4164);
#4164 = AXIS2_PLACEMENT_3D('',#4165,#4166,#4167);
#4165 = CARTESIAN_POINT('',(-19.34701865505,-4.077729101119,
    15.30080509441));
#4166 = DIRECTION('',(0.158009470459,-0.692876836655,0.703530167421));
#4167 = DIRECTION('',(0.,-0.712480636569,-0.701691771731));
#4168 = ADVANCED_FACE('',(#4169),#4198,.T.);
#4169 = FACE_BOUND('',#4170,.T.);
#4170 = EDGE_LOOP('',(#4171,#4172,#4173,#4192));
#4171 = ORIENTED_EDGE('',*,*,#595,.F.);
#4172 = ORIENTED_EDGE('',*,*,#4158,.F.);
#4173 = ORIENTED_EDGE('',*,*,#4174,.T.);
#4174 = EDGE_CURVE('',#4151,#4175,#4177,.T.);
#4175 = VERTEX_POINT('',#4176);
#4176 = CARTESIAN_POINT('',(-17.19184596334,-1.56057085976,
    16.319866446277));
#4177 = B_SPLINE_CURVE_WITH_KNOTS('',3,(#4178,#4179,#4180,#4181,#4182,
    #4183,#4184,#4185,#4186,#4187,#4188,#4189,#4190,#4191),
  .UNSPECIFIED.,.F.,.F.,(4,2,2,2,2,2,4),(0.,1.586994063264E-04,
    3.173988126528E-04,6.347976253057E-04,9.521964379585E-04,
    1.110895844285E-03,1.269595250611E-03),.UNSPECIFIED.);
#4178 = CARTESIAN_POINT('',(-17.86043841811,-2.41418001525,
    16.605284866142));
#4179 = CARTESIAN_POINT('',(-17.799468082,-2.406693804652,
    16.598964079841));
#4180 = CARTESIAN_POINT('',(-17.73512636481,-2.393189922773,
    16.590724153957));
#4181 = CARTESIAN_POINT('',(-17.61581346264,-2.35706822268,
    16.572340609224));
#4182 = CARTESIAN_POINT('',(-17.56092336473,-2.334419392131,
    16.562193921166));
#4183 = CARTESIAN_POINT('',(-17.43089176579,-2.266353254854,
    16.53412001984));
#4184 = CARTESIAN_POINT('',(-17.36623560805,-2.211251732056,
    16.514206606585));
#4185 = CARTESIAN_POINT('',(-17.2610087692,-2.076905924133,
    16.469285851069));
#4186 = CARTESIAN_POINT('',(-17.22360733806,-2.001707901854,
    16.445631444091));
#4187 = CARTESIAN_POINT('',(-17.19083935335,-1.861923629155,
    16.404207103567));
#4188 = CARTESIAN_POINT('',(-17.18304835075,-1.804545888702,
    16.387595576491));
#4189 = CARTESIAN_POINT('',(-17.17913097949,-1.683336333534,
    16.353372799059));
#4190 = CARTESIAN_POINT('',(-17.18295210042,-1.619572015685,
    16.335776817128));
#4191 = CARTESIAN_POINT('',(-17.19184596334,-1.56057085976,
    16.319866446277));
#4192 = ORIENTED_EDGE('',*,*,#4193,.T.);
#4193 = EDGE_CURVE('',#4175,#596,#4194,.T.);
#4194 = LINE('',#4195,#4196);
#4195 = CARTESIAN_POINT('',(-16.28559061293,-1.919011518572,
    14.484050133582));
#4196 = VECTOR('',#4197,1.);
#4197 = DIRECTION('',(0.436022308763,-0.172454842378,-0.883257535264));
#4198 = B_SPLINE_SURFACE_WITH_KNOTS('',1,3,(
    (#4199,#4200,#4201,#4202,#4203,#4204,#4205,#4206,#4207,#4208,#4209
      ,#4210,#4211,#4212)
    ,(#4213,#4214,#4215,#4216,#4217,#4218,#4219,#4220,#4221,#4222,#4223
      ,#4224,#4225,#4226
    )),.UNSPECIFIED.,.F.,.F.,.F.,(2,2),(4,2,2,2,2,2,4),(0.,1.),(
    -0.659058035826,-0.49429352687,-0.329529017913,-1.165734175856E-15,
    0.329529017913,0.49429352687,0.659058035826),.UNSPECIFIED.);
#4199 = CARTESIAN_POINT('',(-17.80529633668,-5.142114101791,
    13.906274362395));
#4200 = CARTESIAN_POINT('',(-17.63195657985,-5.120830650513,
    13.888304248052));
#4201 = CARTESIAN_POINT('',(-17.46067173748,-5.084812312066,
    13.866349178341));
#4202 = CARTESIAN_POINT('',(-17.12500463932,-4.98318987152,
    13.814630113781));
#4203 = CARTESIAN_POINT('',(-16.96055363866,-4.917612005055,
    13.784868705205));
#4204 = CARTESIAN_POINT('',(-16.48477975818,-4.668564063677,
    13.682148809586));
#4205 = CARTESIAN_POINT('',(-16.21148160577,-4.440875992746,
    13.599438895894));
#4206 = CARTESIAN_POINT('',(-15.78795903823,-3.900153852539,
    13.418639454228));
#4207 = CARTESIAN_POINT('',(-15.63505179254,-3.583694544594,
    13.319404640726));
#4208 = CARTESIAN_POINT('',(-15.51515660511,-3.072236487142,
    13.167836705776));
#4209 = CARTESIAN_POINT('',(-15.49407693304,-2.900942578354,
    13.118396096296));
#4210 = CARTESIAN_POINT('',(-15.4830560404,-2.55993955633,
    13.022115975043));
#4211 = CARTESIAN_POINT('',(-15.49315928174,-2.390173204786,
    12.975263510743));
#4212 = CARTESIAN_POINT('',(-15.51844467438,-2.22243184651,
    12.930030035869));
#4213 = CARTESIAN_POINT('',(-17.87634461431,-1.627284289644,
    17.38383733786));
#4214 = CARTESIAN_POINT('',(-17.84778819559,-1.623778010747,
    17.380876899546));
#4215 = CARTESIAN_POINT('',(-17.81429512993,-1.616768614827,
    17.376593223228));
#4216 = CARTESIAN_POINT('',(-17.75739143066,-1.599541158881,
    17.367825591934));
#4217 = CARTESIAN_POINT('',(-17.73410510442,-1.589275572857,
    17.363336936377));
#4218 = CARTESIAN_POINT('',(-17.7038057991,-1.57341517202,
    17.356795305236));
#4219 = CARTESIAN_POINT('',(-17.69933419438,-1.568097702873,
    17.354996075158));
#4220 = CARTESIAN_POINT('',(-17.68592245819,-1.550974594793,
    17.349270679156));
#4221 = CARTESIAN_POINT('',(-17.68183965895,-1.545370436689,
    17.347418081496));
#4222 = CARTESIAN_POINT('',(-17.67420425486,-1.512798619658,
    17.337765594997));
#4223 = CARTESIAN_POINT('',(-17.67024648167,-1.488280964174,
    17.33062389519));
#4224 = CARTESIAN_POINT('',(-17.66837818141,-1.430472698761,
    17.314302084941));
#4225 = CARTESIAN_POINT('',(-17.67038717142,-1.397285566618,
    17.305145383497));
#4226 = CARTESIAN_POINT('',(-17.67455275857,-1.369651444371,
    17.297693510712));
#4227 = ADVANCED_FACE('',(#4228),#4246,.F.);
#4228 = FACE_BOUND('',#4229,.T.);
#4229 = EDGE_LOOP('',(#4230,#4231,#4232,#4240));
#4230 = ORIENTED_EDGE('',*,*,#614,.F.);
#4231 = ORIENTED_EDGE('',*,*,#4193,.F.);
#4232 = ORIENTED_EDGE('',*,*,#4233,.T.);
#4233 = EDGE_CURVE('',#4175,#4234,#4236,.T.);
#4234 = VERTEX_POINT('',#4235);
#4235 = CARTESIAN_POINT('',(-17.84512482519,2.773230130417,
    15.151204891683));
#4236 = LINE('',#4237,#4238);
#4237 = CARTESIAN_POINT('',(-18.0351073949,4.033559672328,
    14.811341874186));
#4238 = VECTOR('',#4239,1.);
#4239 = DIRECTION('',(-0.144024139646,0.955444903331,-0.25764720821));
#4240 = ORIENTED_EDGE('',*,*,#4241,.T.);
#4241 = EDGE_CURVE('',#4234,#615,#4242,.T.);
#4242 = LINE('',#4243,#4244);
#4243 = CARTESIAN_POINT('',(-16.93886947533,2.414789475271,
    13.315388577999));
#4244 = VECTOR('',#4245,1.);
#4245 = DIRECTION('',(0.436022308497,-0.172454840614,-0.88325753574));
#4246 = PLANE('',#4247);
#4247 = AXIS2_PLACEMENT_3D('',#4248,#4249,#4250);
#4248 = CARTESIAN_POINT('',(-16.28559061293,-1.919011518572,
    14.484050133582));
#4249 = DIRECTION('',(0.888336419078,0.239550337172,0.391757632345));
#4250 = DIRECTION('',(0.40350613901,2.775557561563E-17,-0.914976937295)
  );
#4251 = ADVANCED_FACE('',(#4252),#4281,.T.);
#4252 = FACE_BOUND('',#4253,.T.);
#4253 = EDGE_LOOP('',(#4254,#4255,#4256,#4275));
#4254 = ORIENTED_EDGE('',*,*,#622,.F.);
#4255 = ORIENTED_EDGE('',*,*,#4241,.F.);
#4256 = ORIENTED_EDGE('',*,*,#4257,.T.);
#4257 = EDGE_CURVE('',#4234,#4258,#4260,.T.);
#4258 = VERTEX_POINT('',#4259);
#4259 = CARTESIAN_POINT('',(-18.74208780655,3.434613252847,
    15.028087424486));
#4260 = B_SPLINE_CURVE_WITH_KNOTS('',3,(#4261,#4262,#4263,#4264,#4265,
    #4266,#4267,#4268,#4269,#4270,#4271,#4272,#4273,#4274),
  .UNSPECIFIED.,.F.,.F.,(4,2,2,2,2,2,4),(0.,1.585431460082E-04,
    3.170862920163E-04,6.341725840326E-04,9.51258876049E-04,
    1.109802022057E-03,1.268345168065E-03),.UNSPECIFIED.);
#4261 = CARTESIAN_POINT('',(-17.84512482519,2.773230130417,
    15.151204891683));
#4262 = CARTESIAN_POINT('',(-17.85401867781,2.832231291344,
    15.135294518717));
#4263 = CARTESIAN_POINT('',(-17.86921081201,2.894599424315,
    15.118877368436));
#4264 = CARTESIAN_POINT('',(-17.90886410344,3.010459174805,
    15.089171556639));
#4265 = CARTESIAN_POINT('',(-17.93335588338,3.063873087975,
    15.075906781953));
#4266 = CARTESIAN_POINT('',(-18.00630938439,3.19067639447,
    15.045442575809));
#4267 = CARTESIAN_POINT('',(-18.06461025928,3.25412365113,
    15.031709615994));
#4268 = CARTESIAN_POINT('',(-18.20577933604,3.358215844742,
    15.012332696981));
#4269 = CARTESIAN_POINT('',(-18.28439577005,3.395725705276,
    15.00727233699));
#4270 = CARTESIAN_POINT('',(-18.42984916193,3.429966538918,
    15.00775793328));
#4271 = CARTESIAN_POINT('',(-18.48944841035,3.43855784535,
    15.009480342713));
#4272 = CARTESIAN_POINT('',(-18.61511704743,3.444599594717,
    15.016494006247));
#4273 = CARTESIAN_POINT('',(-18.68111747583,3.442099473485,
    15.021766635747));
#4274 = CARTESIAN_POINT('',(-18.74208780655,3.434613252847,
    15.028087424486));
#4275 = ORIENTED_EDGE('',*,*,#4276,.T.);
#4276 = EDGE_CURVE('',#4258,#532,#4277,.T.);
#4277 = LINE('',#4278,#4279);
#4278 = CARTESIAN_POINT('',(-19.01157334734,3.943114925124,
    13.030888487826));
#4279 = VECTOR('',#4280,1.);
#4280 = DIRECTION('',(-0.129656291265,0.244652981144,-0.960902786422));
#4281 = B_SPLINE_SURFACE_WITH_KNOTS('',1,3,(
    (#4282,#4283,#4284,#4285,#4286,#4287,#4288,#4289,#4290,#4291,#4292
      ,#4293,#4294,#4295)
    ,(#4296,#4297,#4298,#4299,#4300,#4301,#4302,#4303,#4304,#4305,#4306
      ,#4307,#4308,#4309
    )),.UNSPECIFIED.,.F.,.F.,.F.,(2,2),(4,2,2,2,2,2,4),(0.,1.),(
    -0.659058035826,-0.49429352687,-0.329529017913,6.106226635438E-16,
    0.329529017913,0.49429352687,0.659058035826),.UNSPECIFIED.);
#4282 = CARTESIAN_POINT('',(-16.40518130689,2.203705989134,
    12.234287710491));
#4283 = CARTESIAN_POINT('',(-16.4281799098,2.356276899683,
    12.193145129945));
#4284 = CARTESIAN_POINT('',(-16.46516223915,2.50784686052,12.15325167552
    ));
#4285 = CARTESIAN_POINT('',(-16.56668873668,2.804488891506,
    12.077194268322));
#4286 = CARTESIAN_POINT('',(-16.63121488757,2.949606808416,
    12.041016225454));
#4287 = CARTESIAN_POINT('',(-16.87108336183,3.366531357806,
    11.940851055724));
#4288 = CARTESIAN_POINT('',(-17.08661424944,3.606072155141,
    11.888685904241));
#4289 = CARTESIAN_POINT('',(-17.59522568437,3.981101029545,11.818873713)
  );
#4290 = CARTESIAN_POINT('',(-17.89081013809,4.118435382833,
    11.800882986133));
#4291 = CARTESIAN_POINT('',(-18.36905549507,4.231018043326,
    11.802479589219));
#4292 = CARTESIAN_POINT('',(-18.53043860146,4.252476197372,
    11.807649244958));
#4293 = CARTESIAN_POINT('',(-18.85219486326,4.267945231694,
    11.825606706079));
#4294 = CARTESIAN_POINT('',(-19.01260871984,4.261926991356,
    11.83840548796));
#4295 = CARTESIAN_POINT('',(-19.17027171488,4.242568413594,
    11.854750391613));
#4296 = CARTESIAN_POINT('',(-18.327831621,2.964149549482,16.12903195518)
  );
#4297 = CARTESIAN_POINT('',(-18.33199719103,2.991783673834,
    16.121580080622));
#4298 = CARTESIAN_POINT('',(-18.33988468089,3.024249016942,
    16.113032802589));
#4299 = CARTESIAN_POINT('',(-18.3587964525,3.079505810362,
    16.098865260022));
#4300 = CARTESIAN_POINT('',(-18.36986766237,3.102178138756,
    16.093281613177));
#4301 = CARTESIAN_POINT('',(-18.38686689102,3.131725203212,
    16.086182996251));
#4302 = CARTESIAN_POINT('',(-18.3924601461,3.136141291238,
    16.085333514039));
#4303 = CARTESIAN_POINT('',(-18.4104529171,3.14940841068,16.082863819724
    ));
#4304 = CARTESIAN_POINT('',(-18.41633598616,3.153454485758,
    16.082138057496));
#4305 = CARTESIAN_POINT('',(-18.45022879191,3.161433086417,
    16.082251215198));
#4306 = CARTESIAN_POINT('',(-18.47570742432,3.165711088407,
    16.082818017349));
#4307 = CARTESIAN_POINT('',(-18.53564235193,3.168592564854,
    16.086163033194));
#4308 = CARTESIAN_POINT('',(-18.56999292548,3.167271809324,
    16.088912699225));
#4309 = CARTESIAN_POINT('',(-18.5985493417,3.16376551386,16.091873142003
    ));
#4310 = ADVANCED_FACE('',(#4311),#4322,.F.);
#4311 = FACE_BOUND('',#4312,.T.);
#4312 = EDGE_LOOP('',(#4313,#4314,#4315,#4321));
#4313 = ORIENTED_EDGE('',*,*,#531,.F.);
#4314 = ORIENTED_EDGE('',*,*,#4276,.F.);
#4315 = ORIENTED_EDGE('',*,*,#4316,.T.);
#4316 = EDGE_CURVE('',#4258,#4001,#4317,.T.);
#4317 = LINE('',#4318,#4319);
#4318 = CARTESIAN_POINT('',(-21.5609243379,3.088503647088,
    15.320315886568));
#4319 = VECTOR('',#4320,1.);
#4320 = DIRECTION('',(-0.98733306041,-0.121229256287,0.102356705895));
#4321 = ORIENTED_EDGE('',*,*,#4000,.T.);
#4322 = PLANE('',#4323);
#4323 = AXIS2_PLACEMENT_3D('',#4324,#4325,#4326);
#4324 = CARTESIAN_POINT('',(-19.01157334734,3.943114925124,
    13.030888487826));
#4325 = DIRECTION('',(-9.144765692504E-02,0.962002279747,0.257272112374)
  );
#4326 = DIRECTION('',(6.938893903907E-18,-0.258354648193,0.96605014143)
  );
#4327 = ADVANCED_FACE('',(#4328),#4338,.T.);
#4328 = FACE_BOUND('',#4329,.T.);
#4329 = EDGE_LOOP('',(#4330,#4331,#4332,#4333,#4334,#4335,#4336,#4337));
#4330 = ORIENTED_EDGE('',*,*,#4008,.F.);
#4331 = ORIENTED_EDGE('',*,*,#4316,.F.);
#4332 = ORIENTED_EDGE('',*,*,#4257,.F.);
#4333 = ORIENTED_EDGE('',*,*,#4233,.F.);
#4334 = ORIENTED_EDGE('',*,*,#4174,.F.);
#4335 = ORIENTED_EDGE('',*,*,#4150,.F.);
#4336 = ORIENTED_EDGE('',*,*,#4091,.F.);
#4337 = ORIENTED_EDGE('',*,*,#4067,.F.);
#4338 = PLANE('',#4339);
#4339 = AXIS2_PLACEMENT_3D('',#4340,#4341,#4342);
#4340 = CARTESIAN_POINT('',(-21.63672164214,3.591337048439,15.1847208129
    ));
#4341 = DIRECTION('',(-6.656181353355E-02,-0.269125443091,
    -0.960802279795));
#4342 = DIRECTION('',(6.938893903907E-18,0.962937783644,-0.26972360822)
  );
#4343 = ADVANCED_FACE('',(#4344),#4356,.F.);
#4344 = FACE_BOUND('',#4345,.F.);
#4345 = EDGE_LOOP('',(#4346,#4347,#4348,#4355));
#4346 = ORIENTED_EDGE('',*,*,#919,.F.);
#4347 = ORIENTED_EDGE('',*,*,#63,.F.);
#4348 = ORIENTED_EDGE('',*,*,#4349,.T.);
#4349 = EDGE_CURVE('',#64,#83,#4350,.T.);
#4350 = CIRCLE('',#4351,1.);
#4351 = AXIS2_PLACEMENT_3D('',#4352,#4353,#4354);
#4352 = CARTESIAN_POINT('',(-15.98573648777,2.17831512142,
    16.021667548967));
#4353 = DIRECTION('',(6.656181353355E-02,0.269125443091,0.960802279795)
  );
#4354 = DIRECTION('',(4.857225732735E-17,-0.962937783644,0.26972360822)
  );
#4355 = ORIENTED_EDGE('',*,*,#82,.T.);
#4356 = CYLINDRICAL_SURFACE('',#4357,1.);
#4357 = AXIS2_PLACEMENT_3D('',#4358,#4359,#4360);
#4358 = CARTESIAN_POINT('',(-15.98573648777,2.17831512142,
    16.021667548967));
#4359 = DIRECTION('',(6.656181353355E-02,0.269125443091,0.960802279795)
  );
#4360 = DIRECTION('',(5.20417042793E-17,-0.962937783644,0.26972360822));
#4361 = ADVANCED_FACE('',(#4362),#4366,.T.);
#4362 = FACE_BOUND('',#4363,.T.);
#4363 = EDGE_LOOP('',(#4364,#4365));
#4364 = ORIENTED_EDGE('',*,*,#4349,.T.);
#4365 = ORIENTED_EDGE('',*,*,#90,.T.);
#4366 = PLANE('',#4367);
#4367 = AXIS2_PLACEMENT_3D('',#4368,#4369,#4370);
#4368 = CARTESIAN_POINT('',(-15.98573648777,2.17831512142,
    16.021667548967));
#4369 = DIRECTION('',(6.656181353355E-02,0.269125443091,0.960802279795)
  );
#4370 = DIRECTION('',(3.469446951954E-18,-0.962937783644,0.26972360822)
  );
#4371 = ADVANCED_FACE('',(#4372),#4384,.F.);
#4372 = FACE_BOUND('',#4373,.F.);
#4373 = EDGE_LOOP('',(#4374,#4375,#4376,#4383));
#4374 = ORIENTED_EDGE('',*,*,#909,.F.);
#4375 = ORIENTED_EDGE('',*,*,#21,.F.);
#4376 = ORIENTED_EDGE('',*,*,#4377,.T.);
#4377 = EDGE_CURVE('',#22,#41,#4378,.T.);
#4378 = CIRCLE('',#4379,1.);
#4379 = AXIS2_PLACEMENT_3D('',#4380,#4381,#4382);
#4380 = CARTESIAN_POINT('',(-16.72082652707,5.433571528877,
    15.160779295161));
#4381 = DIRECTION('',(6.656181353355E-02,0.269125443091,0.960802279795)
  );
#4382 = DIRECTION('',(4.857225732735E-17,-0.962937783644,0.26972360822)
  );
#4383 = ORIENTED_EDGE('',*,*,#40,.T.);
#4384 = CYLINDRICAL_SURFACE('',#4385,1.);
#4385 = AXIS2_PLACEMENT_3D('',#4386,#4387,#4388);
#4386 = CARTESIAN_POINT('',(-16.72082652707,5.433571528877,
    15.160779295161));
#4387 = DIRECTION('',(6.656181353355E-02,0.269125443091,0.960802279795)
  );
#4388 = DIRECTION('',(5.20417042793E-17,-0.962937783644,0.26972360822));
#4389 = ADVANCED_FACE('',(#4390),#4394,.T.);
#4390 = FACE_BOUND('',#4391,.T.);
#4391 = EDGE_LOOP('',(#4392,#4393));
#4392 = ORIENTED_EDGE('',*,*,#4377,.T.);
#4393 = ORIENTED_EDGE('',*,*,#48,.T.);
#4394 = PLANE('',#4395);
#4395 = AXIS2_PLACEMENT_3D('',#4396,#4397,#4398);
#4396 = CARTESIAN_POINT('',(-16.72082652707,5.433571528877,
    15.160779295161));
#4397 = DIRECTION('',(6.656181353355E-02,0.269125443091,0.960802279795)
  );
#4398 = DIRECTION('',(3.469446951954E-18,-0.962937783644,0.26972360822)
  );
#4399 = ( GEOMETRIC_REPRESENTATION_CONTEXT(3) 
GLOBAL_UNCERTAINTY_ASSIGNED_CONTEXT((#4403)) 
GLOBAL_UNIT_ASSIGNED_CONTEXT((#4400,#4401,#4402)) REPRESENTATION_CONTEXT
('Context #1','3D Context with UNIT and UNCERTAINTY') );
#4400 = ( LENGTH_UNIT() NAMED_UNIT(*) SI_UNIT(.MILLI.,.METRE.) );
#4401 = ( NAMED_UNIT(*) PLANE_ANGLE_UNIT() SI_UNIT($,.RADIAN.) );
#4402 = ( NAMED_UNIT(*) SI_UNIT($,.STERADIAN.) SOLID_ANGLE_UNIT() );
#4403 = UNCERTAINTY_MEASURE_WITH_UNIT(LENGTH_MEASURE(5.E-05),#4400,
  'distance_accuracy_value','confusion accuracy');
#4404 = PRODUCT_RELATED_PRODUCT_CATEGORY('part',$,(#7));
ENDSEC;
END-ISO-10303-21;
